2026-03-26 21:11:52 | INFO | ================================================================================
2026-03-26 21:11:52 | INFO | SCHEDULE FILE: schedule_from_30.csv
2026-03-26 21:11:52 | INFO | DATE: 2026-03-25
2026-03-26 21:11:52 | INFO | ENGINE BLOCK (Start Block): 30
2026-03-26 21:11:52 | INFO | DYNAMIC START BLOCK: 30
2026-03-26 21:11:52 | INFO | SCHEDULE REASON: custom_start
2026-03-26 21:11:52 | INFO | Generated: 2026-03-26 21:11:52
2026-03-26 21:11:52 | INFO | ================================================================================
2026-03-26 21:11:52 | INFO | BLOCK-WISE WEATHER STATE OVERVIEW
2026-03-26 21:11:52 | INFO | Block | Weather State
2026-03-26 21:11:52 | INFO | 30    | NORMAL
2026-03-26 21:11:52 | INFO | 31    | NORMAL
2026-03-26 21:11:52 | INFO | 32    | NORMAL
2026-03-26 21:11:52 | INFO | 33    | NORMAL
2026-03-26 21:11:52 | INFO | 34    | NORMAL
2026-03-26 21:11:52 | INFO | 35    | NORMAL
2026-03-26 21:11:52 | INFO | 36    | NORMAL
2026-03-26 21:11:52 | INFO | 37    | NORMAL
2026-03-26 21:11:52 | INFO | 38    | NORMAL
2026-03-26 21:11:52 | INFO | 39    | NORMAL
2026-03-26 21:11:52 | INFO | 40    | NORMAL
2026-03-26 21:11:52 | INFO | 41    | NORMAL
2026-03-26 21:11:52 | INFO | 42    | NORMAL
2026-03-26 21:11:52 | INFO | 43    | NORMAL
2026-03-26 21:11:52 | INFO | 44    | NORMAL
2026-03-26 21:11:52 | INFO | 45    | NORMAL
2026-03-26 21:11:52 | INFO | 46    | NORMAL
2026-03-26 21:11:52 | INFO | 47    | NORMAL
2026-03-26 21:11:52 | INFO | 48    | NORMAL
2026-03-26 21:11:52 | INFO | 49    | NORMAL
2026-03-26 21:11:52 | INFO | 50    | NORMAL
2026-03-26 21:11:52 | INFO | 51    | NORMAL
2026-03-26 21:11:52 | INFO | 52    | NORMAL
2026-03-26 21:11:52 | INFO | 53    | NORMAL
2026-03-26 21:11:52 | INFO | 54    | NORMAL
2026-03-26 21:11:52 | INFO | 55    | NORMAL
2026-03-26 21:11:52 | INFO | 56    | NORMAL
2026-03-26 21:11:52 | INFO | 57    | NORMAL
2026-03-26 21:11:52 | INFO | 58    | NORMAL
2026-03-26 21:11:52 | INFO | 59    | NORMAL
2026-03-26 21:11:52 | INFO | 60    | NORMAL
2026-03-26 21:11:52 | INFO | 61    | NORMAL
2026-03-26 21:11:52 | INFO | 62    | NORMAL
2026-03-26 21:11:52 | INFO | 63    | NORMAL
2026-03-26 21:11:52 | INFO | 64    | NORMAL
2026-03-26 21:11:52 | INFO | 65    | NORMAL
2026-03-26 21:11:52 | INFO | 66    | NORMAL
2026-03-26 21:11:52 | INFO | 67    | NORMAL
2026-03-26 21:11:52 | INFO | 68    | NORMAL
2026-03-26 21:11:52 | INFO | 69    | NORMAL
2026-03-26 21:11:52 | INFO | 70    | NORMAL
2026-03-26 21:11:52 | INFO | 71    | NORMAL
2026-03-26 21:11:52 | INFO | 72    | NORMAL
2026-03-26 21:11:52 | INFO | 73    | NORMAL
2026-03-26 21:11:52 | INFO | 74    | NORMAL
2026-03-26 21:11:52 | INFO | 75    | NORMAL
2026-03-26 21:11:52 | INFO | 76    | NORMAL
2026-03-26 21:11:52 | INFO | 77    | NORMAL
2026-03-26 21:11:52 | INFO | 78    | NORMAL
2026-03-26 21:11:52 | INFO | 79    | NORMAL
2026-03-26 21:11:52 | INFO | 80    | NORMAL
2026-03-26 21:11:52 | INFO | 81    | NORMAL
2026-03-26 21:11:52 | INFO | 82    | NORMAL
2026-03-26 21:11:52 | INFO | 83    | NORMAL
2026-03-26 21:11:52 | INFO | 84    | NORMAL
2026-03-26 21:11:52 | INFO | 85    | NORMAL
2026-03-26 21:11:52 | INFO | 86    | NORMAL
2026-03-26 21:11:52 | INFO | 87    | NORMAL
2026-03-26 21:11:52 | INFO | 88    | NORMAL
2026-03-26 21:11:52 | INFO | 89    | NORMAL
2026-03-26 21:11:52 | INFO | 90    | NORMAL
2026-03-26 21:11:52 | INFO | 91    | NORMAL
2026-03-26 21:11:52 | INFO | 92    | NORMAL
2026-03-26 21:11:52 | INFO | 93    | NORMAL
2026-03-26 21:11:52 | INFO | 94    | NORMAL
2026-03-26 21:11:52 | INFO | 95    | NORMAL
2026-03-26 21:11:52 | INFO | 96    | NORMAL
2026-03-26 21:11:52 | INFO | --------------------------------------------------------------------------------
2026-03-26 21:11:52 | INFO | ITERATION FORECAST CONTEXT | reason=custom_start | intraday_scaled_T=0.4640 | intraday_raw_T=0.5800
2026-03-26 21:11:52 | INFO | --------------------------------------------------------------------------------
2026-03-26 21:11:52 | INFO | BLOCK 01
2026-03-26 21:11:52 | INFO | --------------------------------------------------------------------------------
2026-03-26 21:11:52 | INFO | --- FORECAST DATA ---
2026-03-26 21:11:52 | INFO | Intraday Forecast (Enercast Raw): 0.000 MW
2026-03-26 21:11:52 | INFO | Intraday Forecast (Enercast, Scaled): 0.000 MW
2026-03-26 21:11:52 | INFO | Day-ahead Forecast (Enercast): 0.000 MW
2026-03-26 21:11:52 | INFO | Base Forecast (raw, before curtailment/shutdown): 0.000 MW
2026-03-26 21:11:52 | INFO | Base Forecast (used for schedule): 0.000 MW
2026-03-26 21:11:52 | INFO | Effective Base Forecast (after curtailment/shutdown): 0.000 MW
2026-03-26 21:11:52 | INFO | Plant Status: NORMAL
2026-03-26 21:11:52 | INFO | Effective Base Forecast = Base Forecast (raw) = 0.000 MW
2026-03-26 21:11:52 | INFO | --- WEATHER PARAMETERS ---
2026-03-26 21:11:52 | INFO | GTI: 0.0 W/m^2
2026-03-26 21:11:52 | INFO | DHI: 0.0 W/m^2
2026-03-26 21:11:52 | INFO | DNI: 0.0 W/m^2
2026-03-26 21:11:52 | INFO | Irradiance Ratio (GTI/MAX_GTI): 0.000
2026-03-26 21:11:52 | INFO | Diffuse Ratio (current): 0.000
2026-03-26 21:11:52 | INFO | Irradiance State: OVERCAST
2026-03-26 21:11:52 | INFO | Temp @ 2m: 29.71 C
2026-03-26 21:11:52 | INFO | Wind @ 10m: 12.41 m/s
2026-03-26 21:11:52 | INFO | Weather State: NORMAL
2026-03-26 21:11:52 | INFO | Dynamic Thresholds: cloud_thr=0.0000, shift_thr=0.0000
2026-03-26 21:11:52 | INFO | Multipliers: irradiance=0.22x, temp=0.92x, wind=0.95x
2026-03-26 21:11:52 | INFO | Weather Multiplier (combined): 0.19x
2026-03-26 21:11:52 | INFO | Abrupt Weather Change Detected: False
2026-03-26 21:11:52 | INFO | --- TREND ANALYSIS ---
2026-03-26 21:11:52 | INFO | Trend series: INSUFFICIENT DATA
2026-03-26 21:11:52 | INFO | Detected Trend Type: FLAT
2026-03-26 21:11:52 | INFO | Trend Slope Percentage: 0.00%
2026-03-26 21:11:52 | INFO | Trend EPS Threshold: 1.50%
2026-03-26 21:11:52 | INFO | --- SCHEDULE CALCULATION ---
2026-03-26 21:11:52 | INFO | Condition Applied: PRE_START
2026-03-26 21:11:52 | INFO | Effective Base Forecast Used for Adjustments: 0.000 MW
2026-03-26 21:11:52 | INFO | Condition-3: NOT APPLIED for this block path
2026-03-26 21:11:52 | INFO |   Final Adjustment %: 0.00%
2026-03-26 21:11:52 | INFO |   Formula (expanded): PRE_START: raw=0
2026-03-26 21:11:52 | INFO | --- FINAL RESULT ---
2026-03-26 21:11:52 | INFO | Raw Schedule (before smoothing): 0.000 MW
2026-03-26 21:11:52 | INFO | Final Scheduled MW: 0.000 MW
2026-03-26 21:11:52 | INFO | --------------------------------------------------------------------------------
2026-03-26 21:11:52 | INFO | --------------------------------------------------------------------------------
2026-03-26 21:11:52 | INFO | BLOCK 02
2026-03-26 21:11:52 | INFO | --------------------------------------------------------------------------------
2026-03-26 21:11:52 | INFO | --- FORECAST DATA ---
2026-03-26 21:11:52 | INFO | Intraday Forecast (Enercast Raw): 0.000 MW
2026-03-26 21:11:52 | INFO | Intraday Forecast (Enercast, Scaled): 0.000 MW
2026-03-26 21:11:52 | INFO | Day-ahead Forecast (Enercast): 0.000 MW
2026-03-26 21:11:52 | INFO | Base Forecast (raw, before curtailment/shutdown): 0.000 MW
2026-03-26 21:11:52 | INFO | Base Forecast (used for schedule): 0.000 MW
2026-03-26 21:11:52 | INFO | Effective Base Forecast (after curtailment/shutdown): 0.000 MW
2026-03-26 21:11:52 | INFO | Plant Status: NORMAL
2026-03-26 21:11:52 | INFO | Effective Base Forecast = Base Forecast (raw) = 0.000 MW
2026-03-26 21:11:52 | INFO | --- WEATHER PARAMETERS ---
2026-03-26 21:11:52 | INFO | GTI: 0.0 W/m^2
2026-03-26 21:11:52 | INFO | DHI: 0.0 W/m^2
2026-03-26 21:11:52 | INFO | DNI: 0.0 W/m^2
2026-03-26 21:11:52 | INFO | Irradiance Ratio (GTI/MAX_GTI): 0.000
2026-03-26 21:11:52 | INFO | Diffuse Ratio (current): 0.000
2026-03-26 21:11:52 | INFO | Irradiance State: OVERCAST
2026-03-26 21:11:52 | INFO | Temp @ 2m: 29.46 C
2026-03-26 21:11:52 | INFO | Wind @ 10m: 11.92 m/s
2026-03-26 21:11:52 | INFO | Weather State: NORMAL
2026-03-26 21:11:52 | INFO | Dynamic Thresholds: cloud_thr=0.0000, shift_thr=0.0000
2026-03-26 21:11:52 | INFO | Multipliers: irradiance=0.22x, temp=0.92x, wind=0.95x
2026-03-26 21:11:52 | INFO | Weather Multiplier (combined): 0.19x
2026-03-26 21:11:52 | INFO | Abrupt Weather Change Detected: False
2026-03-26 21:11:52 | INFO | --- TREND ANALYSIS ---
2026-03-26 21:11:52 | INFO | Trend series: INSUFFICIENT DATA
2026-03-26 21:11:52 | INFO | Detected Trend Type: FLAT
2026-03-26 21:11:52 | INFO | Trend Slope Percentage: 0.00%
2026-03-26 21:11:52 | INFO | Trend EPS Threshold: 1.50%
2026-03-26 21:11:52 | INFO | --- SCHEDULE CALCULATION ---
2026-03-26 21:11:52 | INFO | Condition Applied: PRE_START
2026-03-26 21:11:52 | INFO | Effective Base Forecast Used for Adjustments: 0.000 MW
2026-03-26 21:11:52 | INFO | Condition-3: NOT APPLIED for this block path
2026-03-26 21:11:52 | INFO |   Final Adjustment %: 0.00%
2026-03-26 21:11:52 | INFO |   Formula (expanded): PRE_START: raw=0
2026-03-26 21:11:52 | INFO | --- FINAL RESULT ---
2026-03-26 21:11:52 | INFO | Raw Schedule (before smoothing): 0.000 MW
2026-03-26 21:11:52 | INFO | Final Scheduled MW: 0.000 MW
2026-03-26 21:11:52 | INFO | --------------------------------------------------------------------------------
2026-03-26 21:11:52 | INFO | --------------------------------------------------------------------------------
2026-03-26 21:11:52 | INFO | BLOCK 03
2026-03-26 21:11:52 | INFO | --------------------------------------------------------------------------------
2026-03-26 21:11:52 | INFO | --- FORECAST DATA ---
2026-03-26 21:11:52 | INFO | Intraday Forecast (Enercast Raw): 0.000 MW
2026-03-26 21:11:52 | INFO | Intraday Forecast (Enercast, Scaled): 0.000 MW
2026-03-26 21:11:52 | INFO | Day-ahead Forecast (Enercast): 0.000 MW
2026-03-26 21:11:52 | INFO | Base Forecast (raw, before curtailment/shutdown): 0.000 MW
2026-03-26 21:11:52 | INFO | Base Forecast (used for schedule): 0.000 MW
2026-03-26 21:11:52 | INFO | Effective Base Forecast (after curtailment/shutdown): 0.000 MW
2026-03-26 21:11:52 | INFO | Plant Status: NORMAL
2026-03-26 21:11:52 | INFO | Effective Base Forecast = Base Forecast (raw) = 0.000 MW
2026-03-26 21:11:52 | INFO | --- WEATHER PARAMETERS ---
2026-03-26 21:11:52 | INFO | GTI: 0.0 W/m^2
2026-03-26 21:11:52 | INFO | DHI: 0.0 W/m^2
2026-03-26 21:11:52 | INFO | DNI: 0.0 W/m^2
2026-03-26 21:11:52 | INFO | Irradiance Ratio (GTI/MAX_GTI): 0.000
2026-03-26 21:11:52 | INFO | Diffuse Ratio (current): 0.000
2026-03-26 21:11:52 | INFO | Irradiance State: OVERCAST
2026-03-26 21:11:52 | INFO | Temp @ 2m: 29.21 C
2026-03-26 21:11:52 | INFO | Wind @ 10m: 11.75 m/s
2026-03-26 21:11:52 | INFO | Weather State: NORMAL
2026-03-26 21:11:52 | INFO | Dynamic Thresholds: cloud_thr=0.0000, shift_thr=0.0000
2026-03-26 21:11:52 | INFO | Multipliers: irradiance=0.22x, temp=0.92x, wind=0.95x
2026-03-26 21:11:52 | INFO | Weather Multiplier (combined): 0.19x
2026-03-26 21:11:52 | INFO | Abrupt Weather Change Detected: False
2026-03-26 21:11:52 | INFO | --- TREND ANALYSIS ---
2026-03-26 21:11:52 | INFO | Trend series: INSUFFICIENT DATA
2026-03-26 21:11:52 | INFO | Detected Trend Type: FLAT
2026-03-26 21:11:52 | INFO | Trend Slope Percentage: 0.00%
2026-03-26 21:11:52 | INFO | Trend EPS Threshold: 1.50%
2026-03-26 21:11:52 | INFO | --- SCHEDULE CALCULATION ---
2026-03-26 21:11:52 | INFO | Condition Applied: PRE_START
2026-03-26 21:11:52 | INFO | Effective Base Forecast Used for Adjustments: 0.000 MW
2026-03-26 21:11:52 | INFO | Condition-3: NOT APPLIED for this block path
2026-03-26 21:11:52 | INFO |   Final Adjustment %: 0.00%
2026-03-26 21:11:52 | INFO |   Formula (expanded): PRE_START: raw=0
2026-03-26 21:11:52 | INFO | --- FINAL RESULT ---
2026-03-26 21:11:52 | INFO | Raw Schedule (before smoothing): 0.000 MW
2026-03-26 21:11:52 | INFO | Final Scheduled MW: 0.000 MW
2026-03-26 21:11:52 | INFO | --------------------------------------------------------------------------------
2026-03-26 21:11:52 | INFO | --------------------------------------------------------------------------------
2026-03-26 21:11:52 | INFO | BLOCK 04
2026-03-26 21:11:52 | INFO | --------------------------------------------------------------------------------
2026-03-26 21:11:52 | INFO | --- FORECAST DATA ---
2026-03-26 21:11:52 | INFO | Intraday Forecast (Enercast Raw): 0.000 MW
2026-03-26 21:11:52 | INFO | Intraday Forecast (Enercast, Scaled): 0.000 MW
2026-03-26 21:11:52 | INFO | Day-ahead Forecast (Enercast): 0.000 MW
2026-03-26 21:11:52 | INFO | Base Forecast (raw, before curtailment/shutdown): 0.000 MW
2026-03-26 21:11:52 | INFO | Base Forecast (used for schedule): 0.000 MW
2026-03-26 21:11:52 | INFO | Effective Base Forecast (after curtailment/shutdown): 0.000 MW
2026-03-26 21:11:52 | INFO | Plant Status: NORMAL
2026-03-26 21:11:52 | INFO | Effective Base Forecast = Base Forecast (raw) = 0.000 MW
2026-03-26 21:11:52 | INFO | --- WEATHER PARAMETERS ---
2026-03-26 21:11:52 | INFO | GTI: 0.0 W/m^2
2026-03-26 21:11:52 | INFO | DHI: 0.0 W/m^2
2026-03-26 21:11:52 | INFO | DNI: 0.0 W/m^2
2026-03-26 21:11:52 | INFO | Irradiance Ratio (GTI/MAX_GTI): 0.000
2026-03-26 21:11:52 | INFO | Diffuse Ratio (current): 0.000
2026-03-26 21:11:52 | INFO | Irradiance State: OVERCAST
2026-03-26 21:11:52 | INFO | Temp @ 2m: 29.01 C
2026-03-26 21:11:52 | INFO | Wind @ 10m: 11.44 m/s
2026-03-26 21:11:52 | INFO | Weather State: NORMAL
2026-03-26 21:11:52 | INFO | Dynamic Thresholds: cloud_thr=0.0000, shift_thr=0.0000
2026-03-26 21:11:52 | INFO | Multipliers: irradiance=0.22x, temp=0.92x, wind=0.95x
2026-03-26 21:11:52 | INFO | Weather Multiplier (combined): 0.19x
2026-03-26 21:11:52 | INFO | Abrupt Weather Change Detected: False
2026-03-26 21:11:52 | INFO | --- TREND ANALYSIS ---
2026-03-26 21:11:52 | INFO | Trend series: INSUFFICIENT DATA
2026-03-26 21:11:52 | INFO | Detected Trend Type: FLAT
2026-03-26 21:11:52 | INFO | Trend Slope Percentage: 0.00%
2026-03-26 21:11:52 | INFO | Trend EPS Threshold: 1.50%
2026-03-26 21:11:52 | INFO | --- SCHEDULE CALCULATION ---
2026-03-26 21:11:52 | INFO | Condition Applied: PRE_START
2026-03-26 21:11:52 | INFO | Effective Base Forecast Used for Adjustments: 0.000 MW
2026-03-26 21:11:52 | INFO | Condition-3: NOT APPLIED for this block path
2026-03-26 21:11:52 | INFO |   Final Adjustment %: 0.00%
2026-03-26 21:11:52 | INFO |   Formula (expanded): PRE_START: raw=0
2026-03-26 21:11:52 | INFO | --- FINAL RESULT ---
2026-03-26 21:11:52 | INFO | Raw Schedule (before smoothing): 0.000 MW
2026-03-26 21:11:52 | INFO | Final Scheduled MW: 0.000 MW
2026-03-26 21:11:52 | INFO | --------------------------------------------------------------------------------
2026-03-26 21:11:52 | INFO | --------------------------------------------------------------------------------
2026-03-26 21:11:52 | INFO | BLOCK 05
2026-03-26 21:11:52 | INFO | --------------------------------------------------------------------------------
2026-03-26 21:11:52 | INFO | --- FORECAST DATA ---
2026-03-26 21:11:52 | INFO | Intraday Forecast (Enercast Raw): 0.000 MW
2026-03-26 21:11:52 | INFO | Intraday Forecast (Enercast, Scaled): 0.000 MW
2026-03-26 21:11:52 | INFO | Day-ahead Forecast (Enercast): 0.000 MW
2026-03-26 21:11:52 | INFO | Base Forecast (raw, before curtailment/shutdown): 0.000 MW
2026-03-26 21:11:52 | INFO | Base Forecast (used for schedule): 0.000 MW
2026-03-26 21:11:52 | INFO | Effective Base Forecast (after curtailment/shutdown): 0.000 MW
2026-03-26 21:11:52 | INFO | Plant Status: NORMAL
2026-03-26 21:11:52 | INFO | Effective Base Forecast = Base Forecast (raw) = 0.000 MW
2026-03-26 21:11:52 | INFO | --- WEATHER PARAMETERS ---
2026-03-26 21:11:52 | INFO | GTI: 0.0 W/m^2
2026-03-26 21:11:52 | INFO | DHI: 0.0 W/m^2
2026-03-26 21:11:52 | INFO | DNI: 0.0 W/m^2
2026-03-26 21:11:52 | INFO | Irradiance Ratio (GTI/MAX_GTI): 0.000
2026-03-26 21:11:52 | INFO | Diffuse Ratio (current): 0.000
2026-03-26 21:11:52 | INFO | Irradiance State: OVERCAST
2026-03-26 21:11:52 | INFO | Temp @ 2m: 28.86 C
2026-03-26 21:11:52 | INFO | Wind @ 10m: 11.12 m/s
2026-03-26 21:11:52 | INFO | Weather State: NORMAL
2026-03-26 21:11:52 | INFO | Dynamic Thresholds: cloud_thr=0.0000, shift_thr=0.0000
2026-03-26 21:11:52 | INFO | Multipliers: irradiance=0.22x, temp=0.92x, wind=0.95x
2026-03-26 21:11:52 | INFO | Weather Multiplier (combined): 0.19x
2026-03-26 21:11:52 | INFO | Abrupt Weather Change Detected: False
2026-03-26 21:11:52 | INFO | --- TREND ANALYSIS ---
2026-03-26 21:11:52 | INFO | Trend series: INSUFFICIENT DATA
2026-03-26 21:11:52 | INFO | Detected Trend Type: FLAT
2026-03-26 21:11:52 | INFO | Trend Slope Percentage: 0.00%
2026-03-26 21:11:52 | INFO | Trend EPS Threshold: 1.50%
2026-03-26 21:11:52 | INFO | --- SCHEDULE CALCULATION ---
2026-03-26 21:11:52 | INFO | Condition Applied: PRE_START
2026-03-26 21:11:52 | INFO | Effective Base Forecast Used for Adjustments: 0.000 MW
2026-03-26 21:11:52 | INFO | Condition-3: NOT APPLIED for this block path
2026-03-26 21:11:52 | INFO |   Final Adjustment %: 0.00%
2026-03-26 21:11:52 | INFO |   Formula (expanded): PRE_START: raw=0
2026-03-26 21:11:52 | INFO | --- FINAL RESULT ---
2026-03-26 21:11:52 | INFO | Raw Schedule (before smoothing): 0.000 MW
2026-03-26 21:11:52 | INFO | Final Scheduled MW: 0.000 MW
2026-03-26 21:11:52 | INFO | --------------------------------------------------------------------------------
2026-03-26 21:11:52 | INFO | --------------------------------------------------------------------------------
2026-03-26 21:11:52 | INFO | BLOCK 06
2026-03-26 21:11:52 | INFO | --------------------------------------------------------------------------------
2026-03-26 21:11:52 | INFO | --- FORECAST DATA ---
2026-03-26 21:11:52 | INFO | Intraday Forecast (Enercast Raw): 0.000 MW
2026-03-26 21:11:52 | INFO | Intraday Forecast (Enercast, Scaled): 0.000 MW
2026-03-26 21:11:52 | INFO | Day-ahead Forecast (Enercast): 0.000 MW
2026-03-26 21:11:52 | INFO | Base Forecast (raw, before curtailment/shutdown): 0.000 MW
2026-03-26 21:11:52 | INFO | Base Forecast (used for schedule): 0.000 MW
2026-03-26 21:11:52 | INFO | Effective Base Forecast (after curtailment/shutdown): 0.000 MW
2026-03-26 21:11:52 | INFO | Plant Status: NORMAL
2026-03-26 21:11:52 | INFO | Effective Base Forecast = Base Forecast (raw) = 0.000 MW
2026-03-26 21:11:52 | INFO | --- WEATHER PARAMETERS ---
2026-03-26 21:11:52 | INFO | GTI: 0.0 W/m^2
2026-03-26 21:11:52 | INFO | DHI: 0.0 W/m^2
2026-03-26 21:11:52 | INFO | DNI: 0.0 W/m^2
2026-03-26 21:11:52 | INFO | Irradiance Ratio (GTI/MAX_GTI): 0.000
2026-03-26 21:11:52 | INFO | Diffuse Ratio (current): 0.000
2026-03-26 21:11:52 | INFO | Irradiance State: OVERCAST
2026-03-26 21:11:52 | INFO | Temp @ 2m: 28.76 C
2026-03-26 21:11:52 | INFO | Wind @ 10m: 10.81 m/s
2026-03-26 21:11:52 | INFO | Weather State: NORMAL
2026-03-26 21:11:52 | INFO | Dynamic Thresholds: cloud_thr=0.0000, shift_thr=0.0000
2026-03-26 21:11:52 | INFO | Multipliers: irradiance=0.22x, temp=0.92x, wind=0.95x
2026-03-26 21:11:52 | INFO | Weather Multiplier (combined): 0.19x
2026-03-26 21:11:52 | INFO | Abrupt Weather Change Detected: False
2026-03-26 21:11:52 | INFO | --- TREND ANALYSIS ---
2026-03-26 21:11:52 | INFO | Trend series: INSUFFICIENT DATA
2026-03-26 21:11:52 | INFO | Detected Trend Type: FLAT
2026-03-26 21:11:52 | INFO | Trend Slope Percentage: 0.00%
2026-03-26 21:11:52 | INFO | Trend EPS Threshold: 1.50%
2026-03-26 21:11:52 | INFO | --- SCHEDULE CALCULATION ---
2026-03-26 21:11:52 | INFO | Condition Applied: PRE_START
2026-03-26 21:11:52 | INFO | Effective Base Forecast Used for Adjustments: 0.000 MW
2026-03-26 21:11:52 | INFO | Condition-3: NOT APPLIED for this block path
2026-03-26 21:11:52 | INFO |   Final Adjustment %: 0.00%
2026-03-26 21:11:52 | INFO |   Formula (expanded): PRE_START: raw=0
2026-03-26 21:11:52 | INFO | --- FINAL RESULT ---
2026-03-26 21:11:52 | INFO | Raw Schedule (before smoothing): 0.000 MW
2026-03-26 21:11:52 | INFO | Final Scheduled MW: 0.000 MW
2026-03-26 21:11:52 | INFO | --------------------------------------------------------------------------------
2026-03-26 21:11:52 | INFO | --------------------------------------------------------------------------------
2026-03-26 21:11:52 | INFO | BLOCK 07
2026-03-26 21:11:52 | INFO | --------------------------------------------------------------------------------
2026-03-26 21:11:52 | INFO | --- FORECAST DATA ---
2026-03-26 21:11:52 | INFO | Intraday Forecast (Enercast Raw): 0.000 MW
2026-03-26 21:11:52 | INFO | Intraday Forecast (Enercast, Scaled): 0.000 MW
2026-03-26 21:11:52 | INFO | Day-ahead Forecast (Enercast): 0.000 MW
2026-03-26 21:11:52 | INFO | Base Forecast (raw, before curtailment/shutdown): 0.000 MW
2026-03-26 21:11:52 | INFO | Base Forecast (used for schedule): 0.000 MW
2026-03-26 21:11:52 | INFO | Effective Base Forecast (after curtailment/shutdown): 0.000 MW
2026-03-26 21:11:52 | INFO | Plant Status: NORMAL
2026-03-26 21:11:52 | INFO | Effective Base Forecast = Base Forecast (raw) = 0.000 MW
2026-03-26 21:11:52 | INFO | --- WEATHER PARAMETERS ---
2026-03-26 21:11:52 | INFO | GTI: 0.0 W/m^2
2026-03-26 21:11:52 | INFO | DHI: 0.0 W/m^2
2026-03-26 21:11:52 | INFO | DNI: 0.0 W/m^2
2026-03-26 21:11:52 | INFO | Irradiance Ratio (GTI/MAX_GTI): 0.000
2026-03-26 21:11:52 | INFO | Diffuse Ratio (current): 0.000
2026-03-26 21:11:52 | INFO | Irradiance State: OVERCAST
2026-03-26 21:11:52 | INFO | Temp @ 2m: 28.61 C
2026-03-26 21:11:52 | INFO | Wind @ 10m: 10.50 m/s
2026-03-26 21:11:52 | INFO | Weather State: NORMAL
2026-03-26 21:11:52 | INFO | Dynamic Thresholds: cloud_thr=0.0000, shift_thr=0.0000
2026-03-26 21:11:52 | INFO | Multipliers: irradiance=0.22x, temp=0.92x, wind=0.95x
2026-03-26 21:11:52 | INFO | Weather Multiplier (combined): 0.19x
2026-03-26 21:11:52 | INFO | Abrupt Weather Change Detected: False
2026-03-26 21:11:52 | INFO | --- TREND ANALYSIS ---
2026-03-26 21:11:52 | INFO | Trend series: INSUFFICIENT DATA
2026-03-26 21:11:52 | INFO | Detected Trend Type: FLAT
2026-03-26 21:11:52 | INFO | Trend Slope Percentage: 0.00%
2026-03-26 21:11:52 | INFO | Trend EPS Threshold: 1.50%
2026-03-26 21:11:52 | INFO | --- SCHEDULE CALCULATION ---
2026-03-26 21:11:52 | INFO | Condition Applied: PRE_START
2026-03-26 21:11:52 | INFO | Effective Base Forecast Used for Adjustments: 0.000 MW
2026-03-26 21:11:52 | INFO | Condition-3: NOT APPLIED for this block path
2026-03-26 21:11:52 | INFO |   Final Adjustment %: 0.00%
2026-03-26 21:11:52 | INFO |   Formula (expanded): PRE_START: raw=0
2026-03-26 21:11:52 | INFO | --- FINAL RESULT ---
2026-03-26 21:11:52 | INFO | Raw Schedule (before smoothing): 0.000 MW
2026-03-26 21:11:52 | INFO | Final Scheduled MW: 0.000 MW
2026-03-26 21:11:52 | INFO | --------------------------------------------------------------------------------
2026-03-26 21:11:52 | INFO | --------------------------------------------------------------------------------
2026-03-26 21:11:52 | INFO | BLOCK 08
2026-03-26 21:11:52 | INFO | --------------------------------------------------------------------------------
2026-03-26 21:11:52 | INFO | --- FORECAST DATA ---
2026-03-26 21:11:52 | INFO | Intraday Forecast (Enercast Raw): 0.000 MW
2026-03-26 21:11:52 | INFO | Intraday Forecast (Enercast, Scaled): 0.000 MW
2026-03-26 21:11:52 | INFO | Day-ahead Forecast (Enercast): 0.000 MW
2026-03-26 21:11:52 | INFO | Base Forecast (raw, before curtailment/shutdown): 0.000 MW
2026-03-26 21:11:52 | INFO | Base Forecast (used for schedule): 0.000 MW
2026-03-26 21:11:52 | INFO | Effective Base Forecast (after curtailment/shutdown): 0.000 MW
2026-03-26 21:11:52 | INFO | Plant Status: NORMAL
2026-03-26 21:11:52 | INFO | Effective Base Forecast = Base Forecast (raw) = 0.000 MW
2026-03-26 21:11:52 | INFO | --- WEATHER PARAMETERS ---
2026-03-26 21:11:52 | INFO | GTI: 0.0 W/m^2
2026-03-26 21:11:52 | INFO | DHI: 0.0 W/m^2
2026-03-26 21:11:52 | INFO | DNI: 0.0 W/m^2
2026-03-26 21:11:52 | INFO | Irradiance Ratio (GTI/MAX_GTI): 0.000
2026-03-26 21:11:52 | INFO | Diffuse Ratio (current): 0.000
2026-03-26 21:11:52 | INFO | Irradiance State: OVERCAST
2026-03-26 21:11:52 | INFO | Temp @ 2m: 28.46 C
2026-03-26 21:11:52 | INFO | Wind @ 10m: 10.38 m/s
2026-03-26 21:11:52 | INFO | Weather State: NORMAL
2026-03-26 21:11:52 | INFO | Dynamic Thresholds: cloud_thr=0.0000, shift_thr=0.0000
2026-03-26 21:11:52 | INFO | Multipliers: irradiance=0.22x, temp=0.92x, wind=0.95x
2026-03-26 21:11:52 | INFO | Weather Multiplier (combined): 0.19x
2026-03-26 21:11:52 | INFO | Abrupt Weather Change Detected: False
2026-03-26 21:11:52 | INFO | --- TREND ANALYSIS ---
2026-03-26 21:11:52 | INFO | Trend series: INSUFFICIENT DATA
2026-03-26 21:11:52 | INFO | Detected Trend Type: FLAT
2026-03-26 21:11:52 | INFO | Trend Slope Percentage: 0.00%
2026-03-26 21:11:52 | INFO | Trend EPS Threshold: 1.50%
2026-03-26 21:11:52 | INFO | --- SCHEDULE CALCULATION ---
2026-03-26 21:11:52 | INFO | Condition Applied: PRE_START
2026-03-26 21:11:52 | INFO | Effective Base Forecast Used for Adjustments: 0.000 MW
2026-03-26 21:11:52 | INFO | Condition-3: NOT APPLIED for this block path
2026-03-26 21:11:52 | INFO |   Final Adjustment %: 0.00%
2026-03-26 21:11:52 | INFO |   Formula (expanded): PRE_START: raw=0
2026-03-26 21:11:52 | INFO | --- FINAL RESULT ---
2026-03-26 21:11:52 | INFO | Raw Schedule (before smoothing): 0.000 MW
2026-03-26 21:11:52 | INFO | Final Scheduled MW: 0.000 MW
2026-03-26 21:11:52 | INFO | --------------------------------------------------------------------------------
2026-03-26 21:11:52 | INFO | --------------------------------------------------------------------------------
2026-03-26 21:11:52 | INFO | BLOCK 09
2026-03-26 21:11:52 | INFO | --------------------------------------------------------------------------------
2026-03-26 21:11:52 | INFO | --- FORECAST DATA ---
2026-03-26 21:11:52 | INFO | Intraday Forecast (Enercast Raw): 0.000 MW
2026-03-26 21:11:52 | INFO | Intraday Forecast (Enercast, Scaled): 0.000 MW
2026-03-26 21:11:52 | INFO | Day-ahead Forecast (Enercast): 0.000 MW
2026-03-26 21:11:52 | INFO | Base Forecast (raw, before curtailment/shutdown): 0.000 MW
2026-03-26 21:11:52 | INFO | Base Forecast (used for schedule): 0.000 MW
2026-03-26 21:11:52 | INFO | Effective Base Forecast (after curtailment/shutdown): 0.000 MW
2026-03-26 21:11:52 | INFO | Plant Status: NORMAL
2026-03-26 21:11:52 | INFO | Effective Base Forecast = Base Forecast (raw) = 0.000 MW
2026-03-26 21:11:52 | INFO | --- WEATHER PARAMETERS ---
2026-03-26 21:11:52 | INFO | GTI: 0.0 W/m^2
2026-03-26 21:11:52 | INFO | DHI: 0.0 W/m^2
2026-03-26 21:11:52 | INFO | DNI: 0.0 W/m^2
2026-03-26 21:11:52 | INFO | Irradiance Ratio (GTI/MAX_GTI): 0.000
2026-03-26 21:11:52 | INFO | Diffuse Ratio (current): 0.000
2026-03-26 21:11:52 | INFO | Irradiance State: OVERCAST
2026-03-26 21:11:52 | INFO | Temp @ 2m: 28.36 C
2026-03-26 21:11:52 | INFO | Wind @ 10m: 10.23 m/s
2026-03-26 21:11:52 | INFO | Weather State: NORMAL
2026-03-26 21:11:52 | INFO | Dynamic Thresholds: cloud_thr=0.0000, shift_thr=0.0000
2026-03-26 21:11:52 | INFO | Multipliers: irradiance=0.22x, temp=0.92x, wind=0.95x
2026-03-26 21:11:52 | INFO | Weather Multiplier (combined): 0.19x
2026-03-26 21:11:52 | INFO | Abrupt Weather Change Detected: False
2026-03-26 21:11:52 | INFO | --- TREND ANALYSIS ---
2026-03-26 21:11:52 | INFO | Trend series: INSUFFICIENT DATA
2026-03-26 21:11:52 | INFO | Detected Trend Type: FLAT
2026-03-26 21:11:52 | INFO | Trend Slope Percentage: 0.00%
2026-03-26 21:11:52 | INFO | Trend EPS Threshold: 1.50%
2026-03-26 21:11:52 | INFO | --- SCHEDULE CALCULATION ---
2026-03-26 21:11:52 | INFO | Condition Applied: PRE_START
2026-03-26 21:11:52 | INFO | Effective Base Forecast Used for Adjustments: 0.000 MW
2026-03-26 21:11:52 | INFO | Condition-3: NOT APPLIED for this block path
2026-03-26 21:11:52 | INFO |   Final Adjustment %: 0.00%
2026-03-26 21:11:52 | INFO |   Formula (expanded): PRE_START: raw=0
2026-03-26 21:11:52 | INFO | --- FINAL RESULT ---
2026-03-26 21:11:52 | INFO | Raw Schedule (before smoothing): 0.000 MW
2026-03-26 21:11:52 | INFO | Final Scheduled MW: 0.000 MW
2026-03-26 21:11:52 | INFO | --------------------------------------------------------------------------------
2026-03-26 21:11:52 | INFO | --------------------------------------------------------------------------------
2026-03-26 21:11:52 | INFO | BLOCK 10
2026-03-26 21:11:52 | INFO | --------------------------------------------------------------------------------
2026-03-26 21:11:52 | INFO | --- FORECAST DATA ---
2026-03-26 21:11:52 | INFO | Intraday Forecast (Enercast Raw): 0.000 MW
2026-03-26 21:11:52 | INFO | Intraday Forecast (Enercast, Scaled): 0.000 MW
2026-03-26 21:11:52 | INFO | Day-ahead Forecast (Enercast): 0.000 MW
2026-03-26 21:11:52 | INFO | Base Forecast (raw, before curtailment/shutdown): 0.000 MW
2026-03-26 21:11:52 | INFO | Base Forecast (used for schedule): 0.000 MW
2026-03-26 21:11:52 | INFO | Effective Base Forecast (after curtailment/shutdown): 0.000 MW
2026-03-26 21:11:52 | INFO | Plant Status: NORMAL
2026-03-26 21:11:52 | INFO | Effective Base Forecast = Base Forecast (raw) = 0.000 MW
2026-03-26 21:11:52 | INFO | --- WEATHER PARAMETERS ---
2026-03-26 21:11:52 | INFO | GTI: 0.0 W/m^2
2026-03-26 21:11:52 | INFO | DHI: 0.0 W/m^2
2026-03-26 21:11:52 | INFO | DNI: 0.0 W/m^2
2026-03-26 21:11:52 | INFO | Irradiance Ratio (GTI/MAX_GTI): 0.000
2026-03-26 21:11:52 | INFO | Diffuse Ratio (current): 0.000
2026-03-26 21:11:52 | INFO | Irradiance State: OVERCAST
2026-03-26 21:11:52 | INFO | Temp @ 2m: 28.21 C
2026-03-26 21:11:52 | INFO | Wind @ 10m: 10.20 m/s
2026-03-26 21:11:52 | INFO | Weather State: NORMAL
2026-03-26 21:11:52 | INFO | Dynamic Thresholds: cloud_thr=0.0000, shift_thr=0.0000
2026-03-26 21:11:52 | INFO | Multipliers: irradiance=0.22x, temp=0.92x, wind=0.95x
2026-03-26 21:11:52 | INFO | Weather Multiplier (combined): 0.19x
2026-03-26 21:11:52 | INFO | Abrupt Weather Change Detected: False
2026-03-26 21:11:52 | INFO | --- TREND ANALYSIS ---
2026-03-26 21:11:52 | INFO | Trend series: INSUFFICIENT DATA
2026-03-26 21:11:52 | INFO | Detected Trend Type: FLAT
2026-03-26 21:11:52 | INFO | Trend Slope Percentage: 0.00%
2026-03-26 21:11:52 | INFO | Trend EPS Threshold: 1.50%
2026-03-26 21:11:52 | INFO | --- SCHEDULE CALCULATION ---
2026-03-26 21:11:52 | INFO | Condition Applied: PRE_START
2026-03-26 21:11:52 | INFO | Effective Base Forecast Used for Adjustments: 0.000 MW
2026-03-26 21:11:52 | INFO | Condition-3: NOT APPLIED for this block path
2026-03-26 21:11:52 | INFO |   Final Adjustment %: 0.00%
2026-03-26 21:11:52 | INFO |   Formula (expanded): PRE_START: raw=0
2026-03-26 21:11:52 | INFO | --- FINAL RESULT ---
2026-03-26 21:11:52 | INFO | Raw Schedule (before smoothing): 0.000 MW
2026-03-26 21:11:52 | INFO | Final Scheduled MW: 0.000 MW
2026-03-26 21:11:52 | INFO | --------------------------------------------------------------------------------
2026-03-26 21:11:52 | INFO | --------------------------------------------------------------------------------
2026-03-26 21:11:52 | INFO | BLOCK 11
2026-03-26 21:11:52 | INFO | --------------------------------------------------------------------------------
2026-03-26 21:11:52 | INFO | --- FORECAST DATA ---
2026-03-26 21:11:52 | INFO | Intraday Forecast (Enercast Raw): 0.000 MW
2026-03-26 21:11:52 | INFO | Intraday Forecast (Enercast, Scaled): 0.000 MW
2026-03-26 21:11:52 | INFO | Day-ahead Forecast (Enercast): 0.000 MW
2026-03-26 21:11:52 | INFO | Base Forecast (raw, before curtailment/shutdown): 0.000 MW
2026-03-26 21:11:52 | INFO | Base Forecast (used for schedule): 0.000 MW
2026-03-26 21:11:52 | INFO | Effective Base Forecast (after curtailment/shutdown): 0.000 MW
2026-03-26 21:11:52 | INFO | Plant Status: NORMAL
2026-03-26 21:11:52 | INFO | Effective Base Forecast = Base Forecast (raw) = 0.000 MW
2026-03-26 21:11:52 | INFO | --- WEATHER PARAMETERS ---
2026-03-26 21:11:52 | INFO | GTI: 0.0 W/m^2
2026-03-26 21:11:52 | INFO | DHI: 0.0 W/m^2
2026-03-26 21:11:52 | INFO | DNI: 0.0 W/m^2
2026-03-26 21:11:52 | INFO | Irradiance Ratio (GTI/MAX_GTI): 0.000
2026-03-26 21:11:52 | INFO | Diffuse Ratio (current): 0.000
2026-03-26 21:11:52 | INFO | Irradiance State: OVERCAST
2026-03-26 21:11:52 | INFO | Temp @ 2m: 28.11 C
2026-03-26 21:11:52 | INFO | Wind @ 10m: 9.93 m/s
2026-03-26 21:11:52 | INFO | Weather State: NORMAL
2026-03-26 21:11:52 | INFO | Dynamic Thresholds: cloud_thr=0.0000, shift_thr=0.0000
2026-03-26 21:11:52 | INFO | Multipliers: irradiance=0.22x, temp=0.92x, wind=0.95x
2026-03-26 21:11:52 | INFO | Weather Multiplier (combined): 0.19x
2026-03-26 21:11:52 | INFO | Abrupt Weather Change Detected: False
2026-03-26 21:11:52 | INFO | --- TREND ANALYSIS ---
2026-03-26 21:11:52 | INFO | Trend series: INSUFFICIENT DATA
2026-03-26 21:11:52 | INFO | Detected Trend Type: FLAT
2026-03-26 21:11:52 | INFO | Trend Slope Percentage: 0.00%
2026-03-26 21:11:52 | INFO | Trend EPS Threshold: 1.50%
2026-03-26 21:11:52 | INFO | --- SCHEDULE CALCULATION ---
2026-03-26 21:11:52 | INFO | Condition Applied: PRE_START
2026-03-26 21:11:52 | INFO | Effective Base Forecast Used for Adjustments: 0.000 MW
2026-03-26 21:11:52 | INFO | Condition-3: NOT APPLIED for this block path
2026-03-26 21:11:52 | INFO |   Final Adjustment %: 0.00%
2026-03-26 21:11:52 | INFO |   Formula (expanded): PRE_START: raw=0
2026-03-26 21:11:52 | INFO | --- FINAL RESULT ---
2026-03-26 21:11:52 | INFO | Raw Schedule (before smoothing): 0.000 MW
2026-03-26 21:11:52 | INFO | Final Scheduled MW: 0.000 MW
2026-03-26 21:11:52 | INFO | --------------------------------------------------------------------------------
2026-03-26 21:11:52 | INFO | --------------------------------------------------------------------------------
2026-03-26 21:11:52 | INFO | BLOCK 12
2026-03-26 21:11:52 | INFO | --------------------------------------------------------------------------------
2026-03-26 21:11:52 | INFO | --- FORECAST DATA ---
2026-03-26 21:11:52 | INFO | Intraday Forecast (Enercast Raw): 0.000 MW
2026-03-26 21:11:52 | INFO | Intraday Forecast (Enercast, Scaled): 0.000 MW
2026-03-26 21:11:52 | INFO | Day-ahead Forecast (Enercast): 0.000 MW
2026-03-26 21:11:52 | INFO | Base Forecast (raw, before curtailment/shutdown): 0.000 MW
2026-03-26 21:11:52 | INFO | Base Forecast (used for schedule): 0.000 MW
2026-03-26 21:11:52 | INFO | Effective Base Forecast (after curtailment/shutdown): 0.000 MW
2026-03-26 21:11:52 | INFO | Plant Status: NORMAL
2026-03-26 21:11:52 | INFO | Effective Base Forecast = Base Forecast (raw) = 0.000 MW
2026-03-26 21:11:52 | INFO | --- WEATHER PARAMETERS ---
2026-03-26 21:11:52 | INFO | GTI: 0.0 W/m^2
2026-03-26 21:11:52 | INFO | DHI: 0.0 W/m^2
2026-03-26 21:11:52 | INFO | DNI: 0.0 W/m^2
2026-03-26 21:11:52 | INFO | Irradiance Ratio (GTI/MAX_GTI): 0.000
2026-03-26 21:11:52 | INFO | Diffuse Ratio (current): 0.000
2026-03-26 21:11:52 | INFO | Irradiance State: OVERCAST
2026-03-26 21:11:52 | INFO | Temp @ 2m: 27.96 C
2026-03-26 21:11:52 | INFO | Wind @ 10m: 9.45 m/s
2026-03-26 21:11:52 | INFO | Weather State: NORMAL
2026-03-26 21:11:52 | INFO | Dynamic Thresholds: cloud_thr=0.0000, shift_thr=0.0000
2026-03-26 21:11:52 | INFO | Multipliers: irradiance=0.22x, temp=0.92x, wind=0.95x
2026-03-26 21:11:52 | INFO | Weather Multiplier (combined): 0.19x
2026-03-26 21:11:52 | INFO | Abrupt Weather Change Detected: False
2026-03-26 21:11:52 | INFO | --- TREND ANALYSIS ---
2026-03-26 21:11:52 | INFO | Trend series: INSUFFICIENT DATA
2026-03-26 21:11:52 | INFO | Detected Trend Type: FLAT
2026-03-26 21:11:52 | INFO | Trend Slope Percentage: 0.00%
2026-03-26 21:11:52 | INFO | Trend EPS Threshold: 1.50%
2026-03-26 21:11:52 | INFO | --- SCHEDULE CALCULATION ---
2026-03-26 21:11:52 | INFO | Condition Applied: PRE_START
2026-03-26 21:11:52 | INFO | Effective Base Forecast Used for Adjustments: 0.000 MW
2026-03-26 21:11:52 | INFO | Condition-3: NOT APPLIED for this block path
2026-03-26 21:11:52 | INFO |   Final Adjustment %: 0.00%
2026-03-26 21:11:52 | INFO |   Formula (expanded): PRE_START: raw=0
2026-03-26 21:11:52 | INFO | --- FINAL RESULT ---
2026-03-26 21:11:52 | INFO | Raw Schedule (before smoothing): 0.000 MW
2026-03-26 21:11:52 | INFO | Final Scheduled MW: 0.000 MW
2026-03-26 21:11:52 | INFO | --------------------------------------------------------------------------------
2026-03-26 21:11:52 | INFO | --------------------------------------------------------------------------------
2026-03-26 21:11:52 | INFO | BLOCK 13
2026-03-26 21:11:52 | INFO | --------------------------------------------------------------------------------
2026-03-26 21:11:52 | INFO | --- FORECAST DATA ---
2026-03-26 21:11:52 | INFO | Intraday Forecast (Enercast Raw): 0.000 MW
2026-03-26 21:11:52 | INFO | Intraday Forecast (Enercast, Scaled): 0.000 MW
2026-03-26 21:11:52 | INFO | Day-ahead Forecast (Enercast): 0.000 MW
2026-03-26 21:11:52 | INFO | Base Forecast (raw, before curtailment/shutdown): 0.000 MW
2026-03-26 21:11:52 | INFO | Base Forecast (used for schedule): 0.000 MW
2026-03-26 21:11:52 | INFO | Effective Base Forecast (after curtailment/shutdown): 0.000 MW
2026-03-26 21:11:52 | INFO | Plant Status: NORMAL
2026-03-26 21:11:52 | INFO | Effective Base Forecast = Base Forecast (raw) = 0.000 MW
2026-03-26 21:11:52 | INFO | --- WEATHER PARAMETERS ---
2026-03-26 21:11:52 | INFO | GTI: 0.0 W/m^2
2026-03-26 21:11:52 | INFO | DHI: 0.0 W/m^2
2026-03-26 21:11:52 | INFO | DNI: 0.0 W/m^2
2026-03-26 21:11:52 | INFO | Irradiance Ratio (GTI/MAX_GTI): 0.000
2026-03-26 21:11:52 | INFO | Diffuse Ratio (current): 0.000
2026-03-26 21:11:52 | INFO | Irradiance State: OVERCAST
2026-03-26 21:11:52 | INFO | Temp @ 2m: 27.86 C
2026-03-26 21:11:52 | INFO | Wind @ 10m: 8.50 m/s
2026-03-26 21:11:52 | INFO | Weather State: NORMAL
2026-03-26 21:11:52 | INFO | Dynamic Thresholds: cloud_thr=0.0000, shift_thr=0.0000
2026-03-26 21:11:52 | INFO | Multipliers: irradiance=0.22x, temp=0.92x, wind=0.95x
2026-03-26 21:11:52 | INFO | Weather Multiplier (combined): 0.19x
2026-03-26 21:11:52 | INFO | Abrupt Weather Change Detected: False
2026-03-26 21:11:52 | INFO | --- TREND ANALYSIS ---
2026-03-26 21:11:52 | INFO | Trend series: INSUFFICIENT DATA
2026-03-26 21:11:52 | INFO | Detected Trend Type: FLAT
2026-03-26 21:11:52 | INFO | Trend Slope Percentage: 0.00%
2026-03-26 21:11:52 | INFO | Trend EPS Threshold: 1.50%
2026-03-26 21:11:52 | INFO | --- SCHEDULE CALCULATION ---
2026-03-26 21:11:52 | INFO | Condition Applied: PRE_START
2026-03-26 21:11:52 | INFO | Effective Base Forecast Used for Adjustments: 0.000 MW
2026-03-26 21:11:52 | INFO | Condition-3: NOT APPLIED for this block path
2026-03-26 21:11:52 | INFO |   Final Adjustment %: 0.00%
2026-03-26 21:11:52 | INFO |   Formula (expanded): PRE_START: raw=0
2026-03-26 21:11:52 | INFO | --- FINAL RESULT ---
2026-03-26 21:11:52 | INFO | Raw Schedule (before smoothing): 0.000 MW
2026-03-26 21:11:52 | INFO | Final Scheduled MW: 0.000 MW
2026-03-26 21:11:52 | INFO | --------------------------------------------------------------------------------
2026-03-26 21:11:52 | INFO | --------------------------------------------------------------------------------
2026-03-26 21:11:52 | INFO | BLOCK 14
2026-03-26 21:11:52 | INFO | --------------------------------------------------------------------------------
2026-03-26 21:11:52 | INFO | --- FORECAST DATA ---
2026-03-26 21:11:52 | INFO | Intraday Forecast (Enercast Raw): 0.000 MW
2026-03-26 21:11:52 | INFO | Intraday Forecast (Enercast, Scaled): 0.000 MW
2026-03-26 21:11:52 | INFO | Day-ahead Forecast (Enercast): 0.000 MW
2026-03-26 21:11:52 | INFO | Base Forecast (raw, before curtailment/shutdown): 0.000 MW
2026-03-26 21:11:52 | INFO | Base Forecast (used for schedule): 0.000 MW
2026-03-26 21:11:52 | INFO | Effective Base Forecast (after curtailment/shutdown): 0.000 MW
2026-03-26 21:11:52 | INFO | Plant Status: NORMAL
2026-03-26 21:11:52 | INFO | Effective Base Forecast = Base Forecast (raw) = 0.000 MW
2026-03-26 21:11:52 | INFO | --- WEATHER PARAMETERS ---
2026-03-26 21:11:52 | INFO | GTI: 0.0 W/m^2
2026-03-26 21:11:52 | INFO | DHI: 0.0 W/m^2
2026-03-26 21:11:52 | INFO | DNI: 0.0 W/m^2
2026-03-26 21:11:52 | INFO | Irradiance Ratio (GTI/MAX_GTI): 0.000
2026-03-26 21:11:52 | INFO | Diffuse Ratio (current): 0.000
2026-03-26 21:11:52 | INFO | Irradiance State: OVERCAST
2026-03-26 21:11:52 | INFO | Temp @ 2m: 27.71 C
2026-03-26 21:11:52 | INFO | Wind @ 10m: 7.90 m/s
2026-03-26 21:11:52 | INFO | Weather State: NORMAL
2026-03-26 21:11:52 | INFO | Dynamic Thresholds: cloud_thr=0.0000, shift_thr=0.0000
2026-03-26 21:11:52 | INFO | Multipliers: irradiance=0.22x, temp=0.92x, wind=0.95x
2026-03-26 21:11:52 | INFO | Weather Multiplier (combined): 0.19x
2026-03-26 21:11:52 | INFO | Abrupt Weather Change Detected: False
2026-03-26 21:11:52 | INFO | --- TREND ANALYSIS ---
2026-03-26 21:11:52 | INFO | Trend series: INSUFFICIENT DATA
2026-03-26 21:11:52 | INFO | Detected Trend Type: FLAT
2026-03-26 21:11:52 | INFO | Trend Slope Percentage: 0.00%
2026-03-26 21:11:52 | INFO | Trend EPS Threshold: 1.50%
2026-03-26 21:11:52 | INFO | --- SCHEDULE CALCULATION ---
2026-03-26 21:11:52 | INFO | Condition Applied: PRE_START
2026-03-26 21:11:52 | INFO | Effective Base Forecast Used for Adjustments: 0.000 MW
2026-03-26 21:11:52 | INFO | Condition-3: NOT APPLIED for this block path
2026-03-26 21:11:52 | INFO |   Final Adjustment %: 0.00%
2026-03-26 21:11:52 | INFO |   Formula (expanded): PRE_START: raw=0
2026-03-26 21:11:52 | INFO | --- FINAL RESULT ---
2026-03-26 21:11:52 | INFO | Raw Schedule (before smoothing): 0.000 MW
2026-03-26 21:11:52 | INFO | Final Scheduled MW: 0.000 MW
2026-03-26 21:11:52 | INFO | --------------------------------------------------------------------------------
2026-03-26 21:11:52 | INFO | --------------------------------------------------------------------------------
2026-03-26 21:11:52 | INFO | BLOCK 15
2026-03-26 21:11:52 | INFO | --------------------------------------------------------------------------------
2026-03-26 21:11:52 | INFO | --- FORECAST DATA ---
2026-03-26 21:11:52 | INFO | Intraday Forecast (Enercast Raw): 0.000 MW
2026-03-26 21:11:52 | INFO | Intraday Forecast (Enercast, Scaled): 0.000 MW
2026-03-26 21:11:52 | INFO | Day-ahead Forecast (Enercast): 0.000 MW
2026-03-26 21:11:52 | INFO | Base Forecast (raw, before curtailment/shutdown): 0.000 MW
2026-03-26 21:11:52 | INFO | Base Forecast (used for schedule): 0.000 MW
2026-03-26 21:11:52 | INFO | Effective Base Forecast (after curtailment/shutdown): 0.000 MW
2026-03-26 21:11:52 | INFO | Plant Status: NORMAL
2026-03-26 21:11:52 | INFO | Effective Base Forecast = Base Forecast (raw) = 0.000 MW
2026-03-26 21:11:52 | INFO | --- WEATHER PARAMETERS ---
2026-03-26 21:11:52 | INFO | GTI: 0.0 W/m^2
2026-03-26 21:11:52 | INFO | DHI: 0.0 W/m^2
2026-03-26 21:11:52 | INFO | DNI: 0.0 W/m^2
2026-03-26 21:11:52 | INFO | Irradiance Ratio (GTI/MAX_GTI): 0.000
2026-03-26 21:11:52 | INFO | Diffuse Ratio (current): 0.000
2026-03-26 21:11:52 | INFO | Irradiance State: OVERCAST
2026-03-26 21:11:52 | INFO | Temp @ 2m: 27.61 C
2026-03-26 21:11:52 | INFO | Wind @ 10m: 7.09 m/s
2026-03-26 21:11:52 | INFO | Weather State: NORMAL
2026-03-26 21:11:52 | INFO | Dynamic Thresholds: cloud_thr=0.0000, shift_thr=0.0000
2026-03-26 21:11:52 | INFO | Multipliers: irradiance=0.22x, temp=0.92x, wind=0.95x
2026-03-26 21:11:52 | INFO | Weather Multiplier (combined): 0.19x
2026-03-26 21:11:52 | INFO | Abrupt Weather Change Detected: False
2026-03-26 21:11:52 | INFO | --- TREND ANALYSIS ---
2026-03-26 21:11:52 | INFO | Trend series: INSUFFICIENT DATA
2026-03-26 21:11:52 | INFO | Detected Trend Type: FLAT
2026-03-26 21:11:52 | INFO | Trend Slope Percentage: 0.00%
2026-03-26 21:11:52 | INFO | Trend EPS Threshold: 1.50%
2026-03-26 21:11:52 | INFO | --- SCHEDULE CALCULATION ---
2026-03-26 21:11:52 | INFO | Condition Applied: PRE_START
2026-03-26 21:11:52 | INFO | Effective Base Forecast Used for Adjustments: 0.000 MW
2026-03-26 21:11:52 | INFO | Condition-3: NOT APPLIED for this block path
2026-03-26 21:11:52 | INFO |   Final Adjustment %: 0.00%
2026-03-26 21:11:52 | INFO |   Formula (expanded): PRE_START: raw=0
2026-03-26 21:11:52 | INFO | --- FINAL RESULT ---
2026-03-26 21:11:52 | INFO | Raw Schedule (before smoothing): 0.000 MW
2026-03-26 21:11:52 | INFO | Final Scheduled MW: 0.000 MW
2026-03-26 21:11:52 | INFO | --------------------------------------------------------------------------------
2026-03-26 21:11:52 | INFO | --------------------------------------------------------------------------------
2026-03-26 21:11:52 | INFO | BLOCK 16
2026-03-26 21:11:52 | INFO | --------------------------------------------------------------------------------
2026-03-26 21:11:52 | INFO | --- FORECAST DATA ---
2026-03-26 21:11:52 | INFO | Intraday Forecast (Enercast Raw): 0.000 MW
2026-03-26 21:11:52 | INFO | Intraday Forecast (Enercast, Scaled): 0.000 MW
2026-03-26 21:11:52 | INFO | Day-ahead Forecast (Enercast): 0.000 MW
2026-03-26 21:11:52 | INFO | Base Forecast (raw, before curtailment/shutdown): 0.000 MW
2026-03-26 21:11:52 | INFO | Base Forecast (used for schedule): 0.000 MW
2026-03-26 21:11:52 | INFO | Effective Base Forecast (after curtailment/shutdown): 0.000 MW
2026-03-26 21:11:52 | INFO | Plant Status: NORMAL
2026-03-26 21:11:52 | INFO | Effective Base Forecast = Base Forecast (raw) = 0.000 MW
2026-03-26 21:11:52 | INFO | --- WEATHER PARAMETERS ---
2026-03-26 21:11:52 | INFO | GTI: 0.0 W/m^2
2026-03-26 21:11:52 | INFO | DHI: 0.0 W/m^2
2026-03-26 21:11:52 | INFO | DNI: 0.0 W/m^2
2026-03-26 21:11:52 | INFO | Irradiance Ratio (GTI/MAX_GTI): 0.000
2026-03-26 21:11:52 | INFO | Diffuse Ratio (current): 0.000
2026-03-26 21:11:52 | INFO | Irradiance State: OVERCAST
2026-03-26 21:11:52 | INFO | Temp @ 2m: 27.51 C
2026-03-26 21:11:52 | INFO | Wind @ 10m: 6.29 m/s
2026-03-26 21:11:52 | INFO | Weather State: NORMAL
2026-03-26 21:11:52 | INFO | Dynamic Thresholds: cloud_thr=0.0000, shift_thr=0.0000
2026-03-26 21:11:52 | INFO | Multipliers: irradiance=0.22x, temp=0.92x, wind=0.95x
2026-03-26 21:11:52 | INFO | Weather Multiplier (combined): 0.19x
2026-03-26 21:11:52 | INFO | Abrupt Weather Change Detected: False
2026-03-26 21:11:52 | INFO | --- TREND ANALYSIS ---
2026-03-26 21:11:52 | INFO | Trend series: INSUFFICIENT DATA
2026-03-26 21:11:52 | INFO | Detected Trend Type: FLAT
2026-03-26 21:11:52 | INFO | Trend Slope Percentage: 0.00%
2026-03-26 21:11:52 | INFO | Trend EPS Threshold: 1.50%
2026-03-26 21:11:52 | INFO | --- SCHEDULE CALCULATION ---
2026-03-26 21:11:52 | INFO | Condition Applied: PRE_START
2026-03-26 21:11:52 | INFO | Effective Base Forecast Used for Adjustments: 0.000 MW
2026-03-26 21:11:52 | INFO | Condition-3: NOT APPLIED for this block path
2026-03-26 21:11:52 | INFO |   Final Adjustment %: 0.00%
2026-03-26 21:11:52 | INFO |   Formula (expanded): PRE_START: raw=0
2026-03-26 21:11:52 | INFO | --- FINAL RESULT ---
2026-03-26 21:11:52 | INFO | Raw Schedule (before smoothing): 0.000 MW
2026-03-26 21:11:52 | INFO | Final Scheduled MW: 0.000 MW
2026-03-26 21:11:52 | INFO | --------------------------------------------------------------------------------
2026-03-26 21:11:52 | INFO | --------------------------------------------------------------------------------
2026-03-26 21:11:52 | INFO | BLOCK 17
2026-03-26 21:11:52 | INFO | --------------------------------------------------------------------------------
2026-03-26 21:11:52 | INFO | --- FORECAST DATA ---
2026-03-26 21:11:52 | INFO | Intraday Forecast (Enercast Raw): 0.000 MW
2026-03-26 21:11:52 | INFO | Intraday Forecast (Enercast, Scaled): 0.000 MW
2026-03-26 21:11:52 | INFO | Day-ahead Forecast (Enercast): 0.000 MW
2026-03-26 21:11:52 | INFO | Base Forecast (raw, before curtailment/shutdown): 0.000 MW
2026-03-26 21:11:52 | INFO | Base Forecast (used for schedule): 0.000 MW
2026-03-26 21:11:52 | INFO | Effective Base Forecast (after curtailment/shutdown): 0.000 MW
2026-03-26 21:11:52 | INFO | Plant Status: NORMAL
2026-03-26 21:11:52 | INFO | Effective Base Forecast = Base Forecast (raw) = 0.000 MW
2026-03-26 21:11:52 | INFO | --- WEATHER PARAMETERS ---
2026-03-26 21:11:52 | INFO | GTI: 0.0 W/m^2
2026-03-26 21:11:52 | INFO | DHI: 0.0 W/m^2
2026-03-26 21:11:52 | INFO | DNI: 0.0 W/m^2
2026-03-26 21:11:52 | INFO | Irradiance Ratio (GTI/MAX_GTI): 0.000
2026-03-26 21:11:52 | INFO | Diffuse Ratio (current): 0.000
2026-03-26 21:11:52 | INFO | Irradiance State: OVERCAST
2026-03-26 21:11:52 | INFO | Temp @ 2m: 27.46 C
2026-03-26 21:11:52 | INFO | Wind @ 10m: 5.15 m/s
2026-03-26 21:11:52 | INFO | Weather State: NORMAL
2026-03-26 21:11:52 | INFO | Dynamic Thresholds: cloud_thr=0.0000, shift_thr=0.0000
2026-03-26 21:11:52 | INFO | Multipliers: irradiance=0.22x, temp=0.92x, wind=0.95x
2026-03-26 21:11:52 | INFO | Weather Multiplier (combined): 0.19x
2026-03-26 21:11:52 | INFO | Abrupt Weather Change Detected: False
2026-03-26 21:11:52 | INFO | --- TREND ANALYSIS ---
2026-03-26 21:11:52 | INFO | Trend series: INSUFFICIENT DATA
2026-03-26 21:11:52 | INFO | Detected Trend Type: FLAT
2026-03-26 21:11:52 | INFO | Trend Slope Percentage: 0.00%
2026-03-26 21:11:52 | INFO | Trend EPS Threshold: 1.50%
2026-03-26 21:11:52 | INFO | --- SCHEDULE CALCULATION ---
2026-03-26 21:11:52 | INFO | Condition Applied: PRE_START
2026-03-26 21:11:52 | INFO | Effective Base Forecast Used for Adjustments: 0.000 MW
2026-03-26 21:11:52 | INFO | Condition-3: NOT APPLIED for this block path
2026-03-26 21:11:52 | INFO |   Final Adjustment %: 0.00%
2026-03-26 21:11:52 | INFO |   Formula (expanded): PRE_START: raw=0
2026-03-26 21:11:52 | INFO | --- FINAL RESULT ---
2026-03-26 21:11:52 | INFO | Raw Schedule (before smoothing): 0.000 MW
2026-03-26 21:11:52 | INFO | Final Scheduled MW: 0.000 MW
2026-03-26 21:11:52 | INFO | --------------------------------------------------------------------------------
2026-03-26 21:11:52 | INFO | --------------------------------------------------------------------------------
2026-03-26 21:11:52 | INFO | BLOCK 18
2026-03-26 21:11:52 | INFO | --------------------------------------------------------------------------------
2026-03-26 21:11:52 | INFO | --- FORECAST DATA ---
2026-03-26 21:11:52 | INFO | Intraday Forecast (Enercast Raw): 0.000 MW
2026-03-26 21:11:52 | INFO | Intraday Forecast (Enercast, Scaled): 0.000 MW
2026-03-26 21:11:52 | INFO | Day-ahead Forecast (Enercast): 0.000 MW
2026-03-26 21:11:52 | INFO | Base Forecast (raw, before curtailment/shutdown): 0.000 MW
2026-03-26 21:11:52 | INFO | Base Forecast (used for schedule): 0.000 MW
2026-03-26 21:11:52 | INFO | Effective Base Forecast (after curtailment/shutdown): 0.000 MW
2026-03-26 21:11:52 | INFO | Plant Status: NORMAL
2026-03-26 21:11:52 | INFO | Effective Base Forecast = Base Forecast (raw) = 0.000 MW
2026-03-26 21:11:52 | INFO | --- WEATHER PARAMETERS ---
2026-03-26 21:11:52 | INFO | GTI: 0.0 W/m^2
2026-03-26 21:11:52 | INFO | DHI: 0.0 W/m^2
2026-03-26 21:11:52 | INFO | DNI: 0.0 W/m^2
2026-03-26 21:11:52 | INFO | Irradiance Ratio (GTI/MAX_GTI): 0.000
2026-03-26 21:11:52 | INFO | Diffuse Ratio (current): 0.000
2026-03-26 21:11:52 | INFO | Irradiance State: OVERCAST
2026-03-26 21:11:52 | INFO | Temp @ 2m: 27.41 C
2026-03-26 21:11:52 | INFO | Wind @ 10m: 4.02 m/s
2026-03-26 21:11:52 | INFO | Weather State: NORMAL
2026-03-26 21:11:52 | INFO | Dynamic Thresholds: cloud_thr=0.0000, shift_thr=0.0000
2026-03-26 21:11:52 | INFO | Multipliers: irradiance=0.22x, temp=0.92x, wind=0.91x
2026-03-26 21:11:52 | INFO | Weather Multiplier (combined): 0.18x
2026-03-26 21:11:52 | INFO | Abrupt Weather Change Detected: False
2026-03-26 21:11:52 | INFO | --- TREND ANALYSIS ---
2026-03-26 21:11:52 | INFO | Trend series: INSUFFICIENT DATA
2026-03-26 21:11:52 | INFO | Detected Trend Type: FLAT
2026-03-26 21:11:52 | INFO | Trend Slope Percentage: 0.00%
2026-03-26 21:11:52 | INFO | Trend EPS Threshold: 1.50%
2026-03-26 21:11:52 | INFO | --- SCHEDULE CALCULATION ---
2026-03-26 21:11:52 | INFO | Condition Applied: PRE_START
2026-03-26 21:11:52 | INFO | Effective Base Forecast Used for Adjustments: 0.000 MW
2026-03-26 21:11:52 | INFO | Condition-3: NOT APPLIED for this block path
2026-03-26 21:11:52 | INFO |   Final Adjustment %: 0.00%
2026-03-26 21:11:52 | INFO |   Formula (expanded): PRE_START: raw=0
2026-03-26 21:11:52 | INFO | --- FINAL RESULT ---
2026-03-26 21:11:52 | INFO | Raw Schedule (before smoothing): 0.000 MW
2026-03-26 21:11:52 | INFO | Final Scheduled MW: 0.000 MW
2026-03-26 21:11:52 | INFO | --------------------------------------------------------------------------------
2026-03-26 21:11:52 | INFO | --------------------------------------------------------------------------------
2026-03-26 21:11:52 | INFO | BLOCK 19
2026-03-26 21:11:52 | INFO | --------------------------------------------------------------------------------
2026-03-26 21:11:52 | INFO | --- FORECAST DATA ---
2026-03-26 21:11:52 | INFO | Intraday Forecast (Enercast Raw): 0.000 MW
2026-03-26 21:11:52 | INFO | Intraday Forecast (Enercast, Scaled): 0.000 MW
2026-03-26 21:11:52 | INFO | Day-ahead Forecast (Enercast): 0.000 MW
2026-03-26 21:11:52 | INFO | Base Forecast (raw, before curtailment/shutdown): 0.000 MW
2026-03-26 21:11:52 | INFO | Base Forecast (used for schedule): 0.000 MW
2026-03-26 21:11:52 | INFO | Effective Base Forecast (after curtailment/shutdown): 0.000 MW
2026-03-26 21:11:52 | INFO | Plant Status: NORMAL
2026-03-26 21:11:52 | INFO | Effective Base Forecast = Base Forecast (raw) = 0.000 MW
2026-03-26 21:11:52 | INFO | --- WEATHER PARAMETERS ---
2026-03-26 21:11:52 | INFO | GTI: 0.0 W/m^2
2026-03-26 21:11:52 | INFO | DHI: 0.0 W/m^2
2026-03-26 21:11:52 | INFO | DNI: 0.0 W/m^2
2026-03-26 21:11:52 | INFO | Irradiance Ratio (GTI/MAX_GTI): 0.000
2026-03-26 21:11:52 | INFO | Diffuse Ratio (current): 0.000
2026-03-26 21:11:52 | INFO | Irradiance State: OVERCAST
2026-03-26 21:11:52 | INFO | Temp @ 2m: 27.41 C
2026-03-26 21:11:52 | INFO | Wind @ 10m: 3.10 m/s
2026-03-26 21:11:52 | INFO | Weather State: NORMAL
2026-03-26 21:11:52 | INFO | Dynamic Thresholds: cloud_thr=0.0000, shift_thr=0.0000
2026-03-26 21:11:52 | INFO | Multipliers: irradiance=0.22x, temp=0.92x, wind=0.91x
2026-03-26 21:11:52 | INFO | Weather Multiplier (combined): 0.18x
2026-03-26 21:11:52 | INFO | Abrupt Weather Change Detected: False
2026-03-26 21:11:52 | INFO | --- TREND ANALYSIS ---
2026-03-26 21:11:52 | INFO | Trend series: INSUFFICIENT DATA
2026-03-26 21:11:52 | INFO | Detected Trend Type: FLAT
2026-03-26 21:11:52 | INFO | Trend Slope Percentage: 0.00%
2026-03-26 21:11:52 | INFO | Trend EPS Threshold: 1.50%
2026-03-26 21:11:52 | INFO | --- SCHEDULE CALCULATION ---
2026-03-26 21:11:52 | INFO | Condition Applied: PRE_START
2026-03-26 21:11:52 | INFO | Effective Base Forecast Used for Adjustments: 0.000 MW
2026-03-26 21:11:52 | INFO | Condition-3: NOT APPLIED for this block path
2026-03-26 21:11:52 | INFO |   Final Adjustment %: 0.00%
2026-03-26 21:11:52 | INFO |   Formula (expanded): PRE_START: raw=0
2026-03-26 21:11:52 | INFO | --- FINAL RESULT ---
2026-03-26 21:11:52 | INFO | Raw Schedule (before smoothing): 0.000 MW
2026-03-26 21:11:52 | INFO | Final Scheduled MW: 0.000 MW
2026-03-26 21:11:52 | INFO | --------------------------------------------------------------------------------
2026-03-26 21:11:52 | INFO | --------------------------------------------------------------------------------
2026-03-26 21:11:52 | INFO | BLOCK 20
2026-03-26 21:11:52 | INFO | --------------------------------------------------------------------------------
2026-03-26 21:11:52 | INFO | --- FORECAST DATA ---
2026-03-26 21:11:52 | INFO | Intraday Forecast (Enercast Raw): 0.000 MW
2026-03-26 21:11:52 | INFO | Intraday Forecast (Enercast, Scaled): 0.000 MW
2026-03-26 21:11:52 | INFO | Day-ahead Forecast (Enercast): 0.000 MW
2026-03-26 21:11:52 | INFO | Base Forecast (raw, before curtailment/shutdown): 0.000 MW
2026-03-26 21:11:52 | INFO | Base Forecast (used for schedule): 0.000 MW
2026-03-26 21:11:52 | INFO | Effective Base Forecast (after curtailment/shutdown): 0.000 MW
2026-03-26 21:11:52 | INFO | Plant Status: NORMAL
2026-03-26 21:11:52 | INFO | Effective Base Forecast = Base Forecast (raw) = 0.000 MW
2026-03-26 21:11:52 | INFO | --- WEATHER PARAMETERS ---
2026-03-26 21:11:52 | INFO | GTI: 0.0 W/m^2
2026-03-26 21:11:52 | INFO | DHI: 0.0 W/m^2
2026-03-26 21:11:52 | INFO | DNI: 0.0 W/m^2
2026-03-26 21:11:52 | INFO | Irradiance Ratio (GTI/MAX_GTI): 0.000
2026-03-26 21:11:52 | INFO | Diffuse Ratio (current): 0.000
2026-03-26 21:11:52 | INFO | Irradiance State: OVERCAST
2026-03-26 21:11:52 | INFO | Temp @ 2m: 27.46 C
2026-03-26 21:11:52 | INFO | Wind @ 10m: 2.10 m/s
2026-03-26 21:11:52 | INFO | Weather State: NORMAL
2026-03-26 21:11:52 | INFO | Dynamic Thresholds: cloud_thr=0.0000, shift_thr=0.0000
2026-03-26 21:11:52 | INFO | Multipliers: irradiance=0.22x, temp=0.92x, wind=0.86x
2026-03-26 21:11:52 | INFO | Weather Multiplier (combined): 0.17x
2026-03-26 21:11:52 | INFO | Abrupt Weather Change Detected: False
2026-03-26 21:11:52 | INFO | --- TREND ANALYSIS ---
2026-03-26 21:11:52 | INFO | Trend series: INSUFFICIENT DATA
2026-03-26 21:11:52 | INFO | Detected Trend Type: FLAT
2026-03-26 21:11:52 | INFO | Trend Slope Percentage: 0.00%
2026-03-26 21:11:52 | INFO | Trend EPS Threshold: 1.50%
2026-03-26 21:11:52 | INFO | --- SCHEDULE CALCULATION ---
2026-03-26 21:11:52 | INFO | Condition Applied: PRE_START
2026-03-26 21:11:52 | INFO | Effective Base Forecast Used for Adjustments: 0.000 MW
2026-03-26 21:11:52 | INFO | Condition-3: NOT APPLIED for this block path
2026-03-26 21:11:52 | INFO |   Final Adjustment %: 0.00%
2026-03-26 21:11:52 | INFO |   Formula (expanded): PRE_START: raw=0
2026-03-26 21:11:52 | INFO | --- FINAL RESULT ---
2026-03-26 21:11:52 | INFO | Raw Schedule (before smoothing): 0.000 MW
2026-03-26 21:11:52 | INFO | Final Scheduled MW: 0.000 MW
2026-03-26 21:11:52 | INFO | --------------------------------------------------------------------------------
2026-03-26 21:11:52 | INFO | --------------------------------------------------------------------------------
2026-03-26 21:11:52 | INFO | BLOCK 21
2026-03-26 21:11:52 | INFO | --------------------------------------------------------------------------------
2026-03-26 21:11:52 | INFO | --- FORECAST DATA ---
2026-03-26 21:11:52 | INFO | Intraday Forecast (Enercast Raw): 0.000 MW
2026-03-26 21:11:52 | INFO | Intraday Forecast (Enercast, Scaled): 0.000 MW
2026-03-26 21:11:52 | INFO | Day-ahead Forecast (Enercast): 0.000 MW
2026-03-26 21:11:52 | INFO | Base Forecast (raw, before curtailment/shutdown): 0.000 MW
2026-03-26 21:11:52 | INFO | Base Forecast (used for schedule): 0.000 MW
2026-03-26 21:11:52 | INFO | Effective Base Forecast (after curtailment/shutdown): 0.000 MW
2026-03-26 21:11:52 | INFO | Plant Status: NORMAL
2026-03-26 21:11:52 | INFO | Effective Base Forecast = Base Forecast (raw) = 0.000 MW
2026-03-26 21:11:52 | INFO | --- WEATHER PARAMETERS ---
2026-03-26 21:11:52 | INFO | GTI: 0.0 W/m^2
2026-03-26 21:11:52 | INFO | DHI: 0.0 W/m^2
2026-03-26 21:11:52 | INFO | DNI: 0.0 W/m^2
2026-03-26 21:11:52 | INFO | Irradiance Ratio (GTI/MAX_GTI): 0.000
2026-03-26 21:11:52 | INFO | Diffuse Ratio (current): 0.000
2026-03-26 21:11:52 | INFO | Irradiance State: OVERCAST
2026-03-26 21:11:52 | INFO | Temp @ 2m: 27.56 C
2026-03-26 21:11:52 | INFO | Wind @ 10m: 2.19 m/s
2026-03-26 21:11:52 | INFO | Weather State: NORMAL
2026-03-26 21:11:52 | INFO | Dynamic Thresholds: cloud_thr=0.0000, shift_thr=0.0000
2026-03-26 21:11:52 | INFO | Multipliers: irradiance=0.22x, temp=0.92x, wind=0.86x
2026-03-26 21:11:52 | INFO | Weather Multiplier (combined): 0.17x
2026-03-26 21:11:52 | INFO | Abrupt Weather Change Detected: False
2026-03-26 21:11:52 | INFO | --- TREND ANALYSIS ---
2026-03-26 21:11:52 | INFO | Trend series: INSUFFICIENT DATA
2026-03-26 21:11:52 | INFO | Detected Trend Type: FLAT
2026-03-26 21:11:52 | INFO | Trend Slope Percentage: 0.00%
2026-03-26 21:11:52 | INFO | Trend EPS Threshold: 1.50%
2026-03-26 21:11:52 | INFO | --- SCHEDULE CALCULATION ---
2026-03-26 21:11:52 | INFO | Condition Applied: PRE_START
2026-03-26 21:11:52 | INFO | Effective Base Forecast Used for Adjustments: 0.000 MW
2026-03-26 21:11:52 | INFO | Condition-3: NOT APPLIED for this block path
2026-03-26 21:11:52 | INFO |   Final Adjustment %: 0.00%
2026-03-26 21:11:52 | INFO |   Formula (expanded): PRE_START: raw=0
2026-03-26 21:11:52 | INFO | --- FINAL RESULT ---
2026-03-26 21:11:52 | INFO | Raw Schedule (before smoothing): 0.000 MW
2026-03-26 21:11:52 | INFO | Final Scheduled MW: 0.000 MW
2026-03-26 21:11:52 | INFO | --------------------------------------------------------------------------------
2026-03-26 21:11:52 | INFO | --------------------------------------------------------------------------------
2026-03-26 21:11:52 | INFO | BLOCK 22
2026-03-26 21:11:52 | INFO | --------------------------------------------------------------------------------
2026-03-26 21:11:52 | INFO | --- FORECAST DATA ---
2026-03-26 21:11:52 | INFO | Intraday Forecast (Enercast Raw): 0.000 MW
2026-03-26 21:11:52 | INFO | Intraday Forecast (Enercast, Scaled): 0.000 MW
2026-03-26 21:11:52 | INFO | Day-ahead Forecast (Enercast): 0.000 MW
2026-03-26 21:11:52 | INFO | Base Forecast (raw, before curtailment/shutdown): 0.000 MW
2026-03-26 21:11:52 | INFO | Base Forecast (used for schedule): 0.000 MW
2026-03-26 21:11:52 | INFO | Effective Base Forecast (after curtailment/shutdown): 0.000 MW
2026-03-26 21:11:52 | INFO | Plant Status: NORMAL
2026-03-26 21:11:52 | INFO | Effective Base Forecast = Base Forecast (raw) = 0.000 MW
2026-03-26 21:11:52 | INFO | --- WEATHER PARAMETERS ---
2026-03-26 21:11:52 | INFO | GTI: 0.0 W/m^2
2026-03-26 21:11:52 | INFO | DHI: 0.0 W/m^2
2026-03-26 21:11:52 | INFO | DNI: 0.0 W/m^2
2026-03-26 21:11:52 | INFO | Irradiance Ratio (GTI/MAX_GTI): 0.000
2026-03-26 21:11:52 | INFO | Diffuse Ratio (current): 0.000
2026-03-26 21:11:52 | INFO | Irradiance State: OVERCAST
2026-03-26 21:11:52 | INFO | Temp @ 2m: 27.66 C
2026-03-26 21:11:52 | INFO | Wind @ 10m: 2.81 m/s
2026-03-26 21:11:52 | INFO | Weather State: NORMAL
2026-03-26 21:11:52 | INFO | Dynamic Thresholds: cloud_thr=0.0000, shift_thr=0.0000
2026-03-26 21:11:52 | INFO | Multipliers: irradiance=0.22x, temp=0.92x, wind=0.86x
2026-03-26 21:11:52 | INFO | Weather Multiplier (combined): 0.17x
2026-03-26 21:11:52 | INFO | Abrupt Weather Change Detected: False
2026-03-26 21:11:52 | INFO | --- TREND ANALYSIS ---
2026-03-26 21:11:52 | INFO | Trend series: INSUFFICIENT DATA
2026-03-26 21:11:52 | INFO | Detected Trend Type: FLAT
2026-03-26 21:11:52 | INFO | Trend Slope Percentage: 0.00%
2026-03-26 21:11:52 | INFO | Trend EPS Threshold: 1.50%
2026-03-26 21:11:52 | INFO | --- SCHEDULE CALCULATION ---
2026-03-26 21:11:52 | INFO | Condition Applied: PRE_START
2026-03-26 21:11:52 | INFO | Effective Base Forecast Used for Adjustments: 0.000 MW
2026-03-26 21:11:52 | INFO | Condition-3: NOT APPLIED for this block path
2026-03-26 21:11:52 | INFO |   Final Adjustment %: 0.00%
2026-03-26 21:11:52 | INFO |   Formula (expanded): PRE_START: raw=0
2026-03-26 21:11:52 | INFO | --- FINAL RESULT ---
2026-03-26 21:11:52 | INFO | Raw Schedule (before smoothing): 0.000 MW
2026-03-26 21:11:52 | INFO | Final Scheduled MW: 0.000 MW
2026-03-26 21:11:52 | INFO | --------------------------------------------------------------------------------
2026-03-26 21:11:52 | INFO | --------------------------------------------------------------------------------
2026-03-26 21:11:52 | INFO | BLOCK 23
2026-03-26 21:11:52 | INFO | --------------------------------------------------------------------------------
2026-03-26 21:11:52 | INFO | --- FORECAST DATA ---
2026-03-26 21:11:52 | INFO | Intraday Forecast (Enercast Raw): 0.000 MW
2026-03-26 21:11:52 | INFO | Intraday Forecast (Enercast, Scaled): 0.000 MW
2026-03-26 21:11:52 | INFO | Day-ahead Forecast (Enercast): 0.000 MW
2026-03-26 21:11:52 | INFO | Base Forecast (raw, before curtailment/shutdown): 0.000 MW
2026-03-26 21:11:52 | INFO | Base Forecast (used for schedule): 0.000 MW
2026-03-26 21:11:52 | INFO | Effective Base Forecast (after curtailment/shutdown): 0.000 MW
2026-03-26 21:11:52 | INFO | Plant Status: NORMAL
2026-03-26 21:11:52 | INFO | Effective Base Forecast = Base Forecast (raw) = 0.000 MW
2026-03-26 21:11:52 | INFO | --- WEATHER PARAMETERS ---
2026-03-26 21:11:52 | INFO | GTI: 0.0 W/m^2
2026-03-26 21:11:52 | INFO | DHI: 0.0 W/m^2
2026-03-26 21:11:52 | INFO | DNI: 0.0 W/m^2
2026-03-26 21:11:52 | INFO | Irradiance Ratio (GTI/MAX_GTI): 0.000
2026-03-26 21:11:52 | INFO | Diffuse Ratio (current): 0.000
2026-03-26 21:11:52 | INFO | Irradiance State: OVERCAST
2026-03-26 21:11:52 | INFO | Temp @ 2m: 27.71 C
2026-03-26 21:11:52 | INFO | Wind @ 10m: 3.56 m/s
2026-03-26 21:11:52 | INFO | Weather State: NORMAL
2026-03-26 21:11:52 | INFO | Dynamic Thresholds: cloud_thr=0.0000, shift_thr=0.0000
2026-03-26 21:11:52 | INFO | Multipliers: irradiance=0.22x, temp=0.92x, wind=0.91x
2026-03-26 21:11:52 | INFO | Weather Multiplier (combined): 0.18x
2026-03-26 21:11:52 | INFO | Abrupt Weather Change Detected: False
2026-03-26 21:11:52 | INFO | --- TREND ANALYSIS ---
2026-03-26 21:11:52 | INFO | Trend series: INSUFFICIENT DATA
2026-03-26 21:11:52 | INFO | Detected Trend Type: FLAT
2026-03-26 21:11:52 | INFO | Trend Slope Percentage: 0.00%
2026-03-26 21:11:52 | INFO | Trend EPS Threshold: 1.50%
2026-03-26 21:11:52 | INFO | --- SCHEDULE CALCULATION ---
2026-03-26 21:11:52 | INFO | Condition Applied: PRE_START
2026-03-26 21:11:52 | INFO | Effective Base Forecast Used for Adjustments: 0.000 MW
2026-03-26 21:11:52 | INFO | Condition-3: NOT APPLIED for this block path
2026-03-26 21:11:52 | INFO |   Final Adjustment %: 0.00%
2026-03-26 21:11:52 | INFO |   Formula (expanded): PRE_START: raw=0
2026-03-26 21:11:52 | INFO | --- FINAL RESULT ---
2026-03-26 21:11:52 | INFO | Raw Schedule (before smoothing): 0.000 MW
2026-03-26 21:11:52 | INFO | Final Scheduled MW: 0.000 MW
2026-03-26 21:11:52 | INFO | --------------------------------------------------------------------------------
2026-03-26 21:11:52 | INFO | --------------------------------------------------------------------------------
2026-03-26 21:11:52 | INFO | BLOCK 24
2026-03-26 21:11:52 | INFO | --------------------------------------------------------------------------------
2026-03-26 21:11:52 | INFO | --- FORECAST DATA ---
2026-03-26 21:11:52 | INFO | Intraday Forecast (Enercast Raw): 0.000 MW
2026-03-26 21:11:52 | INFO | Intraday Forecast (Enercast, Scaled): 0.000 MW
2026-03-26 21:11:52 | INFO | Day-ahead Forecast (Enercast): 0.000 MW
2026-03-26 21:11:52 | INFO | Base Forecast (raw, before curtailment/shutdown): 0.000 MW
2026-03-26 21:11:52 | INFO | Base Forecast (used for schedule): 0.000 MW
2026-03-26 21:11:52 | INFO | Effective Base Forecast (after curtailment/shutdown): 0.000 MW
2026-03-26 21:11:52 | INFO | Plant Status: NORMAL
2026-03-26 21:11:52 | INFO | Effective Base Forecast = Base Forecast (raw) = 0.000 MW
2026-03-26 21:11:52 | INFO | --- WEATHER PARAMETERS ---
2026-03-26 21:11:52 | INFO | GTI: 0.0 W/m^2
2026-03-26 21:11:52 | INFO | DHI: 0.0 W/m^2
2026-03-26 21:11:52 | INFO | DNI: 0.0 W/m^2
2026-03-26 21:11:52 | INFO | Irradiance Ratio (GTI/MAX_GTI): 0.000
2026-03-26 21:11:52 | INFO | Diffuse Ratio (current): 0.000
2026-03-26 21:11:52 | INFO | Irradiance State: OVERCAST
2026-03-26 21:11:52 | INFO | Temp @ 2m: 27.66 C
2026-03-26 21:11:52 | INFO | Wind @ 10m: 3.83 m/s
2026-03-26 21:11:52 | INFO | Weather State: NORMAL
2026-03-26 21:11:52 | INFO | Dynamic Thresholds: cloud_thr=0.0000, shift_thr=0.0000
2026-03-26 21:11:52 | INFO | Multipliers: irradiance=0.22x, temp=0.92x, wind=0.91x
2026-03-26 21:11:52 | INFO | Weather Multiplier (combined): 0.18x
2026-03-26 21:11:52 | INFO | Abrupt Weather Change Detected: False
2026-03-26 21:11:52 | INFO | --- TREND ANALYSIS ---
2026-03-26 21:11:52 | INFO | Trend series: INSUFFICIENT DATA
2026-03-26 21:11:52 | INFO | Detected Trend Type: FLAT
2026-03-26 21:11:52 | INFO | Trend Slope Percentage: 0.00%
2026-03-26 21:11:52 | INFO | Trend EPS Threshold: 1.50%
2026-03-26 21:11:52 | INFO | --- SCHEDULE CALCULATION ---
2026-03-26 21:11:52 | INFO | Condition Applied: PRE_START
2026-03-26 21:11:52 | INFO | Effective Base Forecast Used for Adjustments: 0.000 MW
2026-03-26 21:11:52 | INFO | Condition-3: NOT APPLIED for this block path
2026-03-26 21:11:52 | INFO |   Final Adjustment %: 0.00%
2026-03-26 21:11:52 | INFO |   Formula (expanded): PRE_START: raw=0
2026-03-26 21:11:52 | INFO | --- FINAL RESULT ---
2026-03-26 21:11:52 | INFO | Raw Schedule (before smoothing): 0.000 MW
2026-03-26 21:11:52 | INFO | Final Scheduled MW: 0.000 MW
2026-03-26 21:11:52 | INFO | --------------------------------------------------------------------------------
2026-03-26 21:11:52 | INFO | --------------------------------------------------------------------------------
2026-03-26 21:11:52 | INFO | BLOCK 25
2026-03-26 21:11:52 | INFO | --------------------------------------------------------------------------------
2026-03-26 21:11:52 | INFO | --- FORECAST DATA ---
2026-03-26 21:11:52 | INFO | Intraday Forecast (Enercast Raw): 0.000 MW
2026-03-26 21:11:52 | INFO | Intraday Forecast (Enercast, Scaled): 0.000 MW
2026-03-26 21:11:52 | INFO | Day-ahead Forecast (Enercast): 0.000 MW
2026-03-26 21:11:52 | INFO | Base Forecast (raw, before curtailment/shutdown): 0.000 MW
2026-03-26 21:11:52 | INFO | Base Forecast (used for schedule): 0.000 MW
2026-03-26 21:11:52 | INFO | Effective Base Forecast (after curtailment/shutdown): 0.000 MW
2026-03-26 21:11:52 | INFO | Plant Status: NORMAL
2026-03-26 21:11:52 | INFO | Effective Base Forecast = Base Forecast (raw) = 0.000 MW
2026-03-26 21:11:52 | INFO | --- WEATHER PARAMETERS ---
2026-03-26 21:11:52 | INFO | GTI: 0.0 W/m^2
2026-03-26 21:11:52 | INFO | DHI: 0.0 W/m^2
2026-03-26 21:11:52 | INFO | DNI: 0.0 W/m^2
2026-03-26 21:11:52 | INFO | Irradiance Ratio (GTI/MAX_GTI): 0.000
2026-03-26 21:11:52 | INFO | Diffuse Ratio (current): 0.000
2026-03-26 21:11:52 | INFO | Irradiance State: OVERCAST
2026-03-26 21:11:52 | INFO | Temp @ 2m: 27.56 C
2026-03-26 21:11:52 | INFO | Wind @ 10m: 3.89 m/s
2026-03-26 21:11:52 | INFO | Weather State: NORMAL
2026-03-26 21:11:52 | INFO | Dynamic Thresholds: cloud_thr=0.0000, shift_thr=0.0000
2026-03-26 21:11:52 | INFO | Multipliers: irradiance=0.22x, temp=0.92x, wind=0.91x
2026-03-26 21:11:52 | INFO | Weather Multiplier (combined): 0.18x
2026-03-26 21:11:52 | INFO | Abrupt Weather Change Detected: False
2026-03-26 21:11:52 | INFO | --- TREND ANALYSIS ---
2026-03-26 21:11:52 | INFO | Trend series: INSUFFICIENT DATA
2026-03-26 21:11:52 | INFO | Detected Trend Type: FLAT
2026-03-26 21:11:52 | INFO | Trend Slope Percentage: 0.00%
2026-03-26 21:11:52 | INFO | Trend EPS Threshold: 1.50%
2026-03-26 21:11:52 | INFO | --- SCHEDULE CALCULATION ---
2026-03-26 21:11:52 | INFO | Condition Applied: PRE_START
2026-03-26 21:11:52 | INFO | Effective Base Forecast Used for Adjustments: 0.000 MW
2026-03-26 21:11:52 | INFO | Condition-3: NOT APPLIED for this block path
2026-03-26 21:11:52 | INFO |   Final Adjustment %: 0.00%
2026-03-26 21:11:52 | INFO |   Formula (expanded): PRE_START: raw=0
2026-03-26 21:11:52 | INFO | --- FINAL RESULT ---
2026-03-26 21:11:52 | INFO | Raw Schedule (before smoothing): 0.000 MW
2026-03-26 21:11:52 | INFO | Final Scheduled MW: 0.000 MW
2026-03-26 21:11:52 | INFO | --------------------------------------------------------------------------------
2026-03-26 21:11:52 | INFO | --------------------------------------------------------------------------------
2026-03-26 21:11:52 | INFO | BLOCK 26
2026-03-26 21:11:52 | INFO | --------------------------------------------------------------------------------
2026-03-26 21:11:52 | INFO | --- FORECAST DATA ---
2026-03-26 21:11:52 | INFO | Intraday Forecast (Enercast Raw): 0.000 MW
2026-03-26 21:11:52 | INFO | Intraday Forecast (Enercast, Scaled): 0.000 MW
2026-03-26 21:11:52 | INFO | Day-ahead Forecast (Enercast): 0.000 MW
2026-03-26 21:11:52 | INFO | Base Forecast (raw, before curtailment/shutdown): 0.000 MW
2026-03-26 21:11:52 | INFO | Base Forecast (used for schedule): 0.000 MW
2026-03-26 21:11:52 | INFO | Effective Base Forecast (after curtailment/shutdown): 0.000 MW
2026-03-26 21:11:52 | INFO | Plant Status: NORMAL
2026-03-26 21:11:52 | INFO | Effective Base Forecast = Base Forecast (raw) = 0.000 MW
2026-03-26 21:11:52 | INFO | --- WEATHER PARAMETERS ---
2026-03-26 21:11:52 | INFO | GTI: 0.0 W/m^2
2026-03-26 21:11:52 | INFO | DHI: 0.0 W/m^2
2026-03-26 21:11:52 | INFO | DNI: 0.0 W/m^2
2026-03-26 21:11:52 | INFO | Irradiance Ratio (GTI/MAX_GTI): 0.000
2026-03-26 21:11:52 | INFO | Diffuse Ratio (current): 0.000
2026-03-26 21:11:52 | INFO | Irradiance State: OVERCAST
2026-03-26 21:11:52 | INFO | Temp @ 2m: 27.46 C
2026-03-26 21:11:52 | INFO | Wind @ 10m: 4.35 m/s
2026-03-26 21:11:52 | INFO | Weather State: NORMAL
2026-03-26 21:11:52 | INFO | Dynamic Thresholds: cloud_thr=0.0000, shift_thr=0.0000
2026-03-26 21:11:52 | INFO | Multipliers: irradiance=0.22x, temp=0.92x, wind=0.91x
2026-03-26 21:11:52 | INFO | Weather Multiplier (combined): 0.18x
2026-03-26 21:11:52 | INFO | Abrupt Weather Change Detected: False
2026-03-26 21:11:52 | INFO | --- TREND ANALYSIS ---
2026-03-26 21:11:52 | INFO | Trend series: INSUFFICIENT DATA
2026-03-26 21:11:52 | INFO | Detected Trend Type: FLAT
2026-03-26 21:11:52 | INFO | Trend Slope Percentage: 0.00%
2026-03-26 21:11:52 | INFO | Trend EPS Threshold: 1.50%
2026-03-26 21:11:52 | INFO | --- SCHEDULE CALCULATION ---
2026-03-26 21:11:52 | INFO | Condition Applied: PRE_START
2026-03-26 21:11:52 | INFO | Effective Base Forecast Used for Adjustments: 0.000 MW
2026-03-26 21:11:52 | INFO | Condition-3: NOT APPLIED for this block path
2026-03-26 21:11:52 | INFO |   Final Adjustment %: 0.00%
2026-03-26 21:11:52 | INFO |   Formula (expanded): PRE_START: raw=0
2026-03-26 21:11:52 | INFO | --- FINAL RESULT ---
2026-03-26 21:11:52 | INFO | Raw Schedule (before smoothing): 0.000 MW
2026-03-26 21:11:52 | INFO | Final Scheduled MW: 0.000 MW
2026-03-26 21:11:52 | INFO | --------------------------------------------------------------------------------
2026-03-26 21:11:52 | INFO | --------------------------------------------------------------------------------
2026-03-26 21:11:52 | INFO | BLOCK 27
2026-03-26 21:11:52 | INFO | --------------------------------------------------------------------------------
2026-03-26 21:11:52 | INFO | --- FORECAST DATA ---
2026-03-26 21:11:52 | INFO | Intraday Forecast (Enercast Raw): 0.000 MW
2026-03-26 21:11:52 | INFO | Intraday Forecast (Enercast, Scaled): 0.000 MW
2026-03-26 21:11:52 | INFO | Day-ahead Forecast (Enercast): 0.000 MW
2026-03-26 21:11:52 | INFO | Base Forecast (raw, before curtailment/shutdown): 0.000 MW
2026-03-26 21:11:52 | INFO | Base Forecast (used for schedule): 0.000 MW
2026-03-26 21:11:52 | INFO | Effective Base Forecast (after curtailment/shutdown): 0.000 MW
2026-03-26 21:11:52 | INFO | Plant Status: NORMAL
2026-03-26 21:11:52 | INFO | Effective Base Forecast = Base Forecast (raw) = 0.000 MW
2026-03-26 21:11:52 | INFO | --- WEATHER PARAMETERS ---
2026-03-26 21:11:52 | INFO | GTI: 0.0 W/m^2
2026-03-26 21:11:52 | INFO | DHI: 0.0 W/m^2
2026-03-26 21:11:52 | INFO | DNI: 0.0 W/m^2
2026-03-26 21:11:52 | INFO | Irradiance Ratio (GTI/MAX_GTI): 0.000
2026-03-26 21:11:52 | INFO | Diffuse Ratio (current): 0.000
2026-03-26 21:11:52 | INFO | Irradiance State: OVERCAST
2026-03-26 21:11:52 | INFO | Temp @ 2m: 27.41 C
2026-03-26 21:11:52 | INFO | Wind @ 10m: 4.55 m/s
2026-03-26 21:11:52 | INFO | Weather State: NORMAL
2026-03-26 21:11:52 | INFO | Dynamic Thresholds: cloud_thr=0.0000, shift_thr=0.0000
2026-03-26 21:11:52 | INFO | Multipliers: irradiance=0.22x, temp=0.92x, wind=0.91x
2026-03-26 21:11:52 | INFO | Weather Multiplier (combined): 0.18x
2026-03-26 21:11:52 | INFO | Abrupt Weather Change Detected: False
2026-03-26 21:11:52 | INFO | --- TREND ANALYSIS ---
2026-03-26 21:11:52 | INFO | Trend series: INSUFFICIENT DATA
2026-03-26 21:11:52 | INFO | Detected Trend Type: FLAT
2026-03-26 21:11:52 | INFO | Trend Slope Percentage: 0.00%
2026-03-26 21:11:52 | INFO | Trend EPS Threshold: 1.50%
2026-03-26 21:11:52 | INFO | --- SCHEDULE CALCULATION ---
2026-03-26 21:11:52 | INFO | Condition Applied: PRE_START
2026-03-26 21:11:52 | INFO | Effective Base Forecast Used for Adjustments: 0.000 MW
2026-03-26 21:11:52 | INFO | Condition-3: NOT APPLIED for this block path
2026-03-26 21:11:52 | INFO |   Final Adjustment %: 0.00%
2026-03-26 21:11:52 | INFO |   Formula (expanded): PRE_START: raw=0
2026-03-26 21:11:52 | INFO | --- FINAL RESULT ---
2026-03-26 21:11:52 | INFO | Raw Schedule (before smoothing): 0.000 MW
2026-03-26 21:11:52 | INFO | Final Scheduled MW: 0.000 MW
2026-03-26 21:11:52 | INFO | --------------------------------------------------------------------------------
2026-03-26 21:11:52 | INFO | --------------------------------------------------------------------------------
2026-03-26 21:11:52 | INFO | BLOCK 28
2026-03-26 21:11:52 | INFO | --------------------------------------------------------------------------------
2026-03-26 21:11:52 | INFO | --- FORECAST DATA ---
2026-03-26 21:11:52 | INFO | Intraday Forecast (Enercast Raw): 0.120 MW
2026-03-26 21:11:52 | INFO | Intraday Forecast (Enercast, Scaled): 0.096 MW
2026-03-26 21:11:52 | INFO | Day-ahead Forecast (Enercast): 0.130 MW
2026-03-26 21:11:52 | INFO | Base Forecast (raw, before curtailment/shutdown): 0.000 MW
2026-03-26 21:11:52 | INFO | Base Forecast (used for schedule): 0.000 MW
2026-03-26 21:11:52 | INFO | Effective Base Forecast (after curtailment/shutdown): 0.000 MW
2026-03-26 21:11:52 | INFO | Plant Status: NORMAL
2026-03-26 21:11:52 | INFO | Effective Base Forecast = Base Forecast (raw) = 0.000 MW
2026-03-26 21:11:52 | INFO | --- WEATHER PARAMETERS ---
2026-03-26 21:11:52 | INFO | GTI: 0.0 W/m^2
2026-03-26 21:11:52 | INFO | DHI: 2.0 W/m^2
2026-03-26 21:11:52 | INFO | DNI: 0.0 W/m^2
2026-03-26 21:11:52 | INFO | Irradiance Ratio (GTI/MAX_GTI): 0.000
2026-03-26 21:11:52 | INFO | Diffuse Ratio (current): 0.040
2026-03-26 21:11:52 | INFO | Irradiance State: OVERCAST
2026-03-26 21:11:52 | INFO | Temp @ 2m: 27.41 C
2026-03-26 21:11:52 | INFO | Wind @ 10m: 4.90 m/s
2026-03-26 21:11:52 | INFO | Weather State: NORMAL
2026-03-26 21:11:52 | INFO | Dynamic Thresholds: cloud_thr=0.0000, shift_thr=0.0000
2026-03-26 21:11:52 | INFO | Multipliers: irradiance=0.22x, temp=0.92x, wind=0.91x
2026-03-26 21:11:52 | INFO | Weather Multiplier (combined): 0.18x
2026-03-26 21:11:52 | INFO | Abrupt Weather Change Detected: False
2026-03-26 21:11:52 | INFO | --- TREND ANALYSIS ---
2026-03-26 21:11:52 | INFO | Trend series: INSUFFICIENT DATA
2026-03-26 21:11:52 | INFO | Detected Trend Type: FLAT
2026-03-26 21:11:52 | INFO | Trend Slope Percentage: 0.00%
2026-03-26 21:11:52 | INFO | Trend EPS Threshold: 1.50%
2026-03-26 21:11:52 | INFO | --- SCHEDULE CALCULATION ---
2026-03-26 21:11:52 | INFO | Condition Applied: PRE_START
2026-03-26 21:11:52 | INFO | Effective Base Forecast Used for Adjustments: 0.000 MW
2026-03-26 21:11:52 | INFO | Condition-3: NOT APPLIED for this block path
2026-03-26 21:11:52 | INFO |   Final Adjustment %: 0.00%
2026-03-26 21:11:52 | INFO |   Formula (expanded): PRE_START: raw=0
2026-03-26 21:11:52 | INFO | --- FINAL RESULT ---
2026-03-26 21:11:52 | INFO | Raw Schedule (before smoothing): 0.000 MW
2026-03-26 21:11:52 | INFO | Final Scheduled MW: 0.000 MW
2026-03-26 21:11:52 | INFO | --------------------------------------------------------------------------------
2026-03-26 21:11:52 | INFO | --------------------------------------------------------------------------------
2026-03-26 21:11:52 | INFO | BLOCK 29
2026-03-26 21:11:52 | INFO | --------------------------------------------------------------------------------
2026-03-26 21:11:52 | INFO | --- FORECAST DATA ---
2026-03-26 21:11:52 | INFO | Intraday Forecast (Enercast Raw): 0.330 MW
2026-03-26 21:11:52 | INFO | Intraday Forecast (Enercast, Scaled): 0.264 MW
2026-03-26 21:11:52 | INFO | Day-ahead Forecast (Enercast): 0.340 MW
2026-03-26 21:11:52 | INFO | Base Forecast (raw, before curtailment/shutdown): 0.000 MW
2026-03-26 21:11:52 | INFO | Base Forecast (used for schedule): 0.000 MW
2026-03-26 21:11:52 | INFO | Effective Base Forecast (after curtailment/shutdown): 0.000 MW
2026-03-26 21:11:52 | INFO | Plant Status: NORMAL
2026-03-26 21:11:52 | INFO | Effective Base Forecast = Base Forecast (raw) = 0.000 MW
2026-03-26 21:11:52 | INFO | --- WEATHER PARAMETERS ---
2026-03-26 21:11:52 | INFO | GTI: 31.0 W/m^2
2026-03-26 21:11:52 | INFO | DHI: 15.0 W/m^2
2026-03-26 21:11:52 | INFO | DNI: 0.0 W/m^2
2026-03-26 21:11:52 | INFO | Irradiance Ratio (GTI/MAX_GTI): 0.031
2026-03-26 21:11:52 | INFO | Diffuse Ratio (current): 0.300
2026-03-26 21:11:52 | INFO | Irradiance State: OVERCAST
2026-03-26 21:11:52 | INFO | Temp @ 2m: 27.51 C
2026-03-26 21:11:52 | INFO | Wind @ 10m: 5.15 m/s
2026-03-26 21:11:52 | INFO | Weather State: NORMAL
2026-03-26 21:11:52 | INFO | Dynamic Thresholds: cloud_thr=0.0000, shift_thr=0.0000
2026-03-26 21:11:52 | INFO | Multipliers: irradiance=0.22x, temp=0.92x, wind=0.95x
2026-03-26 21:11:52 | INFO | Weather Multiplier (combined): 0.19x
2026-03-26 21:11:52 | INFO | Abrupt Weather Change Detected: False
2026-03-26 21:11:52 | INFO | --- TREND ANALYSIS ---
2026-03-26 21:11:52 | INFO | Trend series: INSUFFICIENT DATA
2026-03-26 21:11:52 | INFO | Detected Trend Type: FLAT
2026-03-26 21:11:52 | INFO | Trend Slope Percentage: 0.00%
2026-03-26 21:11:52 | INFO | Trend EPS Threshold: 1.50%
2026-03-26 21:11:52 | INFO | --- SCHEDULE CALCULATION ---
2026-03-26 21:11:52 | INFO | Condition Applied: PRE_START
2026-03-26 21:11:52 | INFO | Effective Base Forecast Used for Adjustments: 0.000 MW
2026-03-26 21:11:52 | INFO | Condition-3: NOT APPLIED for this block path
2026-03-26 21:11:52 | INFO |   Final Adjustment %: 0.00%
2026-03-26 21:11:52 | INFO |   Formula (expanded): PRE_START: raw=0
2026-03-26 21:11:52 | INFO | --- FINAL RESULT ---
2026-03-26 21:11:52 | INFO | Raw Schedule (before smoothing): 0.000 MW
2026-03-26 21:11:52 | INFO | Final Scheduled MW: 0.000 MW
2026-03-26 21:11:52 | INFO | --------------------------------------------------------------------------------
2026-03-26 21:11:52 | INFO | Low GTI ratio (0.067) -> base_forecast damped by 0.85
2026-03-26 21:11:52 | INFO | --------------------------------------------------------------------------------
2026-03-26 21:11:52 | INFO | BLOCK 30
2026-03-26 21:11:52 | INFO | --------------------------------------------------------------------------------
2026-03-26 21:11:52 | INFO | --- FORECAST DATA ---
2026-03-26 21:11:52 | INFO | Intraday Forecast (Enercast Raw): 0.580 MW
2026-03-26 21:11:52 | INFO | Intraday Forecast (Enercast, Scaled): 0.464 MW
2026-03-26 21:11:52 | INFO | Day-ahead Forecast (Enercast): 0.590 MW
2026-03-26 21:11:52 | INFO | Base Forecast (raw, before curtailment/shutdown): 0.394 MW
2026-03-26 21:11:52 | INFO | Base Forecast (used for schedule): 0.335 MW
2026-03-26 21:11:52 | INFO | Effective Base Forecast (after curtailment/shutdown): 0.335 MW
2026-03-26 21:11:52 | INFO | Plant Status: NORMAL
2026-03-26 21:11:52 | INFO | Effective Base Forecast = Base Forecast (raw) = 0.335 MW
2026-03-26 21:11:52 | INFO | --- WEATHER PARAMETERS ---
2026-03-26 21:11:52 | INFO | GTI: 67.0 W/m^2
2026-03-26 21:11:52 | INFO | DHI: 30.0 W/m^2
2026-03-26 21:11:52 | INFO | DNI: 0.0 W/m^2
2026-03-26 21:11:52 | INFO | Irradiance Ratio (GTI/MAX_GTI): 0.067
2026-03-26 21:11:52 | INFO | Diffuse Ratio (current): 0.448
2026-03-26 21:11:52 | INFO | Irradiance State: OVERCAST
2026-03-26 21:11:52 | INFO | Temp @ 2m: 27.61 C
2026-03-26 21:11:52 | INFO | Wind @ 10m: 5.24 m/s
2026-03-26 21:11:52 | INFO | Weather State: NORMAL
2026-03-26 21:11:52 | INFO | Dynamic Thresholds: cloud_thr=0.0000, shift_thr=0.0000
2026-03-26 21:11:52 | INFO | Multipliers: irradiance=0.22x, temp=0.92x, wind=0.95x
2026-03-26 21:11:52 | INFO | Weather Multiplier (combined): 0.19x
2026-03-26 21:11:52 | INFO | Abrupt Weather Change Detected: False
2026-03-26 21:11:52 | INFO | --- TREND ANALYSIS ---
2026-03-26 21:11:52 | INFO | Trend series (oldest -> latest):
2026-03-26 21:11:52 | INFO |   Block 29: 0.264 MW (source: INTRADAY_FALLBACK)
2026-03-26 21:11:52 | INFO |   Block 28: 0.096 MW (source: INTRADAY_FALLBACK)
2026-03-26 21:11:52 | INFO |   Block 27: 0.000 MW (source: INTRADAY_FALLBACK)
2026-03-26 21:11:52 | INFO |   Block 26: 0.000 MW (source: INTRADAY_FALLBACK)
2026-03-26 21:11:52 | INFO | Trend values used for slope calc: B29=0.264(INTRADAY_FALLBACK), B28=0.096(INTRADAY_FALLBACK), B27=0.000(INTRADAY_FALLBACK), B26=0.000(INTRADAY_FALLBACK)
2026-03-26 21:11:52 | INFO | Detected Trend Type: FLAT
2026-03-26 21:11:52 | INFO | Trend Slope Percentage: 0.00%
2026-03-26 21:11:52 | INFO | Trend EPS Threshold: 1.50%
2026-03-26 21:11:52 | INFO | --- SCHEDULE CALCULATION ---
2026-03-26 21:11:52 | INFO | Condition Applied: CONDITION_3
2026-03-26 21:11:52 | INFO | Effective Base Forecast Used for Adjustments: 0.335 MW
2026-03-26 21:11:52 | INFO | Condition-3 (Phase-6) Applied:
2026-03-26 21:11:52 | INFO |   Forecast Mismatch: Intraday (0.464) != Day-ahead (0.590)
2026-03-26 21:11:52 | INFO |   Operation: ADD
2026-03-26 21:11:52 | INFO |   Base Adjustment %: 0.00%
2026-03-26 21:11:52 | INFO |   Irradiance Multiplier: 0.22x
2026-03-26 21:11:52 | INFO |   Temp Multiplier: 0.92x
2026-03-26 21:11:52 | INFO |   Wind Multiplier: 0.95x
2026-03-26 21:11:52 | INFO |   Weather Multiplier: 1.00x
2026-03-26 21:11:52 | INFO |   Final Adjustment %: 0.00%
2026-03-26 21:11:52 | INFO |   Calculation: 0.335 MW * (1 + 0.00% / 100)
2026-03-26 21:11:52 | INFO |   Formula (expanded): raw=0.3352*(1+0.0000/100)=0.3352
2026-03-26 21:11:52 | INFO | --- FINAL RESULT ---
2026-03-26 21:11:52 | INFO | Raw Schedule (before smoothing): 0.335 MW
2026-03-26 21:11:52 | INFO | Final Scheduled MW: 0.335 MW
2026-03-26 21:11:52 | INFO | --------------------------------------------------------------------------------
2026-03-26 21:11:52 | INFO | Low GTI ratio (0.113) -> base_forecast damped by 0.85
2026-03-26 21:11:52 | INFO | --------------------------------------------------------------------------------
2026-03-26 21:11:52 | INFO | BLOCK 31
2026-03-26 21:11:52 | INFO | --------------------------------------------------------------------------------
2026-03-26 21:11:52 | INFO | --- FORECAST DATA ---
2026-03-26 21:11:52 | INFO | Intraday Forecast (Enercast Raw): 0.820 MW
2026-03-26 21:11:52 | INFO | Intraday Forecast (Enercast, Scaled): 0.656 MW
2026-03-26 21:11:52 | INFO | Day-ahead Forecast (Enercast): 0.830 MW
2026-03-26 21:11:52 | INFO | Base Forecast (raw, before curtailment/shutdown): 0.558 MW
2026-03-26 21:11:52 | INFO | Base Forecast (used for schedule): 0.474 MW
2026-03-26 21:11:52 | INFO | Effective Base Forecast (after curtailment/shutdown): 0.474 MW
2026-03-26 21:11:52 | INFO | Plant Status: NORMAL
2026-03-26 21:11:52 | INFO | Effective Base Forecast = Base Forecast (raw) = 0.474 MW
2026-03-26 21:11:52 | INFO | --- WEATHER PARAMETERS ---
2026-03-26 21:11:52 | INFO | GTI: 113.0 W/m^2
2026-03-26 21:11:52 | INFO | DHI: 45.0 W/m^2
2026-03-26 21:11:52 | INFO | DNI: 0.0 W/m^2
2026-03-26 21:11:52 | INFO | Irradiance Ratio (GTI/MAX_GTI): 0.113
2026-03-26 21:11:52 | INFO | Diffuse Ratio (current): 0.398
2026-03-26 21:11:52 | INFO | Irradiance State: OVERCAST
2026-03-26 21:11:52 | INFO | Temp @ 2m: 27.81 C
2026-03-26 21:11:52 | INFO | Wind @ 10m: 5.69 m/s
2026-03-26 21:11:52 | INFO | Weather State: NORMAL
2026-03-26 21:11:52 | INFO | Dynamic Thresholds: cloud_thr=0.0000, shift_thr=0.0000
2026-03-26 21:11:52 | INFO | Multipliers: irradiance=0.22x, temp=0.92x, wind=0.95x
2026-03-26 21:11:52 | INFO | Weather Multiplier (combined): 0.19x
2026-03-26 21:11:52 | INFO | Abrupt Weather Change Detected: False
2026-03-26 21:11:52 | INFO | --- TREND ANALYSIS ---
2026-03-26 21:11:52 | INFO | Trend series (oldest -> latest):
2026-03-26 21:11:52 | INFO |   Block 30: 0.464 MW (source: INTRADAY_FALLBACK)
2026-03-26 21:11:52 | INFO |   Block 29: 0.264 MW (source: INTRADAY_FALLBACK)
2026-03-26 21:11:52 | INFO |   Block 28: 0.096 MW (source: INTRADAY_FALLBACK)
2026-03-26 21:11:52 | INFO |   Block 27: 0.000 MW (source: INTRADAY_FALLBACK)
2026-03-26 21:11:52 | INFO | Trend values used for slope calc: B30=0.464(INTRADAY_FALLBACK), B29=0.264(INTRADAY_FALLBACK), B28=0.096(INTRADAY_FALLBACK), B27=0.000(INTRADAY_FALLBACK)
2026-03-26 21:11:52 | INFO | Detected Trend Type: FLAT
2026-03-26 21:11:52 | INFO | Trend Slope Percentage: 0.00%
2026-03-26 21:11:52 | INFO | Trend EPS Threshold: 1.50%
2026-03-26 21:11:52 | INFO | --- SCHEDULE CALCULATION ---
2026-03-26 21:11:52 | INFO | Condition Applied: CONDITION_3
2026-03-26 21:11:52 | INFO | Effective Base Forecast Used for Adjustments: 0.474 MW
2026-03-26 21:11:52 | INFO | Condition-3 (Phase-6) Applied:
2026-03-26 21:11:52 | INFO |   Forecast Mismatch: Intraday (0.656) != Day-ahead (0.830)
2026-03-26 21:11:52 | INFO |   Operation: ADD
2026-03-26 21:11:52 | INFO |   Base Adjustment %: 0.00%
2026-03-26 21:11:52 | INFO |   Irradiance Multiplier: 0.22x
2026-03-26 21:11:52 | INFO |   Temp Multiplier: 0.92x
2026-03-26 21:11:52 | INFO |   Wind Multiplier: 0.95x
2026-03-26 21:11:52 | INFO |   Weather Multiplier: 1.00x
2026-03-26 21:11:52 | INFO |   Final Adjustment %: 0.00%
2026-03-26 21:11:52 | INFO |   Calculation: 0.474 MW * (1 + 0.00% / 100)
2026-03-26 21:11:52 | INFO |   Formula (expanded): raw=0.4740*(1+0.0000/100)=0.4740
2026-03-26 21:11:52 | INFO | --- FINAL RESULT ---
2026-03-26 21:11:52 | INFO | Raw Schedule (before smoothing): 0.474 MW
2026-03-26 21:11:52 | INFO | Final Scheduled MW: 0.474 MW
2026-03-26 21:11:52 | INFO | --------------------------------------------------------------------------------
2026-03-26 21:11:52 | INFO | --------------------------------------------------------------------------------
2026-03-26 21:11:52 | INFO | BLOCK 32
2026-03-26 21:11:52 | INFO | --------------------------------------------------------------------------------
2026-03-26 21:11:52 | INFO | --- FORECAST DATA ---
2026-03-26 21:11:52 | INFO | Intraday Forecast (Enercast Raw): 1.080 MW
2026-03-26 21:11:52 | INFO | Intraday Forecast (Enercast, Scaled): 0.864 MW
2026-03-26 21:11:52 | INFO | Day-ahead Forecast (Enercast): 1.090 MW
2026-03-26 21:11:52 | INFO | Base Forecast (raw, before curtailment/shutdown): 0.734 MW
2026-03-26 21:11:52 | INFO | Base Forecast (used for schedule): 0.734 MW
2026-03-26 21:11:52 | INFO | Effective Base Forecast (after curtailment/shutdown): 0.734 MW
2026-03-26 21:11:52 | INFO | Plant Status: NORMAL
2026-03-26 21:11:52 | INFO | Effective Base Forecast = Base Forecast (raw) = 0.734 MW
2026-03-26 21:11:52 | INFO | --- WEATHER PARAMETERS ---
2026-03-26 21:11:52 | INFO | GTI: 171.0 W/m^2
2026-03-26 21:11:52 | INFO | DHI: 59.0 W/m^2
2026-03-26 21:11:52 | INFO | DNI: 0.0 W/m^2
2026-03-26 21:11:52 | INFO | Irradiance Ratio (GTI/MAX_GTI): 0.172
2026-03-26 21:11:52 | INFO | Diffuse Ratio (current): 0.345
2026-03-26 21:11:52 | INFO | Irradiance State: OVERCAST
2026-03-26 21:11:52 | INFO | Temp @ 2m: 28.11 C
2026-03-26 21:11:52 | INFO | Wind @ 10m: 6.44 m/s
2026-03-26 21:11:52 | INFO | Weather State: NORMAL
2026-03-26 21:11:52 | INFO | Dynamic Thresholds: cloud_thr=0.0000, shift_thr=0.0000
2026-03-26 21:11:52 | INFO | Multipliers: irradiance=0.22x, temp=0.92x, wind=0.95x
2026-03-26 21:11:52 | INFO | Weather Multiplier (combined): 0.19x
2026-03-26 21:11:52 | INFO | Abrupt Weather Change Detected: False
2026-03-26 21:11:52 | INFO | --- TREND ANALYSIS ---
2026-03-26 21:11:52 | INFO | Trend series (oldest -> latest):
2026-03-26 21:11:52 | INFO |   Block 31: 0.656 MW (source: INTRADAY_FALLBACK)
2026-03-26 21:11:52 | INFO |   Block 30: 0.464 MW (source: INTRADAY_FALLBACK)
2026-03-26 21:11:52 | INFO |   Block 29: 0.264 MW (source: INTRADAY_FALLBACK)
2026-03-26 21:11:52 | INFO |   Block 28: 0.096 MW (source: INTRADAY_FALLBACK)
2026-03-26 21:11:52 | INFO | Trend values used for slope calc: B31=0.656(INTRADAY_FALLBACK), B30=0.464(INTRADAY_FALLBACK), B29=0.264(INTRADAY_FALLBACK), B28=0.096(INTRADAY_FALLBACK)
2026-03-26 21:11:52 | INFO | Detected Trend Type: INCREASING
2026-03-26 21:11:52 | INFO | Trend Slope Percentage: 640.91%
2026-03-26 21:11:52 | INFO | Trend EPS Threshold: 1.50%
2026-03-26 21:11:52 | INFO | --- SCHEDULE CALCULATION ---
2026-03-26 21:11:52 | INFO | Condition Applied: CONDITION_3
2026-03-26 21:11:52 | INFO | Effective Base Forecast Used for Adjustments: 0.734 MW
2026-03-26 21:11:52 | INFO | Condition-3 (Phase-6) Applied:
2026-03-26 21:11:52 | INFO |   Forecast Mismatch: Intraday (0.864) != Day-ahead (1.090)
2026-03-26 21:11:52 | INFO |   Operation: ADD
2026-03-26 21:11:52 | INFO |   Base Adjustment %: 3.00%
2026-03-26 21:11:52 | INFO |   Irradiance Multiplier: 0.22x
2026-03-26 21:11:52 | INFO |   Temp Multiplier: 0.92x
2026-03-26 21:11:52 | INFO |   Wind Multiplier: 0.95x
2026-03-26 21:11:52 | INFO |   Weather Multiplier: 0.19x
2026-03-26 21:11:52 | INFO |   Final Adjustment %: 0.58%
2026-03-26 21:11:52 | INFO |   Calculation: 0.734 MW * (1 + 0.58% / 100)
2026-03-26 21:11:52 | INFO |   Formula (expanded): raw=0.7344*(1+0.5768/100)=0.7386
2026-03-26 21:11:52 | INFO | --- FINAL RESULT ---
2026-03-26 21:11:52 | INFO | Raw Schedule (before smoothing): 0.739 MW
2026-03-26 21:11:52 | INFO | Final Scheduled MW: 0.739 MW
2026-03-26 21:11:52 | INFO | --------------------------------------------------------------------------------
2026-03-26 21:11:52 | INFO | --------------------------------------------------------------------------------
2026-03-26 21:11:52 | INFO | BLOCK 33
2026-03-26 21:11:52 | INFO | --------------------------------------------------------------------------------
2026-03-26 21:11:52 | INFO | --- FORECAST DATA ---
2026-03-26 21:11:52 | INFO | Intraday Forecast (Enercast Raw): 1.350 MW
2026-03-26 21:11:52 | INFO | Intraday Forecast (Enercast, Scaled): 1.080 MW
2026-03-26 21:11:52 | INFO | Day-ahead Forecast (Enercast): 1.350 MW
2026-03-26 21:11:52 | INFO | Base Forecast (raw, before curtailment/shutdown): 0.918 MW
2026-03-26 21:11:52 | INFO | Base Forecast (used for schedule): 0.918 MW
2026-03-26 21:11:52 | INFO | Effective Base Forecast (after curtailment/shutdown): 0.918 MW
2026-03-26 21:11:52 | INFO | Plant Status: NORMAL
2026-03-26 21:11:52 | INFO | Effective Base Forecast = Base Forecast (raw) = 0.918 MW
2026-03-26 21:11:52 | INFO | --- WEATHER PARAMETERS ---
2026-03-26 21:11:52 | INFO | GTI: 237.0 W/m^2
2026-03-26 21:11:52 | INFO | DHI: 71.0 W/m^2
2026-03-26 21:11:52 | INFO | DNI: 0.0 W/m^2
2026-03-26 21:11:52 | INFO | Irradiance Ratio (GTI/MAX_GTI): 0.238
2026-03-26 21:11:52 | INFO | Diffuse Ratio (current): 0.300
2026-03-26 21:11:52 | INFO | Irradiance State: OVERCAST
2026-03-26 21:11:52 | INFO | Temp @ 2m: 28.51 C
2026-03-26 21:11:52 | INFO | Wind @ 10m: 7.29 m/s
2026-03-26 21:11:52 | INFO | Weather State: NORMAL
2026-03-26 21:11:52 | INFO | Dynamic Thresholds: cloud_thr=0.0000, shift_thr=0.0000
2026-03-26 21:11:52 | INFO | Multipliers: irradiance=0.22x, temp=0.92x, wind=0.95x
2026-03-26 21:11:52 | INFO | Weather Multiplier (combined): 0.19x
2026-03-26 21:11:52 | INFO | Abrupt Weather Change Detected: False
2026-03-26 21:11:52 | INFO | --- TREND ANALYSIS ---
2026-03-26 21:11:52 | INFO | Trend series (oldest -> latest):
2026-03-26 21:11:52 | INFO |   Block 32: 0.864 MW (source: INTRADAY_FALLBACK)
2026-03-26 21:11:52 | INFO |   Block 31: 0.656 MW (source: INTRADAY_FALLBACK)
2026-03-26 21:11:52 | INFO |   Block 30: 0.464 MW (source: INTRADAY_FALLBACK)
2026-03-26 21:11:52 | INFO |   Block 29: 0.264 MW (source: INTRADAY_FALLBACK)
2026-03-26 21:11:52 | INFO | Trend values used for slope calc: B32=0.864(INTRADAY_FALLBACK), B31=0.656(INTRADAY_FALLBACK), B30=0.464(INTRADAY_FALLBACK), B29=0.264(INTRADAY_FALLBACK)
2026-03-26 21:11:52 | INFO | Detected Trend Type: INCREASING
2026-03-26 21:11:52 | INFO | Trend Slope Percentage: 227.05%
2026-03-26 21:11:52 | INFO | Trend EPS Threshold: 1.50%
2026-03-26 21:11:52 | INFO | --- SCHEDULE CALCULATION ---
2026-03-26 21:11:52 | INFO | Condition Applied: CONDITION_3
2026-03-26 21:11:52 | INFO | Effective Base Forecast Used for Adjustments: 0.918 MW
2026-03-26 21:11:52 | INFO | Condition-3 (Phase-6) Applied:
2026-03-26 21:11:52 | INFO |   Forecast Mismatch: Intraday (1.080) != Day-ahead (1.350)
2026-03-26 21:11:52 | INFO |   Operation: ADD
2026-03-26 21:11:52 | INFO |   Base Adjustment %: 3.00%
2026-03-26 21:11:52 | INFO |   Irradiance Multiplier: 0.22x
2026-03-26 21:11:52 | INFO |   Temp Multiplier: 0.92x
2026-03-26 21:11:52 | INFO |   Wind Multiplier: 0.95x
2026-03-26 21:11:52 | INFO |   Weather Multiplier: 0.19x
2026-03-26 21:11:52 | INFO |   Final Adjustment %: 0.58%
2026-03-26 21:11:52 | INFO |   Calculation: 0.918 MW * (1 + 0.58% / 100)
2026-03-26 21:11:52 | INFO |   Formula (expanded): raw=0.9180*(1+0.5768/100)=0.9233
2026-03-26 21:11:52 | INFO | --- FINAL RESULT ---
2026-03-26 21:11:52 | INFO | Raw Schedule (before smoothing): 0.923 MW
2026-03-26 21:11:52 | INFO | Final Scheduled MW: 0.923 MW
2026-03-26 21:11:52 | INFO | --------------------------------------------------------------------------------
2026-03-26 21:11:52 | INFO | --------------------------------------------------------------------------------
2026-03-26 21:11:52 | INFO | BLOCK 34
2026-03-26 21:11:52 | INFO | --------------------------------------------------------------------------------
2026-03-26 21:11:52 | INFO | --- FORECAST DATA ---
2026-03-26 21:11:52 | INFO | Intraday Forecast (Enercast Raw): 1.630 MW
2026-03-26 21:11:52 | INFO | Intraday Forecast (Enercast, Scaled): 1.304 MW
2026-03-26 21:11:52 | INFO | Day-ahead Forecast (Enercast): 1.630 MW
2026-03-26 21:11:52 | INFO | Base Forecast (raw, before curtailment/shutdown): 1.108 MW
2026-03-26 21:11:52 | INFO | Base Forecast (used for schedule): 1.108 MW
2026-03-26 21:11:52 | INFO | Effective Base Forecast (after curtailment/shutdown): 1.108 MW
2026-03-26 21:11:52 | INFO | Plant Status: NORMAL
2026-03-26 21:11:52 | INFO | Effective Base Forecast = Base Forecast (raw) = 1.108 MW
2026-03-26 21:11:52 | INFO | --- WEATHER PARAMETERS ---
2026-03-26 21:11:52 | INFO | GTI: 302.0 W/m^2
2026-03-26 21:11:52 | INFO | DHI: 82.0 W/m^2
2026-03-26 21:11:52 | INFO | DNI: 0.0 W/m^2
2026-03-26 21:11:52 | INFO | Irradiance Ratio (GTI/MAX_GTI): 0.303
2026-03-26 21:11:52 | INFO | Diffuse Ratio (current): 0.272
2026-03-26 21:11:52 | INFO | Irradiance State: CLOUD_TRANSIENT
2026-03-26 21:11:52 | INFO | Temp @ 2m: 28.96 C
2026-03-26 21:11:52 | INFO | Wind @ 10m: 8.44 m/s
2026-03-26 21:11:52 | INFO | Weather State: NORMAL
2026-03-26 21:11:52 | INFO | Dynamic Thresholds: cloud_thr=0.0000, shift_thr=0.0000
2026-03-26 21:11:52 | INFO | Multipliers: irradiance=0.32x, temp=0.92x, wind=0.95x
2026-03-26 21:11:52 | INFO | Weather Multiplier (combined): 0.28x
2026-03-26 21:11:52 | INFO | Abrupt Weather Change Detected: False
2026-03-26 21:11:52 | INFO | --- TREND ANALYSIS ---
2026-03-26 21:11:52 | INFO | Trend series (oldest -> latest):
2026-03-26 21:11:52 | INFO |   Block 33: 1.080 MW (source: INTRADAY_FALLBACK)
2026-03-26 21:11:52 | INFO |   Block 32: 0.864 MW (source: INTRADAY_FALLBACK)
2026-03-26 21:11:52 | INFO |   Block 31: 0.656 MW (source: INTRADAY_FALLBACK)
2026-03-26 21:11:52 | INFO |   Block 30: 0.464 MW (source: INTRADAY_FALLBACK)
2026-03-26 21:11:52 | INFO | Trend values used for slope calc: B33=1.080(INTRADAY_FALLBACK), B32=0.864(INTRADAY_FALLBACK), B31=0.656(INTRADAY_FALLBACK), B30=0.464(INTRADAY_FALLBACK)
2026-03-26 21:11:52 | INFO | Detected Trend Type: INCREASING
2026-03-26 21:11:52 | INFO | Trend Slope Percentage: 134.79%
2026-03-26 21:11:52 | INFO | Trend EPS Threshold: 1.50%
2026-03-26 21:11:52 | INFO | --- SCHEDULE CALCULATION ---
2026-03-26 21:11:52 | INFO | Condition Applied: CONDITION_3
2026-03-26 21:11:52 | INFO | Effective Base Forecast Used for Adjustments: 1.108 MW
2026-03-26 21:11:52 | INFO | Condition-3 (Phase-6) Applied:
2026-03-26 21:11:52 | INFO |   Forecast Mismatch: Intraday (1.304) != Day-ahead (1.630)
2026-03-26 21:11:52 | INFO |   Operation: ADD
2026-03-26 21:11:52 | INFO |   Base Adjustment %: 3.00%
2026-03-26 21:11:52 | INFO |   Irradiance Multiplier: 0.32x
2026-03-26 21:11:52 | INFO |   Temp Multiplier: 0.92x
2026-03-26 21:11:52 | INFO |   Wind Multiplier: 0.95x
2026-03-26 21:11:52 | INFO |   Weather Multiplier: 0.28x
2026-03-26 21:11:52 | INFO |   Final Adjustment %: 0.84%
2026-03-26 21:11:52 | INFO |   Calculation: 1.108 MW * (1 + 0.84% / 100)
2026-03-26 21:11:52 | INFO |   Formula (expanded): raw=1.1084*(1+0.8390/100)=1.1177
2026-03-26 21:11:52 | INFO | --- FINAL RESULT ---
2026-03-26 21:11:52 | INFO | Raw Schedule (before smoothing): 1.118 MW
2026-03-26 21:11:52 | INFO | Final Scheduled MW: 1.118 MW
2026-03-26 21:11:52 | INFO | --------------------------------------------------------------------------------
2026-03-26 21:11:52 | INFO | --------------------------------------------------------------------------------
2026-03-26 21:11:52 | INFO | BLOCK 35
2026-03-26 21:11:52 | INFO | --------------------------------------------------------------------------------
2026-03-26 21:11:52 | INFO | --- FORECAST DATA ---
2026-03-26 21:11:52 | INFO | Intraday Forecast (Enercast Raw): 1.890 MW
2026-03-26 21:11:52 | INFO | Intraday Forecast (Enercast, Scaled): 1.512 MW
2026-03-26 21:11:52 | INFO | Day-ahead Forecast (Enercast): 1.890 MW
2026-03-26 21:11:52 | INFO | Base Forecast (raw, before curtailment/shutdown): 1.285 MW
2026-03-26 21:11:52 | INFO | Base Forecast (used for schedule): 1.285 MW
2026-03-26 21:11:52 | INFO | Effective Base Forecast (after curtailment/shutdown): 1.285 MW
2026-03-26 21:11:52 | INFO | Plant Status: NORMAL
2026-03-26 21:11:52 | INFO | Effective Base Forecast = Base Forecast (raw) = 1.285 MW
2026-03-26 21:11:52 | INFO | --- WEATHER PARAMETERS ---
2026-03-26 21:11:52 | INFO | GTI: 365.0 W/m^2
2026-03-26 21:11:52 | INFO | DHI: 91.0 W/m^2
2026-03-26 21:11:52 | INFO | DNI: 0.0 W/m^2
2026-03-26 21:11:52 | INFO | Irradiance Ratio (GTI/MAX_GTI): 0.366
2026-03-26 21:11:52 | INFO | Diffuse Ratio (current): 0.249
2026-03-26 21:11:52 | INFO | Irradiance State: CLOUD_TRANSIENT
2026-03-26 21:11:52 | INFO | Temp @ 2m: 29.41 C
2026-03-26 21:11:52 | INFO | Wind @ 10m: 9.42 m/s
2026-03-26 21:11:52 | INFO | Weather State: NORMAL
2026-03-26 21:11:52 | INFO | Dynamic Thresholds: cloud_thr=0.0000, shift_thr=0.0000
2026-03-26 21:11:52 | INFO | Multipliers: irradiance=0.32x, temp=0.92x, wind=0.95x
2026-03-26 21:11:52 | INFO | Weather Multiplier (combined): 0.28x
2026-03-26 21:11:52 | INFO | Abrupt Weather Change Detected: False
2026-03-26 21:11:52 | INFO | --- TREND ANALYSIS ---
2026-03-26 21:11:52 | INFO | Trend series (oldest -> latest):
2026-03-26 21:11:52 | INFO |   Block 34: 1.304 MW (source: INTRADAY_FALLBACK)
2026-03-26 21:11:52 | INFO |   Block 33: 1.080 MW (source: INTRADAY_FALLBACK)
2026-03-26 21:11:52 | INFO |   Block 32: 0.864 MW (source: INTRADAY_FALLBACK)
2026-03-26 21:11:52 | INFO |   Block 31: 0.656 MW (source: INTRADAY_FALLBACK)
2026-03-26 21:11:52 | INFO | Trend values used for slope calc: B34=1.304(INTRADAY_FALLBACK), B33=1.080(INTRADAY_FALLBACK), B32=0.864(INTRADAY_FALLBACK), B31=0.656(INTRADAY_FALLBACK)
2026-03-26 21:11:52 | INFO | Detected Trend Type: INCREASING
2026-03-26 21:11:52 | INFO | Trend Slope Percentage: 99.39%
2026-03-26 21:11:52 | INFO | Trend EPS Threshold: 1.50%
2026-03-26 21:11:52 | INFO | --- SCHEDULE CALCULATION ---
2026-03-26 21:11:52 | INFO | Condition Applied: CONDITION_3
2026-03-26 21:11:52 | INFO | Effective Base Forecast Used for Adjustments: 1.285 MW
2026-03-26 21:11:52 | INFO | Condition-3 (Phase-6) Applied:
2026-03-26 21:11:52 | INFO |   Forecast Mismatch: Intraday (1.512) != Day-ahead (1.890)
2026-03-26 21:11:52 | INFO |   Operation: ADD
2026-03-26 21:11:52 | INFO |   Base Adjustment %: 3.00%
2026-03-26 21:11:52 | INFO |   Irradiance Multiplier: 0.32x
2026-03-26 21:11:52 | INFO |   Temp Multiplier: 0.92x
2026-03-26 21:11:52 | INFO |   Wind Multiplier: 0.95x
2026-03-26 21:11:52 | INFO |   Weather Multiplier: 0.28x
2026-03-26 21:11:52 | INFO |   Final Adjustment %: 0.84%
2026-03-26 21:11:52 | INFO |   Calculation: 1.285 MW * (1 + 0.84% / 100)
2026-03-26 21:11:52 | INFO |   Formula (expanded): raw=1.2852*(1+0.8390/100)=1.2960
2026-03-26 21:11:52 | INFO | --- FINAL RESULT ---
2026-03-26 21:11:52 | INFO | Raw Schedule (before smoothing): 1.296 MW
2026-03-26 21:11:52 | INFO | Final Scheduled MW: 1.296 MW
2026-03-26 21:11:52 | INFO | --------------------------------------------------------------------------------
2026-03-26 21:11:52 | INFO | --------------------------------------------------------------------------------
2026-03-26 21:11:52 | INFO | BLOCK 36
2026-03-26 21:11:52 | INFO | --------------------------------------------------------------------------------
2026-03-26 21:11:52 | INFO | --- FORECAST DATA ---
2026-03-26 21:11:52 | INFO | Intraday Forecast (Enercast Raw): 2.150 MW
2026-03-26 21:11:52 | INFO | Intraday Forecast (Enercast, Scaled): 1.720 MW
2026-03-26 21:11:52 | INFO | Day-ahead Forecast (Enercast): 2.150 MW
2026-03-26 21:11:52 | INFO | Base Forecast (raw, before curtailment/shutdown): 1.462 MW
2026-03-26 21:11:52 | INFO | Base Forecast (used for schedule): 1.462 MW
2026-03-26 21:11:52 | INFO | Effective Base Forecast (after curtailment/shutdown): 1.462 MW
2026-03-26 21:11:52 | INFO | Plant Status: NORMAL
2026-03-26 21:11:52 | INFO | Effective Base Forecast = Base Forecast (raw) = 1.462 MW
2026-03-26 21:11:52 | INFO | --- WEATHER PARAMETERS ---
2026-03-26 21:11:52 | INFO | GTI: 426.0 W/m^2
2026-03-26 21:11:52 | INFO | DHI: 97.0 W/m^2
2026-03-26 21:11:52 | INFO | DNI: 0.0 W/m^2
2026-03-26 21:11:52 | INFO | Irradiance Ratio (GTI/MAX_GTI): 0.427
2026-03-26 21:11:52 | INFO | Diffuse Ratio (current): 0.228
2026-03-26 21:11:52 | INFO | Irradiance State: CLOUD_TRANSIENT
2026-03-26 21:11:52 | INFO | Temp @ 2m: 29.86 C
2026-03-26 21:11:52 | INFO | Wind @ 10m: 10.51 m/s
2026-03-26 21:11:52 | INFO | Weather State: NORMAL
2026-03-26 21:11:52 | INFO | Dynamic Thresholds: cloud_thr=0.0000, shift_thr=0.0000
2026-03-26 21:11:52 | INFO | Multipliers: irradiance=0.32x, temp=0.92x, wind=0.95x
2026-03-26 21:11:52 | INFO | Weather Multiplier (combined): 0.28x
2026-03-26 21:11:52 | INFO | Abrupt Weather Change Detected: False
2026-03-26 21:11:52 | INFO | --- TREND ANALYSIS ---
2026-03-26 21:11:52 | INFO | Trend series (oldest -> latest):
2026-03-26 21:11:52 | INFO |   Block 35: 1.512 MW (source: INTRADAY_FALLBACK)
2026-03-26 21:11:52 | INFO |   Block 34: 1.304 MW (source: INTRADAY_FALLBACK)
2026-03-26 21:11:52 | INFO |   Block 33: 1.080 MW (source: INTRADAY_FALLBACK)
2026-03-26 21:11:52 | INFO |   Block 32: 0.864 MW (source: INTRADAY_FALLBACK)
2026-03-26 21:11:52 | INFO | Trend values used for slope calc: B35=1.512(INTRADAY_FALLBACK), B34=1.304(INTRADAY_FALLBACK), B33=1.080(INTRADAY_FALLBACK), B32=0.864(INTRADAY_FALLBACK)
2026-03-26 21:11:52 | INFO | Detected Trend Type: INCREASING
2026-03-26 21:11:52 | INFO | Trend Slope Percentage: 75.21%
2026-03-26 21:11:52 | INFO | Trend EPS Threshold: 1.50%
2026-03-26 21:11:52 | INFO | --- SCHEDULE CALCULATION ---
2026-03-26 21:11:52 | INFO | Condition Applied: CONDITION_3
2026-03-26 21:11:52 | INFO | Effective Base Forecast Used for Adjustments: 1.462 MW
2026-03-26 21:11:52 | INFO | Condition-3 (Phase-6) Applied:
2026-03-26 21:11:52 | INFO |   Forecast Mismatch: Intraday (1.720) != Day-ahead (2.150)
2026-03-26 21:11:52 | INFO |   Operation: ADD
2026-03-26 21:11:52 | INFO |   Base Adjustment %: 3.00%
2026-03-26 21:11:52 | INFO |   Irradiance Multiplier: 0.32x
2026-03-26 21:11:52 | INFO |   Temp Multiplier: 0.92x
2026-03-26 21:11:52 | INFO |   Wind Multiplier: 0.95x
2026-03-26 21:11:52 | INFO |   Weather Multiplier: 0.28x
2026-03-26 21:11:52 | INFO |   Final Adjustment %: 0.84%
2026-03-26 21:11:52 | INFO |   Calculation: 1.462 MW * (1 + 0.84% / 100)
2026-03-26 21:11:52 | INFO |   Formula (expanded): raw=1.4620*(1+0.8390/100)=1.4743
2026-03-26 21:11:52 | INFO | --- FINAL RESULT ---
2026-03-26 21:11:52 | INFO | Raw Schedule (before smoothing): 1.474 MW
2026-03-26 21:11:52 | INFO | Final Scheduled MW: 1.474 MW
2026-03-26 21:11:52 | INFO | --------------------------------------------------------------------------------
2026-03-26 21:11:52 | INFO | --------------------------------------------------------------------------------
2026-03-26 21:11:52 | INFO | BLOCK 37
2026-03-26 21:11:52 | INFO | --------------------------------------------------------------------------------
2026-03-26 21:11:52 | INFO | --- FORECAST DATA ---
2026-03-26 21:11:52 | INFO | Intraday Forecast (Enercast Raw): 2.410 MW
2026-03-26 21:11:52 | INFO | Intraday Forecast (Enercast, Scaled): 1.928 MW
2026-03-26 21:11:52 | INFO | Day-ahead Forecast (Enercast): 2.400 MW
2026-03-26 21:11:52 | INFO | Base Forecast (raw, before curtailment/shutdown): 1.639 MW
2026-03-26 21:11:52 | INFO | Base Forecast (used for schedule): 1.639 MW
2026-03-26 21:11:52 | INFO | Effective Base Forecast (after curtailment/shutdown): 1.639 MW
2026-03-26 21:11:52 | INFO | Plant Status: NORMAL
2026-03-26 21:11:52 | INFO | Effective Base Forecast = Base Forecast (raw) = 1.639 MW
2026-03-26 21:11:52 | INFO | --- WEATHER PARAMETERS ---
2026-03-26 21:11:52 | INFO | GTI: 485.0 W/m^2
2026-03-26 21:11:52 | INFO | DHI: 102.0 W/m^2
2026-03-26 21:11:52 | INFO | DNI: 0.0 W/m^2
2026-03-26 21:11:52 | INFO | Irradiance Ratio (GTI/MAX_GTI): 0.486
2026-03-26 21:11:52 | INFO | Diffuse Ratio (current): 0.210
2026-03-26 21:11:52 | INFO | Irradiance State: CLOUD_TRANSIENT
2026-03-26 21:11:52 | INFO | Temp @ 2m: 30.41 C
2026-03-26 21:11:52 | INFO | Wind @ 10m: 11.18 m/s
2026-03-26 21:11:52 | INFO | Weather State: NORMAL
2026-03-26 21:11:52 | INFO | Dynamic Thresholds: cloud_thr=0.0000, shift_thr=0.0000
2026-03-26 21:11:52 | INFO | Multipliers: irradiance=0.32x, temp=0.92x, wind=0.95x
2026-03-26 21:11:52 | INFO | Weather Multiplier (combined): 0.28x
2026-03-26 21:11:52 | INFO | Abrupt Weather Change Detected: False
2026-03-26 21:11:52 | INFO | --- TREND ANALYSIS ---
2026-03-26 21:11:52 | INFO | Trend series (oldest -> latest):
2026-03-26 21:11:52 | INFO |   Block 36: 1.720 MW (source: INTRADAY_FALLBACK)
2026-03-26 21:11:52 | INFO |   Block 35: 1.512 MW (source: INTRADAY_FALLBACK)
2026-03-26 21:11:52 | INFO |   Block 34: 1.304 MW (source: INTRADAY_FALLBACK)
2026-03-26 21:11:52 | INFO |   Block 33: 1.080 MW (source: INTRADAY_FALLBACK)
2026-03-26 21:11:52 | INFO | Trend values used for slope calc: B36=1.720(INTRADAY_FALLBACK), B35=1.512(INTRADAY_FALLBACK), B34=1.304(INTRADAY_FALLBACK), B33=1.080(INTRADAY_FALLBACK)
2026-03-26 21:11:52 | INFO | Detected Trend Type: INCREASING
2026-03-26 21:11:52 | INFO | Trend Slope Percentage: 58.85%
2026-03-26 21:11:52 | INFO | Trend EPS Threshold: 1.50%
2026-03-26 21:11:52 | INFO | --- SCHEDULE CALCULATION ---
2026-03-26 21:11:52 | INFO | Condition Applied: CONDITION_3
2026-03-26 21:11:52 | INFO | Effective Base Forecast Used for Adjustments: 1.639 MW
2026-03-26 21:11:52 | INFO | Condition-3 (Phase-6) Applied:
2026-03-26 21:11:52 | INFO |   Forecast Mismatch: Intraday (1.928) != Day-ahead (2.400)
2026-03-26 21:11:52 | INFO |   Operation: ADD
2026-03-26 21:11:52 | INFO |   Base Adjustment %: 3.00%
2026-03-26 21:11:52 | INFO |   Irradiance Multiplier: 0.32x
2026-03-26 21:11:52 | INFO |   Temp Multiplier: 0.92x
2026-03-26 21:11:52 | INFO |   Wind Multiplier: 0.95x
2026-03-26 21:11:52 | INFO |   Weather Multiplier: 0.28x
2026-03-26 21:11:52 | INFO |   Final Adjustment %: 0.84%
2026-03-26 21:11:52 | INFO |   Calculation: 1.639 MW * (1 + 0.84% / 100)
2026-03-26 21:11:52 | INFO |   Formula (expanded): raw=1.6388*(1+0.8390/100)=1.6526
2026-03-26 21:11:52 | INFO | --- FINAL RESULT ---
2026-03-26 21:11:52 | INFO | Raw Schedule (before smoothing): 1.653 MW
2026-03-26 21:11:52 | INFO | Final Scheduled MW: 1.653 MW
2026-03-26 21:11:52 | INFO | --------------------------------------------------------------------------------
2026-03-26 21:11:52 | INFO | --------------------------------------------------------------------------------
2026-03-26 21:11:52 | INFO | BLOCK 38
2026-03-26 21:11:52 | INFO | --------------------------------------------------------------------------------
2026-03-26 21:11:52 | INFO | --- FORECAST DATA ---
2026-03-26 21:11:52 | INFO | Intraday Forecast (Enercast Raw): 2.660 MW
2026-03-26 21:11:52 | INFO | Intraday Forecast (Enercast, Scaled): 2.128 MW
2026-03-26 21:11:52 | INFO | Day-ahead Forecast (Enercast): 2.650 MW
2026-03-26 21:11:52 | INFO | Base Forecast (raw, before curtailment/shutdown): 1.809 MW
2026-03-26 21:11:52 | INFO | Base Forecast (used for schedule): 1.809 MW
2026-03-26 21:11:52 | INFO | Effective Base Forecast (after curtailment/shutdown): 1.809 MW
2026-03-26 21:11:52 | INFO | Plant Status: NORMAL
2026-03-26 21:11:52 | INFO | Effective Base Forecast = Base Forecast (raw) = 1.809 MW
2026-03-26 21:11:52 | INFO | --- WEATHER PARAMETERS ---
2026-03-26 21:11:52 | INFO | GTI: 545.0 W/m^2
2026-03-26 21:11:52 | INFO | DHI: 107.0 W/m^2
2026-03-26 21:11:52 | INFO | DNI: 0.0 W/m^2
2026-03-26 21:11:52 | INFO | Irradiance Ratio (GTI/MAX_GTI): 0.547
2026-03-26 21:11:52 | INFO | Diffuse Ratio (current): 0.196
2026-03-26 21:11:52 | INFO | Irradiance State: VARIABLE_CLEAR
2026-03-26 21:11:52 | INFO | Temp @ 2m: 30.91 C
2026-03-26 21:11:52 | INFO | Wind @ 10m: 12.41 m/s
2026-03-26 21:11:52 | INFO | Weather State: NORMAL
2026-03-26 21:11:52 | INFO | Dynamic Thresholds: cloud_thr=0.0000, shift_thr=0.0000
2026-03-26 21:11:52 | INFO | Multipliers: irradiance=0.60x, temp=0.92x, wind=0.95x
2026-03-26 21:11:52 | INFO | Weather Multiplier (combined): 0.52x
2026-03-26 21:11:52 | INFO | Abrupt Weather Change Detected: False
2026-03-26 21:11:52 | INFO | --- TREND ANALYSIS ---
2026-03-26 21:11:52 | INFO | Trend series (oldest -> latest):
2026-03-26 21:11:52 | INFO |   Block 37: 1.928 MW (source: INTRADAY_FALLBACK)
2026-03-26 21:11:52 | INFO |   Block 36: 1.720 MW (source: INTRADAY_FALLBACK)
2026-03-26 21:11:52 | INFO |   Block 35: 1.512 MW (source: INTRADAY_FALLBACK)
2026-03-26 21:11:52 | INFO |   Block 34: 1.304 MW (source: INTRADAY_FALLBACK)
2026-03-26 21:11:52 | INFO | Trend values used for slope calc: B37=1.928(INTRADAY_FALLBACK), B36=1.720(INTRADAY_FALLBACK), B35=1.512(INTRADAY_FALLBACK), B34=1.304(INTRADAY_FALLBACK)
2026-03-26 21:11:52 | INFO | Detected Trend Type: INCREASING
2026-03-26 21:11:52 | INFO | Trend Slope Percentage: 47.85%
2026-03-26 21:11:52 | INFO | Trend EPS Threshold: 1.50%
2026-03-26 21:11:52 | INFO | --- SCHEDULE CALCULATION ---
2026-03-26 21:11:52 | INFO | Condition Applied: CONDITION_3
2026-03-26 21:11:52 | INFO | Effective Base Forecast Used for Adjustments: 1.809 MW
2026-03-26 21:11:52 | INFO | Condition-3 (Phase-6) Applied:
2026-03-26 21:11:52 | INFO |   Forecast Mismatch: Intraday (2.128) != Day-ahead (2.650)
2026-03-26 21:11:52 | INFO |   Operation: ADD
2026-03-26 21:11:52 | INFO |   Base Adjustment %: 3.00%
2026-03-26 21:11:52 | INFO |   Irradiance Multiplier: 0.60x
2026-03-26 21:11:52 | INFO |   Temp Multiplier: 0.92x
2026-03-26 21:11:52 | INFO |   Wind Multiplier: 0.95x
2026-03-26 21:11:52 | INFO |   Weather Multiplier: 0.52x
2026-03-26 21:11:52 | INFO |   Final Adjustment %: 1.57%
2026-03-26 21:11:52 | INFO |   Calculation: 1.809 MW * (1 + 1.57% / 100)
2026-03-26 21:11:52 | INFO |   Formula (expanded): raw=1.8088*(1+1.5732/100)=1.8373
2026-03-26 21:11:52 | INFO | --- FINAL RESULT ---
2026-03-26 21:11:52 | INFO | Raw Schedule (before smoothing): 1.837 MW
2026-03-26 21:11:52 | INFO | Final Scheduled MW: 1.837 MW
2026-03-26 21:11:52 | INFO | --------------------------------------------------------------------------------
2026-03-26 21:11:52 | INFO | --------------------------------------------------------------------------------
2026-03-26 21:11:52 | INFO | BLOCK 39
2026-03-26 21:11:52 | INFO | --------------------------------------------------------------------------------
2026-03-26 21:11:52 | INFO | --- FORECAST DATA ---
2026-03-26 21:11:52 | INFO | Intraday Forecast (Enercast Raw): 2.890 MW
2026-03-26 21:11:52 | INFO | Intraday Forecast (Enercast, Scaled): 2.312 MW
2026-03-26 21:11:52 | INFO | Day-ahead Forecast (Enercast): 2.870 MW
2026-03-26 21:11:52 | INFO | Base Forecast (raw, before curtailment/shutdown): 1.965 MW
2026-03-26 21:11:52 | INFO | Base Forecast (used for schedule): 1.965 MW
2026-03-26 21:11:52 | INFO | Effective Base Forecast (after curtailment/shutdown): 1.965 MW
2026-03-26 21:11:52 | INFO | Plant Status: NORMAL
2026-03-26 21:11:52 | INFO | Effective Base Forecast = Base Forecast (raw) = 1.965 MW
2026-03-26 21:11:52 | INFO | --- WEATHER PARAMETERS ---
2026-03-26 21:11:52 | INFO | GTI: 602.0 W/m^2
2026-03-26 21:11:52 | INFO | DHI: 111.0 W/m^2
2026-03-26 21:11:52 | INFO | DNI: 0.0 W/m^2
2026-03-26 21:11:52 | INFO | Irradiance Ratio (GTI/MAX_GTI): 0.604
2026-03-26 21:11:52 | INFO | Diffuse Ratio (current): 0.184
2026-03-26 21:11:52 | INFO | Irradiance State: VARIABLE_CLEAR
2026-03-26 21:11:52 | INFO | Temp @ 2m: 31.41 C
2026-03-26 21:11:52 | INFO | Wind @ 10m: 13.20 m/s
2026-03-26 21:11:52 | INFO | Weather State: NORMAL
2026-03-26 21:11:52 | INFO | Dynamic Thresholds: cloud_thr=0.0000, shift_thr=0.0000
2026-03-26 21:11:52 | INFO | Multipliers: irradiance=0.60x, temp=0.92x, wind=0.95x
2026-03-26 21:11:52 | INFO | Weather Multiplier (combined): 0.52x
2026-03-26 21:11:52 | INFO | Abrupt Weather Change Detected: False
2026-03-26 21:11:52 | INFO | --- TREND ANALYSIS ---
2026-03-26 21:11:52 | INFO | Trend series (oldest -> latest):
2026-03-26 21:11:52 | INFO |   Block 38: 2.128 MW (source: INTRADAY_FALLBACK)
2026-03-26 21:11:52 | INFO |   Block 37: 1.928 MW (source: INTRADAY_FALLBACK)
2026-03-26 21:11:52 | INFO |   Block 36: 1.720 MW (source: INTRADAY_FALLBACK)
2026-03-26 21:11:52 | INFO |   Block 35: 1.512 MW (source: INTRADAY_FALLBACK)
2026-03-26 21:11:52 | INFO | Trend values used for slope calc: B38=2.128(INTRADAY_FALLBACK), B37=1.928(INTRADAY_FALLBACK), B36=1.720(INTRADAY_FALLBACK), B35=1.512(INTRADAY_FALLBACK)
2026-03-26 21:11:52 | INFO | Detected Trend Type: INCREASING
2026-03-26 21:11:52 | INFO | Trend Slope Percentage: 40.75%
2026-03-26 21:11:52 | INFO | Trend EPS Threshold: 1.50%
2026-03-26 21:11:52 | INFO | --- SCHEDULE CALCULATION ---
2026-03-26 21:11:52 | INFO | Condition Applied: CONDITION_3
2026-03-26 21:11:52 | INFO | Effective Base Forecast Used for Adjustments: 1.965 MW
2026-03-26 21:11:52 | INFO | Condition-3 (Phase-6) Applied:
2026-03-26 21:11:52 | INFO |   Forecast Mismatch: Intraday (2.312) != Day-ahead (2.870)
2026-03-26 21:11:52 | INFO |   Operation: ADD
2026-03-26 21:11:52 | INFO |   Base Adjustment %: 3.00%
2026-03-26 21:11:52 | INFO |   Irradiance Multiplier: 0.60x
2026-03-26 21:11:52 | INFO |   Temp Multiplier: 0.92x
2026-03-26 21:11:52 | INFO |   Wind Multiplier: 0.95x
2026-03-26 21:11:52 | INFO |   Weather Multiplier: 0.52x
2026-03-26 21:11:52 | INFO |   Final Adjustment %: 1.57%
2026-03-26 21:11:52 | INFO |   Calculation: 1.965 MW * (1 + 1.57% / 100)
2026-03-26 21:11:52 | INFO |   Formula (expanded): raw=1.9652*(1+1.5732/100)=1.9961
2026-03-26 21:11:52 | INFO | --- FINAL RESULT ---
2026-03-26 21:11:52 | INFO | Raw Schedule (before smoothing): 1.996 MW
2026-03-26 21:11:52 | INFO | Final Scheduled MW: 1.996 MW
2026-03-26 21:11:52 | INFO | --------------------------------------------------------------------------------
2026-03-26 21:11:52 | INFO | --------------------------------------------------------------------------------
2026-03-26 21:11:52 | INFO | BLOCK 40
2026-03-26 21:11:52 | INFO | --------------------------------------------------------------------------------
2026-03-26 21:11:52 | INFO | --- FORECAST DATA ---
2026-03-26 21:11:52 | INFO | Intraday Forecast (Enercast Raw): 3.100 MW
2026-03-26 21:11:52 | INFO | Intraday Forecast (Enercast, Scaled): 2.480 MW
2026-03-26 21:11:52 | INFO | Day-ahead Forecast (Enercast): 3.090 MW
2026-03-26 21:11:52 | INFO | Base Forecast (raw, before curtailment/shutdown): 2.108 MW
2026-03-26 21:11:52 | INFO | Base Forecast (used for schedule): 2.108 MW
2026-03-26 21:11:52 | INFO | Effective Base Forecast (after curtailment/shutdown): 2.108 MW
2026-03-26 21:11:52 | INFO | Plant Status: NORMAL
2026-03-26 21:11:52 | INFO | Effective Base Forecast = Base Forecast (raw) = 2.108 MW
2026-03-26 21:11:52 | INFO | --- WEATHER PARAMETERS ---
2026-03-26 21:11:52 | INFO | GTI: 656.0 W/m^2
2026-03-26 21:11:52 | INFO | DHI: 115.0 W/m^2
2026-03-26 21:11:52 | INFO | DNI: 0.0 W/m^2
2026-03-26 21:11:52 | INFO | Irradiance Ratio (GTI/MAX_GTI): 0.658
2026-03-26 21:11:52 | INFO | Diffuse Ratio (current): 0.175
2026-03-26 21:11:52 | INFO | Irradiance State: VARIABLE_CLEAR
2026-03-26 21:11:52 | INFO | Temp @ 2m: 31.91 C
2026-03-26 21:11:52 | INFO | Wind @ 10m: 14.04 m/s
2026-03-26 21:11:52 | INFO | Weather State: NORMAL
2026-03-26 21:11:52 | INFO | Dynamic Thresholds: cloud_thr=0.0000, shift_thr=0.0000
2026-03-26 21:11:52 | INFO | Multipliers: irradiance=0.60x, temp=0.92x, wind=0.95x
2026-03-26 21:11:52 | INFO | Weather Multiplier (combined): 0.52x
2026-03-26 21:11:52 | INFO | Abrupt Weather Change Detected: False
2026-03-26 21:11:52 | INFO | --- TREND ANALYSIS ---
2026-03-26 21:11:52 | INFO | Trend series (oldest -> latest):
2026-03-26 21:11:52 | INFO |   Block 39: 2.312 MW (source: INTRADAY_FALLBACK)
2026-03-26 21:11:52 | INFO |   Block 38: 2.128 MW (source: INTRADAY_FALLBACK)
2026-03-26 21:11:52 | INFO |   Block 37: 1.928 MW (source: INTRADAY_FALLBACK)
2026-03-26 21:11:52 | INFO |   Block 36: 1.720 MW (source: INTRADAY_FALLBACK)
2026-03-26 21:11:52 | INFO | Trend values used for slope calc: B39=2.312(INTRADAY_FALLBACK), B38=2.128(INTRADAY_FALLBACK), B37=1.928(INTRADAY_FALLBACK), B36=1.720(INTRADAY_FALLBACK)
2026-03-26 21:11:52 | INFO | Detected Trend Type: INCREASING
2026-03-26 21:11:52 | INFO | Trend Slope Percentage: 34.35%
2026-03-26 21:11:52 | INFO | Trend EPS Threshold: 1.50%
2026-03-26 21:11:52 | INFO | --- SCHEDULE CALCULATION ---
2026-03-26 21:11:52 | INFO | Condition Applied: CONDITION_3
2026-03-26 21:11:52 | INFO | Effective Base Forecast Used for Adjustments: 2.108 MW
2026-03-26 21:11:52 | INFO | Condition-3 (Phase-6) Applied:
2026-03-26 21:11:52 | INFO |   Forecast Mismatch: Intraday (2.480) != Day-ahead (3.090)
2026-03-26 21:11:52 | INFO |   Operation: ADD
2026-03-26 21:11:52 | INFO |   Base Adjustment %: 3.00%
2026-03-26 21:11:52 | INFO |   Irradiance Multiplier: 0.60x
2026-03-26 21:11:52 | INFO |   Temp Multiplier: 0.92x
2026-03-26 21:11:52 | INFO |   Wind Multiplier: 0.95x
2026-03-26 21:11:52 | INFO |   Weather Multiplier: 0.52x
2026-03-26 21:11:52 | INFO |   Final Adjustment %: 1.57%
2026-03-26 21:11:52 | INFO |   Calculation: 2.108 MW * (1 + 1.57% / 100)
2026-03-26 21:11:52 | INFO |   Formula (expanded): raw=2.1080*(1+1.5732/100)=2.1412
2026-03-26 21:11:52 | INFO | --- FINAL RESULT ---
2026-03-26 21:11:52 | INFO | Raw Schedule (before smoothing): 2.141 MW
2026-03-26 21:11:52 | INFO | Final Scheduled MW: 2.141 MW
2026-03-26 21:11:52 | INFO | --------------------------------------------------------------------------------
2026-03-26 21:11:52 | INFO | --------------------------------------------------------------------------------
2026-03-26 21:11:52 | INFO | BLOCK 41
2026-03-26 21:11:52 | INFO | --------------------------------------------------------------------------------
2026-03-26 21:11:52 | INFO | --- FORECAST DATA ---
2026-03-26 21:11:52 | INFO | Intraday Forecast (Enercast Raw): 3.290 MW
2026-03-26 21:11:52 | INFO | Intraday Forecast (Enercast, Scaled): 2.632 MW
2026-03-26 21:11:52 | INFO | Day-ahead Forecast (Enercast): 3.270 MW
2026-03-26 21:11:52 | INFO | Base Forecast (raw, before curtailment/shutdown): 2.237 MW
2026-03-26 21:11:52 | INFO | Base Forecast (used for schedule): 2.237 MW
2026-03-26 21:11:52 | INFO | Effective Base Forecast (after curtailment/shutdown): 2.237 MW
2026-03-26 21:11:52 | INFO | Plant Status: NORMAL
2026-03-26 21:11:52 | INFO | Effective Base Forecast = Base Forecast (raw) = 2.237 MW
2026-03-26 21:11:52 | INFO | --- WEATHER PARAMETERS ---
2026-03-26 21:11:52 | INFO | GTI: 707.0 W/m^2
2026-03-26 21:11:52 | INFO | DHI: 119.0 W/m^2
2026-03-26 21:11:52 | INFO | DNI: 0.0 W/m^2
2026-03-26 21:11:52 | INFO | Irradiance Ratio (GTI/MAX_GTI): 0.709
2026-03-26 21:11:52 | INFO | Diffuse Ratio (current): 0.168
2026-03-26 21:11:52 | INFO | Irradiance State: VARIABLE_CLEAR
2026-03-26 21:11:52 | INFO | Temp @ 2m: 32.41 C
2026-03-26 21:11:52 | INFO | Wind @ 10m: 14.92 m/s
2026-03-26 21:11:52 | INFO | Weather State: NORMAL
2026-03-26 21:11:52 | INFO | Dynamic Thresholds: cloud_thr=0.0000, shift_thr=0.0000
2026-03-26 21:11:52 | INFO | Multipliers: irradiance=0.60x, temp=0.92x, wind=0.95x
2026-03-26 21:11:52 | INFO | Weather Multiplier (combined): 0.52x
2026-03-26 21:11:52 | INFO | Abrupt Weather Change Detected: False
2026-03-26 21:11:52 | INFO | --- TREND ANALYSIS ---
2026-03-26 21:11:52 | INFO | Trend series (oldest -> latest):
2026-03-26 21:11:52 | INFO |   Block 40: 2.480 MW (source: INTRADAY_FALLBACK)
2026-03-26 21:11:52 | INFO |   Block 39: 2.312 MW (source: INTRADAY_FALLBACK)
2026-03-26 21:11:52 | INFO |   Block 38: 2.128 MW (source: INTRADAY_FALLBACK)
2026-03-26 21:11:52 | INFO |   Block 37: 1.928 MW (source: INTRADAY_FALLBACK)
2026-03-26 21:11:52 | INFO | Trend values used for slope calc: B40=2.480(INTRADAY_FALLBACK), B39=2.312(INTRADAY_FALLBACK), B38=2.128(INTRADAY_FALLBACK), B37=1.928(INTRADAY_FALLBACK)
2026-03-26 21:11:52 | INFO | Detected Trend Type: INCREASING
2026-03-26 21:11:52 | INFO | Trend Slope Percentage: 28.51%
2026-03-26 21:11:52 | INFO | Trend EPS Threshold: 1.50%
2026-03-26 21:11:52 | INFO | --- SCHEDULE CALCULATION ---
2026-03-26 21:11:52 | INFO | Condition Applied: CONDITION_3
2026-03-26 21:11:52 | INFO | Effective Base Forecast Used for Adjustments: 2.237 MW
2026-03-26 21:11:52 | INFO | Condition-3 (Phase-6) Applied:
2026-03-26 21:11:52 | INFO |   Forecast Mismatch: Intraday (2.632) != Day-ahead (3.270)
2026-03-26 21:11:52 | INFO |   Operation: ADD
2026-03-26 21:11:52 | INFO |   Base Adjustment %: 3.00%
2026-03-26 21:11:52 | INFO |   Irradiance Multiplier: 0.60x
2026-03-26 21:11:52 | INFO |   Temp Multiplier: 0.92x
2026-03-26 21:11:52 | INFO |   Wind Multiplier: 0.95x
2026-03-26 21:11:52 | INFO |   Weather Multiplier: 0.52x
2026-03-26 21:11:52 | INFO |   Final Adjustment %: 1.57%
2026-03-26 21:11:52 | INFO |   Calculation: 2.237 MW * (1 + 1.57% / 100)
2026-03-26 21:11:52 | INFO |   Formula (expanded): raw=2.2372*(1+1.5732/100)=2.2724
2026-03-26 21:11:52 | INFO | --- FINAL RESULT ---
2026-03-26 21:11:52 | INFO | Raw Schedule (before smoothing): 2.272 MW
2026-03-26 21:11:52 | INFO | Final Scheduled MW: 2.272 MW
2026-03-26 21:11:52 | INFO | --------------------------------------------------------------------------------
2026-03-26 21:11:52 | INFO | --------------------------------------------------------------------------------
2026-03-26 21:11:52 | INFO | BLOCK 42
2026-03-26 21:11:52 | INFO | --------------------------------------------------------------------------------
2026-03-26 21:11:52 | INFO | --- FORECAST DATA ---
2026-03-26 21:11:52 | INFO | Intraday Forecast (Enercast Raw): 3.440 MW
2026-03-26 21:11:52 | INFO | Intraday Forecast (Enercast, Scaled): 2.752 MW
2026-03-26 21:11:52 | INFO | Day-ahead Forecast (Enercast): 3.430 MW
2026-03-26 21:11:52 | INFO | Base Forecast (raw, before curtailment/shutdown): 2.339 MW
2026-03-26 21:11:52 | INFO | Base Forecast (used for schedule): 2.339 MW
2026-03-26 21:11:52 | INFO | Effective Base Forecast (after curtailment/shutdown): 2.339 MW
2026-03-26 21:11:52 | INFO | Plant Status: NORMAL
2026-03-26 21:11:52 | INFO | Effective Base Forecast = Base Forecast (raw) = 2.339 MW
2026-03-26 21:11:52 | INFO | --- WEATHER PARAMETERS ---
2026-03-26 21:11:52 | INFO | GTI: 754.0 W/m^2
2026-03-26 21:11:52 | INFO | DHI: 122.0 W/m^2
2026-03-26 21:11:52 | INFO | DNI: 0.0 W/m^2
2026-03-26 21:11:52 | INFO | Irradiance Ratio (GTI/MAX_GTI): 0.756
2026-03-26 21:11:52 | INFO | Diffuse Ratio (current): 0.162
2026-03-26 21:11:52 | INFO | Irradiance State: VARIABLE_CLEAR
2026-03-26 21:11:52 | INFO | Temp @ 2m: 32.86 C
2026-03-26 21:11:52 | INFO | Wind @ 10m: 15.83 m/s
2026-03-26 21:11:52 | INFO | Weather State: NORMAL
2026-03-26 21:11:52 | INFO | Dynamic Thresholds: cloud_thr=0.0000, shift_thr=0.0000
2026-03-26 21:11:52 | INFO | Multipliers: irradiance=0.60x, temp=0.92x, wind=0.95x
2026-03-26 21:11:52 | INFO | Weather Multiplier (combined): 0.52x
2026-03-26 21:11:52 | INFO | Abrupt Weather Change Detected: False
2026-03-26 21:11:52 | INFO | --- TREND ANALYSIS ---
2026-03-26 21:11:52 | INFO | Trend series (oldest -> latest):
2026-03-26 21:11:52 | INFO |   Block 41: 2.632 MW (source: INTRADAY_FALLBACK)
2026-03-26 21:11:52 | INFO |   Block 40: 2.480 MW (source: INTRADAY_FALLBACK)
2026-03-26 21:11:52 | INFO |   Block 39: 2.312 MW (source: INTRADAY_FALLBACK)
2026-03-26 21:11:52 | INFO |   Block 38: 2.128 MW (source: INTRADAY_FALLBACK)
2026-03-26 21:11:52 | INFO | Trend values used for slope calc: B41=2.632(INTRADAY_FALLBACK), B40=2.480(INTRADAY_FALLBACK), B39=2.312(INTRADAY_FALLBACK), B38=2.128(INTRADAY_FALLBACK)
2026-03-26 21:11:52 | INFO | Detected Trend Type: INCREASING
2026-03-26 21:11:52 | INFO | Trend Slope Percentage: 23.60%
2026-03-26 21:11:52 | INFO | Trend EPS Threshold: 1.50%
2026-03-26 21:11:52 | INFO | --- SCHEDULE CALCULATION ---
2026-03-26 21:11:52 | INFO | Condition Applied: CONDITION_3
2026-03-26 21:11:52 | INFO | Effective Base Forecast Used for Adjustments: 2.339 MW
2026-03-26 21:11:52 | INFO | Condition-3 (Phase-6) Applied:
2026-03-26 21:11:52 | INFO |   Forecast Mismatch: Intraday (2.752) != Day-ahead (3.430)
2026-03-26 21:11:52 | INFO |   Operation: ADD
2026-03-26 21:11:52 | INFO |   Base Adjustment %: 3.00%
2026-03-26 21:11:52 | INFO |   Irradiance Multiplier: 0.60x
2026-03-26 21:11:52 | INFO |   Temp Multiplier: 0.92x
2026-03-26 21:11:52 | INFO |   Wind Multiplier: 0.95x
2026-03-26 21:11:52 | INFO |   Weather Multiplier: 0.52x
2026-03-26 21:11:52 | INFO |   Final Adjustment %: 1.57%
2026-03-26 21:11:52 | INFO |   Calculation: 2.339 MW * (1 + 1.57% / 100)
2026-03-26 21:11:52 | INFO |   Formula (expanded): raw=2.3392*(1+1.5732/100)=2.3760
2026-03-26 21:11:52 | INFO | --- FINAL RESULT ---
2026-03-26 21:11:52 | INFO | Raw Schedule (before smoothing): 2.376 MW
2026-03-26 21:11:52 | INFO | Final Scheduled MW: 2.376 MW
2026-03-26 21:11:52 | INFO | --------------------------------------------------------------------------------
2026-03-26 21:11:52 | INFO | --------------------------------------------------------------------------------
2026-03-26 21:11:52 | INFO | BLOCK 43
2026-03-26 21:11:52 | INFO | --------------------------------------------------------------------------------
2026-03-26 21:11:52 | INFO | --- FORECAST DATA ---
2026-03-26 21:11:52 | INFO | Intraday Forecast (Enercast Raw): 3.580 MW
2026-03-26 21:11:52 | INFO | Intraday Forecast (Enercast, Scaled): 2.864 MW
2026-03-26 21:11:52 | INFO | Day-ahead Forecast (Enercast): 3.560 MW
2026-03-26 21:11:52 | INFO | Base Forecast (raw, before curtailment/shutdown): 2.434 MW
2026-03-26 21:11:52 | INFO | Base Forecast (used for schedule): 2.434 MW
2026-03-26 21:11:52 | INFO | Effective Base Forecast (after curtailment/shutdown): 2.434 MW
2026-03-26 21:11:52 | INFO | Plant Status: NORMAL
2026-03-26 21:11:52 | INFO | Effective Base Forecast = Base Forecast (raw) = 2.434 MW
2026-03-26 21:11:52 | INFO | --- WEATHER PARAMETERS ---
2026-03-26 21:11:52 | INFO | GTI: 798.0 W/m^2
2026-03-26 21:11:52 | INFO | DHI: 124.0 W/m^2
2026-03-26 21:11:52 | INFO | DNI: 0.0 W/m^2
2026-03-26 21:11:52 | INFO | Irradiance Ratio (GTI/MAX_GTI): 0.800
2026-03-26 21:11:52 | INFO | Diffuse Ratio (current): 0.155
2026-03-26 21:11:52 | INFO | Irradiance State: STABLE_CLEAR
2026-03-26 21:11:52 | INFO | Temp @ 2m: 33.31 C
2026-03-26 21:11:52 | INFO | Wind @ 10m: 16.07 m/s
2026-03-26 21:11:52 | INFO | Weather State: NORMAL
2026-03-26 21:11:52 | INFO | Dynamic Thresholds: cloud_thr=0.0000, shift_thr=0.0000
2026-03-26 21:11:52 | INFO | Multipliers: irradiance=0.82x, temp=0.92x, wind=0.95x
2026-03-26 21:11:52 | INFO | Weather Multiplier (combined): 0.72x
2026-03-26 21:11:52 | INFO | Abrupt Weather Change Detected: False
2026-03-26 21:11:52 | INFO | --- TREND ANALYSIS ---
2026-03-26 21:11:52 | INFO | Trend series (oldest -> latest):
2026-03-26 21:11:52 | INFO |   Block 42: 2.752 MW (source: INTRADAY_FALLBACK)
2026-03-26 21:11:52 | INFO |   Block 41: 2.632 MW (source: INTRADAY_FALLBACK)
2026-03-26 21:11:52 | INFO |   Block 40: 2.480 MW (source: INTRADAY_FALLBACK)
2026-03-26 21:11:52 | INFO |   Block 39: 2.312 MW (source: INTRADAY_FALLBACK)
2026-03-26 21:11:52 | INFO | Trend values used for slope calc: B42=2.752(INTRADAY_FALLBACK), B41=2.632(INTRADAY_FALLBACK), B40=2.480(INTRADAY_FALLBACK), B39=2.312(INTRADAY_FALLBACK)
2026-03-26 21:11:52 | INFO | Detected Trend Type: INCREASING
2026-03-26 21:11:52 | INFO | Trend Slope Percentage: 19.01%
2026-03-26 21:11:52 | INFO | Trend EPS Threshold: 1.50%
2026-03-26 21:11:52 | INFO | --- SCHEDULE CALCULATION ---
2026-03-26 21:11:52 | INFO | Condition Applied: CONDITION_3
2026-03-26 21:11:52 | INFO | Effective Base Forecast Used for Adjustments: 2.434 MW
2026-03-26 21:11:52 | INFO | Condition-3 (Phase-6) Applied:
2026-03-26 21:11:52 | INFO |   Forecast Mismatch: Intraday (2.864) != Day-ahead (3.560)
2026-03-26 21:11:52 | INFO |   Operation: ADD
2026-03-26 21:11:52 | INFO |   Base Adjustment %: 3.00%
2026-03-26 21:11:52 | INFO |   Irradiance Multiplier: 0.82x
2026-03-26 21:11:52 | INFO |   Temp Multiplier: 0.92x
2026-03-26 21:11:52 | INFO |   Wind Multiplier: 0.95x
2026-03-26 21:11:52 | INFO |   Weather Multiplier: 0.72x
2026-03-26 21:11:52 | INFO |   Final Adjustment %: 2.15%
2026-03-26 21:11:52 | INFO |   Calculation: 2.434 MW * (1 + 2.15% / 100)
2026-03-26 21:11:52 | INFO |   Formula (expanded): raw=2.4344*(1+2.1500/100)=2.4867
2026-03-26 21:11:52 | INFO | --- FINAL RESULT ---
2026-03-26 21:11:52 | INFO | Raw Schedule (before smoothing): 2.487 MW
2026-03-26 21:11:52 | INFO | Final Scheduled MW: 2.487 MW
2026-03-26 21:11:52 | INFO | --------------------------------------------------------------------------------
2026-03-26 21:11:52 | INFO | --------------------------------------------------------------------------------
2026-03-26 21:11:52 | INFO | BLOCK 44
2026-03-26 21:11:52 | INFO | --------------------------------------------------------------------------------
2026-03-26 21:11:52 | INFO | --- FORECAST DATA ---
2026-03-26 21:11:52 | INFO | Intraday Forecast (Enercast Raw): 3.700 MW
2026-03-26 21:11:52 | INFO | Intraday Forecast (Enercast, Scaled): 2.960 MW
2026-03-26 21:11:52 | INFO | Day-ahead Forecast (Enercast): 3.670 MW
2026-03-26 21:11:52 | INFO | Base Forecast (raw, before curtailment/shutdown): 2.516 MW
2026-03-26 21:11:52 | INFO | Base Forecast (used for schedule): 2.516 MW
2026-03-26 21:11:52 | INFO | Effective Base Forecast (after curtailment/shutdown): 2.516 MW
2026-03-26 21:11:52 | INFO | Plant Status: NORMAL
2026-03-26 21:11:52 | INFO | Effective Base Forecast = Base Forecast (raw) = 2.516 MW
2026-03-26 21:11:52 | INFO | --- WEATHER PARAMETERS ---
2026-03-26 21:11:52 | INFO | GTI: 838.0 W/m^2
2026-03-26 21:11:52 | INFO | DHI: 127.0 W/m^2
2026-03-26 21:11:52 | INFO | DNI: 0.0 W/m^2
2026-03-26 21:11:52 | INFO | Irradiance Ratio (GTI/MAX_GTI): 0.841
2026-03-26 21:11:52 | INFO | Diffuse Ratio (current): 0.152
2026-03-26 21:11:52 | INFO | Irradiance State: STABLE_CLEAR
2026-03-26 21:11:52 | INFO | Temp @ 2m: 33.71 C
2026-03-26 21:11:52 | INFO | Wind @ 10m: 15.89 m/s
2026-03-26 21:11:52 | INFO | Weather State: NORMAL
2026-03-26 21:11:52 | INFO | Dynamic Thresholds: cloud_thr=0.0000, shift_thr=0.0000
2026-03-26 21:11:52 | INFO | Multipliers: irradiance=0.82x, temp=0.92x, wind=0.95x
2026-03-26 21:11:52 | INFO | Weather Multiplier (combined): 0.72x
2026-03-26 21:11:52 | INFO | Abrupt Weather Change Detected: False
2026-03-26 21:11:52 | INFO | --- TREND ANALYSIS ---
2026-03-26 21:11:52 | INFO | Trend series (oldest -> latest):
2026-03-26 21:11:52 | INFO |   Block 43: 2.864 MW (source: INTRADAY_FALLBACK)
2026-03-26 21:11:52 | INFO |   Block 42: 2.752 MW (source: INTRADAY_FALLBACK)
2026-03-26 21:11:52 | INFO |   Block 41: 2.632 MW (source: INTRADAY_FALLBACK)
2026-03-26 21:11:52 | INFO |   Block 40: 2.480 MW (source: INTRADAY_FALLBACK)
2026-03-26 21:11:52 | INFO | Trend values used for slope calc: B43=2.864(INTRADAY_FALLBACK), B42=2.752(INTRADAY_FALLBACK), B41=2.632(INTRADAY_FALLBACK), B40=2.480(INTRADAY_FALLBACK)
2026-03-26 21:11:52 | INFO | Detected Trend Type: INCREASING
2026-03-26 21:11:52 | INFO | Trend Slope Percentage: 15.32%
2026-03-26 21:11:52 | INFO | Trend EPS Threshold: 1.50%
2026-03-26 21:11:52 | INFO | --- SCHEDULE CALCULATION ---
2026-03-26 21:11:52 | INFO | Condition Applied: CONDITION_3
2026-03-26 21:11:52 | INFO | Effective Base Forecast Used for Adjustments: 2.516 MW
2026-03-26 21:11:52 | INFO | Condition-3 (Phase-6) Applied:
2026-03-26 21:11:52 | INFO |   Forecast Mismatch: Intraday (2.960) != Day-ahead (3.670)
2026-03-26 21:11:52 | INFO |   Operation: ADD
2026-03-26 21:11:52 | INFO |   Base Adjustment %: 3.00%
2026-03-26 21:11:52 | INFO |   Irradiance Multiplier: 0.82x
2026-03-26 21:11:52 | INFO |   Temp Multiplier: 0.92x
2026-03-26 21:11:52 | INFO |   Wind Multiplier: 0.95x
2026-03-26 21:11:52 | INFO |   Weather Multiplier: 0.72x
2026-03-26 21:11:52 | INFO |   Final Adjustment %: 2.15%
2026-03-26 21:11:52 | INFO |   Calculation: 2.516 MW * (1 + 2.15% / 100)
2026-03-26 21:11:52 | INFO |   Formula (expanded): raw=2.5160*(1+2.1500/100)=2.5701
2026-03-26 21:11:52 | INFO | --- FINAL RESULT ---
2026-03-26 21:11:52 | INFO | Raw Schedule (before smoothing): 2.570 MW
2026-03-26 21:11:52 | INFO | Final Scheduled MW: 2.570 MW
2026-03-26 21:11:52 | INFO | --------------------------------------------------------------------------------
2026-03-26 21:11:52 | INFO | --------------------------------------------------------------------------------
2026-03-26 21:11:52 | INFO | BLOCK 45
2026-03-26 21:11:52 | INFO | --------------------------------------------------------------------------------
2026-03-26 21:11:52 | INFO | --- FORECAST DATA ---
2026-03-26 21:11:52 | INFO | Intraday Forecast (Enercast Raw): 3.810 MW
2026-03-26 21:11:52 | INFO | Intraday Forecast (Enercast, Scaled): 3.048 MW
2026-03-26 21:11:52 | INFO | Day-ahead Forecast (Enercast): 3.770 MW
2026-03-26 21:11:52 | INFO | Base Forecast (raw, before curtailment/shutdown): 2.591 MW
2026-03-26 21:11:52 | INFO | Base Forecast (used for schedule): 2.591 MW
2026-03-26 21:11:52 | INFO | Effective Base Forecast (after curtailment/shutdown): 2.591 MW
2026-03-26 21:11:52 | INFO | Plant Status: NORMAL
2026-03-26 21:11:52 | INFO | Effective Base Forecast = Base Forecast (raw) = 2.591 MW
2026-03-26 21:11:52 | INFO | --- WEATHER PARAMETERS ---
2026-03-26 21:11:52 | INFO | GTI: 873.0 W/m^2
2026-03-26 21:11:52 | INFO | DHI: 128.0 W/m^2
2026-03-26 21:11:52 | INFO | DNI: 0.0 W/m^2
2026-03-26 21:11:52 | INFO | Irradiance Ratio (GTI/MAX_GTI): 0.876
2026-03-26 21:11:52 | INFO | Diffuse Ratio (current): 0.147
2026-03-26 21:11:52 | INFO | Irradiance State: STABLE_CLEAR
2026-03-26 21:11:52 | INFO | Temp @ 2m: 34.01 C
2026-03-26 21:11:52 | INFO | Wind @ 10m: 15.39 m/s
2026-03-26 21:11:52 | INFO | Weather State: NORMAL
2026-03-26 21:11:52 | INFO | Dynamic Thresholds: cloud_thr=0.0000, shift_thr=0.0000
2026-03-26 21:11:52 | INFO | Multipliers: irradiance=0.82x, temp=0.92x, wind=0.95x
2026-03-26 21:11:52 | INFO | Weather Multiplier (combined): 0.72x
2026-03-26 21:11:52 | INFO | Abrupt Weather Change Detected: False
2026-03-26 21:11:52 | INFO | --- TREND ANALYSIS ---
2026-03-26 21:11:52 | INFO | Trend series (oldest -> latest):
2026-03-26 21:11:52 | INFO |   Block 44: 2.960 MW (source: INTRADAY_FALLBACK)
2026-03-26 21:11:52 | INFO |   Block 43: 2.864 MW (source: INTRADAY_FALLBACK)
2026-03-26 21:11:52 | INFO |   Block 42: 2.752 MW (source: INTRADAY_FALLBACK)
2026-03-26 21:11:52 | INFO |   Block 41: 2.632 MW (source: INTRADAY_FALLBACK)
2026-03-26 21:11:52 | INFO | Trend values used for slope calc: B44=2.960(INTRADAY_FALLBACK), B43=2.864(INTRADAY_FALLBACK), B42=2.752(INTRADAY_FALLBACK), B41=2.632(INTRADAY_FALLBACK)
2026-03-26 21:11:52 | INFO | Detected Trend Type: INCREASING
2026-03-26 21:11:52 | INFO | Trend Slope Percentage: 12.47%
2026-03-26 21:11:52 | INFO | Trend EPS Threshold: 1.50%
2026-03-26 21:11:52 | INFO | --- SCHEDULE CALCULATION ---
2026-03-26 21:11:52 | INFO | Condition Applied: CONDITION_3
2026-03-26 21:11:52 | INFO | Effective Base Forecast Used for Adjustments: 2.591 MW
2026-03-26 21:11:52 | INFO | Condition-3 (Phase-6) Applied:
2026-03-26 21:11:52 | INFO |   Forecast Mismatch: Intraday (3.048) != Day-ahead (3.770)
2026-03-26 21:11:52 | INFO |   Operation: ADD
2026-03-26 21:11:52 | INFO |   Base Adjustment %: 3.00%
2026-03-26 21:11:52 | INFO |   Irradiance Multiplier: 0.82x
2026-03-26 21:11:52 | INFO |   Temp Multiplier: 0.92x
2026-03-26 21:11:52 | INFO |   Wind Multiplier: 0.95x
2026-03-26 21:11:52 | INFO |   Weather Multiplier: 0.72x
2026-03-26 21:11:52 | INFO |   Final Adjustment %: 2.15%
2026-03-26 21:11:52 | INFO |   Calculation: 2.591 MW * (1 + 2.15% / 100)
2026-03-26 21:11:52 | INFO |   Formula (expanded): raw=2.5908*(1+2.1500/100)=2.6465
2026-03-26 21:11:52 | INFO | --- FINAL RESULT ---
2026-03-26 21:11:52 | INFO | Raw Schedule (before smoothing): 2.647 MW
2026-03-26 21:11:52 | INFO | Final Scheduled MW: 2.647 MW
2026-03-26 21:11:52 | INFO | --------------------------------------------------------------------------------
2026-03-26 21:11:52 | INFO | --------------------------------------------------------------------------------
2026-03-26 21:11:52 | INFO | BLOCK 46
2026-03-26 21:11:52 | INFO | --------------------------------------------------------------------------------
2026-03-26 21:11:52 | INFO | --- FORECAST DATA ---
2026-03-26 21:11:52 | INFO | Intraday Forecast (Enercast Raw): 3.900 MW
2026-03-26 21:11:52 | INFO | Intraday Forecast (Enercast, Scaled): 3.120 MW
2026-03-26 21:11:52 | INFO | Day-ahead Forecast (Enercast): 3.850 MW
2026-03-26 21:11:52 | INFO | Base Forecast (raw, before curtailment/shutdown): 2.652 MW
2026-03-26 21:11:52 | INFO | Base Forecast (used for schedule): 2.652 MW
2026-03-26 21:11:52 | INFO | Effective Base Forecast (after curtailment/shutdown): 2.652 MW
2026-03-26 21:11:52 | INFO | Plant Status: NORMAL
2026-03-26 21:11:52 | INFO | Effective Base Forecast = Base Forecast (raw) = 2.652 MW
2026-03-26 21:11:52 | INFO | --- WEATHER PARAMETERS ---
2026-03-26 21:11:52 | INFO | GTI: 905.0 W/m^2
2026-03-26 21:11:52 | INFO | DHI: 130.0 W/m^2
2026-03-26 21:11:52 | INFO | DNI: 0.0 W/m^2
2026-03-26 21:11:52 | INFO | Irradiance Ratio (GTI/MAX_GTI): 0.908
2026-03-26 21:11:52 | INFO | Diffuse Ratio (current): 0.144
2026-03-26 21:11:52 | INFO | Irradiance State: STABLE_CLEAR
2026-03-26 21:11:52 | INFO | Temp @ 2m: 34.31 C
2026-03-26 21:11:52 | INFO | Wind @ 10m: 14.56 m/s
2026-03-26 21:11:52 | INFO | Weather State: NORMAL
2026-03-26 21:11:52 | INFO | Dynamic Thresholds: cloud_thr=0.0000, shift_thr=0.0000
2026-03-26 21:11:52 | INFO | Multipliers: irradiance=0.82x, temp=0.92x, wind=0.95x
2026-03-26 21:11:52 | INFO | Weather Multiplier (combined): 0.72x
2026-03-26 21:11:52 | INFO | Abrupt Weather Change Detected: False
2026-03-26 21:11:52 | INFO | --- TREND ANALYSIS ---
2026-03-26 21:11:52 | INFO | Trend series (oldest -> latest):
2026-03-26 21:11:52 | INFO |   Block 45: 3.048 MW (source: INTRADAY_FALLBACK)
2026-03-26 21:11:52 | INFO |   Block 44: 2.960 MW (source: INTRADAY_FALLBACK)
2026-03-26 21:11:52 | INFO |   Block 43: 2.864 MW (source: INTRADAY_FALLBACK)
2026-03-26 21:11:52 | INFO |   Block 42: 2.752 MW (source: INTRADAY_FALLBACK)
2026-03-26 21:11:52 | INFO | Trend values used for slope calc: B45=3.048(INTRADAY_FALLBACK), B44=2.960(INTRADAY_FALLBACK), B43=2.864(INTRADAY_FALLBACK), B42=2.752(INTRADAY_FALLBACK)
2026-03-26 21:11:52 | INFO | Detected Trend Type: INCREASING
2026-03-26 21:11:52 | INFO | Trend Slope Percentage: 10.70%
2026-03-26 21:11:52 | INFO | Trend EPS Threshold: 1.50%
2026-03-26 21:11:52 | INFO | --- SCHEDULE CALCULATION ---
2026-03-26 21:11:52 | INFO | Condition Applied: CONDITION_3
2026-03-26 21:11:52 | INFO | Effective Base Forecast Used for Adjustments: 2.652 MW
2026-03-26 21:11:52 | INFO | Condition-3 (Phase-6) Applied:
2026-03-26 21:11:52 | INFO |   Forecast Mismatch: Intraday (3.120) != Day-ahead (3.850)
2026-03-26 21:11:52 | INFO |   Operation: ADD
2026-03-26 21:11:52 | INFO |   Base Adjustment %: 3.00%
2026-03-26 21:11:52 | INFO |   Irradiance Multiplier: 0.82x
2026-03-26 21:11:52 | INFO |   Temp Multiplier: 0.92x
2026-03-26 21:11:52 | INFO |   Wind Multiplier: 0.95x
2026-03-26 21:11:52 | INFO |   Weather Multiplier: 0.72x
2026-03-26 21:11:52 | INFO |   Final Adjustment %: 2.15%
2026-03-26 21:11:52 | INFO |   Calculation: 2.652 MW * (1 + 2.15% / 100)
2026-03-26 21:11:52 | INFO |   Formula (expanded): raw=2.6520*(1+2.1500/100)=2.7090
2026-03-26 21:11:52 | INFO | --- FINAL RESULT ---
2026-03-26 21:11:52 | INFO | Raw Schedule (before smoothing): 2.709 MW
2026-03-26 21:11:52 | INFO | Final Scheduled MW: 2.709 MW
2026-03-26 21:11:52 | INFO | --------------------------------------------------------------------------------
2026-03-26 21:11:52 | INFO | --------------------------------------------------------------------------------
2026-03-26 21:11:52 | INFO | BLOCK 47
2026-03-26 21:11:52 | INFO | --------------------------------------------------------------------------------
2026-03-26 21:11:52 | INFO | --- FORECAST DATA ---
2026-03-26 21:11:52 | INFO | Intraday Forecast (Enercast Raw): 3.970 MW
2026-03-26 21:11:52 | INFO | Intraday Forecast (Enercast, Scaled): 3.176 MW
2026-03-26 21:11:52 | INFO | Day-ahead Forecast (Enercast): 3.910 MW
2026-03-26 21:11:52 | INFO | Base Forecast (raw, before curtailment/shutdown): 2.700 MW
2026-03-26 21:11:52 | INFO | Base Forecast (used for schedule): 2.700 MW
2026-03-26 21:11:52 | INFO | Effective Base Forecast (after curtailment/shutdown): 2.700 MW
2026-03-26 21:11:52 | INFO | Plant Status: NORMAL
2026-03-26 21:11:52 | INFO | Effective Base Forecast = Base Forecast (raw) = 2.700 MW
2026-03-26 21:11:52 | INFO | --- WEATHER PARAMETERS ---
2026-03-26 21:11:52 | INFO | GTI: 931.0 W/m^2
2026-03-26 21:11:52 | INFO | DHI: 132.0 W/m^2
2026-03-26 21:11:52 | INFO | DNI: 0.0 W/m^2
2026-03-26 21:11:52 | INFO | Irradiance Ratio (GTI/MAX_GTI): 0.934
2026-03-26 21:11:52 | INFO | Diffuse Ratio (current): 0.142
2026-03-26 21:11:52 | INFO | Irradiance State: STABLE_CLEAR
2026-03-26 21:11:52 | INFO | Temp @ 2m: 34.61 C
2026-03-26 21:11:52 | INFO | Wind @ 10m: 14.11 m/s
2026-03-26 21:11:52 | INFO | Weather State: NORMAL
2026-03-26 21:11:52 | INFO | Dynamic Thresholds: cloud_thr=0.0000, shift_thr=0.0000
2026-03-26 21:11:52 | INFO | Multipliers: irradiance=0.82x, temp=0.92x, wind=0.95x
2026-03-26 21:11:52 | INFO | Weather Multiplier (combined): 0.72x
2026-03-26 21:11:52 | INFO | Abrupt Weather Change Detected: False
2026-03-26 21:11:52 | INFO | --- TREND ANALYSIS ---
2026-03-26 21:11:52 | INFO | Trend series (oldest -> latest):
2026-03-26 21:11:52 | INFO |   Block 46: 3.120 MW (source: INTRADAY_FALLBACK)
2026-03-26 21:11:52 | INFO |   Block 45: 3.048 MW (source: INTRADAY_FALLBACK)
2026-03-26 21:11:52 | INFO |   Block 44: 2.960 MW (source: INTRADAY_FALLBACK)
2026-03-26 21:11:52 | INFO |   Block 43: 2.864 MW (source: INTRADAY_FALLBACK)
2026-03-26 21:11:52 | INFO | Trend values used for slope calc: B46=3.120(INTRADAY_FALLBACK), B45=3.048(INTRADAY_FALLBACK), B44=2.960(INTRADAY_FALLBACK), B43=2.864(INTRADAY_FALLBACK)
2026-03-26 21:11:52 | INFO | Detected Trend Type: INCREASING
2026-03-26 21:11:52 | INFO | Trend Slope Percentage: 8.95%
2026-03-26 21:11:52 | INFO | Trend EPS Threshold: 1.50%
2026-03-26 21:11:52 | INFO | --- SCHEDULE CALCULATION ---
2026-03-26 21:11:52 | INFO | Condition Applied: CONDITION_3
2026-03-26 21:11:52 | INFO | Effective Base Forecast Used for Adjustments: 2.700 MW
2026-03-26 21:11:52 | INFO | Condition-3 (Phase-6) Applied:
2026-03-26 21:11:52 | INFO |   Forecast Mismatch: Intraday (3.176) != Day-ahead (3.910)
2026-03-26 21:11:52 | INFO |   Operation: ADD
2026-03-26 21:11:52 | INFO |   Base Adjustment %: 3.00%
2026-03-26 21:11:52 | INFO |   Irradiance Multiplier: 0.82x
2026-03-26 21:11:52 | INFO |   Temp Multiplier: 0.92x
2026-03-26 21:11:52 | INFO |   Wind Multiplier: 0.95x
2026-03-26 21:11:52 | INFO |   Weather Multiplier: 0.72x
2026-03-26 21:11:52 | INFO |   Final Adjustment %: 2.15%
2026-03-26 21:11:52 | INFO |   Calculation: 2.700 MW * (1 + 2.15% / 100)
2026-03-26 21:11:52 | INFO |   Formula (expanded): raw=2.6996*(1+2.1500/100)=2.7576
2026-03-26 21:11:52 | INFO | --- FINAL RESULT ---
2026-03-26 21:11:52 | INFO | Raw Schedule (before smoothing): 2.758 MW
2026-03-26 21:11:52 | INFO | Final Scheduled MW: 2.758 MW
2026-03-26 21:11:52 | INFO | --------------------------------------------------------------------------------
2026-03-26 21:11:52 | INFO | --------------------------------------------------------------------------------
2026-03-26 21:11:52 | INFO | BLOCK 48
2026-03-26 21:11:52 | INFO | --------------------------------------------------------------------------------
2026-03-26 21:11:52 | INFO | --- FORECAST DATA ---
2026-03-26 21:11:52 | INFO | Intraday Forecast (Enercast Raw): 4.020 MW
2026-03-26 21:11:52 | INFO | Intraday Forecast (Enercast, Scaled): 3.216 MW
2026-03-26 21:11:52 | INFO | Day-ahead Forecast (Enercast): 3.970 MW
2026-03-26 21:11:52 | INFO | Base Forecast (raw, before curtailment/shutdown): 2.734 MW
2026-03-26 21:11:52 | INFO | Base Forecast (used for schedule): 2.734 MW
2026-03-26 21:11:52 | INFO | Effective Base Forecast (after curtailment/shutdown): 2.734 MW
2026-03-26 21:11:52 | INFO | Plant Status: NORMAL
2026-03-26 21:11:52 | INFO | Effective Base Forecast = Base Forecast (raw) = 2.734 MW
2026-03-26 21:11:52 | INFO | --- WEATHER PARAMETERS ---
2026-03-26 21:11:52 | INFO | GTI: 954.0 W/m^2
2026-03-26 21:11:52 | INFO | DHI: 133.0 W/m^2
2026-03-26 21:11:52 | INFO | DNI: 0.0 W/m^2
2026-03-26 21:11:52 | INFO | Irradiance Ratio (GTI/MAX_GTI): 0.957
2026-03-26 21:11:52 | INFO | Diffuse Ratio (current): 0.139
2026-03-26 21:11:52 | INFO | Irradiance State: STABLE_CLEAR
2026-03-26 21:11:52 | INFO | Temp @ 2m: 34.86 C
2026-03-26 21:11:52 | INFO | Wind @ 10m: 13.72 m/s
2026-03-26 21:11:52 | INFO | Weather State: NORMAL
2026-03-26 21:11:52 | INFO | Dynamic Thresholds: cloud_thr=0.0000, shift_thr=0.0000
2026-03-26 21:11:52 | INFO | Multipliers: irradiance=0.82x, temp=0.92x, wind=0.95x
2026-03-26 21:11:52 | INFO | Weather Multiplier (combined): 0.72x
2026-03-26 21:11:52 | INFO | Abrupt Weather Change Detected: False
2026-03-26 21:11:52 | INFO | --- TREND ANALYSIS ---
2026-03-26 21:11:52 | INFO | Trend series (oldest -> latest):
2026-03-26 21:11:52 | INFO |   Block 47: 3.176 MW (source: INTRADAY_FALLBACK)
2026-03-26 21:11:52 | INFO |   Block 46: 3.120 MW (source: INTRADAY_FALLBACK)
2026-03-26 21:11:52 | INFO |   Block 45: 3.048 MW (source: INTRADAY_FALLBACK)
2026-03-26 21:11:52 | INFO |   Block 44: 2.960 MW (source: INTRADAY_FALLBACK)
2026-03-26 21:11:52 | INFO | Trend values used for slope calc: B47=3.176(INTRADAY_FALLBACK), B46=3.120(INTRADAY_FALLBACK), B45=3.048(INTRADAY_FALLBACK), B44=2.960(INTRADAY_FALLBACK)
2026-03-26 21:11:52 | INFO | Detected Trend Type: INCREASING
2026-03-26 21:11:52 | INFO | Trend Slope Percentage: 7.28%
2026-03-26 21:11:52 | INFO | Trend EPS Threshold: 1.50%
2026-03-26 21:11:52 | INFO | --- SCHEDULE CALCULATION ---
2026-03-26 21:11:52 | INFO | Condition Applied: CONDITION_3
2026-03-26 21:11:52 | INFO | Effective Base Forecast Used for Adjustments: 2.734 MW
2026-03-26 21:11:52 | INFO | Condition-3 (Phase-6) Applied:
2026-03-26 21:11:52 | INFO |   Forecast Mismatch: Intraday (3.216) != Day-ahead (3.970)
2026-03-26 21:11:52 | INFO |   Operation: ADD
2026-03-26 21:11:52 | INFO |   Base Adjustment %: 3.00%
2026-03-26 21:11:52 | INFO |   Irradiance Multiplier: 0.82x
2026-03-26 21:11:52 | INFO |   Temp Multiplier: 0.92x
2026-03-26 21:11:52 | INFO |   Wind Multiplier: 0.95x
2026-03-26 21:11:52 | INFO |   Weather Multiplier: 0.72x
2026-03-26 21:11:52 | INFO |   Final Adjustment %: 2.15%
2026-03-26 21:11:52 | INFO |   Calculation: 2.734 MW * (1 + 2.15% / 100)
2026-03-26 21:11:52 | INFO |   Formula (expanded): raw=2.7336*(1+2.1500/100)=2.7924
2026-03-26 21:11:52 | INFO | --- FINAL RESULT ---
2026-03-26 21:11:52 | INFO | Raw Schedule (before smoothing): 2.792 MW
2026-03-26 21:11:52 | INFO | Final Scheduled MW: 2.792 MW
2026-03-26 21:11:52 | INFO | --------------------------------------------------------------------------------
2026-03-26 21:11:52 | INFO | --------------------------------------------------------------------------------
2026-03-26 21:11:52 | INFO | BLOCK 49
2026-03-26 21:11:52 | INFO | --------------------------------------------------------------------------------
2026-03-26 21:11:52 | INFO | --- FORECAST DATA ---
2026-03-26 21:11:52 | INFO | Intraday Forecast (Enercast Raw): 4.060 MW
2026-03-26 21:11:52 | INFO | Intraday Forecast (Enercast, Scaled): 3.248 MW
2026-03-26 21:11:52 | INFO | Day-ahead Forecast (Enercast): 4.000 MW
2026-03-26 21:11:52 | INFO | Base Forecast (raw, before curtailment/shutdown): 2.761 MW
2026-03-26 21:11:52 | INFO | Base Forecast (used for schedule): 2.761 MW
2026-03-26 21:11:52 | INFO | Effective Base Forecast (after curtailment/shutdown): 2.761 MW
2026-03-26 21:11:52 | INFO | Plant Status: NORMAL
2026-03-26 21:11:52 | INFO | Effective Base Forecast = Base Forecast (raw) = 2.761 MW
2026-03-26 21:11:52 | INFO | --- WEATHER PARAMETERS ---
2026-03-26 21:11:52 | INFO | GTI: 971.0 W/m^2
2026-03-26 21:11:52 | INFO | DHI: 134.0 W/m^2
2026-03-26 21:11:52 | INFO | DNI: 0.0 W/m^2
2026-03-26 21:11:52 | INFO | Irradiance Ratio (GTI/MAX_GTI): 0.974
2026-03-26 21:11:52 | INFO | Diffuse Ratio (current): 0.138
2026-03-26 21:11:52 | INFO | Irradiance State: STABLE_CLEAR
2026-03-26 21:11:52 | INFO | Temp @ 2m: 35.11 C
2026-03-26 21:11:52 | INFO | Wind @ 10m: 13.36 m/s
2026-03-26 21:11:52 | INFO | Weather State: NORMAL
2026-03-26 21:11:52 | INFO | Dynamic Thresholds: cloud_thr=0.0000, shift_thr=0.0000
2026-03-26 21:11:52 | INFO | Multipliers: irradiance=0.82x, temp=0.78x, wind=0.95x
2026-03-26 21:11:52 | INFO | Weather Multiplier (combined): 0.61x
2026-03-26 21:11:52 | INFO | Abrupt Weather Change Detected: False
2026-03-26 21:11:52 | INFO | --- TREND ANALYSIS ---
2026-03-26 21:11:52 | INFO | Trend series (oldest -> latest):
2026-03-26 21:11:52 | INFO |   Block 48: 3.216 MW (source: INTRADAY_FALLBACK)
2026-03-26 21:11:52 | INFO |   Block 47: 3.176 MW (source: INTRADAY_FALLBACK)
2026-03-26 21:11:52 | INFO |   Block 46: 3.120 MW (source: INTRADAY_FALLBACK)
2026-03-26 21:11:52 | INFO |   Block 45: 3.048 MW (source: INTRADAY_FALLBACK)
2026-03-26 21:11:52 | INFO | Trend values used for slope calc: B48=3.216(INTRADAY_FALLBACK), B47=3.176(INTRADAY_FALLBACK), B46=3.120(INTRADAY_FALLBACK), B45=3.048(INTRADAY_FALLBACK)
2026-03-26 21:11:52 | INFO | Detected Trend Type: INCREASING
2026-03-26 21:11:52 | INFO | Trend Slope Percentage: 5.50%
2026-03-26 21:11:52 | INFO | Trend EPS Threshold: 1.50%
2026-03-26 21:11:52 | INFO | --- SCHEDULE CALCULATION ---
2026-03-26 21:11:52 | INFO | Condition Applied: CONDITION_3
2026-03-26 21:11:52 | INFO | Effective Base Forecast Used for Adjustments: 2.761 MW
2026-03-26 21:11:52 | INFO | Condition-3 (Phase-6) Applied:
2026-03-26 21:11:52 | INFO |   Forecast Mismatch: Intraday (3.248) != Day-ahead (4.000)
2026-03-26 21:11:52 | INFO |   Operation: ADD
2026-03-26 21:11:52 | INFO |   Base Adjustment %: 2.00%
2026-03-26 21:11:52 | INFO |   Irradiance Multiplier: 0.82x
2026-03-26 21:11:52 | INFO |   Temp Multiplier: 0.78x
2026-03-26 21:11:52 | INFO |   Wind Multiplier: 0.95x
2026-03-26 21:11:52 | INFO |   Weather Multiplier: 0.61x
2026-03-26 21:11:52 | INFO |   Final Adjustment %: 1.22%
2026-03-26 21:11:52 | INFO |   Calculation: 2.761 MW * (1 + 1.22% / 100)
2026-03-26 21:11:52 | INFO |   Formula (expanded): raw=2.7608*(1+1.2152/100)=2.7944
2026-03-26 21:11:52 | INFO | --- FINAL RESULT ---
2026-03-26 21:11:52 | INFO | Raw Schedule (before smoothing): 2.794 MW
2026-03-26 21:11:52 | INFO | Final Scheduled MW: 2.794 MW
2026-03-26 21:11:52 | INFO | --------------------------------------------------------------------------------
2026-03-26 21:11:52 | INFO | --------------------------------------------------------------------------------
2026-03-26 21:11:52 | INFO | BLOCK 50
2026-03-26 21:11:52 | INFO | --------------------------------------------------------------------------------
2026-03-26 21:11:52 | INFO | --- FORECAST DATA ---
2026-03-26 21:11:52 | INFO | Intraday Forecast (Enercast Raw): 4.090 MW
2026-03-26 21:11:52 | INFO | Intraday Forecast (Enercast, Scaled): 3.272 MW
2026-03-26 21:11:52 | INFO | Day-ahead Forecast (Enercast): 4.020 MW
2026-03-26 21:11:52 | INFO | Base Forecast (raw, before curtailment/shutdown): 2.781 MW
2026-03-26 21:11:52 | INFO | Base Forecast (used for schedule): 2.781 MW
2026-03-26 21:11:52 | INFO | Effective Base Forecast (after curtailment/shutdown): 2.781 MW
2026-03-26 21:11:52 | INFO | Plant Status: NORMAL
2026-03-26 21:11:52 | INFO | Effective Base Forecast = Base Forecast (raw) = 2.781 MW
2026-03-26 21:11:52 | INFO | --- WEATHER PARAMETERS ---
2026-03-26 21:11:52 | INFO | GTI: 985.0 W/m^2
2026-03-26 21:11:52 | INFO | DHI: 135.0 W/m^2
2026-03-26 21:11:52 | INFO | DNI: 0.0 W/m^2
2026-03-26 21:11:52 | INFO | Irradiance Ratio (GTI/MAX_GTI): 0.988
2026-03-26 21:11:52 | INFO | Diffuse Ratio (current): 0.137
2026-03-26 21:11:52 | INFO | Irradiance State: STABLE_CLEAR
2026-03-26 21:11:52 | INFO | Temp @ 2m: 35.31 C
2026-03-26 21:11:52 | INFO | Wind @ 10m: 12.62 m/s
2026-03-26 21:11:52 | INFO | Weather State: NORMAL
2026-03-26 21:11:52 | INFO | Dynamic Thresholds: cloud_thr=0.0000, shift_thr=0.0000
2026-03-26 21:11:52 | INFO | Multipliers: irradiance=0.82x, temp=0.78x, wind=0.95x
2026-03-26 21:11:52 | INFO | Weather Multiplier (combined): 0.61x
2026-03-26 21:11:52 | INFO | Abrupt Weather Change Detected: False
2026-03-26 21:11:52 | INFO | --- TREND ANALYSIS ---
2026-03-26 21:11:52 | INFO | Trend series (oldest -> latest):
2026-03-26 21:11:52 | INFO |   Block 49: 3.248 MW (source: INTRADAY_FALLBACK)
2026-03-26 21:11:52 | INFO |   Block 48: 3.216 MW (source: INTRADAY_FALLBACK)
2026-03-26 21:11:52 | INFO |   Block 47: 3.176 MW (source: INTRADAY_FALLBACK)
2026-03-26 21:11:52 | INFO |   Block 46: 3.120 MW (source: INTRADAY_FALLBACK)
2026-03-26 21:11:52 | INFO | Trend values used for slope calc: B49=3.248(INTRADAY_FALLBACK), B48=3.216(INTRADAY_FALLBACK), B47=3.176(INTRADAY_FALLBACK), B46=3.120(INTRADAY_FALLBACK)
2026-03-26 21:11:52 | INFO | Detected Trend Type: INCREASING
2026-03-26 21:11:52 | INFO | Trend Slope Percentage: 4.07%
2026-03-26 21:11:52 | INFO | Trend EPS Threshold: 1.50%
2026-03-26 21:11:52 | INFO | --- SCHEDULE CALCULATION ---
2026-03-26 21:11:52 | INFO | Condition Applied: CONDITION_3
2026-03-26 21:11:52 | INFO | Effective Base Forecast Used for Adjustments: 2.781 MW
2026-03-26 21:11:52 | INFO | Condition-3 (Phase-6) Applied:
2026-03-26 21:11:52 | INFO |   Forecast Mismatch: Intraday (3.272) != Day-ahead (4.020)
2026-03-26 21:11:52 | INFO |   Operation: ADD
2026-03-26 21:11:52 | INFO |   Base Adjustment %: 2.00%
2026-03-26 21:11:52 | INFO |   Irradiance Multiplier: 0.82x
2026-03-26 21:11:52 | INFO |   Temp Multiplier: 0.78x
2026-03-26 21:11:52 | INFO |   Wind Multiplier: 0.95x
2026-03-26 21:11:52 | INFO |   Weather Multiplier: 0.61x
2026-03-26 21:11:52 | INFO |   Final Adjustment %: 1.22%
2026-03-26 21:11:52 | INFO |   Calculation: 2.781 MW * (1 + 1.22% / 100)
2026-03-26 21:11:52 | INFO |   Formula (expanded): raw=2.7812*(1+1.2152/100)=2.8150
2026-03-26 21:11:52 | INFO | --- FINAL RESULT ---
2026-03-26 21:11:52 | INFO | Raw Schedule (before smoothing): 2.815 MW
2026-03-26 21:11:52 | INFO | Final Scheduled MW: 2.815 MW
2026-03-26 21:11:52 | INFO | --------------------------------------------------------------------------------
2026-03-26 21:11:52 | INFO | --------------------------------------------------------------------------------
2026-03-26 21:11:52 | INFO | BLOCK 51
2026-03-26 21:11:52 | INFO | --------------------------------------------------------------------------------
2026-03-26 21:11:52 | INFO | --- FORECAST DATA ---
2026-03-26 21:11:52 | INFO | Intraday Forecast (Enercast Raw): 4.030 MW
2026-03-26 21:11:52 | INFO | Intraday Forecast (Enercast, Scaled): 3.224 MW
2026-03-26 21:11:52 | INFO | Day-ahead Forecast (Enercast): 4.020 MW
2026-03-26 21:11:52 | INFO | Base Forecast (raw, before curtailment/shutdown): 2.740 MW
2026-03-26 21:11:52 | INFO | Base Forecast (used for schedule): 2.740 MW
2026-03-26 21:11:52 | INFO | Effective Base Forecast (after curtailment/shutdown): 2.740 MW
2026-03-26 21:11:52 | INFO | Plant Status: NORMAL
2026-03-26 21:11:52 | INFO | Effective Base Forecast = Base Forecast (raw) = 2.740 MW
2026-03-26 21:11:52 | INFO | --- WEATHER PARAMETERS ---
2026-03-26 21:11:52 | INFO | GTI: 993.0 W/m^2
2026-03-26 21:11:52 | INFO | DHI: 135.0 W/m^2
2026-03-26 21:11:52 | INFO | DNI: 0.0 W/m^2
2026-03-26 21:11:52 | INFO | Irradiance Ratio (GTI/MAX_GTI): 0.996
2026-03-26 21:11:52 | INFO | Diffuse Ratio (current): 0.136
2026-03-26 21:11:52 | INFO | Irradiance State: STABLE_CLEAR
2026-03-26 21:11:52 | INFO | Temp @ 2m: 35.51 C
2026-03-26 21:11:52 | INFO | Wind @ 10m: 12.26 m/s
2026-03-26 21:11:52 | INFO | Weather State: NORMAL
2026-03-26 21:11:52 | INFO | Dynamic Thresholds: cloud_thr=0.0000, shift_thr=0.0000
2026-03-26 21:11:52 | INFO | Multipliers: irradiance=0.82x, temp=0.78x, wind=0.95x
2026-03-26 21:11:52 | INFO | Weather Multiplier (combined): 0.61x
2026-03-26 21:11:52 | INFO | Abrupt Weather Change Detected: False
2026-03-26 21:11:52 | INFO | --- TREND ANALYSIS ---
2026-03-26 21:11:52 | INFO | Trend series (oldest -> latest):
2026-03-26 21:11:52 | INFO |   Block 50: 3.272 MW (source: INTRADAY_FALLBACK)
2026-03-26 21:11:52 | INFO |   Block 49: 3.248 MW (source: INTRADAY_FALLBACK)
2026-03-26 21:11:52 | INFO |   Block 48: 3.216 MW (source: INTRADAY_FALLBACK)
2026-03-26 21:11:52 | INFO |   Block 47: 3.176 MW (source: INTRADAY_FALLBACK)
2026-03-26 21:11:52 | INFO | Trend values used for slope calc: B50=3.272(INTRADAY_FALLBACK), B49=3.248(INTRADAY_FALLBACK), B48=3.216(INTRADAY_FALLBACK), B47=3.176(INTRADAY_FALLBACK)
2026-03-26 21:11:52 | INFO | Detected Trend Type: INCREASING
2026-03-26 21:11:52 | INFO | Trend Slope Percentage: 3.02%
2026-03-26 21:11:52 | INFO | Trend EPS Threshold: 1.50%
2026-03-26 21:11:52 | INFO | --- SCHEDULE CALCULATION ---
2026-03-26 21:11:52 | INFO | Condition Applied: CONDITION_3
2026-03-26 21:11:52 | INFO | Effective Base Forecast Used for Adjustments: 2.740 MW
2026-03-26 21:11:52 | INFO | Condition-3 (Phase-6) Applied:
2026-03-26 21:11:52 | INFO |   Forecast Mismatch: Intraday (3.224) != Day-ahead (4.020)
2026-03-26 21:11:52 | INFO |   Operation: ADD
2026-03-26 21:11:52 | INFO |   Base Adjustment %: 1.00%
2026-03-26 21:11:52 | INFO |   Irradiance Multiplier: 0.82x
2026-03-26 21:11:52 | INFO |   Temp Multiplier: 0.78x
2026-03-26 21:11:52 | INFO |   Wind Multiplier: 0.95x
2026-03-26 21:11:52 | INFO |   Weather Multiplier: 0.61x
2026-03-26 21:11:52 | INFO |   Final Adjustment %: 0.61%
2026-03-26 21:11:52 | INFO |   Calculation: 2.740 MW * (1 + 0.61% / 100)
2026-03-26 21:11:52 | INFO |   Formula (expanded): raw=2.7404*(1+0.6076/100)=2.7571
2026-03-26 21:11:52 | INFO | --- FINAL RESULT ---
2026-03-26 21:11:52 | INFO | Raw Schedule (before smoothing): 2.757 MW
2026-03-26 21:11:52 | INFO | Final Scheduled MW: 2.757 MW
2026-03-26 21:11:52 | INFO | --------------------------------------------------------------------------------
2026-03-26 21:11:52 | INFO | --------------------------------------------------------------------------------
2026-03-26 21:11:52 | INFO | BLOCK 52
2026-03-26 21:11:52 | INFO | --------------------------------------------------------------------------------
2026-03-26 21:11:52 | INFO | --- FORECAST DATA ---
2026-03-26 21:11:52 | INFO | Intraday Forecast (Enercast Raw): 3.950 MW
2026-03-26 21:11:52 | INFO | Intraday Forecast (Enercast, Scaled): 3.160 MW
2026-03-26 21:11:52 | INFO | Day-ahead Forecast (Enercast): 4.010 MW
2026-03-26 21:11:52 | INFO | Base Forecast (raw, before curtailment/shutdown): 2.686 MW
2026-03-26 21:11:52 | INFO | Base Forecast (used for schedule): 2.686 MW
2026-03-26 21:11:52 | INFO | Effective Base Forecast (after curtailment/shutdown): 2.686 MW
2026-03-26 21:11:52 | INFO | Plant Status: NORMAL
2026-03-26 21:11:52 | INFO | Effective Base Forecast = Base Forecast (raw) = 2.686 MW
2026-03-26 21:11:52 | INFO | --- WEATHER PARAMETERS ---
2026-03-26 21:11:52 | INFO | GTI: 997.0 W/m^2
2026-03-26 21:11:52 | INFO | DHI: 135.0 W/m^2
2026-03-26 21:11:52 | INFO | DNI: 0.0 W/m^2
2026-03-26 21:11:52 | INFO | Irradiance Ratio (GTI/MAX_GTI): 1.000
2026-03-26 21:11:52 | INFO | Diffuse Ratio (current): 0.135
2026-03-26 21:11:52 | INFO | Irradiance State: STABLE_CLEAR
2026-03-26 21:11:52 | INFO | Temp @ 2m: 35.66 C
2026-03-26 21:11:52 | INFO | Wind @ 10m: 11.90 m/s
2026-03-26 21:11:52 | INFO | Weather State: NORMAL
2026-03-26 21:11:52 | INFO | Dynamic Thresholds: cloud_thr=0.0000, shift_thr=0.0000
2026-03-26 21:11:52 | INFO | Multipliers: irradiance=0.82x, temp=0.78x, wind=0.95x
2026-03-26 21:11:52 | INFO | Weather Multiplier (combined): 0.61x
2026-03-26 21:11:52 | INFO | Abrupt Weather Change Detected: False
2026-03-26 21:11:52 | INFO | --- TREND ANALYSIS ---
2026-03-26 21:11:52 | INFO | Trend series (oldest -> latest):
2026-03-26 21:11:52 | INFO |   Block 51: 3.224 MW (source: INTRADAY_FALLBACK)
2026-03-26 21:11:52 | INFO |   Block 50: 3.272 MW (source: INTRADAY_FALLBACK)
2026-03-26 21:11:52 | INFO |   Block 49: 3.248 MW (source: INTRADAY_FALLBACK)
2026-03-26 21:11:52 | INFO |   Block 48: 3.216 MW (source: INTRADAY_FALLBACK)
2026-03-26 21:11:52 | INFO | Trend values used for slope calc: B51=3.224(INTRADAY_FALLBACK), B50=3.272(INTRADAY_FALLBACK), B49=3.248(INTRADAY_FALLBACK), B48=3.216(INTRADAY_FALLBACK)
2026-03-26 21:11:52 | INFO | Detected Trend Type: FLAT
2026-03-26 21:11:52 | INFO | Trend Slope Percentage: 0.45%
2026-03-26 21:11:52 | INFO | Trend EPS Threshold: 1.50%
2026-03-26 21:11:52 | INFO | --- SCHEDULE CALCULATION ---
2026-03-26 21:11:52 | INFO | Condition Applied: CONDITION_3
2026-03-26 21:11:52 | INFO | Effective Base Forecast Used for Adjustments: 2.686 MW
2026-03-26 21:11:52 | INFO | Condition-3 (Phase-6) Applied:
2026-03-26 21:11:52 | INFO |   Forecast Mismatch: Intraday (3.160) != Day-ahead (4.010)
2026-03-26 21:11:52 | INFO |   Operation: ADD
2026-03-26 21:11:52 | INFO |   Base Adjustment %: 0.00%
2026-03-26 21:11:52 | INFO |   Irradiance Multiplier: 0.82x
2026-03-26 21:11:52 | INFO |   Temp Multiplier: 0.78x
2026-03-26 21:11:52 | INFO |   Wind Multiplier: 0.95x
2026-03-26 21:11:52 | INFO |   Weather Multiplier: 0.61x
2026-03-26 21:11:52 | INFO |   Final Adjustment %: 0.00%
2026-03-26 21:11:52 | INFO |   Calculation: 2.686 MW * (1 + 0.00% / 100)
2026-03-26 21:11:52 | INFO |   Formula (expanded): raw=2.6860*(1+0.0000/100)=2.6860
2026-03-26 21:11:52 | INFO | --- FINAL RESULT ---
2026-03-26 21:11:52 | INFO | Raw Schedule (before smoothing): 2.686 MW
2026-03-26 21:11:52 | INFO | Final Scheduled MW: 2.686 MW
2026-03-26 21:11:52 | INFO | --------------------------------------------------------------------------------
2026-03-26 21:11:52 | INFO | --------------------------------------------------------------------------------
2026-03-26 21:11:52 | INFO | BLOCK 53
2026-03-26 21:11:52 | INFO | --------------------------------------------------------------------------------
2026-03-26 21:11:52 | INFO | --- FORECAST DATA ---
2026-03-26 21:11:52 | INFO | Intraday Forecast (Enercast Raw): 3.820 MW
2026-03-26 21:11:52 | INFO | Intraday Forecast (Enercast, Scaled): 3.056 MW
2026-03-26 21:11:52 | INFO | Day-ahead Forecast (Enercast): 3.960 MW
2026-03-26 21:11:52 | INFO | Base Forecast (raw, before curtailment/shutdown): 2.598 MW
2026-03-26 21:11:52 | INFO | Base Forecast (used for schedule): 2.598 MW
2026-03-26 21:11:52 | INFO | Effective Base Forecast (after curtailment/shutdown): 2.598 MW
2026-03-26 21:11:52 | INFO | Plant Status: NORMAL
2026-03-26 21:11:52 | INFO | Effective Base Forecast = Base Forecast (raw) = 2.598 MW
2026-03-26 21:11:52 | INFO | --- WEATHER PARAMETERS ---
2026-03-26 21:11:52 | INFO | GTI: 995.0 W/m^2
2026-03-26 21:11:52 | INFO | DHI: 135.0 W/m^2
2026-03-26 21:11:52 | INFO | DNI: 0.0 W/m^2
2026-03-26 21:11:52 | INFO | Irradiance Ratio (GTI/MAX_GTI): 0.998
2026-03-26 21:11:52 | INFO | Diffuse Ratio (current): 0.136
2026-03-26 21:11:52 | INFO | Irradiance State: STABLE_CLEAR
2026-03-26 21:11:52 | INFO | Temp @ 2m: 35.81 C
2026-03-26 21:11:52 | INFO | Wind @ 10m: 11.53 m/s
2026-03-26 21:11:52 | INFO | Weather State: NORMAL
2026-03-26 21:11:52 | INFO | Dynamic Thresholds: cloud_thr=0.0000, shift_thr=0.0000
2026-03-26 21:11:52 | INFO | Multipliers: irradiance=0.82x, temp=0.78x, wind=0.95x
2026-03-26 21:11:52 | INFO | Weather Multiplier (combined): 0.61x
2026-03-26 21:11:52 | INFO | Abrupt Weather Change Detected: False
2026-03-26 21:11:52 | INFO | --- TREND ANALYSIS ---
2026-03-26 21:11:52 | INFO | Trend series (oldest -> latest):
2026-03-26 21:11:52 | INFO |   Block 52: 3.160 MW (source: INTRADAY_FALLBACK)
2026-03-26 21:11:52 | INFO |   Block 51: 3.224 MW (source: INTRADAY_FALLBACK)
2026-03-26 21:11:52 | INFO |   Block 50: 3.272 MW (source: INTRADAY_FALLBACK)
2026-03-26 21:11:52 | INFO |   Block 49: 3.248 MW (source: INTRADAY_FALLBACK)
2026-03-26 21:11:52 | INFO | Trend values used for slope calc: B52=3.160(INTRADAY_FALLBACK), B51=3.224(INTRADAY_FALLBACK), B50=3.272(INTRADAY_FALLBACK), B49=3.248(INTRADAY_FALLBACK)
2026-03-26 21:11:52 | INFO | Detected Trend Type: DECREASING
2026-03-26 21:11:52 | INFO | Trend Slope Percentage: -2.86%
2026-03-26 21:11:52 | INFO | Trend EPS Threshold: 1.50%
2026-03-26 21:11:52 | INFO | --- SCHEDULE CALCULATION ---
2026-03-26 21:11:52 | INFO | Condition Applied: CONDITION_3
2026-03-26 21:11:52 | INFO | Effective Base Forecast Used for Adjustments: 2.598 MW
2026-03-26 21:11:52 | INFO | Condition-3 (Phase-6) Applied:
2026-03-26 21:11:52 | INFO |   Forecast Mismatch: Intraday (3.056) != Day-ahead (3.960)
2026-03-26 21:11:52 | INFO |   Operation: SUBTRACT
2026-03-26 21:11:52 | INFO |   Base Adjustment %: 1.00%
2026-03-26 21:11:52 | INFO |   Irradiance Multiplier: 0.82x
2026-03-26 21:11:52 | INFO |   Temp Multiplier: 0.78x
2026-03-26 21:11:52 | INFO |   Wind Multiplier: 0.95x
2026-03-26 21:11:52 | INFO |   Weather Multiplier: 0.61x
2026-03-26 21:11:52 | INFO |   Final Adjustment %: -0.61%
2026-03-26 21:11:52 | INFO |   Calculation: 2.598 MW * (1 + -0.61% / 100)
2026-03-26 21:11:52 | INFO |   Formula (expanded): raw=2.5976*(1+-0.6076/100)=2.5818
2026-03-26 21:11:52 | INFO | --- FINAL RESULT ---
2026-03-26 21:11:52 | INFO | Raw Schedule (before smoothing): 2.582 MW
2026-03-26 21:11:52 | INFO | Final Scheduled MW: 2.582 MW
2026-03-26 21:11:52 | INFO | --------------------------------------------------------------------------------
2026-03-26 21:11:52 | INFO | --------------------------------------------------------------------------------
2026-03-26 21:11:52 | INFO | BLOCK 54
2026-03-26 21:11:52 | INFO | --------------------------------------------------------------------------------
2026-03-26 21:11:52 | INFO | --- FORECAST DATA ---
2026-03-26 21:11:52 | INFO | Intraday Forecast (Enercast Raw): 3.660 MW
2026-03-26 21:11:52 | INFO | Intraday Forecast (Enercast, Scaled): 2.928 MW
2026-03-26 21:11:52 | INFO | Day-ahead Forecast (Enercast): 3.880 MW
2026-03-26 21:11:52 | INFO | Base Forecast (raw, before curtailment/shutdown): 2.489 MW
2026-03-26 21:11:52 | INFO | Base Forecast (used for schedule): 2.489 MW
2026-03-26 21:11:52 | INFO | Effective Base Forecast (after curtailment/shutdown): 2.489 MW
2026-03-26 21:11:52 | INFO | Plant Status: NORMAL
2026-03-26 21:11:52 | INFO | Effective Base Forecast = Base Forecast (raw) = 2.489 MW
2026-03-26 21:11:52 | INFO | --- WEATHER PARAMETERS ---
2026-03-26 21:11:52 | INFO | GTI: 989.0 W/m^2
2026-03-26 21:11:52 | INFO | DHI: 134.0 W/m^2
2026-03-26 21:11:52 | INFO | DNI: 0.0 W/m^2
2026-03-26 21:11:52 | INFO | Irradiance Ratio (GTI/MAX_GTI): 0.992
2026-03-26 21:11:52 | INFO | Diffuse Ratio (current): 0.135
2026-03-26 21:11:52 | INFO | Irradiance State: STABLE_CLEAR
2026-03-26 21:11:52 | INFO | Temp @ 2m: 35.96 C
2026-03-26 21:11:52 | INFO | Wind @ 10m: 11.17 m/s
2026-03-26 21:11:52 | INFO | Weather State: NORMAL
2026-03-26 21:11:52 | INFO | Dynamic Thresholds: cloud_thr=0.0000, shift_thr=0.0000
2026-03-26 21:11:52 | INFO | Multipliers: irradiance=0.82x, temp=0.78x, wind=0.95x
2026-03-26 21:11:52 | INFO | Weather Multiplier (combined): 0.61x
2026-03-26 21:11:52 | INFO | Abrupt Weather Change Detected: False
2026-03-26 21:11:52 | INFO | --- TREND ANALYSIS ---
2026-03-26 21:11:52 | INFO | Trend series (oldest -> latest):
2026-03-26 21:11:52 | INFO |   Block 53: 3.056 MW (source: INTRADAY_FALLBACK)
2026-03-26 21:11:52 | INFO |   Block 52: 3.160 MW (source: INTRADAY_FALLBACK)
2026-03-26 21:11:52 | INFO |   Block 51: 3.224 MW (source: INTRADAY_FALLBACK)
2026-03-26 21:11:52 | INFO |   Block 50: 3.272 MW (source: INTRADAY_FALLBACK)
2026-03-26 21:11:52 | INFO | Trend values used for slope calc: B53=3.056(INTRADAY_FALLBACK), B52=3.160(INTRADAY_FALLBACK), B51=3.224(INTRADAY_FALLBACK), B50=3.272(INTRADAY_FALLBACK)
2026-03-26 21:11:52 | INFO | Detected Trend Type: DECREASING
2026-03-26 21:11:52 | INFO | Trend Slope Percentage: -6.50%
2026-03-26 21:11:52 | INFO | Trend EPS Threshold: 1.50%
2026-03-26 21:11:52 | INFO | --- SCHEDULE CALCULATION ---
2026-03-26 21:11:52 | INFO | Condition Applied: CONDITION_3
2026-03-26 21:11:52 | INFO | Effective Base Forecast Used for Adjustments: 2.489 MW
2026-03-26 21:11:52 | INFO | Condition-3 (Phase-6) Applied:
2026-03-26 21:11:52 | INFO |   Forecast Mismatch: Intraday (2.928) != Day-ahead (3.880)
2026-03-26 21:11:52 | INFO |   Operation: SUBTRACT
2026-03-26 21:11:52 | INFO |   Base Adjustment %: 3.00%
2026-03-26 21:11:52 | INFO |   Irradiance Multiplier: 0.82x
2026-03-26 21:11:52 | INFO |   Temp Multiplier: 0.78x
2026-03-26 21:11:52 | INFO |   Wind Multiplier: 0.95x
2026-03-26 21:11:52 | INFO |   Weather Multiplier: 0.61x
2026-03-26 21:11:52 | INFO |   Final Adjustment %: -1.82%
2026-03-26 21:11:52 | INFO |   Calculation: 2.489 MW * (1 + -1.82% / 100)
2026-03-26 21:11:52 | INFO |   Formula (expanded): raw=2.4888*(1+-1.8229/100)=2.4434
2026-03-26 21:11:52 | INFO | --- FINAL RESULT ---
2026-03-26 21:11:52 | INFO | Raw Schedule (before smoothing): 2.443 MW
2026-03-26 21:11:52 | INFO | Final Scheduled MW: 2.443 MW
2026-03-26 21:11:52 | INFO | --------------------------------------------------------------------------------
2026-03-26 21:11:52 | INFO | --------------------------------------------------------------------------------
2026-03-26 21:11:52 | INFO | BLOCK 55
2026-03-26 21:11:52 | INFO | --------------------------------------------------------------------------------
2026-03-26 21:11:52 | INFO | --- FORECAST DATA ---
2026-03-26 21:11:52 | INFO | Intraday Forecast (Enercast Raw): 3.640 MW
2026-03-26 21:11:52 | INFO | Intraday Forecast (Enercast, Scaled): 2.912 MW
2026-03-26 21:11:52 | INFO | Day-ahead Forecast (Enercast): 3.740 MW
2026-03-26 21:11:52 | INFO | Base Forecast (raw, before curtailment/shutdown): 2.475 MW
2026-03-26 21:11:52 | INFO | Base Forecast (used for schedule): 2.475 MW
2026-03-26 21:11:52 | INFO | Effective Base Forecast (after curtailment/shutdown): 2.475 MW
2026-03-26 21:11:52 | INFO | Plant Status: NORMAL
2026-03-26 21:11:52 | INFO | Effective Base Forecast = Base Forecast (raw) = 2.475 MW
2026-03-26 21:11:52 | INFO | --- WEATHER PARAMETERS ---
2026-03-26 21:11:52 | INFO | GTI: 982.0 W/m^2
2026-03-26 21:11:52 | INFO | DHI: 129.0 W/m^2
2026-03-26 21:11:52 | INFO | DNI: 0.0 W/m^2
2026-03-26 21:11:52 | INFO | Irradiance Ratio (GTI/MAX_GTI): 0.985
2026-03-26 21:11:52 | INFO | Diffuse Ratio (current): 0.131
2026-03-26 21:11:52 | INFO | Irradiance State: STABLE_CLEAR
2026-03-26 21:11:52 | INFO | Temp @ 2m: 36.11 C
2026-03-26 21:11:52 | INFO | Wind @ 10m: 10.82 m/s
2026-03-26 21:11:52 | INFO | Weather State: NORMAL
2026-03-26 21:11:52 | INFO | Dynamic Thresholds: cloud_thr=0.0000, shift_thr=0.0000
2026-03-26 21:11:52 | INFO | Multipliers: irradiance=0.82x, temp=0.78x, wind=0.95x
2026-03-26 21:11:52 | INFO | Weather Multiplier (combined): 0.61x
2026-03-26 21:11:52 | INFO | Abrupt Weather Change Detected: False
2026-03-26 21:11:52 | INFO | --- TREND ANALYSIS ---
2026-03-26 21:11:52 | INFO | Trend series (oldest -> latest):
2026-03-26 21:11:52 | INFO |   Block 54: 2.928 MW (source: INTRADAY_FALLBACK)
2026-03-26 21:11:52 | INFO |   Block 53: 3.056 MW (source: INTRADAY_FALLBACK)
2026-03-26 21:11:52 | INFO |   Block 52: 3.160 MW (source: INTRADAY_FALLBACK)
2026-03-26 21:11:52 | INFO |   Block 51: 3.224 MW (source: INTRADAY_FALLBACK)
2026-03-26 21:11:52 | INFO | Trend values used for slope calc: B54=2.928(INTRADAY_FALLBACK), B53=3.056(INTRADAY_FALLBACK), B52=3.160(INTRADAY_FALLBACK), B51=3.224(INTRADAY_FALLBACK)
2026-03-26 21:11:52 | INFO | Detected Trend Type: DECREASING
2026-03-26 21:11:52 | INFO | Trend Slope Percentage: -9.18%
2026-03-26 21:11:52 | INFO | Trend EPS Threshold: 1.50%
2026-03-26 21:11:52 | INFO | --- SCHEDULE CALCULATION ---
2026-03-26 21:11:52 | INFO | Condition Applied: CONDITION_3
2026-03-26 21:11:52 | INFO | Effective Base Forecast Used for Adjustments: 2.475 MW
2026-03-26 21:11:52 | INFO | Condition-3 (Phase-6) Applied:
2026-03-26 21:11:52 | INFO |   Forecast Mismatch: Intraday (2.912) != Day-ahead (3.740)
2026-03-26 21:11:52 | INFO |   Operation: SUBTRACT
2026-03-26 21:11:52 | INFO |   Base Adjustment %: 3.00%
2026-03-26 21:11:52 | INFO |   Irradiance Multiplier: 0.82x
2026-03-26 21:11:52 | INFO |   Temp Multiplier: 0.78x
2026-03-26 21:11:52 | INFO |   Wind Multiplier: 0.95x
2026-03-26 21:11:52 | INFO |   Weather Multiplier: 0.61x
2026-03-26 21:11:52 | INFO |   Final Adjustment %: -1.82%
2026-03-26 21:11:52 | INFO |   Calculation: 2.475 MW * (1 + -1.82% / 100)
2026-03-26 21:11:52 | INFO |   Formula (expanded): raw=2.4752*(1+-1.8229/100)=2.4301
2026-03-26 21:11:52 | INFO | --- FINAL RESULT ---
2026-03-26 21:11:52 | INFO | Raw Schedule (before smoothing): 2.430 MW
2026-03-26 21:11:52 | INFO | Final Scheduled MW: 2.430 MW
2026-03-26 21:11:52 | INFO | --------------------------------------------------------------------------------
2026-03-26 21:11:52 | INFO | --------------------------------------------------------------------------------
2026-03-26 21:11:52 | INFO | BLOCK 56
2026-03-26 21:11:52 | INFO | --------------------------------------------------------------------------------
2026-03-26 21:11:52 | INFO | --- FORECAST DATA ---
2026-03-26 21:11:52 | INFO | Intraday Forecast (Enercast Raw): 3.590 MW
2026-03-26 21:11:52 | INFO | Intraday Forecast (Enercast, Scaled): 2.872 MW
2026-03-26 21:11:52 | INFO | Day-ahead Forecast (Enercast): 3.580 MW
2026-03-26 21:11:52 | INFO | Base Forecast (raw, before curtailment/shutdown): 2.441 MW
2026-03-26 21:11:52 | INFO | Base Forecast (used for schedule): 2.441 MW
2026-03-26 21:11:52 | INFO | Effective Base Forecast (after curtailment/shutdown): 2.441 MW
2026-03-26 21:11:52 | INFO | Plant Status: NORMAL
2026-03-26 21:11:52 | INFO | Effective Base Forecast = Base Forecast (raw) = 2.441 MW
2026-03-26 21:11:52 | INFO | --- WEATHER PARAMETERS ---
2026-03-26 21:11:52 | INFO | GTI: 969.0 W/m^2
2026-03-26 21:11:52 | INFO | DHI: 124.0 W/m^2
2026-03-26 21:11:52 | INFO | DNI: 0.0 W/m^2
2026-03-26 21:11:52 | INFO | Irradiance Ratio (GTI/MAX_GTI): 0.972
2026-03-26 21:11:52 | INFO | Diffuse Ratio (current): 0.128
2026-03-26 21:11:52 | INFO | Irradiance State: STABLE_CLEAR
2026-03-26 21:11:52 | INFO | Temp @ 2m: 36.31 C
2026-03-26 21:11:52 | INFO | Wind @ 10m: 10.90 m/s
2026-03-26 21:11:52 | INFO | Weather State: NORMAL
2026-03-26 21:11:52 | INFO | Dynamic Thresholds: cloud_thr=0.0000, shift_thr=0.0000
2026-03-26 21:11:52 | INFO | Multipliers: irradiance=0.82x, temp=0.78x, wind=0.95x
2026-03-26 21:11:52 | INFO | Weather Multiplier (combined): 0.61x
2026-03-26 21:11:52 | INFO | Abrupt Weather Change Detected: False
2026-03-26 21:11:52 | INFO | --- TREND ANALYSIS ---
2026-03-26 21:11:52 | INFO | Trend series (oldest -> latest):
2026-03-26 21:11:52 | INFO |   Block 55: 2.912 MW (source: INTRADAY_FALLBACK)
2026-03-26 21:11:52 | INFO |   Block 54: 2.928 MW (source: INTRADAY_FALLBACK)
2026-03-26 21:11:52 | INFO |   Block 53: 3.056 MW (source: INTRADAY_FALLBACK)
2026-03-26 21:11:52 | INFO |   Block 52: 3.160 MW (source: INTRADAY_FALLBACK)
2026-03-26 21:11:52 | INFO | Trend values used for slope calc: B55=2.912(INTRADAY_FALLBACK), B54=2.928(INTRADAY_FALLBACK), B53=3.056(INTRADAY_FALLBACK), B52=3.160(INTRADAY_FALLBACK)
2026-03-26 21:11:52 | INFO | Detected Trend Type: DECREASING
2026-03-26 21:11:52 | INFO | Trend Slope Percentage: -8.32%
2026-03-26 21:11:52 | INFO | Trend EPS Threshold: 1.50%
2026-03-26 21:11:52 | INFO | --- SCHEDULE CALCULATION ---
2026-03-26 21:11:52 | INFO | Condition Applied: CONDITION_3
2026-03-26 21:11:52 | INFO | Effective Base Forecast Used for Adjustments: 2.441 MW
2026-03-26 21:11:52 | INFO | Condition-3 (Phase-6) Applied:
2026-03-26 21:11:52 | INFO |   Forecast Mismatch: Intraday (2.872) != Day-ahead (3.580)
2026-03-26 21:11:52 | INFO |   Operation: SUBTRACT
2026-03-26 21:11:52 | INFO |   Base Adjustment %: 3.00%
2026-03-26 21:11:52 | INFO |   Irradiance Multiplier: 0.82x
2026-03-26 21:11:52 | INFO |   Temp Multiplier: 0.78x
2026-03-26 21:11:52 | INFO |   Wind Multiplier: 0.95x
2026-03-26 21:11:52 | INFO |   Weather Multiplier: 0.61x
2026-03-26 21:11:52 | INFO |   Final Adjustment %: -1.82%
2026-03-26 21:11:52 | INFO |   Calculation: 2.441 MW * (1 + -1.82% / 100)
2026-03-26 21:11:52 | INFO |   Formula (expanded): raw=2.4412*(1+-1.8229/100)=2.3967
2026-03-26 21:11:52 | INFO | --- FINAL RESULT ---
2026-03-26 21:11:52 | INFO | Raw Schedule (before smoothing): 2.397 MW
2026-03-26 21:11:52 | INFO | Final Scheduled MW: 2.397 MW
2026-03-26 21:11:52 | INFO | --------------------------------------------------------------------------------
2026-03-26 21:11:52 | INFO | --------------------------------------------------------------------------------
2026-03-26 21:11:52 | INFO | BLOCK 57
2026-03-26 21:11:52 | INFO | --------------------------------------------------------------------------------
2026-03-26 21:11:52 | INFO | --- FORECAST DATA ---
2026-03-26 21:11:52 | INFO | Intraday Forecast (Enercast Raw): 3.520 MW
2026-03-26 21:11:52 | INFO | Intraday Forecast (Enercast, Scaled): 2.816 MW
2026-03-26 21:11:52 | INFO | Day-ahead Forecast (Enercast): 3.410 MW
2026-03-26 21:11:52 | INFO | Base Forecast (raw, before curtailment/shutdown): 2.394 MW
2026-03-26 21:11:52 | INFO | Base Forecast (used for schedule): 2.394 MW
2026-03-26 21:11:52 | INFO | Effective Base Forecast (after curtailment/shutdown): 2.394 MW
2026-03-26 21:11:52 | INFO | Plant Status: NORMAL
2026-03-26 21:11:52 | INFO | Effective Base Forecast = Base Forecast (raw) = 2.394 MW
2026-03-26 21:11:52 | INFO | --- WEATHER PARAMETERS ---
2026-03-26 21:11:52 | INFO | GTI: 945.0 W/m^2
2026-03-26 21:11:52 | INFO | DHI: 127.0 W/m^2
2026-03-26 21:11:52 | INFO | DNI: 0.0 W/m^2
2026-03-26 21:11:52 | INFO | Irradiance Ratio (GTI/MAX_GTI): 0.948
2026-03-26 21:11:52 | INFO | Diffuse Ratio (current): 0.134
2026-03-26 21:11:52 | INFO | Irradiance State: STABLE_CLEAR
2026-03-26 21:11:52 | INFO | Temp @ 2m: 36.51 C
2026-03-26 21:11:52 | INFO | Wind @ 10m: 11.37 m/s
2026-03-26 21:11:52 | INFO | Weather State: NORMAL
2026-03-26 21:11:52 | INFO | Dynamic Thresholds: cloud_thr=0.0000, shift_thr=0.0000
2026-03-26 21:11:52 | INFO | Multipliers: irradiance=0.82x, temp=0.78x, wind=0.95x
2026-03-26 21:11:52 | INFO | Weather Multiplier (combined): 0.61x
2026-03-26 21:11:52 | INFO | Abrupt Weather Change Detected: False
2026-03-26 21:11:52 | INFO | --- TREND ANALYSIS ---
2026-03-26 21:11:52 | INFO | Trend series (oldest -> latest):
2026-03-26 21:11:52 | INFO |   Block 56: 2.872 MW (source: INTRADAY_FALLBACK)
2026-03-26 21:11:52 | INFO |   Block 55: 2.912 MW (source: INTRADAY_FALLBACK)
2026-03-26 21:11:52 | INFO |   Block 54: 2.928 MW (source: INTRADAY_FALLBACK)
2026-03-26 21:11:52 | INFO |   Block 53: 3.056 MW (source: INTRADAY_FALLBACK)
2026-03-26 21:11:52 | INFO | Trend values used for slope calc: B56=2.872(INTRADAY_FALLBACK), B55=2.912(INTRADAY_FALLBACK), B54=2.928(INTRADAY_FALLBACK), B53=3.056(INTRADAY_FALLBACK)
2026-03-26 21:11:52 | INFO | Detected Trend Type: DECREASING
2026-03-26 21:11:52 | INFO | Trend Slope Percentage: -5.63%
2026-03-26 21:11:52 | INFO | Trend EPS Threshold: 1.50%
2026-03-26 21:11:52 | INFO | --- SCHEDULE CALCULATION ---
2026-03-26 21:11:52 | INFO | Condition Applied: CONDITION_3
2026-03-26 21:11:52 | INFO | Effective Base Forecast Used for Adjustments: 2.394 MW
2026-03-26 21:11:52 | INFO | Condition-3 (Phase-6) Applied:
2026-03-26 21:11:52 | INFO |   Forecast Mismatch: Intraday (2.816) != Day-ahead (3.410)
2026-03-26 21:11:52 | INFO |   Operation: SUBTRACT
2026-03-26 21:11:52 | INFO |   Base Adjustment %: 2.00%
2026-03-26 21:11:52 | INFO |   Irradiance Multiplier: 0.82x
2026-03-26 21:11:52 | INFO |   Temp Multiplier: 0.78x
2026-03-26 21:11:52 | INFO |   Wind Multiplier: 0.95x
2026-03-26 21:11:52 | INFO |   Weather Multiplier: 0.61x
2026-03-26 21:11:52 | INFO |   Final Adjustment %: -1.22%
2026-03-26 21:11:52 | INFO |   Calculation: 2.394 MW * (1 + -1.22% / 100)
2026-03-26 21:11:52 | INFO |   Formula (expanded): raw=2.3936*(1+-1.2152/100)=2.3645
2026-03-26 21:11:52 | INFO | --- FINAL RESULT ---
2026-03-26 21:11:52 | INFO | Raw Schedule (before smoothing): 2.365 MW
2026-03-26 21:11:52 | INFO | Final Scheduled MW: 2.365 MW
2026-03-26 21:11:52 | INFO | --------------------------------------------------------------------------------
2026-03-26 21:11:52 | INFO | --------------------------------------------------------------------------------
2026-03-26 21:11:52 | INFO | BLOCK 58
2026-03-26 21:11:52 | INFO | --------------------------------------------------------------------------------
2026-03-26 21:11:52 | INFO | --- FORECAST DATA ---
2026-03-26 21:11:52 | INFO | Intraday Forecast (Enercast Raw): 3.430 MW
2026-03-26 21:11:52 | INFO | Intraday Forecast (Enercast, Scaled): 2.744 MW
2026-03-26 21:11:52 | INFO | Day-ahead Forecast (Enercast): 3.230 MW
2026-03-26 21:11:52 | INFO | Base Forecast (raw, before curtailment/shutdown): 2.332 MW
2026-03-26 21:11:52 | INFO | Base Forecast (used for schedule): 2.332 MW
2026-03-26 21:11:52 | INFO | Effective Base Forecast (after curtailment/shutdown): 2.332 MW
2026-03-26 21:11:52 | INFO | Plant Status: NORMAL
2026-03-26 21:11:52 | INFO | Effective Base Forecast = Base Forecast (raw) = 2.332 MW
2026-03-26 21:11:52 | INFO | --- WEATHER PARAMETERS ---
2026-03-26 21:11:52 | INFO | GTI: 905.0 W/m^2
2026-03-26 21:11:52 | INFO | DHI: 143.0 W/m^2
2026-03-26 21:11:52 | INFO | DNI: 0.0 W/m^2
2026-03-26 21:11:52 | INFO | Irradiance Ratio (GTI/MAX_GTI): 0.908
2026-03-26 21:11:52 | INFO | Diffuse Ratio (current): 0.158
2026-03-26 21:11:52 | INFO | Irradiance State: STABLE_CLEAR
2026-03-26 21:11:52 | INFO | Temp @ 2m: 36.76 C
2026-03-26 21:11:52 | INFO | Wind @ 10m: 11.53 m/s
2026-03-26 21:11:52 | INFO | Weather State: NORMAL
2026-03-26 21:11:52 | INFO | Dynamic Thresholds: cloud_thr=0.0000, shift_thr=0.0000
2026-03-26 21:11:52 | INFO | Multipliers: irradiance=0.82x, temp=0.78x, wind=0.95x
2026-03-26 21:11:52 | INFO | Weather Multiplier (combined): 0.61x
2026-03-26 21:11:52 | INFO | Abrupt Weather Change Detected: False
2026-03-26 21:11:52 | INFO | --- TREND ANALYSIS ---
2026-03-26 21:11:52 | INFO | Trend series (oldest -> latest):
2026-03-26 21:11:52 | INFO |   Block 57: 2.816 MW (source: INTRADAY_FALLBACK)
2026-03-26 21:11:52 | INFO |   Block 56: 2.872 MW (source: INTRADAY_FALLBACK)
2026-03-26 21:11:52 | INFO |   Block 55: 2.912 MW (source: INTRADAY_FALLBACK)
2026-03-26 21:11:52 | INFO |   Block 54: 2.928 MW (source: INTRADAY_FALLBACK)
2026-03-26 21:11:52 | INFO | Trend values used for slope calc: B57=2.816(INTRADAY_FALLBACK), B56=2.872(INTRADAY_FALLBACK), B55=2.912(INTRADAY_FALLBACK), B54=2.928(INTRADAY_FALLBACK)
2026-03-26 21:11:52 | INFO | Detected Trend Type: DECREASING
2026-03-26 21:11:52 | INFO | Trend Slope Percentage: -3.84%
2026-03-26 21:11:52 | INFO | Trend EPS Threshold: 1.50%
2026-03-26 21:11:52 | INFO | --- SCHEDULE CALCULATION ---
2026-03-26 21:11:52 | INFO | Condition Applied: CONDITION_3
2026-03-26 21:11:52 | INFO | Effective Base Forecast Used for Adjustments: 2.332 MW
2026-03-26 21:11:52 | INFO | Condition-3 (Phase-6) Applied:
2026-03-26 21:11:52 | INFO |   Forecast Mismatch: Intraday (2.744) != Day-ahead (3.230)
2026-03-26 21:11:52 | INFO |   Operation: SUBTRACT
2026-03-26 21:11:52 | INFO |   Base Adjustment %: 1.00%
2026-03-26 21:11:52 | INFO |   Irradiance Multiplier: 0.82x
2026-03-26 21:11:52 | INFO |   Temp Multiplier: 0.78x
2026-03-26 21:11:52 | INFO |   Wind Multiplier: 0.95x
2026-03-26 21:11:52 | INFO |   Weather Multiplier: 0.61x
2026-03-26 21:11:52 | INFO |   Final Adjustment %: -0.61%
2026-03-26 21:11:52 | INFO |   Calculation: 2.332 MW * (1 + -0.61% / 100)
2026-03-26 21:11:52 | INFO |   Formula (expanded): raw=2.3324*(1+-0.6076/100)=2.3182
2026-03-26 21:11:52 | INFO | --- FINAL RESULT ---
2026-03-26 21:11:52 | INFO | Raw Schedule (before smoothing): 2.318 MW
2026-03-26 21:11:52 | INFO | Final Scheduled MW: 2.318 MW
2026-03-26 21:11:52 | INFO | --------------------------------------------------------------------------------
2026-03-26 21:11:52 | INFO | --------------------------------------------------------------------------------
2026-03-26 21:11:52 | INFO | BLOCK 59
2026-03-26 21:11:52 | INFO | --------------------------------------------------------------------------------
2026-03-26 21:11:52 | INFO | --- FORECAST DATA ---
2026-03-26 21:11:52 | INFO | Intraday Forecast (Enercast Raw): 3.170 MW
2026-03-26 21:11:52 | INFO | Intraday Forecast (Enercast, Scaled): 2.536 MW
2026-03-26 21:11:52 | INFO | Day-ahead Forecast (Enercast): 3.030 MW
2026-03-26 21:11:52 | INFO | Base Forecast (raw, before curtailment/shutdown): 2.156 MW
2026-03-26 21:11:52 | INFO | Base Forecast (used for schedule): 2.156 MW
2026-03-26 21:11:52 | INFO | Effective Base Forecast (after curtailment/shutdown): 2.156 MW
2026-03-26 21:11:52 | INFO | Plant Status: NORMAL
2026-03-26 21:11:52 | INFO | Effective Base Forecast = Base Forecast (raw) = 2.156 MW
2026-03-26 21:11:52 | INFO | --- WEATHER PARAMETERS ---
2026-03-26 21:11:52 | INFO | GTI: 848.0 W/m^2
2026-03-26 21:11:52 | INFO | DHI: 179.0 W/m^2
2026-03-26 21:11:52 | INFO | DNI: 0.0 W/m^2
2026-03-26 21:11:52 | INFO | Irradiance Ratio (GTI/MAX_GTI): 0.851
2026-03-26 21:11:52 | INFO | Diffuse Ratio (current): 0.211
2026-03-26 21:11:52 | INFO | Irradiance State: STABLE_CLEAR
2026-03-26 21:11:52 | INFO | Temp @ 2m: 36.91 C
2026-03-26 21:11:52 | INFO | Wind @ 10m: 12.07 m/s
2026-03-26 21:11:52 | INFO | Weather State: NORMAL
2026-03-26 21:11:52 | INFO | Dynamic Thresholds: cloud_thr=0.0000, shift_thr=0.0000
2026-03-26 21:11:52 | INFO | Multipliers: irradiance=0.82x, temp=0.78x, wind=0.95x
2026-03-26 21:11:52 | INFO | Weather Multiplier (combined): 0.61x
2026-03-26 21:11:52 | INFO | Abrupt Weather Change Detected: False
2026-03-26 21:11:52 | INFO | --- TREND ANALYSIS ---
2026-03-26 21:11:52 | INFO | Trend series (oldest -> latest):
2026-03-26 21:11:52 | INFO |   Block 58: 2.744 MW (source: INTRADAY_FALLBACK)
2026-03-26 21:11:52 | INFO |   Block 57: 2.816 MW (source: INTRADAY_FALLBACK)
2026-03-26 21:11:52 | INFO |   Block 56: 2.872 MW (source: INTRADAY_FALLBACK)
2026-03-26 21:11:52 | INFO |   Block 55: 2.912 MW (source: INTRADAY_FALLBACK)
2026-03-26 21:11:52 | INFO | Trend values used for slope calc: B58=2.744(INTRADAY_FALLBACK), B57=2.816(INTRADAY_FALLBACK), B56=2.872(INTRADAY_FALLBACK), B55=2.912(INTRADAY_FALLBACK)
2026-03-26 21:11:52 | INFO | Detected Trend Type: DECREASING
2026-03-26 21:11:52 | INFO | Trend Slope Percentage: -5.75%
2026-03-26 21:11:52 | INFO | Trend EPS Threshold: 1.50%
2026-03-26 21:11:52 | INFO | --- SCHEDULE CALCULATION ---
2026-03-26 21:11:52 | INFO | Condition Applied: CONDITION_3
2026-03-26 21:11:52 | INFO | Effective Base Forecast Used for Adjustments: 2.156 MW
2026-03-26 21:11:52 | INFO | Condition-3 (Phase-6) Applied:
2026-03-26 21:11:52 | INFO |   Forecast Mismatch: Intraday (2.536) != Day-ahead (3.030)
2026-03-26 21:11:52 | INFO |   Operation: SUBTRACT
2026-03-26 21:11:52 | INFO |   Base Adjustment %: 2.00%
2026-03-26 21:11:52 | INFO |   Irradiance Multiplier: 0.82x
2026-03-26 21:11:52 | INFO |   Temp Multiplier: 0.78x
2026-03-26 21:11:52 | INFO |   Wind Multiplier: 0.95x
2026-03-26 21:11:52 | INFO |   Weather Multiplier: 0.61x
2026-03-26 21:11:52 | INFO |   Final Adjustment %: -1.22%
2026-03-26 21:11:52 | INFO |   Calculation: 2.156 MW * (1 + -1.22% / 100)
2026-03-26 21:11:52 | INFO |   Formula (expanded): raw=2.1556*(1+-1.2152/100)=2.1294
2026-03-26 21:11:52 | INFO | --- FINAL RESULT ---
2026-03-26 21:11:52 | INFO | Raw Schedule (before smoothing): 2.129 MW
2026-03-26 21:11:52 | INFO | Final Scheduled MW: 2.129 MW
2026-03-26 21:11:52 | INFO | --------------------------------------------------------------------------------
2026-03-26 21:11:52 | INFO | --------------------------------------------------------------------------------
2026-03-26 21:11:52 | INFO | BLOCK 60
2026-03-26 21:11:52 | INFO | --------------------------------------------------------------------------------
2026-03-26 21:11:52 | INFO | --- FORECAST DATA ---
2026-03-26 21:11:52 | INFO | Intraday Forecast (Enercast Raw): 2.900 MW
2026-03-26 21:11:52 | INFO | Intraday Forecast (Enercast, Scaled): 2.320 MW
2026-03-26 21:11:52 | INFO | Day-ahead Forecast (Enercast): 2.830 MW
2026-03-26 21:11:52 | INFO | Base Forecast (raw, before curtailment/shutdown): 1.972 MW
2026-03-26 21:11:52 | INFO | Base Forecast (used for schedule): 1.972 MW
2026-03-26 21:11:52 | INFO | Effective Base Forecast (after curtailment/shutdown): 1.972 MW
2026-03-26 21:11:52 | INFO | Plant Status: NORMAL
2026-03-26 21:11:52 | INFO | Effective Base Forecast = Base Forecast (raw) = 1.972 MW
2026-03-26 21:11:52 | INFO | --- WEATHER PARAMETERS ---
2026-03-26 21:11:52 | INFO | GTI: 784.0 W/m^2
2026-03-26 21:11:52 | INFO | DHI: 216.0 W/m^2
2026-03-26 21:11:52 | INFO | DNI: 0.0 W/m^2
2026-03-26 21:11:52 | INFO | Irradiance Ratio (GTI/MAX_GTI): 0.786
2026-03-26 21:11:52 | INFO | Diffuse Ratio (current): 0.276
2026-03-26 21:11:52 | INFO | Irradiance State: STABLE_CLEAR
2026-03-26 21:11:52 | INFO | Temp @ 2m: 37.01 C
2026-03-26 21:11:52 | INFO | Wind @ 10m: 12.52 m/s
2026-03-26 21:11:52 | INFO | Weather State: NORMAL
2026-03-26 21:11:52 | INFO | Dynamic Thresholds: cloud_thr=0.0000, shift_thr=0.0000
2026-03-26 21:11:52 | INFO | Multipliers: irradiance=0.82x, temp=0.78x, wind=0.95x
2026-03-26 21:11:52 | INFO | Weather Multiplier (combined): 0.61x
2026-03-26 21:11:52 | INFO | Abrupt Weather Change Detected: False
2026-03-26 21:11:52 | INFO | --- TREND ANALYSIS ---
2026-03-26 21:11:52 | INFO | Trend series (oldest -> latest):
2026-03-26 21:11:52 | INFO |   Block 59: 2.536 MW (source: INTRADAY_FALLBACK)
2026-03-26 21:11:52 | INFO |   Block 58: 2.744 MW (source: INTRADAY_FALLBACK)
2026-03-26 21:11:52 | INFO |   Block 57: 2.816 MW (source: INTRADAY_FALLBACK)
2026-03-26 21:11:52 | INFO |   Block 56: 2.872 MW (source: INTRADAY_FALLBACK)
2026-03-26 21:11:52 | INFO | Trend values used for slope calc: B59=2.536(INTRADAY_FALLBACK), B58=2.744(INTRADAY_FALLBACK), B57=2.816(INTRADAY_FALLBACK), B56=2.872(INTRADAY_FALLBACK)
2026-03-26 21:11:52 | INFO | Detected Trend Type: DECREASING
2026-03-26 21:11:52 | INFO | Trend Slope Percentage: -11.16%
2026-03-26 21:11:52 | INFO | Trend EPS Threshold: 1.50%
2026-03-26 21:11:52 | INFO | --- SCHEDULE CALCULATION ---
2026-03-26 21:11:52 | INFO | Condition Applied: CONDITION_3
2026-03-26 21:11:52 | INFO | Effective Base Forecast Used for Adjustments: 1.972 MW
2026-03-26 21:11:52 | INFO | Condition-3 (Phase-6) Applied:
2026-03-26 21:11:52 | INFO |   Forecast Mismatch: Intraday (2.320) != Day-ahead (2.830)
2026-03-26 21:11:52 | INFO |   Operation: SUBTRACT
2026-03-26 21:11:52 | INFO |   Base Adjustment %: 3.00%
2026-03-26 21:11:52 | INFO |   Irradiance Multiplier: 0.82x
2026-03-26 21:11:52 | INFO |   Temp Multiplier: 0.78x
2026-03-26 21:11:52 | INFO |   Wind Multiplier: 0.95x
2026-03-26 21:11:52 | INFO |   Weather Multiplier: 0.61x
2026-03-26 21:11:52 | INFO |   Final Adjustment %: -1.82%
2026-03-26 21:11:52 | INFO |   Calculation: 1.972 MW * (1 + -1.82% / 100)
2026-03-26 21:11:52 | INFO |   Formula (expanded): raw=1.9720*(1+-1.8229/100)=1.9361
2026-03-26 21:11:52 | INFO | --- FINAL RESULT ---
2026-03-26 21:11:52 | INFO | Raw Schedule (before smoothing): 1.936 MW
2026-03-26 21:11:52 | INFO | Final Scheduled MW: 1.936 MW
2026-03-26 21:11:52 | INFO | --------------------------------------------------------------------------------
2026-03-26 21:11:52 | INFO | --------------------------------------------------------------------------------
2026-03-26 21:11:52 | INFO | BLOCK 61
2026-03-26 21:11:52 | INFO | --------------------------------------------------------------------------------
2026-03-26 21:11:52 | INFO | --- FORECAST DATA ---
2026-03-26 21:11:52 | INFO | Intraday Forecast (Enercast Raw): 2.620 MW
2026-03-26 21:11:52 | INFO | Intraday Forecast (Enercast, Scaled): 2.096 MW
2026-03-26 21:11:52 | INFO | Day-ahead Forecast (Enercast): 2.620 MW
2026-03-26 21:11:52 | INFO | Base Forecast (raw, before curtailment/shutdown): 1.782 MW
2026-03-26 21:11:52 | INFO | Base Forecast (used for schedule): 1.782 MW
2026-03-26 21:11:52 | INFO | Effective Base Forecast (after curtailment/shutdown): 1.782 MW
2026-03-26 21:11:52 | INFO | Plant Status: NORMAL
2026-03-26 21:11:52 | INFO | Effective Base Forecast = Base Forecast (raw) = 1.782 MW
2026-03-26 21:11:52 | INFO | --- WEATHER PARAMETERS ---
2026-03-26 21:11:52 | INFO | GTI: 723.0 W/m^2
2026-03-26 21:11:52 | INFO | DHI: 239.0 W/m^2
2026-03-26 21:11:52 | INFO | DNI: 0.0 W/m^2
2026-03-26 21:11:52 | INFO | Irradiance Ratio (GTI/MAX_GTI): 0.725
2026-03-26 21:11:52 | INFO | Diffuse Ratio (current): 0.331
2026-03-26 21:11:52 | INFO | Irradiance State: VARIABLE_CLEAR
2026-03-26 21:11:52 | INFO | Temp @ 2m: 37.11 C
2026-03-26 21:11:52 | INFO | Wind @ 10m: 12.86 m/s
2026-03-26 21:11:52 | INFO | Weather State: NORMAL
2026-03-26 21:11:52 | INFO | Dynamic Thresholds: cloud_thr=0.0000, shift_thr=0.0000
2026-03-26 21:11:52 | INFO | Multipliers: irradiance=0.60x, temp=0.78x, wind=0.95x
2026-03-26 21:11:52 | INFO | Weather Multiplier (combined): 0.44x
2026-03-26 21:11:52 | INFO | Abrupt Weather Change Detected: False
2026-03-26 21:11:52 | INFO | --- TREND ANALYSIS ---
2026-03-26 21:11:52 | INFO | Trend series (oldest -> latest):
2026-03-26 21:11:52 | INFO |   Block 60: 2.320 MW (source: INTRADAY_FALLBACK)
2026-03-26 21:11:52 | INFO |   Block 59: 2.536 MW (source: INTRADAY_FALLBACK)
2026-03-26 21:11:52 | INFO |   Block 58: 2.744 MW (source: INTRADAY_FALLBACK)
2026-03-26 21:11:52 | INFO |   Block 57: 2.816 MW (source: INTRADAY_FALLBACK)
2026-03-26 21:11:52 | INFO | Trend values used for slope calc: B60=2.320(INTRADAY_FALLBACK), B59=2.536(INTRADAY_FALLBACK), B58=2.744(INTRADAY_FALLBACK), B57=2.816(INTRADAY_FALLBACK)
2026-03-26 21:11:52 | INFO | Detected Trend Type: DECREASING
2026-03-26 21:11:52 | INFO | Trend Slope Percentage: -17.80%
2026-03-26 21:11:52 | INFO | Trend EPS Threshold: 1.50%
2026-03-26 21:11:52 | INFO | --- SCHEDULE CALCULATION ---
2026-03-26 21:11:52 | INFO | Condition Applied: CONDITION_3
2026-03-26 21:11:52 | INFO | Effective Base Forecast Used for Adjustments: 1.782 MW
2026-03-26 21:11:52 | INFO | Condition-3 (Phase-6) Applied:
2026-03-26 21:11:52 | INFO |   Forecast Mismatch: Intraday (2.096) != Day-ahead (2.620)
2026-03-26 21:11:52 | INFO |   Operation: SUBTRACT
2026-03-26 21:11:52 | INFO |   Base Adjustment %: 3.00%
2026-03-26 21:11:52 | INFO |   Irradiance Multiplier: 0.60x
2026-03-26 21:11:52 | INFO |   Temp Multiplier: 0.78x
2026-03-26 21:11:52 | INFO |   Wind Multiplier: 0.95x
2026-03-26 21:11:52 | INFO |   Weather Multiplier: 0.44x
2026-03-26 21:11:52 | INFO |   Final Adjustment %: -1.33%
2026-03-26 21:11:52 | INFO |   Calculation: 1.782 MW * (1 + -1.33% / 100)
2026-03-26 21:11:52 | INFO |   Formula (expanded): raw=1.7816*(1+-1.3338/100)=1.7578
2026-03-26 21:11:52 | INFO | --- FINAL RESULT ---
2026-03-26 21:11:52 | INFO | Raw Schedule (before smoothing): 1.758 MW
2026-03-26 21:11:52 | INFO | Final Scheduled MW: 1.758 MW
2026-03-26 21:11:52 | INFO | --------------------------------------------------------------------------------
2026-03-26 21:11:52 | INFO | --------------------------------------------------------------------------------
2026-03-26 21:11:52 | INFO | BLOCK 62
2026-03-26 21:11:52 | INFO | --------------------------------------------------------------------------------
2026-03-26 21:11:52 | INFO | --- FORECAST DATA ---
2026-03-26 21:11:52 | INFO | Intraday Forecast (Enercast Raw): 2.340 MW
2026-03-26 21:11:52 | INFO | Intraday Forecast (Enercast, Scaled): 1.872 MW
2026-03-26 21:11:52 | INFO | Day-ahead Forecast (Enercast): 2.400 MW
2026-03-26 21:11:52 | INFO | Base Forecast (raw, before curtailment/shutdown): 1.591 MW
2026-03-26 21:11:52 | INFO | Base Forecast (used for schedule): 1.591 MW
2026-03-26 21:11:52 | INFO | Effective Base Forecast (after curtailment/shutdown): 1.591 MW
2026-03-26 21:11:52 | INFO | Plant Status: NORMAL
2026-03-26 21:11:52 | INFO | Effective Base Forecast = Base Forecast (raw) = 1.591 MW
2026-03-26 21:11:52 | INFO | --- WEATHER PARAMETERS ---
2026-03-26 21:11:52 | INFO | GTI: 677.0 W/m^2
2026-03-26 21:11:52 | INFO | DHI: 235.0 W/m^2
2026-03-26 21:11:52 | INFO | DNI: 0.0 W/m^2
2026-03-26 21:11:52 | INFO | Irradiance Ratio (GTI/MAX_GTI): 0.679
2026-03-26 21:11:52 | INFO | Diffuse Ratio (current): 0.347
2026-03-26 21:11:52 | INFO | Irradiance State: VARIABLE_CLEAR
2026-03-26 21:11:52 | INFO | Temp @ 2m: 37.16 C
2026-03-26 21:11:52 | INFO | Wind @ 10m: 12.98 m/s
2026-03-26 21:11:52 | INFO | Weather State: NORMAL
2026-03-26 21:11:52 | INFO | Dynamic Thresholds: cloud_thr=0.0000, shift_thr=0.0000
2026-03-26 21:11:52 | INFO | Multipliers: irradiance=0.60x, temp=0.78x, wind=0.95x
2026-03-26 21:11:52 | INFO | Weather Multiplier (combined): 0.44x
2026-03-26 21:11:52 | INFO | Abrupt Weather Change Detected: False
2026-03-26 21:11:52 | INFO | --- TREND ANALYSIS ---
2026-03-26 21:11:52 | INFO | Trend series (oldest -> latest):
2026-03-26 21:11:52 | INFO |   Block 61: 2.096 MW (source: INTRADAY_FALLBACK)
2026-03-26 21:11:52 | INFO |   Block 60: 2.320 MW (source: INTRADAY_FALLBACK)
2026-03-26 21:11:52 | INFO |   Block 59: 2.536 MW (source: INTRADAY_FALLBACK)
2026-03-26 21:11:52 | INFO |   Block 58: 2.744 MW (source: INTRADAY_FALLBACK)
2026-03-26 21:11:52 | INFO | Trend values used for slope calc: B61=2.096(INTRADAY_FALLBACK), B60=2.320(INTRADAY_FALLBACK), B59=2.536(INTRADAY_FALLBACK), B58=2.744(INTRADAY_FALLBACK)
2026-03-26 21:11:52 | INFO | Detected Trend Type: DECREASING
2026-03-26 21:11:52 | INFO | Trend Slope Percentage: -23.58%
2026-03-26 21:11:52 | INFO | Trend EPS Threshold: 1.50%
2026-03-26 21:11:52 | INFO | --- SCHEDULE CALCULATION ---
2026-03-26 21:11:52 | INFO | Condition Applied: CONDITION_3
2026-03-26 21:11:52 | INFO | Effective Base Forecast Used for Adjustments: 1.591 MW
2026-03-26 21:11:52 | INFO | Condition-3 (Phase-6) Applied:
2026-03-26 21:11:52 | INFO |   Forecast Mismatch: Intraday (1.872) != Day-ahead (2.400)
2026-03-26 21:11:52 | INFO |   Operation: SUBTRACT
2026-03-26 21:11:52 | INFO |   Base Adjustment %: 3.00%
2026-03-26 21:11:52 | INFO |   Irradiance Multiplier: 0.60x
2026-03-26 21:11:52 | INFO |   Temp Multiplier: 0.78x
2026-03-26 21:11:52 | INFO |   Wind Multiplier: 0.95x
2026-03-26 21:11:52 | INFO |   Weather Multiplier: 0.44x
2026-03-26 21:11:52 | INFO |   Final Adjustment %: -1.33%
2026-03-26 21:11:52 | INFO |   Calculation: 1.591 MW * (1 + -1.33% / 100)
2026-03-26 21:11:52 | INFO |   Formula (expanded): raw=1.5912*(1+-1.3338/100)=1.5700
2026-03-26 21:11:52 | INFO | --- FINAL RESULT ---
2026-03-26 21:11:52 | INFO | Raw Schedule (before smoothing): 1.570 MW
2026-03-26 21:11:52 | INFO | Final Scheduled MW: 1.570 MW
2026-03-26 21:11:52 | INFO | --------------------------------------------------------------------------------
2026-03-26 21:11:52 | INFO | --------------------------------------------------------------------------------
2026-03-26 21:11:52 | INFO | BLOCK 63
2026-03-26 21:11:52 | INFO | --------------------------------------------------------------------------------
2026-03-26 21:11:52 | INFO | --- FORECAST DATA ---
2026-03-26 21:11:52 | INFO | Intraday Forecast (Enercast Raw): 2.180 MW
2026-03-26 21:11:52 | INFO | Intraday Forecast (Enercast, Scaled): 1.744 MW
2026-03-26 21:11:52 | INFO | Day-ahead Forecast (Enercast): 2.260 MW
2026-03-26 21:11:52 | INFO | Base Forecast (raw, before curtailment/shutdown): 1.482 MW
2026-03-26 21:11:52 | INFO | Base Forecast (used for schedule): 1.482 MW
2026-03-26 21:11:52 | INFO | Effective Base Forecast (after curtailment/shutdown): 1.482 MW
2026-03-26 21:11:52 | INFO | Plant Status: NORMAL
2026-03-26 21:11:52 | INFO | Effective Base Forecast = Base Forecast (raw) = 1.482 MW
2026-03-26 21:11:52 | INFO | --- WEATHER PARAMETERS ---
2026-03-26 21:11:52 | INFO | GTI: 655.0 W/m^2
2026-03-26 21:11:52 | INFO | DHI: 209.0 W/m^2
2026-03-26 21:11:52 | INFO | DNI: 0.0 W/m^2
2026-03-26 21:11:52 | INFO | Irradiance Ratio (GTI/MAX_GTI): 0.657
2026-03-26 21:11:52 | INFO | Diffuse Ratio (current): 0.319
2026-03-26 21:11:52 | INFO | Irradiance State: VARIABLE_CLEAR
2026-03-26 21:11:52 | INFO | Temp @ 2m: 37.21 C
2026-03-26 21:11:52 | INFO | Wind @ 10m: 13.32 m/s
2026-03-26 21:11:52 | INFO | Weather State: NORMAL
2026-03-26 21:11:52 | INFO | Dynamic Thresholds: cloud_thr=0.0000, shift_thr=0.0000
2026-03-26 21:11:52 | INFO | Multipliers: irradiance=0.60x, temp=0.78x, wind=0.95x
2026-03-26 21:11:52 | INFO | Weather Multiplier (combined): 0.44x
2026-03-26 21:11:52 | INFO | Abrupt Weather Change Detected: False
2026-03-26 21:11:52 | INFO | --- TREND ANALYSIS ---
2026-03-26 21:11:52 | INFO | Trend series (oldest -> latest):
2026-03-26 21:11:52 | INFO |   Block 62: 1.872 MW (source: INTRADAY_FALLBACK)
2026-03-26 21:11:52 | INFO |   Block 61: 2.096 MW (source: INTRADAY_FALLBACK)
2026-03-26 21:11:52 | INFO |   Block 60: 2.320 MW (source: INTRADAY_FALLBACK)
2026-03-26 21:11:52 | INFO |   Block 59: 2.536 MW (source: INTRADAY_FALLBACK)
2026-03-26 21:11:52 | INFO | Trend values used for slope calc: B62=1.872(INTRADAY_FALLBACK), B61=2.096(INTRADAY_FALLBACK), B60=2.320(INTRADAY_FALLBACK), B59=2.536(INTRADAY_FALLBACK)
2026-03-26 21:11:52 | INFO | Detected Trend Type: DECREASING
2026-03-26 21:11:52 | INFO | Trend Slope Percentage: -26.19%
2026-03-26 21:11:52 | INFO | Trend EPS Threshold: 1.50%
2026-03-26 21:11:52 | INFO | --- SCHEDULE CALCULATION ---
2026-03-26 21:11:52 | INFO | Condition Applied: CONDITION_3
2026-03-26 21:11:52 | INFO | Effective Base Forecast Used for Adjustments: 1.482 MW
2026-03-26 21:11:52 | INFO | Condition-3 (Phase-6) Applied:
2026-03-26 21:11:52 | INFO |   Forecast Mismatch: Intraday (1.744) != Day-ahead (2.260)
2026-03-26 21:11:52 | INFO |   Operation: SUBTRACT
2026-03-26 21:11:52 | INFO |   Base Adjustment %: 3.00%
2026-03-26 21:11:52 | INFO |   Irradiance Multiplier: 0.60x
2026-03-26 21:11:52 | INFO |   Temp Multiplier: 0.78x
2026-03-26 21:11:52 | INFO |   Wind Multiplier: 0.95x
2026-03-26 21:11:52 | INFO |   Weather Multiplier: 0.44x
2026-03-26 21:11:52 | INFO |   Final Adjustment %: -1.33%
2026-03-26 21:11:52 | INFO |   Calculation: 1.482 MW * (1 + -1.33% / 100)
2026-03-26 21:11:52 | INFO |   Formula (expanded): raw=1.4824*(1+-1.3338/100)=1.4626
2026-03-26 21:11:52 | INFO | --- FINAL RESULT ---
2026-03-26 21:11:52 | INFO | Raw Schedule (before smoothing): 1.463 MW
2026-03-26 21:11:52 | INFO | Final Scheduled MW: 1.463 MW
2026-03-26 21:11:52 | INFO | --------------------------------------------------------------------------------
2026-03-26 21:11:52 | INFO | --------------------------------------------------------------------------------
2026-03-26 21:11:52 | INFO | BLOCK 64
2026-03-26 21:11:52 | INFO | --------------------------------------------------------------------------------
2026-03-26 21:11:52 | INFO | --- FORECAST DATA ---
2026-03-26 21:11:52 | INFO | Intraday Forecast (Enercast Raw): 2.000 MW
2026-03-26 21:11:52 | INFO | Intraday Forecast (Enercast, Scaled): 1.600 MW
2026-03-26 21:11:52 | INFO | Day-ahead Forecast (Enercast): 2.110 MW
2026-03-26 21:11:52 | INFO | Base Forecast (raw, before curtailment/shutdown): 1.360 MW
2026-03-26 21:11:52 | INFO | Base Forecast (used for schedule): 1.360 MW
2026-03-26 21:11:52 | INFO | Effective Base Forecast (after curtailment/shutdown): 1.360 MW
2026-03-26 21:11:52 | INFO | Plant Status: NORMAL
2026-03-26 21:11:52 | INFO | Effective Base Forecast = Base Forecast (raw) = 1.360 MW
2026-03-26 21:11:52 | INFO | --- WEATHER PARAMETERS ---
2026-03-26 21:11:52 | INFO | GTI: 629.0 W/m^2
2026-03-26 21:11:52 | INFO | DHI: 175.0 W/m^2
2026-03-26 21:11:52 | INFO | DNI: 0.0 W/m^2
2026-03-26 21:11:52 | INFO | Irradiance Ratio (GTI/MAX_GTI): 0.631
2026-03-26 21:11:52 | INFO | Diffuse Ratio (current): 0.278
2026-03-26 21:11:52 | INFO | Irradiance State: VARIABLE_CLEAR
2026-03-26 21:11:52 | INFO | Temp @ 2m: 37.26 C
2026-03-26 21:11:52 | INFO | Wind @ 10m: 13.78 m/s
2026-03-26 21:11:52 | INFO | Weather State: NORMAL
2026-03-26 21:11:52 | INFO | Dynamic Thresholds: cloud_thr=0.0000, shift_thr=0.0000
2026-03-26 21:11:52 | INFO | Multipliers: irradiance=0.60x, temp=0.78x, wind=0.95x
2026-03-26 21:11:52 | INFO | Weather Multiplier (combined): 0.44x
2026-03-26 21:11:52 | INFO | Abrupt Weather Change Detected: False
2026-03-26 21:11:52 | INFO | --- TREND ANALYSIS ---
2026-03-26 21:11:52 | INFO | Trend series (oldest -> latest):
2026-03-26 21:11:52 | INFO |   Block 63: 1.744 MW (source: INTRADAY_FALLBACK)
2026-03-26 21:11:52 | INFO |   Block 62: 1.872 MW (source: INTRADAY_FALLBACK)
2026-03-26 21:11:52 | INFO |   Block 61: 2.096 MW (source: INTRADAY_FALLBACK)
2026-03-26 21:11:52 | INFO |   Block 60: 2.320 MW (source: INTRADAY_FALLBACK)
2026-03-26 21:11:52 | INFO | Trend values used for slope calc: B63=1.744(INTRADAY_FALLBACK), B62=1.872(INTRADAY_FALLBACK), B61=2.096(INTRADAY_FALLBACK), B60=2.320(INTRADAY_FALLBACK)
2026-03-26 21:11:52 | INFO | Detected Trend Type: DECREASING
2026-03-26 21:11:52 | INFO | Trend Slope Percentage: -25.45%
2026-03-26 21:11:52 | INFO | Trend EPS Threshold: 1.50%
2026-03-26 21:11:52 | INFO | --- SCHEDULE CALCULATION ---
2026-03-26 21:11:52 | INFO | Condition Applied: CONDITION_3
2026-03-26 21:11:52 | INFO | Effective Base Forecast Used for Adjustments: 1.360 MW
2026-03-26 21:11:52 | INFO | Condition-3 (Phase-6) Applied:
2026-03-26 21:11:52 | INFO |   Forecast Mismatch: Intraday (1.600) != Day-ahead (2.110)
2026-03-26 21:11:52 | INFO |   Operation: SUBTRACT
2026-03-26 21:11:52 | INFO |   Base Adjustment %: 3.00%
2026-03-26 21:11:52 | INFO |   Irradiance Multiplier: 0.60x
2026-03-26 21:11:52 | INFO |   Temp Multiplier: 0.78x
2026-03-26 21:11:52 | INFO |   Wind Multiplier: 0.95x
2026-03-26 21:11:52 | INFO |   Weather Multiplier: 0.44x
2026-03-26 21:11:52 | INFO |   Final Adjustment %: -1.33%
2026-03-26 21:11:52 | INFO |   Calculation: 1.360 MW * (1 + -1.33% / 100)
2026-03-26 21:11:52 | INFO |   Formula (expanded): raw=1.3600*(1+-1.3338/100)=1.3419
2026-03-26 21:11:52 | INFO | --- FINAL RESULT ---
2026-03-26 21:11:52 | INFO | Raw Schedule (before smoothing): 1.342 MW
2026-03-26 21:11:52 | INFO | Final Scheduled MW: 1.342 MW
2026-03-26 21:11:52 | INFO | --------------------------------------------------------------------------------
2026-03-26 21:11:52 | INFO | --------------------------------------------------------------------------------
2026-03-26 21:11:52 | INFO | BLOCK 65
2026-03-26 21:11:52 | INFO | --------------------------------------------------------------------------------
2026-03-26 21:11:52 | INFO | --- FORECAST DATA ---
2026-03-26 21:11:52 | INFO | Intraday Forecast (Enercast Raw): 1.810 MW
2026-03-26 21:11:52 | INFO | Intraday Forecast (Enercast, Scaled): 1.448 MW
2026-03-26 21:11:52 | INFO | Day-ahead Forecast (Enercast): 1.950 MW
2026-03-26 21:11:52 | INFO | Base Forecast (raw, before curtailment/shutdown): 1.231 MW
2026-03-26 21:11:52 | INFO | Base Forecast (used for schedule): 1.231 MW
2026-03-26 21:11:52 | INFO | Effective Base Forecast (after curtailment/shutdown): 1.231 MW
2026-03-26 21:11:52 | INFO | Plant Status: NORMAL
2026-03-26 21:11:52 | INFO | Effective Base Forecast = Base Forecast (raw) = 1.231 MW
2026-03-26 21:11:52 | INFO | --- WEATHER PARAMETERS ---
2026-03-26 21:11:52 | INFO | GTI: 575.0 W/m^2
2026-03-26 21:11:52 | INFO | DHI: 140.0 W/m^2
2026-03-26 21:11:52 | INFO | DNI: 0.0 W/m^2
2026-03-26 21:11:52 | INFO | Irradiance Ratio (GTI/MAX_GTI): 0.577
2026-03-26 21:11:52 | INFO | Diffuse Ratio (current): 0.243
2026-03-26 21:11:52 | INFO | Irradiance State: VARIABLE_CLEAR
2026-03-26 21:11:52 | INFO | Temp @ 2m: 37.36 C
2026-03-26 21:11:52 | INFO | Wind @ 10m: 14.12 m/s
2026-03-26 21:11:52 | INFO | Weather State: NORMAL
2026-03-26 21:11:52 | INFO | Dynamic Thresholds: cloud_thr=0.0000, shift_thr=0.0000
2026-03-26 21:11:52 | INFO | Multipliers: irradiance=0.60x, temp=0.78x, wind=0.95x
2026-03-26 21:11:52 | INFO | Weather Multiplier (combined): 0.44x
2026-03-26 21:11:52 | INFO | Abrupt Weather Change Detected: False
2026-03-26 21:11:52 | INFO | --- TREND ANALYSIS ---
2026-03-26 21:11:52 | INFO | Trend series (oldest -> latest):
2026-03-26 21:11:52 | INFO |   Block 64: 1.600 MW (source: INTRADAY_FALLBACK)
2026-03-26 21:11:52 | INFO |   Block 63: 1.744 MW (source: INTRADAY_FALLBACK)
2026-03-26 21:11:52 | INFO |   Block 62: 1.872 MW (source: INTRADAY_FALLBACK)
2026-03-26 21:11:52 | INFO |   Block 61: 2.096 MW (source: INTRADAY_FALLBACK)
2026-03-26 21:11:52 | INFO | Trend values used for slope calc: B64=1.600(INTRADAY_FALLBACK), B63=1.744(INTRADAY_FALLBACK), B62=1.872(INTRADAY_FALLBACK), B61=2.096(INTRADAY_FALLBACK)
2026-03-26 21:11:52 | INFO | Detected Trend Type: DECREASING
2026-03-26 21:11:52 | INFO | Trend Slope Percentage: -23.42%
2026-03-26 21:11:52 | INFO | Trend EPS Threshold: 1.50%
2026-03-26 21:11:52 | INFO | --- SCHEDULE CALCULATION ---
2026-03-26 21:11:52 | INFO | Condition Applied: CONDITION_3
2026-03-26 21:11:52 | INFO | Effective Base Forecast Used for Adjustments: 1.231 MW
2026-03-26 21:11:52 | INFO | Condition-3 (Phase-6) Applied:
2026-03-26 21:11:52 | INFO |   Forecast Mismatch: Intraday (1.448) != Day-ahead (1.950)
2026-03-26 21:11:52 | INFO |   Operation: SUBTRACT
2026-03-26 21:11:52 | INFO |   Base Adjustment %: 3.00%
2026-03-26 21:11:52 | INFO |   Irradiance Multiplier: 0.60x
2026-03-26 21:11:52 | INFO |   Temp Multiplier: 0.78x
2026-03-26 21:11:52 | INFO |   Wind Multiplier: 0.95x
2026-03-26 21:11:52 | INFO |   Weather Multiplier: 0.44x
2026-03-26 21:11:52 | INFO |   Final Adjustment %: -1.33%
2026-03-26 21:11:52 | INFO |   Calculation: 1.231 MW * (1 + -1.33% / 100)
2026-03-26 21:11:52 | INFO |   Formula (expanded): raw=1.2308*(1+-1.3338/100)=1.2144
2026-03-26 21:11:52 | INFO | --- FINAL RESULT ---
2026-03-26 21:11:52 | INFO | Raw Schedule (before smoothing): 1.214 MW
2026-03-26 21:11:52 | INFO | Final Scheduled MW: 1.214 MW
2026-03-26 21:11:52 | INFO | --------------------------------------------------------------------------------
2026-03-26 21:11:52 | INFO | --------------------------------------------------------------------------------
2026-03-26 21:11:52 | INFO | BLOCK 66
2026-03-26 21:11:52 | INFO | --------------------------------------------------------------------------------
2026-03-26 21:11:52 | INFO | --- FORECAST DATA ---
2026-03-26 21:11:52 | INFO | Intraday Forecast (Enercast Raw): 1.610 MW
2026-03-26 21:11:52 | INFO | Intraday Forecast (Enercast, Scaled): 1.288 MW
2026-03-26 21:11:52 | INFO | Day-ahead Forecast (Enercast): 1.760 MW
2026-03-26 21:11:52 | INFO | Base Forecast (raw, before curtailment/shutdown): 1.095 MW
2026-03-26 21:11:52 | INFO | Base Forecast (used for schedule): 1.095 MW
2026-03-26 21:11:52 | INFO | Effective Base Forecast (after curtailment/shutdown): 1.095 MW
2026-03-26 21:11:52 | INFO | Plant Status: NORMAL
2026-03-26 21:11:52 | INFO | Effective Base Forecast = Base Forecast (raw) = 1.095 MW
2026-03-26 21:11:52 | INFO | --- WEATHER PARAMETERS ---
2026-03-26 21:11:52 | INFO | GTI: 474.0 W/m^2
2026-03-26 21:11:52 | INFO | DHI: 112.0 W/m^2
2026-03-26 21:11:52 | INFO | DNI: 0.0 W/m^2
2026-03-26 21:11:52 | INFO | Irradiance Ratio (GTI/MAX_GTI): 0.475
2026-03-26 21:11:52 | INFO | Diffuse Ratio (current): 0.236
2026-03-26 21:11:52 | INFO | Irradiance State: CLOUD_TRANSIENT
2026-03-26 21:11:52 | INFO | Temp @ 2m: 37.36 C
2026-03-26 21:11:52 | INFO | Wind @ 10m: 14.24 m/s
2026-03-26 21:11:52 | INFO | Weather State: NORMAL
2026-03-26 21:11:52 | INFO | Dynamic Thresholds: cloud_thr=0.0000, shift_thr=0.0000
2026-03-26 21:11:52 | INFO | Multipliers: irradiance=0.32x, temp=0.78x, wind=0.95x
2026-03-26 21:11:52 | INFO | Weather Multiplier (combined): 0.24x
2026-03-26 21:11:52 | INFO | Abrupt Weather Change Detected: False
2026-03-26 21:11:52 | INFO | --- TREND ANALYSIS ---
2026-03-26 21:11:52 | INFO | Trend series (oldest -> latest):
2026-03-26 21:11:52 | INFO |   Block 65: 1.448 MW (source: INTRADAY_FALLBACK)
2026-03-26 21:11:52 | INFO |   Block 64: 1.600 MW (source: INTRADAY_FALLBACK)
2026-03-26 21:11:52 | INFO |   Block 63: 1.744 MW (source: INTRADAY_FALLBACK)
2026-03-26 21:11:52 | INFO |   Block 62: 1.872 MW (source: INTRADAY_FALLBACK)
2026-03-26 21:11:52 | INFO | Trend values used for slope calc: B65=1.448(INTRADAY_FALLBACK), B64=1.600(INTRADAY_FALLBACK), B63=1.744(INTRADAY_FALLBACK), B62=1.872(INTRADAY_FALLBACK)
2026-03-26 21:11:52 | INFO | Detected Trend Type: DECREASING
2026-03-26 21:11:52 | INFO | Trend Slope Percentage: -22.61%
2026-03-26 21:11:52 | INFO | Trend EPS Threshold: 1.50%
2026-03-26 21:11:52 | INFO | --- SCHEDULE CALCULATION ---
2026-03-26 21:11:52 | INFO | Condition Applied: CONDITION_3
2026-03-26 21:11:52 | INFO | Effective Base Forecast Used for Adjustments: 1.095 MW
2026-03-26 21:11:52 | INFO | Condition-3 (Phase-6) Applied:
2026-03-26 21:11:52 | INFO |   Forecast Mismatch: Intraday (1.288) != Day-ahead (1.760)
2026-03-26 21:11:52 | INFO |   Operation: SUBTRACT
2026-03-26 21:11:52 | INFO |   Base Adjustment %: 3.00%
2026-03-26 21:11:52 | INFO |   Irradiance Multiplier: 0.32x
2026-03-26 21:11:52 | INFO |   Temp Multiplier: 0.78x
2026-03-26 21:11:52 | INFO |   Wind Multiplier: 0.95x
2026-03-26 21:11:52 | INFO |   Weather Multiplier: 0.24x
2026-03-26 21:11:52 | INFO |   Final Adjustment %: -0.71%
2026-03-26 21:11:52 | INFO |   Calculation: 1.095 MW * (1 + -0.71% / 100)
2026-03-26 21:11:52 | INFO |   Formula (expanded): raw=1.0948*(1+-0.7114/100)=1.0870
2026-03-26 21:11:52 | INFO | --- FINAL RESULT ---
2026-03-26 21:11:52 | INFO | Raw Schedule (before smoothing): 1.087 MW
2026-03-26 21:11:52 | INFO | Final Scheduled MW: 1.087 MW
2026-03-26 21:11:52 | INFO | --------------------------------------------------------------------------------
2026-03-26 21:11:52 | INFO | --------------------------------------------------------------------------------
2026-03-26 21:11:52 | INFO | BLOCK 67
2026-03-26 21:11:52 | INFO | --------------------------------------------------------------------------------
2026-03-26 21:11:52 | INFO | --- FORECAST DATA ---
2026-03-26 21:11:52 | INFO | Intraday Forecast (Enercast Raw): 1.350 MW
2026-03-26 21:11:52 | INFO | Intraday Forecast (Enercast, Scaled): 1.080 MW
2026-03-26 21:11:52 | INFO | Day-ahead Forecast (Enercast): 1.530 MW
2026-03-26 21:11:52 | INFO | Base Forecast (raw, before curtailment/shutdown): 0.918 MW
2026-03-26 21:11:52 | INFO | Base Forecast (used for schedule): 0.918 MW
2026-03-26 21:11:52 | INFO | Effective Base Forecast (after curtailment/shutdown): 0.918 MW
2026-03-26 21:11:52 | INFO | Plant Status: NORMAL
2026-03-26 21:11:52 | INFO | Effective Base Forecast = Base Forecast (raw) = 0.918 MW
2026-03-26 21:11:52 | INFO | --- WEATHER PARAMETERS ---
2026-03-26 21:11:52 | INFO | GTI: 331.0 W/m^2
2026-03-26 21:11:52 | INFO | DHI: 84.0 W/m^2
2026-03-26 21:11:52 | INFO | DNI: 0.0 W/m^2
2026-03-26 21:11:52 | INFO | Irradiance Ratio (GTI/MAX_GTI): 0.332
2026-03-26 21:11:52 | INFO | Diffuse Ratio (current): 0.254
2026-03-26 21:11:52 | INFO | Irradiance State: CLOUD_TRANSIENT
2026-03-26 21:11:52 | INFO | Temp @ 2m: 37.31 C
2026-03-26 21:11:52 | INFO | Wind @ 10m: 13.71 m/s
2026-03-26 21:11:52 | INFO | Weather State: NORMAL
2026-03-26 21:11:52 | INFO | Dynamic Thresholds: cloud_thr=0.0000, shift_thr=0.0000
2026-03-26 21:11:52 | INFO | Multipliers: irradiance=0.32x, temp=0.78x, wind=0.95x
2026-03-26 21:11:52 | INFO | Weather Multiplier (combined): 0.24x
2026-03-26 21:11:52 | INFO | Abrupt Weather Change Detected: False
2026-03-26 21:11:52 | INFO | --- TREND ANALYSIS ---
2026-03-26 21:11:52 | INFO | Trend series (oldest -> latest):
2026-03-26 21:11:52 | INFO |   Block 66: 1.288 MW (source: INTRADAY_FALLBACK)
2026-03-26 21:11:52 | INFO |   Block 65: 1.448 MW (source: INTRADAY_FALLBACK)
2026-03-26 21:11:52 | INFO |   Block 64: 1.600 MW (source: INTRADAY_FALLBACK)
2026-03-26 21:11:52 | INFO |   Block 63: 1.744 MW (source: INTRADAY_FALLBACK)
2026-03-26 21:11:52 | INFO | Trend values used for slope calc: B66=1.288(INTRADAY_FALLBACK), B65=1.448(INTRADAY_FALLBACK), B64=1.600(INTRADAY_FALLBACK), B63=1.744(INTRADAY_FALLBACK)
2026-03-26 21:11:52 | INFO | Detected Trend Type: DECREASING
2026-03-26 21:11:52 | INFO | Trend Slope Percentage: -26.09%
2026-03-26 21:11:52 | INFO | Trend EPS Threshold: 1.50%
2026-03-26 21:11:52 | INFO | --- SCHEDULE CALCULATION ---
2026-03-26 21:11:52 | INFO | Condition Applied: CONDITION_3
2026-03-26 21:11:52 | INFO | Effective Base Forecast Used for Adjustments: 0.918 MW
2026-03-26 21:11:52 | INFO | Condition-3 (Phase-6) Applied:
2026-03-26 21:11:52 | INFO |   Forecast Mismatch: Intraday (1.080) != Day-ahead (1.530)
2026-03-26 21:11:52 | INFO |   Operation: SUBTRACT
2026-03-26 21:11:52 | INFO |   Base Adjustment %: 3.00%
2026-03-26 21:11:52 | INFO |   Irradiance Multiplier: 0.32x
2026-03-26 21:11:52 | INFO |   Temp Multiplier: 0.78x
2026-03-26 21:11:52 | INFO |   Wind Multiplier: 0.95x
2026-03-26 21:11:52 | INFO |   Weather Multiplier: 0.24x
2026-03-26 21:11:52 | INFO |   Final Adjustment %: -0.71%
2026-03-26 21:11:52 | INFO |   Calculation: 0.918 MW * (1 + -0.71% / 100)
2026-03-26 21:11:52 | INFO |   Formula (expanded): raw=0.9180*(1+-0.7114/100)=0.9115
2026-03-26 21:11:52 | INFO | --- FINAL RESULT ---
2026-03-26 21:11:52 | INFO | Raw Schedule (before smoothing): 0.911 MW
2026-03-26 21:11:52 | INFO | Final Scheduled MW: 0.911 MW
2026-03-26 21:11:52 | INFO | --------------------------------------------------------------------------------
2026-03-26 21:11:52 | INFO | --------------------------------------------------------------------------------
2026-03-26 21:11:52 | INFO | BLOCK 68
2026-03-26 21:11:52 | INFO | --------------------------------------------------------------------------------
2026-03-26 21:11:52 | INFO | --- FORECAST DATA ---
2026-03-26 21:11:52 | INFO | Intraday Forecast (Enercast Raw): 1.110 MW
2026-03-26 21:11:52 | INFO | Intraday Forecast (Enercast, Scaled): 0.888 MW
2026-03-26 21:11:52 | INFO | Day-ahead Forecast (Enercast): 1.300 MW
2026-03-26 21:11:52 | INFO | Base Forecast (raw, before curtailment/shutdown): 0.755 MW
2026-03-26 21:11:52 | INFO | Base Forecast (used for schedule): 0.755 MW
2026-03-26 21:11:52 | INFO | Effective Base Forecast (after curtailment/shutdown): 0.755 MW
2026-03-26 21:11:52 | INFO | Plant Status: NORMAL
2026-03-26 21:11:52 | INFO | Effective Base Forecast = Base Forecast (raw) = 0.755 MW
2026-03-26 21:11:52 | INFO | --- WEATHER PARAMETERS ---
2026-03-26 21:11:52 | INFO | GTI: 190.0 W/m^2
2026-03-26 21:11:52 | INFO | DHI: 60.0 W/m^2
2026-03-26 21:11:52 | INFO | DNI: 0.0 W/m^2
2026-03-26 21:11:52 | INFO | Irradiance Ratio (GTI/MAX_GTI): 0.191
2026-03-26 21:11:52 | INFO | Diffuse Ratio (current): 0.316
2026-03-26 21:11:52 | INFO | Irradiance State: OVERCAST
2026-03-26 21:11:52 | INFO | Temp @ 2m: 37.21 C
2026-03-26 21:11:52 | INFO | Wind @ 10m: 12.41 m/s
2026-03-26 21:11:52 | INFO | Weather State: NORMAL
2026-03-26 21:11:52 | INFO | Dynamic Thresholds: cloud_thr=0.0000, shift_thr=0.0000
2026-03-26 21:11:52 | INFO | Multipliers: irradiance=0.22x, temp=0.78x, wind=0.95x
2026-03-26 21:11:52 | INFO | Weather Multiplier (combined): 0.16x
2026-03-26 21:11:52 | INFO | Abrupt Weather Change Detected: False
2026-03-26 21:11:52 | INFO | --- TREND ANALYSIS ---
2026-03-26 21:11:52 | INFO | Trend series (oldest -> latest):
2026-03-26 21:11:52 | INFO |   Block 67: 1.080 MW (source: INTRADAY_FALLBACK)
2026-03-26 21:11:52 | INFO |   Block 66: 1.288 MW (source: INTRADAY_FALLBACK)
2026-03-26 21:11:52 | INFO |   Block 65: 1.448 MW (source: INTRADAY_FALLBACK)
2026-03-26 21:11:52 | INFO |   Block 64: 1.600 MW (source: INTRADAY_FALLBACK)
2026-03-26 21:11:52 | INFO | Trend values used for slope calc: B67=1.080(INTRADAY_FALLBACK), B66=1.288(INTRADAY_FALLBACK), B65=1.448(INTRADAY_FALLBACK), B64=1.600(INTRADAY_FALLBACK)
2026-03-26 21:11:52 | INFO | Detected Trend Type: DECREASING
2026-03-26 21:11:52 | INFO | Trend Slope Percentage: -32.01%
2026-03-26 21:11:52 | INFO | Trend EPS Threshold: 1.50%
2026-03-26 21:11:52 | INFO | --- SCHEDULE CALCULATION ---
2026-03-26 21:11:52 | INFO | Condition Applied: CONDITION_3
2026-03-26 21:11:52 | INFO | Effective Base Forecast Used for Adjustments: 0.755 MW
2026-03-26 21:11:52 | INFO | Condition-3 (Phase-6) Applied:
2026-03-26 21:11:52 | INFO |   Forecast Mismatch: Intraday (0.888) != Day-ahead (1.300)
2026-03-26 21:11:52 | INFO |   Operation: SUBTRACT
2026-03-26 21:11:52 | INFO |   Base Adjustment %: 3.00%
2026-03-26 21:11:52 | INFO |   Irradiance Multiplier: 0.22x
2026-03-26 21:11:52 | INFO |   Temp Multiplier: 0.78x
2026-03-26 21:11:52 | INFO |   Wind Multiplier: 0.95x
2026-03-26 21:11:52 | INFO |   Weather Multiplier: 0.16x
2026-03-26 21:11:52 | INFO |   Final Adjustment %: -0.49%
2026-03-26 21:11:52 | INFO |   Calculation: 0.755 MW * (1 + -0.49% / 100)
2026-03-26 21:11:52 | INFO |   Formula (expanded): raw=0.7548*(1+-0.4891/100)=0.7511
2026-03-26 21:11:52 | INFO | --- FINAL RESULT ---
2026-03-26 21:11:52 | INFO | Raw Schedule (before smoothing): 0.751 MW
2026-03-26 21:11:52 | INFO | Final Scheduled MW: 0.751 MW
2026-03-26 21:11:52 | INFO | --------------------------------------------------------------------------------
2026-03-26 21:11:52 | INFO | Low GTI ratio (0.085) -> base_forecast damped by 0.85
2026-03-26 21:11:52 | INFO | --------------------------------------------------------------------------------
2026-03-26 21:11:52 | INFO | BLOCK 69
2026-03-26 21:11:52 | INFO | --------------------------------------------------------------------------------
2026-03-26 21:11:52 | INFO | --- FORECAST DATA ---
2026-03-26 21:11:52 | INFO | Intraday Forecast (Enercast Raw): 0.890 MW
2026-03-26 21:11:52 | INFO | Intraday Forecast (Enercast, Scaled): 0.712 MW
2026-03-26 21:11:52 | INFO | Day-ahead Forecast (Enercast): 1.070 MW
2026-03-26 21:11:52 | INFO | Base Forecast (raw, before curtailment/shutdown): 0.605 MW
2026-03-26 21:11:52 | INFO | Base Forecast (used for schedule): 0.514 MW
2026-03-26 21:11:52 | INFO | Effective Base Forecast (after curtailment/shutdown): 0.514 MW
2026-03-26 21:11:52 | INFO | Plant Status: NORMAL
2026-03-26 21:11:52 | INFO | Effective Base Forecast = Base Forecast (raw) = 0.514 MW
2026-03-26 21:11:52 | INFO | --- WEATHER PARAMETERS ---
2026-03-26 21:11:52 | INFO | GTI: 85.0 W/m^2
2026-03-26 21:11:52 | INFO | DHI: 40.0 W/m^2
2026-03-26 21:11:52 | INFO | DNI: 0.0 W/m^2
2026-03-26 21:11:52 | INFO | Irradiance Ratio (GTI/MAX_GTI): 0.085
2026-03-26 21:11:52 | INFO | Diffuse Ratio (current): 0.471
2026-03-26 21:11:52 | INFO | Irradiance State: OVERCAST
2026-03-26 21:11:52 | INFO | Temp @ 2m: 37.06 C
2026-03-26 21:11:52 | INFO | Wind @ 10m: 11.02 m/s
2026-03-26 21:11:52 | INFO | Weather State: NORMAL
2026-03-26 21:11:52 | INFO | Dynamic Thresholds: cloud_thr=0.0000, shift_thr=0.0000
2026-03-26 21:11:52 | INFO | Multipliers: irradiance=0.22x, temp=0.78x, wind=0.95x
2026-03-26 21:11:52 | INFO | Weather Multiplier (combined): 0.16x
2026-03-26 21:11:52 | INFO | Abrupt Weather Change Detected: False
2026-03-26 21:11:52 | INFO | --- TREND ANALYSIS ---
2026-03-26 21:11:52 | INFO | Trend series (oldest -> latest):
2026-03-26 21:11:52 | INFO |   Block 68: 0.888 MW (source: INTRADAY_FALLBACK)
2026-03-26 21:11:52 | INFO |   Block 67: 1.080 MW (source: INTRADAY_FALLBACK)
2026-03-26 21:11:52 | INFO |   Block 66: 1.288 MW (source: INTRADAY_FALLBACK)
2026-03-26 21:11:52 | INFO |   Block 65: 1.448 MW (source: INTRADAY_FALLBACK)
2026-03-26 21:11:52 | INFO | Trend values used for slope calc: B68=0.888(INTRADAY_FALLBACK), B67=1.080(INTRADAY_FALLBACK), B66=1.288(INTRADAY_FALLBACK), B65=1.448(INTRADAY_FALLBACK)
2026-03-26 21:11:52 | INFO | Detected Trend Type: DECREASING
2026-03-26 21:11:52 | INFO | Trend Slope Percentage: -38.82%
2026-03-26 21:11:52 | INFO | Trend EPS Threshold: 1.50%
2026-03-26 21:11:52 | INFO | --- SCHEDULE CALCULATION ---
2026-03-26 21:11:52 | INFO | Condition Applied: CONDITION_3
2026-03-26 21:11:52 | INFO | Effective Base Forecast Used for Adjustments: 0.514 MW
2026-03-26 21:11:52 | INFO | Condition-3 (Phase-6) Applied:
2026-03-26 21:11:52 | INFO |   Forecast Mismatch: Intraday (0.712) != Day-ahead (1.070)
2026-03-26 21:11:52 | INFO |   Operation: SUBTRACT
2026-03-26 21:11:52 | INFO |   Base Adjustment %: 3.00%
2026-03-26 21:11:52 | INFO |   Irradiance Multiplier: 0.22x
2026-03-26 21:11:52 | INFO |   Temp Multiplier: 0.78x
2026-03-26 21:11:52 | INFO |   Wind Multiplier: 0.95x
2026-03-26 21:11:52 | INFO |   Weather Multiplier: 1.00x
2026-03-26 21:11:52 | INFO |   Final Adjustment %: -3.00%
2026-03-26 21:11:52 | INFO |   Calculation: 0.514 MW * (1 + -3.00% / 100)
2026-03-26 21:11:52 | INFO |   Formula (expanded): raw=0.5144*(1+-3.0000/100)=0.4990
2026-03-26 21:11:52 | INFO | --- FINAL RESULT ---
2026-03-26 21:11:52 | INFO | Raw Schedule (before smoothing): 0.499 MW
2026-03-26 21:11:52 | INFO | Final Scheduled MW: 0.499 MW
2026-03-26 21:11:52 | INFO | --------------------------------------------------------------------------------
2026-03-26 21:11:52 | INFO | Low GTI ratio (0.033) -> base_forecast damped by 0.85
2026-03-26 21:11:52 | INFO | --------------------------------------------------------------------------------
2026-03-26 21:11:52 | INFO | BLOCK 70
2026-03-26 21:11:52 | INFO | --------------------------------------------------------------------------------
2026-03-26 21:11:52 | INFO | --- FORECAST DATA ---
2026-03-26 21:11:52 | INFO | Intraday Forecast (Enercast Raw): 0.680 MW
2026-03-26 21:11:52 | INFO | Intraday Forecast (Enercast, Scaled): 0.544 MW
2026-03-26 21:11:52 | INFO | Day-ahead Forecast (Enercast): 0.850 MW
2026-03-26 21:11:52 | INFO | Base Forecast (raw, before curtailment/shutdown): 0.462 MW
2026-03-26 21:11:52 | INFO | Base Forecast (used for schedule): 0.393 MW
2026-03-26 21:11:52 | INFO | Effective Base Forecast (after curtailment/shutdown): 0.393 MW
2026-03-26 21:11:52 | INFO | Plant Status: NORMAL
2026-03-26 21:11:52 | INFO | Effective Base Forecast = Base Forecast (raw) = 0.393 MW
2026-03-26 21:11:52 | INFO | --- WEATHER PARAMETERS ---
2026-03-26 21:11:52 | INFO | GTI: 33.0 W/m^2
2026-03-26 21:11:52 | INFO | DHI: 27.0 W/m^2
2026-03-26 21:11:52 | INFO | DNI: 0.0 W/m^2
2026-03-26 21:11:52 | INFO | Irradiance Ratio (GTI/MAX_GTI): 0.033
2026-03-26 21:11:52 | INFO | Diffuse Ratio (current): 0.540
2026-03-26 21:11:52 | INFO | Irradiance State: OVERCAST
2026-03-26 21:11:52 | INFO | Temp @ 2m: 36.81 C
2026-03-26 21:11:52 | INFO | Wind @ 10m: 9.29 m/s
2026-03-26 21:11:52 | INFO | Weather State: NORMAL
2026-03-26 21:11:52 | INFO | Dynamic Thresholds: cloud_thr=0.0000, shift_thr=0.0000
2026-03-26 21:11:52 | INFO | Multipliers: irradiance=0.22x, temp=0.78x, wind=0.95x
2026-03-26 21:11:52 | INFO | Weather Multiplier (combined): 0.16x
2026-03-26 21:11:52 | INFO | Abrupt Weather Change Detected: False
2026-03-26 21:11:52 | INFO | --- TREND ANALYSIS ---
2026-03-26 21:11:52 | INFO | Trend series (oldest -> latest):
2026-03-26 21:11:52 | INFO |   Block 69: 0.712 MW (source: INTRADAY_FALLBACK)
2026-03-26 21:11:52 | INFO |   Block 68: 0.888 MW (source: INTRADAY_FALLBACK)
2026-03-26 21:11:52 | INFO |   Block 67: 1.080 MW (source: INTRADAY_FALLBACK)
2026-03-26 21:11:52 | INFO |   Block 66: 1.288 MW (source: INTRADAY_FALLBACK)
2026-03-26 21:11:52 | INFO | Trend values used for slope calc: B69=0.712(INTRADAY_FALLBACK), B68=0.888(INTRADAY_FALLBACK), B67=1.080(INTRADAY_FALLBACK), B66=1.288(INTRADAY_FALLBACK)
2026-03-26 21:11:52 | INFO | Detected Trend Type: DECREASING
2026-03-26 21:11:52 | INFO | Trend Slope Percentage: -45.00%
2026-03-26 21:11:52 | INFO | Trend EPS Threshold: 1.50%
2026-03-26 21:11:52 | INFO | --- SCHEDULE CALCULATION ---
2026-03-26 21:11:52 | INFO | Condition Applied: CONDITION_3
2026-03-26 21:11:52 | INFO | Effective Base Forecast Used for Adjustments: 0.393 MW
2026-03-26 21:11:52 | INFO | Condition-3 (Phase-6) Applied:
2026-03-26 21:11:52 | INFO |   Forecast Mismatch: Intraday (0.544) != Day-ahead (0.850)
2026-03-26 21:11:52 | INFO |   Operation: SUBTRACT
2026-03-26 21:11:52 | INFO |   Base Adjustment %: 3.00%
2026-03-26 21:11:52 | INFO |   Irradiance Multiplier: 0.22x
2026-03-26 21:11:52 | INFO |   Temp Multiplier: 0.78x
2026-03-26 21:11:52 | INFO |   Wind Multiplier: 0.95x
2026-03-26 21:11:52 | INFO |   Weather Multiplier: 1.00x
2026-03-26 21:11:52 | INFO |   Final Adjustment %: -3.00%
2026-03-26 21:11:52 | INFO |   Calculation: 0.393 MW * (1 + -3.00% / 100)
2026-03-26 21:11:52 | INFO |   Formula (expanded): raw=0.3930*(1+-3.0000/100)=0.3812
2026-03-26 21:11:52 | INFO | --- FINAL RESULT ---
2026-03-26 21:11:52 | INFO | Raw Schedule (before smoothing): 0.381 MW
2026-03-26 21:11:52 | INFO | Final Scheduled MW: 0.381 MW
2026-03-26 21:11:52 | INFO | --------------------------------------------------------------------------------
2026-03-26 21:11:52 | INFO | --------------------------------------------------------------------------------
2026-03-26 21:11:52 | INFO | BLOCK 71
2026-03-26 21:11:52 | INFO | --------------------------------------------------------------------------------
2026-03-26 21:11:52 | INFO | --- FORECAST DATA ---
2026-03-26 21:11:52 | INFO | Intraday Forecast (Enercast Raw): 0.530 MW
2026-03-26 21:11:52 | INFO | Intraday Forecast (Enercast, Scaled): 0.424 MW
2026-03-26 21:11:52 | INFO | Day-ahead Forecast (Enercast): 0.640 MW
2026-03-26 21:11:52 | INFO | Base Forecast (raw, before curtailment/shutdown): 0.360 MW
2026-03-26 21:11:52 | INFO | Base Forecast (used for schedule): 0.360 MW
2026-03-26 21:11:52 | INFO | Effective Base Forecast (after curtailment/shutdown): 0.360 MW
2026-03-26 21:11:52 | INFO | Plant Status: NORMAL
2026-03-26 21:11:52 | INFO | Effective Base Forecast = Base Forecast (raw) = 0.360 MW
2026-03-26 21:11:52 | INFO | --- WEATHER PARAMETERS ---
2026-03-26 21:11:52 | INFO | GTI: 15.0 W/m^2
2026-03-26 21:11:52 | INFO | DHI: 16.0 W/m^2
2026-03-26 21:11:52 | INFO | DNI: 0.0 W/m^2
2026-03-26 21:11:52 | INFO | Irradiance Ratio (GTI/MAX_GTI): 0.015
2026-03-26 21:11:52 | INFO | Diffuse Ratio (current): 0.320
2026-03-26 21:11:52 | INFO | Irradiance State: OVERCAST
2026-03-26 21:11:52 | INFO | Temp @ 2m: 36.41 C
2026-03-26 21:11:52 | INFO | Wind @ 10m: 8.47 m/s
2026-03-26 21:11:52 | INFO | Weather State: NORMAL
2026-03-26 21:11:52 | INFO | Dynamic Thresholds: cloud_thr=0.0000, shift_thr=0.0000
2026-03-26 21:11:52 | INFO | Multipliers: irradiance=0.22x, temp=0.78x, wind=0.95x
2026-03-26 21:11:52 | INFO | Weather Multiplier (combined): 0.16x
2026-03-26 21:11:52 | INFO | Abrupt Weather Change Detected: False
2026-03-26 21:11:52 | INFO | --- TREND ANALYSIS ---
2026-03-26 21:11:52 | INFO | Trend series: INSUFFICIENT DATA
2026-03-26 21:11:52 | INFO | Detected Trend Type: FLAT
2026-03-26 21:11:52 | INFO | Trend Slope Percentage: 0.00%
2026-03-26 21:11:52 | INFO | Trend EPS Threshold: 1.50%
2026-03-26 21:11:52 | INFO | --- SCHEDULE CALCULATION ---
2026-03-26 21:11:52 | INFO | Condition Applied: SUNSET_CLAMP
2026-03-26 21:11:52 | INFO | Effective Base Forecast Used for Adjustments: 0.360 MW
2026-03-26 21:11:52 | INFO | Condition-3: NOT APPLIED for this block path
2026-03-26 21:11:52 | INFO |   Final Adjustment %: 0.00%
2026-03-26 21:11:52 | INFO |   Formula (expanded): SUNSET_CLAMP: GTI=15.000 < 0.02*MAX_GTI=19.940 => raw=0
2026-03-26 21:11:52 | INFO | --- FINAL RESULT ---
2026-03-26 21:11:52 | INFO | Raw Schedule (before smoothing): 0.000 MW
2026-03-26 21:11:52 | INFO | Final Scheduled MW: 0.000 MW
2026-03-26 21:11:52 | INFO | --------------------------------------------------------------------------------
2026-03-26 21:11:52 | INFO | --------------------------------------------------------------------------------
2026-03-26 21:11:52 | INFO | BLOCK 72
2026-03-26 21:11:52 | INFO | --------------------------------------------------------------------------------
2026-03-26 21:11:52 | INFO | --- FORECAST DATA ---
2026-03-26 21:11:52 | INFO | Intraday Forecast (Enercast Raw): 0.380 MW
2026-03-26 21:11:52 | INFO | Intraday Forecast (Enercast, Scaled): 0.304 MW
2026-03-26 21:11:52 | INFO | Day-ahead Forecast (Enercast): 0.440 MW
2026-03-26 21:11:52 | INFO | Base Forecast (raw, before curtailment/shutdown): 0.258 MW
2026-03-26 21:11:52 | INFO | Base Forecast (used for schedule): 0.258 MW
2026-03-26 21:11:52 | INFO | Effective Base Forecast (after curtailment/shutdown): 0.258 MW
2026-03-26 21:11:52 | INFO | Plant Status: NORMAL
2026-03-26 21:11:52 | INFO | Effective Base Forecast = Base Forecast (raw) = 0.258 MW
2026-03-26 21:11:52 | INFO | --- WEATHER PARAMETERS ---
2026-03-26 21:11:52 | INFO | GTI: 11.0 W/m^2
2026-03-26 21:11:52 | INFO | DHI: 9.0 W/m^2
2026-03-26 21:11:52 | INFO | DNI: 0.0 W/m^2
2026-03-26 21:11:52 | INFO | Irradiance Ratio (GTI/MAX_GTI): 0.011
2026-03-26 21:11:52 | INFO | Diffuse Ratio (current): 0.180
2026-03-26 21:11:52 | INFO | Irradiance State: OVERCAST
2026-03-26 21:11:52 | INFO | Temp @ 2m: 35.81 C
2026-03-26 21:11:52 | INFO | Wind @ 10m: 9.57 m/s
2026-03-26 21:11:52 | INFO | Weather State: NORMAL
2026-03-26 21:11:52 | INFO | Dynamic Thresholds: cloud_thr=0.0000, shift_thr=0.0000
2026-03-26 21:11:52 | INFO | Multipliers: irradiance=0.22x, temp=0.78x, wind=0.95x
2026-03-26 21:11:52 | INFO | Weather Multiplier (combined): 0.16x
2026-03-26 21:11:52 | INFO | Abrupt Weather Change Detected: False
2026-03-26 21:11:52 | INFO | --- TREND ANALYSIS ---
2026-03-26 21:11:52 | INFO | Trend series: INSUFFICIENT DATA
2026-03-26 21:11:52 | INFO | Detected Trend Type: FLAT
2026-03-26 21:11:52 | INFO | Trend Slope Percentage: 0.00%
2026-03-26 21:11:52 | INFO | Trend EPS Threshold: 1.50%
2026-03-26 21:11:52 | INFO | --- SCHEDULE CALCULATION ---
2026-03-26 21:11:52 | INFO | Condition Applied: SUNSET_CLAMP
2026-03-26 21:11:52 | INFO | Effective Base Forecast Used for Adjustments: 0.258 MW
2026-03-26 21:11:52 | INFO | Condition-3: NOT APPLIED for this block path
2026-03-26 21:11:52 | INFO |   Final Adjustment %: 0.00%
2026-03-26 21:11:52 | INFO |   Formula (expanded): SUNSET_CLAMP: GTI=11.000 < 0.02*MAX_GTI=19.940 => raw=0
2026-03-26 21:11:52 | INFO | --- FINAL RESULT ---
2026-03-26 21:11:52 | INFO | Raw Schedule (before smoothing): 0.000 MW
2026-03-26 21:11:52 | INFO | Final Scheduled MW: 0.000 MW
2026-03-26 21:11:52 | INFO | --------------------------------------------------------------------------------
2026-03-26 21:11:52 | INFO | --------------------------------------------------------------------------------
2026-03-26 21:11:52 | INFO | BLOCK 73
2026-03-26 21:11:52 | INFO | --------------------------------------------------------------------------------
2026-03-26 21:11:52 | INFO | --- FORECAST DATA ---
2026-03-26 21:11:52 | INFO | Intraday Forecast (Enercast Raw): 0.240 MW
2026-03-26 21:11:52 | INFO | Intraday Forecast (Enercast, Scaled): 0.192 MW
2026-03-26 21:11:52 | INFO | Day-ahead Forecast (Enercast): 0.260 MW
2026-03-26 21:11:52 | INFO | Base Forecast (raw, before curtailment/shutdown): 0.163 MW
2026-03-26 21:11:52 | INFO | Base Forecast (used for schedule): 0.163 MW
2026-03-26 21:11:52 | INFO | Effective Base Forecast (after curtailment/shutdown): 0.163 MW
2026-03-26 21:11:52 | INFO | Plant Status: NORMAL
2026-03-26 21:11:52 | INFO | Effective Base Forecast = Base Forecast (raw) = 0.163 MW
2026-03-26 21:11:52 | INFO | --- WEATHER PARAMETERS ---
2026-03-26 21:11:52 | INFO | GTI: 11.0 W/m^2
2026-03-26 21:11:52 | INFO | DHI: 6.0 W/m^2
2026-03-26 21:11:52 | INFO | DNI: 0.0 W/m^2
2026-03-26 21:11:52 | INFO | Irradiance Ratio (GTI/MAX_GTI): 0.011
2026-03-26 21:11:52 | INFO | Diffuse Ratio (current): 0.120
2026-03-26 21:11:52 | INFO | Irradiance State: OVERCAST
2026-03-26 21:11:52 | INFO | Temp @ 2m: 35.01 C
2026-03-26 21:11:52 | INFO | Wind @ 10m: 12.98 m/s
2026-03-26 21:11:52 | INFO | Weather State: NORMAL
2026-03-26 21:11:52 | INFO | Dynamic Thresholds: cloud_thr=0.0000, shift_thr=0.0000
2026-03-26 21:11:52 | INFO | Multipliers: irradiance=0.22x, temp=0.78x, wind=0.95x
2026-03-26 21:11:52 | INFO | Weather Multiplier (combined): 0.16x
2026-03-26 21:11:52 | INFO | Abrupt Weather Change Detected: False
2026-03-26 21:11:52 | INFO | --- TREND ANALYSIS ---
2026-03-26 21:11:52 | INFO | Trend series: INSUFFICIENT DATA
2026-03-26 21:11:52 | INFO | Detected Trend Type: FLAT
2026-03-26 21:11:52 | INFO | Trend Slope Percentage: 0.00%
2026-03-26 21:11:52 | INFO | Trend EPS Threshold: 1.50%
2026-03-26 21:11:52 | INFO | --- SCHEDULE CALCULATION ---
2026-03-26 21:11:52 | INFO | Condition Applied: SUNSET_CLAMP
2026-03-26 21:11:52 | INFO | Effective Base Forecast Used for Adjustments: 0.163 MW
2026-03-26 21:11:52 | INFO | Condition-3: NOT APPLIED for this block path
2026-03-26 21:11:52 | INFO |   Final Adjustment %: 0.00%
2026-03-26 21:11:52 | INFO |   Formula (expanded): SUNSET_CLAMP: GTI=11.000 < 0.02*MAX_GTI=19.940 => raw=0
2026-03-26 21:11:52 | INFO | --- FINAL RESULT ---
2026-03-26 21:11:52 | INFO | Raw Schedule (before smoothing): 0.000 MW
2026-03-26 21:11:52 | INFO | Final Scheduled MW: 0.000 MW
2026-03-26 21:11:52 | INFO | --------------------------------------------------------------------------------
2026-03-26 21:11:52 | INFO | --------------------------------------------------------------------------------
2026-03-26 21:11:52 | INFO | BLOCK 74
2026-03-26 21:11:52 | INFO | --------------------------------------------------------------------------------
2026-03-26 21:11:52 | INFO | --- FORECAST DATA ---
2026-03-26 21:11:52 | INFO | Intraday Forecast (Enercast Raw): 0.100 MW
2026-03-26 21:11:52 | INFO | Intraday Forecast (Enercast, Scaled): 0.080 MW
2026-03-26 21:11:52 | INFO | Day-ahead Forecast (Enercast): 0.110 MW
2026-03-26 21:11:52 | INFO | Base Forecast (raw, before curtailment/shutdown): 0.068 MW
2026-03-26 21:11:52 | INFO | Base Forecast (used for schedule): 0.068 MW
2026-03-26 21:11:52 | INFO | Effective Base Forecast (after curtailment/shutdown): 0.068 MW
2026-03-26 21:11:52 | INFO | Plant Status: NORMAL
2026-03-26 21:11:52 | INFO | Effective Base Forecast = Base Forecast (raw) = 0.068 MW
2026-03-26 21:11:52 | INFO | --- WEATHER PARAMETERS ---
2026-03-26 21:11:52 | INFO | GTI: 9.0 W/m^2
2026-03-26 21:11:52 | INFO | DHI: 6.0 W/m^2
2026-03-26 21:11:52 | INFO | DNI: 0.0 W/m^2
2026-03-26 21:11:52 | INFO | Irradiance Ratio (GTI/MAX_GTI): 0.009
2026-03-26 21:11:52 | INFO | Diffuse Ratio (current): 0.120
2026-03-26 21:11:52 | INFO | Irradiance State: OVERCAST
2026-03-26 21:11:52 | INFO | Temp @ 2m: 34.21 C
2026-03-26 21:11:52 | INFO | Wind @ 10m: 17.67 m/s
2026-03-26 21:11:52 | INFO | Weather State: NORMAL
2026-03-26 21:11:52 | INFO | Dynamic Thresholds: cloud_thr=0.0000, shift_thr=0.0000
2026-03-26 21:11:52 | INFO | Multipliers: irradiance=0.22x, temp=0.92x, wind=0.95x
2026-03-26 21:11:52 | INFO | Weather Multiplier (combined): 0.19x
2026-03-26 21:11:52 | INFO | Abrupt Weather Change Detected: False
2026-03-26 21:11:52 | INFO | --- TREND ANALYSIS ---
2026-03-26 21:11:52 | INFO | Trend series: INSUFFICIENT DATA
2026-03-26 21:11:52 | INFO | Detected Trend Type: FLAT
2026-03-26 21:11:52 | INFO | Trend Slope Percentage: 0.00%
2026-03-26 21:11:52 | INFO | Trend EPS Threshold: 1.50%
2026-03-26 21:11:52 | INFO | --- SCHEDULE CALCULATION ---
2026-03-26 21:11:52 | INFO | Condition Applied: SUNSET_CLAMP
2026-03-26 21:11:52 | INFO | Effective Base Forecast Used for Adjustments: 0.068 MW
2026-03-26 21:11:52 | INFO | Condition-3: NOT APPLIED for this block path
2026-03-26 21:11:52 | INFO |   Final Adjustment %: 0.00%
2026-03-26 21:11:52 | INFO |   Formula (expanded): SUNSET_CLAMP: GTI=9.000 < 0.02*MAX_GTI=19.940 => raw=0
2026-03-26 21:11:52 | INFO | --- FINAL RESULT ---
2026-03-26 21:11:52 | INFO | Raw Schedule (before smoothing): 0.000 MW
2026-03-26 21:11:52 | INFO | Final Scheduled MW: 0.000 MW
2026-03-26 21:11:52 | INFO | --------------------------------------------------------------------------------
2026-03-26 21:11:52 | INFO | --------------------------------------------------------------------------------
2026-03-26 21:11:52 | INFO | BLOCK 75
2026-03-26 21:11:52 | INFO | --------------------------------------------------------------------------------
2026-03-26 21:11:52 | INFO | --- FORECAST DATA ---
2026-03-26 21:11:52 | INFO | Intraday Forecast (Enercast Raw): 0.000 MW
2026-03-26 21:11:52 | INFO | Intraday Forecast (Enercast, Scaled): 0.000 MW
2026-03-26 21:11:52 | INFO | Day-ahead Forecast (Enercast): 0.000 MW
2026-03-26 21:11:52 | INFO | Base Forecast (raw, before curtailment/shutdown): 0.000 MW
2026-03-26 21:11:52 | INFO | Base Forecast (used for schedule): 0.000 MW
2026-03-26 21:11:52 | INFO | Effective Base Forecast (after curtailment/shutdown): 0.000 MW
2026-03-26 21:11:52 | INFO | Plant Status: NORMAL
2026-03-26 21:11:52 | INFO | Effective Base Forecast = Base Forecast (raw) = 0.000 MW
2026-03-26 21:11:52 | INFO | --- WEATHER PARAMETERS ---
2026-03-26 21:11:52 | INFO | GTI: 7.0 W/m^2
2026-03-26 21:11:52 | INFO | DHI: 6.0 W/m^2
2026-03-26 21:11:52 | INFO | DNI: 0.0 W/m^2
2026-03-26 21:11:52 | INFO | Irradiance Ratio (GTI/MAX_GTI): 0.007
2026-03-26 21:11:52 | INFO | Diffuse Ratio (current): 0.120
2026-03-26 21:11:52 | INFO | Irradiance State: OVERCAST
2026-03-26 21:11:52 | INFO | Temp @ 2m: 33.61 C
2026-03-26 21:11:52 | INFO | Wind @ 10m: 20.95 m/s
2026-03-26 21:11:52 | INFO | Weather State: NORMAL
2026-03-26 21:11:52 | INFO | Dynamic Thresholds: cloud_thr=0.0000, shift_thr=0.0000
2026-03-26 21:11:52 | INFO | Multipliers: irradiance=0.22x, temp=0.92x, wind=0.95x
2026-03-26 21:11:52 | INFO | Weather Multiplier (combined): 0.19x
2026-03-26 21:11:52 | INFO | Abrupt Weather Change Detected: False
2026-03-26 21:11:52 | INFO | --- TREND ANALYSIS ---
2026-03-26 21:11:52 | INFO | Trend series: INSUFFICIENT DATA
2026-03-26 21:11:52 | INFO | Detected Trend Type: FLAT
2026-03-26 21:11:52 | INFO | Trend Slope Percentage: 0.00%
2026-03-26 21:11:52 | INFO | Trend EPS Threshold: 1.50%
2026-03-26 21:11:52 | INFO | --- SCHEDULE CALCULATION ---
2026-03-26 21:11:52 | INFO | Condition Applied: SUNSET_CLAMP
2026-03-26 21:11:52 | INFO | Effective Base Forecast Used for Adjustments: 0.000 MW
2026-03-26 21:11:52 | INFO | Condition-3: NOT APPLIED for this block path
2026-03-26 21:11:52 | INFO |   Final Adjustment %: 0.00%
2026-03-26 21:11:52 | INFO |   Formula (expanded): SUNSET_CLAMP: GTI=7.000 < 0.02*MAX_GTI=19.940 => raw=0
2026-03-26 21:11:52 | INFO | --- FINAL RESULT ---
2026-03-26 21:11:52 | INFO | Raw Schedule (before smoothing): 0.000 MW
2026-03-26 21:11:52 | INFO | Final Scheduled MW: 0.000 MW
2026-03-26 21:11:52 | INFO | --------------------------------------------------------------------------------
2026-03-26 21:11:52 | INFO | --------------------------------------------------------------------------------
2026-03-26 21:11:52 | INFO | BLOCK 76
2026-03-26 21:11:52 | INFO | --------------------------------------------------------------------------------
2026-03-26 21:11:52 | INFO | --- FORECAST DATA ---
2026-03-26 21:11:52 | INFO | Intraday Forecast (Enercast Raw): 0.000 MW
2026-03-26 21:11:52 | INFO | Intraday Forecast (Enercast, Scaled): 0.000 MW
2026-03-26 21:11:52 | INFO | Day-ahead Forecast (Enercast): 0.000 MW
2026-03-26 21:11:52 | INFO | Base Forecast (raw, before curtailment/shutdown): 0.000 MW
2026-03-26 21:11:52 | INFO | Base Forecast (used for schedule): 0.000 MW
2026-03-26 21:11:52 | INFO | Effective Base Forecast (after curtailment/shutdown): 0.000 MW
2026-03-26 21:11:52 | INFO | Plant Status: NORMAL
2026-03-26 21:11:52 | INFO | Effective Base Forecast = Base Forecast (raw) = 0.000 MW
2026-03-26 21:11:52 | INFO | --- WEATHER PARAMETERS ---
2026-03-26 21:11:52 | INFO | GTI: 3.0 W/m^2
2026-03-26 21:11:52 | INFO | DHI: 3.0 W/m^2
2026-03-26 21:11:52 | INFO | DNI: 0.0 W/m^2
2026-03-26 21:11:52 | INFO | Irradiance Ratio (GTI/MAX_GTI): 0.003
2026-03-26 21:11:52 | INFO | Diffuse Ratio (current): 0.060
2026-03-26 21:11:52 | INFO | Irradiance State: OVERCAST
2026-03-26 21:11:52 | INFO | Temp @ 2m: 33.26 C
2026-03-26 21:11:52 | INFO | Wind @ 10m: 22.07 m/s
2026-03-26 21:11:52 | INFO | Weather State: NORMAL
2026-03-26 21:11:52 | INFO | Dynamic Thresholds: cloud_thr=0.0000, shift_thr=0.0000
2026-03-26 21:11:52 | INFO | Multipliers: irradiance=0.22x, temp=0.92x, wind=0.95x
2026-03-26 21:11:52 | INFO | Weather Multiplier (combined): 0.19x
2026-03-26 21:11:52 | INFO | Abrupt Weather Change Detected: False
2026-03-26 21:11:52 | INFO | --- TREND ANALYSIS ---
2026-03-26 21:11:52 | INFO | Trend series: INSUFFICIENT DATA
2026-03-26 21:11:52 | INFO | Detected Trend Type: FLAT
2026-03-26 21:11:52 | INFO | Trend Slope Percentage: 0.00%
2026-03-26 21:11:52 | INFO | Trend EPS Threshold: 1.50%
2026-03-26 21:11:52 | INFO | --- SCHEDULE CALCULATION ---
2026-03-26 21:11:52 | INFO | Condition Applied: SUNSET_CLAMP
2026-03-26 21:11:52 | INFO | Effective Base Forecast Used for Adjustments: 0.000 MW
2026-03-26 21:11:52 | INFO | Condition-3: NOT APPLIED for this block path
2026-03-26 21:11:52 | INFO |   Final Adjustment %: 0.00%
2026-03-26 21:11:52 | INFO |   Formula (expanded): SUNSET_CLAMP: GTI=3.000 < 0.02*MAX_GTI=19.940 => raw=0
2026-03-26 21:11:52 | INFO | --- FINAL RESULT ---
2026-03-26 21:11:52 | INFO | Raw Schedule (before smoothing): 0.000 MW
2026-03-26 21:11:52 | INFO | Final Scheduled MW: 0.000 MW
2026-03-26 21:11:52 | INFO | --------------------------------------------------------------------------------
2026-03-26 21:11:52 | INFO | --------------------------------------------------------------------------------
2026-03-26 21:11:52 | INFO | BLOCK 77
2026-03-26 21:11:52 | INFO | --------------------------------------------------------------------------------
2026-03-26 21:11:52 | INFO | --- FORECAST DATA ---
2026-03-26 21:11:52 | INFO | Intraday Forecast (Enercast Raw): 0.000 MW
2026-03-26 21:11:52 | INFO | Intraday Forecast (Enercast, Scaled): 0.000 MW
2026-03-26 21:11:52 | INFO | Day-ahead Forecast (Enercast): 0.000 MW
2026-03-26 21:11:52 | INFO | Base Forecast (raw, before curtailment/shutdown): 0.000 MW
2026-03-26 21:11:52 | INFO | Base Forecast (used for schedule): 0.000 MW
2026-03-26 21:11:52 | INFO | Effective Base Forecast (after curtailment/shutdown): 0.000 MW
2026-03-26 21:11:52 | INFO | Plant Status: NORMAL
2026-03-26 21:11:52 | INFO | Effective Base Forecast = Base Forecast (raw) = 0.000 MW
2026-03-26 21:11:52 | INFO | --- WEATHER PARAMETERS ---
2026-03-26 21:11:52 | INFO | GTI: 0.0 W/m^2
2026-03-26 21:11:52 | INFO | DHI: 0.0 W/m^2
2026-03-26 21:11:52 | INFO | DNI: 0.0 W/m^2
2026-03-26 21:11:52 | INFO | Irradiance Ratio (GTI/MAX_GTI): 0.000
2026-03-26 21:11:52 | INFO | Diffuse Ratio (current): 0.000
2026-03-26 21:11:52 | INFO | Irradiance State: OVERCAST
2026-03-26 21:11:52 | INFO | Temp @ 2m: 33.06 C
2026-03-26 21:11:52 | INFO | Wind @ 10m: 21.79 m/s
2026-03-26 21:11:52 | INFO | Weather State: NORMAL
2026-03-26 21:11:52 | INFO | Dynamic Thresholds: cloud_thr=0.0000, shift_thr=0.0000
2026-03-26 21:11:52 | INFO | Multipliers: irradiance=0.22x, temp=0.92x, wind=0.95x
2026-03-26 21:11:52 | INFO | Weather Multiplier (combined): 0.19x
2026-03-26 21:11:52 | INFO | Abrupt Weather Change Detected: False
2026-03-26 21:11:52 | INFO | --- TREND ANALYSIS ---
2026-03-26 21:11:52 | INFO | Trend series: INSUFFICIENT DATA
2026-03-26 21:11:52 | INFO | Detected Trend Type: FLAT
2026-03-26 21:11:52 | INFO | Trend Slope Percentage: 0.00%
2026-03-26 21:11:52 | INFO | Trend EPS Threshold: 1.50%
2026-03-26 21:11:52 | INFO | --- SCHEDULE CALCULATION ---
2026-03-26 21:11:52 | INFO | Condition Applied: SUNSET_CLAMP
2026-03-26 21:11:52 | INFO | Effective Base Forecast Used for Adjustments: 0.000 MW
2026-03-26 21:11:52 | INFO | Condition-3: NOT APPLIED for this block path
2026-03-26 21:11:52 | INFO |   Final Adjustment %: 0.00%
2026-03-26 21:11:52 | INFO |   Formula (expanded): SUNSET_CLAMP: GTI=0.000 < 0.02*MAX_GTI=19.940 => raw=0
2026-03-26 21:11:52 | INFO | --- FINAL RESULT ---
2026-03-26 21:11:52 | INFO | Raw Schedule (before smoothing): 0.000 MW
2026-03-26 21:11:52 | INFO | Final Scheduled MW: 0.000 MW
2026-03-26 21:11:52 | INFO | --------------------------------------------------------------------------------
2026-03-26 21:11:52 | INFO | --------------------------------------------------------------------------------
2026-03-26 21:11:52 | INFO | BLOCK 78
2026-03-26 21:11:52 | INFO | --------------------------------------------------------------------------------
2026-03-26 21:11:52 | INFO | --- FORECAST DATA ---
2026-03-26 21:11:52 | INFO | Intraday Forecast (Enercast Raw): 0.000 MW
2026-03-26 21:11:52 | INFO | Intraday Forecast (Enercast, Scaled): 0.000 MW
2026-03-26 21:11:52 | INFO | Day-ahead Forecast (Enercast): 0.000 MW
2026-03-26 21:11:52 | INFO | Base Forecast (raw, before curtailment/shutdown): 0.000 MW
2026-03-26 21:11:52 | INFO | Base Forecast (used for schedule): 0.000 MW
2026-03-26 21:11:52 | INFO | Effective Base Forecast (after curtailment/shutdown): 0.000 MW
2026-03-26 21:11:52 | INFO | Plant Status: NORMAL
2026-03-26 21:11:52 | INFO | Effective Base Forecast = Base Forecast (raw) = 0.000 MW
2026-03-26 21:11:52 | INFO | --- WEATHER PARAMETERS ---
2026-03-26 21:11:52 | INFO | GTI: 0.0 W/m^2
2026-03-26 21:11:52 | INFO | DHI: 0.0 W/m^2
2026-03-26 21:11:52 | INFO | DNI: 0.0 W/m^2
2026-03-26 21:11:52 | INFO | Irradiance Ratio (GTI/MAX_GTI): 0.000
2026-03-26 21:11:52 | INFO | Diffuse Ratio (current): 0.000
2026-03-26 21:11:52 | INFO | Irradiance State: OVERCAST
2026-03-26 21:11:52 | INFO | Temp @ 2m: 32.91 C
2026-03-26 21:11:52 | INFO | Wind @ 10m: 20.57 m/s
2026-03-26 21:11:52 | INFO | Weather State: NORMAL
2026-03-26 21:11:52 | INFO | Dynamic Thresholds: cloud_thr=0.0000, shift_thr=0.0000
2026-03-26 21:11:52 | INFO | Multipliers: irradiance=0.22x, temp=0.92x, wind=0.95x
2026-03-26 21:11:52 | INFO | Weather Multiplier (combined): 0.19x
2026-03-26 21:11:52 | INFO | Abrupt Weather Change Detected: False
2026-03-26 21:11:52 | INFO | --- TREND ANALYSIS ---
2026-03-26 21:11:52 | INFO | Trend series: INSUFFICIENT DATA
2026-03-26 21:11:52 | INFO | Detected Trend Type: FLAT
2026-03-26 21:11:52 | INFO | Trend Slope Percentage: 0.00%
2026-03-26 21:11:52 | INFO | Trend EPS Threshold: 1.50%
2026-03-26 21:11:52 | INFO | --- SCHEDULE CALCULATION ---
2026-03-26 21:11:52 | INFO | Condition Applied: SUNSET_CLAMP
2026-03-26 21:11:52 | INFO | Effective Base Forecast Used for Adjustments: 0.000 MW
2026-03-26 21:11:52 | INFO | Condition-3: NOT APPLIED for this block path
2026-03-26 21:11:52 | INFO |   Final Adjustment %: 0.00%
2026-03-26 21:11:52 | INFO |   Formula (expanded): SUNSET_CLAMP: GTI=0.000 < 0.02*MAX_GTI=19.940 => raw=0
2026-03-26 21:11:52 | INFO | --- FINAL RESULT ---
2026-03-26 21:11:52 | INFO | Raw Schedule (before smoothing): 0.000 MW
2026-03-26 21:11:52 | INFO | Final Scheduled MW: 0.000 MW
2026-03-26 21:11:52 | INFO | --------------------------------------------------------------------------------
2026-03-26 21:11:52 | INFO | --------------------------------------------------------------------------------
2026-03-26 21:11:52 | INFO | BLOCK 79
2026-03-26 21:11:52 | INFO | --------------------------------------------------------------------------------
2026-03-26 21:11:52 | INFO | --- FORECAST DATA ---
2026-03-26 21:11:52 | INFO | Intraday Forecast (Enercast Raw): 0.000 MW
2026-03-26 21:11:52 | INFO | Intraday Forecast (Enercast, Scaled): 0.000 MW
2026-03-26 21:11:52 | INFO | Day-ahead Forecast (Enercast): 0.000 MW
2026-03-26 21:11:52 | INFO | Base Forecast (raw, before curtailment/shutdown): 0.000 MW
2026-03-26 21:11:52 | INFO | Base Forecast (used for schedule): 0.000 MW
2026-03-26 21:11:52 | INFO | Effective Base Forecast (after curtailment/shutdown): 0.000 MW
2026-03-26 21:11:52 | INFO | Plant Status: NORMAL
2026-03-26 21:11:52 | INFO | Effective Base Forecast = Base Forecast (raw) = 0.000 MW
2026-03-26 21:11:52 | INFO | --- WEATHER PARAMETERS ---
2026-03-26 21:11:52 | INFO | GTI: 0.0 W/m^2
2026-03-26 21:11:52 | INFO | DHI: 0.0 W/m^2
2026-03-26 21:11:52 | INFO | DNI: 0.0 W/m^2
2026-03-26 21:11:52 | INFO | Irradiance Ratio (GTI/MAX_GTI): 0.000
2026-03-26 21:11:52 | INFO | Diffuse Ratio (current): 0.000
2026-03-26 21:11:52 | INFO | Irradiance State: OVERCAST
2026-03-26 21:11:52 | INFO | Temp @ 2m: 32.71 C
2026-03-26 21:11:52 | INFO | Wind @ 10m: 19.77 m/s
2026-03-26 21:11:52 | INFO | Weather State: NORMAL
2026-03-26 21:11:52 | INFO | Dynamic Thresholds: cloud_thr=0.0000, shift_thr=0.0000
2026-03-26 21:11:52 | INFO | Multipliers: irradiance=0.22x, temp=0.92x, wind=0.95x
2026-03-26 21:11:52 | INFO | Weather Multiplier (combined): 0.19x
2026-03-26 21:11:52 | INFO | Abrupt Weather Change Detected: False
2026-03-26 21:11:52 | INFO | --- TREND ANALYSIS ---
2026-03-26 21:11:52 | INFO | Trend series: INSUFFICIENT DATA
2026-03-26 21:11:52 | INFO | Detected Trend Type: FLAT
2026-03-26 21:11:52 | INFO | Trend Slope Percentage: 0.00%
2026-03-26 21:11:52 | INFO | Trend EPS Threshold: 1.50%
2026-03-26 21:11:52 | INFO | --- SCHEDULE CALCULATION ---
2026-03-26 21:11:52 | INFO | Condition Applied: SUNSET_CLAMP
2026-03-26 21:11:52 | INFO | Effective Base Forecast Used for Adjustments: 0.000 MW
2026-03-26 21:11:52 | INFO | Condition-3: NOT APPLIED for this block path
2026-03-26 21:11:52 | INFO |   Final Adjustment %: 0.00%
2026-03-26 21:11:52 | INFO |   Formula (expanded): SUNSET_CLAMP: GTI=0.000 < 0.02*MAX_GTI=19.940 => raw=0
2026-03-26 21:11:52 | INFO | --- FINAL RESULT ---
2026-03-26 21:11:52 | INFO | Raw Schedule (before smoothing): 0.000 MW
2026-03-26 21:11:52 | INFO | Final Scheduled MW: 0.000 MW
2026-03-26 21:11:52 | INFO | --------------------------------------------------------------------------------
2026-03-26 21:11:52 | INFO | --------------------------------------------------------------------------------
2026-03-26 21:11:52 | INFO | BLOCK 80
2026-03-26 21:11:52 | INFO | --------------------------------------------------------------------------------
2026-03-26 21:11:52 | INFO | --- FORECAST DATA ---
2026-03-26 21:11:52 | INFO | Intraday Forecast (Enercast Raw): 0.000 MW
2026-03-26 21:11:52 | INFO | Intraday Forecast (Enercast, Scaled): 0.000 MW
2026-03-26 21:11:52 | INFO | Day-ahead Forecast (Enercast): 0.000 MW
2026-03-26 21:11:52 | INFO | Base Forecast (raw, before curtailment/shutdown): 0.000 MW
2026-03-26 21:11:52 | INFO | Base Forecast (used for schedule): 0.000 MW
2026-03-26 21:11:52 | INFO | Effective Base Forecast (after curtailment/shutdown): 0.000 MW
2026-03-26 21:11:52 | INFO | Plant Status: NORMAL
2026-03-26 21:11:52 | INFO | Effective Base Forecast = Base Forecast (raw) = 0.000 MW
2026-03-26 21:11:52 | INFO | --- WEATHER PARAMETERS ---
2026-03-26 21:11:52 | INFO | GTI: 0.0 W/m^2
2026-03-26 21:11:52 | INFO | DHI: 0.0 W/m^2
2026-03-26 21:11:52 | INFO | DNI: 0.0 W/m^2
2026-03-26 21:11:52 | INFO | Irradiance Ratio (GTI/MAX_GTI): 0.000
2026-03-26 21:11:52 | INFO | Diffuse Ratio (current): 0.000
2026-03-26 21:11:52 | INFO | Irradiance State: OVERCAST
2026-03-26 21:11:52 | INFO | Temp @ 2m: 32.46 C
2026-03-26 21:11:52 | INFO | Wind @ 10m: 19.02 m/s
2026-03-26 21:11:52 | INFO | Weather State: NORMAL
2026-03-26 21:11:52 | INFO | Dynamic Thresholds: cloud_thr=0.0000, shift_thr=0.0000
2026-03-26 21:11:52 | INFO | Multipliers: irradiance=0.22x, temp=0.92x, wind=0.95x
2026-03-26 21:11:52 | INFO | Weather Multiplier (combined): 0.19x
2026-03-26 21:11:52 | INFO | Abrupt Weather Change Detected: False
2026-03-26 21:11:52 | INFO | --- TREND ANALYSIS ---
2026-03-26 21:11:52 | INFO | Trend series: INSUFFICIENT DATA
2026-03-26 21:11:52 | INFO | Detected Trend Type: FLAT
2026-03-26 21:11:52 | INFO | Trend Slope Percentage: 0.00%
2026-03-26 21:11:52 | INFO | Trend EPS Threshold: 1.50%
2026-03-26 21:11:52 | INFO | --- SCHEDULE CALCULATION ---
2026-03-26 21:11:52 | INFO | Condition Applied: SUNSET_CLAMP
2026-03-26 21:11:52 | INFO | Effective Base Forecast Used for Adjustments: 0.000 MW
2026-03-26 21:11:52 | INFO | Condition-3: NOT APPLIED for this block path
2026-03-26 21:11:52 | INFO |   Final Adjustment %: 0.00%
2026-03-26 21:11:52 | INFO |   Formula (expanded): SUNSET_CLAMP: GTI=0.000 < 0.02*MAX_GTI=19.940 => raw=0
2026-03-26 21:11:52 | INFO | --- FINAL RESULT ---
2026-03-26 21:11:52 | INFO | Raw Schedule (before smoothing): 0.000 MW
2026-03-26 21:11:52 | INFO | Final Scheduled MW: 0.000 MW
2026-03-26 21:11:52 | INFO | --------------------------------------------------------------------------------
2026-03-26 21:11:52 | INFO | --------------------------------------------------------------------------------
2026-03-26 21:11:52 | INFO | BLOCK 81
2026-03-26 21:11:52 | INFO | --------------------------------------------------------------------------------
2026-03-26 21:11:52 | INFO | --- FORECAST DATA ---
2026-03-26 21:11:52 | INFO | Intraday Forecast (Enercast Raw): 0.000 MW
2026-03-26 21:11:52 | INFO | Intraday Forecast (Enercast, Scaled): 0.000 MW
2026-03-26 21:11:52 | INFO | Day-ahead Forecast (Enercast): 0.000 MW
2026-03-26 21:11:52 | INFO | Base Forecast (raw, before curtailment/shutdown): 0.000 MW
2026-03-26 21:11:52 | INFO | Base Forecast (used for schedule): 0.000 MW
2026-03-26 21:11:52 | INFO | Effective Base Forecast (after curtailment/shutdown): 0.000 MW
2026-03-26 21:11:52 | INFO | Plant Status: NORMAL
2026-03-26 21:11:52 | INFO | Effective Base Forecast = Base Forecast (raw) = 0.000 MW
2026-03-26 21:11:52 | INFO | --- WEATHER PARAMETERS ---
2026-03-26 21:11:52 | INFO | GTI: 0.0 W/m^2
2026-03-26 21:11:52 | INFO | DHI: 0.0 W/m^2
2026-03-26 21:11:52 | INFO | DNI: 0.0 W/m^2
2026-03-26 21:11:52 | INFO | Irradiance Ratio (GTI/MAX_GTI): 0.000
2026-03-26 21:11:52 | INFO | Diffuse Ratio (current): 0.000
2026-03-26 21:11:52 | INFO | Irradiance State: OVERCAST
2026-03-26 21:11:52 | INFO | Temp @ 2m: 32.21 C
2026-03-26 21:11:52 | INFO | Wind @ 10m: 18.25 m/s
2026-03-26 21:11:52 | INFO | Weather State: NORMAL
2026-03-26 21:11:52 | INFO | Dynamic Thresholds: cloud_thr=0.0000, shift_thr=0.0000
2026-03-26 21:11:52 | INFO | Multipliers: irradiance=0.22x, temp=0.92x, wind=0.95x
2026-03-26 21:11:52 | INFO | Weather Multiplier (combined): 0.19x
2026-03-26 21:11:52 | INFO | Abrupt Weather Change Detected: False
2026-03-26 21:11:52 | INFO | --- TREND ANALYSIS ---
2026-03-26 21:11:52 | INFO | Trend series: INSUFFICIENT DATA
2026-03-26 21:11:52 | INFO | Detected Trend Type: FLAT
2026-03-26 21:11:52 | INFO | Trend Slope Percentage: 0.00%
2026-03-26 21:11:52 | INFO | Trend EPS Threshold: 1.50%
2026-03-26 21:11:52 | INFO | --- SCHEDULE CALCULATION ---
2026-03-26 21:11:52 | INFO | Condition Applied: SUNSET_CLAMP
2026-03-26 21:11:52 | INFO | Effective Base Forecast Used for Adjustments: 0.000 MW
2026-03-26 21:11:52 | INFO | Condition-3: NOT APPLIED for this block path
2026-03-26 21:11:52 | INFO |   Final Adjustment %: 0.00%
2026-03-26 21:11:52 | INFO |   Formula (expanded): SUNSET_CLAMP: GTI=0.000 < 0.02*MAX_GTI=19.940 => raw=0
2026-03-26 21:11:52 | INFO | --- FINAL RESULT ---
2026-03-26 21:11:52 | INFO | Raw Schedule (before smoothing): 0.000 MW
2026-03-26 21:11:52 | INFO | Final Scheduled MW: 0.000 MW
2026-03-26 21:11:52 | INFO | --------------------------------------------------------------------------------
2026-03-26 21:11:52 | INFO | --------------------------------------------------------------------------------
2026-03-26 21:11:52 | INFO | BLOCK 82
2026-03-26 21:11:52 | INFO | --------------------------------------------------------------------------------
2026-03-26 21:11:52 | INFO | --- FORECAST DATA ---
2026-03-26 21:11:52 | INFO | Intraday Forecast (Enercast Raw): 0.000 MW
2026-03-26 21:11:52 | INFO | Intraday Forecast (Enercast, Scaled): 0.000 MW
2026-03-26 21:11:52 | INFO | Day-ahead Forecast (Enercast): 0.000 MW
2026-03-26 21:11:52 | INFO | Base Forecast (raw, before curtailment/shutdown): 0.000 MW
2026-03-26 21:11:52 | INFO | Base Forecast (used for schedule): 0.000 MW
2026-03-26 21:11:52 | INFO | Effective Base Forecast (after curtailment/shutdown): 0.000 MW
2026-03-26 21:11:52 | INFO | Plant Status: NORMAL
2026-03-26 21:11:52 | INFO | Effective Base Forecast = Base Forecast (raw) = 0.000 MW
2026-03-26 21:11:52 | INFO | --- WEATHER PARAMETERS ---
2026-03-26 21:11:52 | INFO | GTI: 0.0 W/m^2
2026-03-26 21:11:52 | INFO | DHI: 0.0 W/m^2
2026-03-26 21:11:52 | INFO | DNI: 0.0 W/m^2
2026-03-26 21:11:52 | INFO | Irradiance Ratio (GTI/MAX_GTI): 0.000
2026-03-26 21:11:52 | INFO | Diffuse Ratio (current): 0.000
2026-03-26 21:11:52 | INFO | Irradiance State: OVERCAST
2026-03-26 21:11:52 | INFO | Temp @ 2m: 31.96 C
2026-03-26 21:11:52 | INFO | Wind @ 10m: 17.90 m/s
2026-03-26 21:11:52 | INFO | Weather State: NORMAL
2026-03-26 21:11:52 | INFO | Dynamic Thresholds: cloud_thr=0.0000, shift_thr=0.0000
2026-03-26 21:11:52 | INFO | Multipliers: irradiance=0.22x, temp=0.92x, wind=0.95x
2026-03-26 21:11:52 | INFO | Weather Multiplier (combined): 0.19x
2026-03-26 21:11:52 | INFO | Abrupt Weather Change Detected: False
2026-03-26 21:11:52 | INFO | --- TREND ANALYSIS ---
2026-03-26 21:11:52 | INFO | Trend series: INSUFFICIENT DATA
2026-03-26 21:11:52 | INFO | Detected Trend Type: FLAT
2026-03-26 21:11:52 | INFO | Trend Slope Percentage: 0.00%
2026-03-26 21:11:52 | INFO | Trend EPS Threshold: 1.50%
2026-03-26 21:11:52 | INFO | --- SCHEDULE CALCULATION ---
2026-03-26 21:11:52 | INFO | Condition Applied: SUNSET_CLAMP
2026-03-26 21:11:52 | INFO | Effective Base Forecast Used for Adjustments: 0.000 MW
2026-03-26 21:11:52 | INFO | Condition-3: NOT APPLIED for this block path
2026-03-26 21:11:52 | INFO |   Final Adjustment %: 0.00%
2026-03-26 21:11:52 | INFO |   Formula (expanded): SUNSET_CLAMP: GTI=0.000 < 0.02*MAX_GTI=19.940 => raw=0
2026-03-26 21:11:52 | INFO | --- FINAL RESULT ---
2026-03-26 21:11:52 | INFO | Raw Schedule (before smoothing): 0.000 MW
2026-03-26 21:11:52 | INFO | Final Scheduled MW: 0.000 MW
2026-03-26 21:11:52 | INFO | --------------------------------------------------------------------------------
2026-03-26 21:11:52 | INFO | --------------------------------------------------------------------------------
2026-03-26 21:11:52 | INFO | BLOCK 83
2026-03-26 21:11:52 | INFO | --------------------------------------------------------------------------------
2026-03-26 21:11:52 | INFO | --- FORECAST DATA ---
2026-03-26 21:11:52 | INFO | Intraday Forecast (Enercast Raw): 0.000 MW
2026-03-26 21:11:52 | INFO | Intraday Forecast (Enercast, Scaled): 0.000 MW
2026-03-26 21:11:52 | INFO | Day-ahead Forecast (Enercast): 0.000 MW
2026-03-26 21:11:52 | INFO | Base Forecast (raw, before curtailment/shutdown): 0.000 MW
2026-03-26 21:11:52 | INFO | Base Forecast (used for schedule): 0.000 MW
2026-03-26 21:11:52 | INFO | Effective Base Forecast (after curtailment/shutdown): 0.000 MW
2026-03-26 21:11:52 | INFO | Plant Status: NORMAL
2026-03-26 21:11:52 | INFO | Effective Base Forecast = Base Forecast (raw) = 0.000 MW
2026-03-26 21:11:52 | INFO | --- WEATHER PARAMETERS ---
2026-03-26 21:11:52 | INFO | GTI: 0.0 W/m^2
2026-03-26 21:11:52 | INFO | DHI: 0.0 W/m^2
2026-03-26 21:11:52 | INFO | DNI: 0.0 W/m^2
2026-03-26 21:11:52 | INFO | Irradiance Ratio (GTI/MAX_GTI): 0.000
2026-03-26 21:11:52 | INFO | Diffuse Ratio (current): 0.000
2026-03-26 21:11:52 | INFO | Irradiance State: OVERCAST
2026-03-26 21:11:52 | INFO | Temp @ 2m: 31.71 C
2026-03-26 21:11:52 | INFO | Wind @ 10m: 17.58 m/s
2026-03-26 21:11:52 | INFO | Weather State: NORMAL
2026-03-26 21:11:52 | INFO | Dynamic Thresholds: cloud_thr=0.0000, shift_thr=0.0000
2026-03-26 21:11:52 | INFO | Multipliers: irradiance=0.22x, temp=0.92x, wind=0.95x
2026-03-26 21:11:52 | INFO | Weather Multiplier (combined): 0.19x
2026-03-26 21:11:52 | INFO | Abrupt Weather Change Detected: False
2026-03-26 21:11:52 | INFO | --- TREND ANALYSIS ---
2026-03-26 21:11:52 | INFO | Trend series: INSUFFICIENT DATA
2026-03-26 21:11:52 | INFO | Detected Trend Type: FLAT
2026-03-26 21:11:52 | INFO | Trend Slope Percentage: 0.00%
2026-03-26 21:11:52 | INFO | Trend EPS Threshold: 1.50%
2026-03-26 21:11:52 | INFO | --- SCHEDULE CALCULATION ---
2026-03-26 21:11:52 | INFO | Condition Applied: SUNSET_CLAMP
2026-03-26 21:11:52 | INFO | Effective Base Forecast Used for Adjustments: 0.000 MW
2026-03-26 21:11:52 | INFO | Condition-3: NOT APPLIED for this block path
2026-03-26 21:11:52 | INFO |   Final Adjustment %: 0.00%
2026-03-26 21:11:52 | INFO |   Formula (expanded): SUNSET_CLAMP: GTI=0.000 < 0.02*MAX_GTI=19.940 => raw=0
2026-03-26 21:11:52 | INFO | --- FINAL RESULT ---
2026-03-26 21:11:52 | INFO | Raw Schedule (before smoothing): 0.000 MW
2026-03-26 21:11:52 | INFO | Final Scheduled MW: 0.000 MW
2026-03-26 21:11:52 | INFO | --------------------------------------------------------------------------------
2026-03-26 21:11:52 | INFO | --------------------------------------------------------------------------------
2026-03-26 21:11:52 | INFO | BLOCK 84
2026-03-26 21:11:52 | INFO | --------------------------------------------------------------------------------
2026-03-26 21:11:52 | INFO | --- FORECAST DATA ---
2026-03-26 21:11:52 | INFO | Intraday Forecast (Enercast Raw): 0.000 MW
2026-03-26 21:11:52 | INFO | Intraday Forecast (Enercast, Scaled): 0.000 MW
2026-03-26 21:11:52 | INFO | Day-ahead Forecast (Enercast): 0.000 MW
2026-03-26 21:11:52 | INFO | Base Forecast (raw, before curtailment/shutdown): 0.000 MW
2026-03-26 21:11:52 | INFO | Base Forecast (used for schedule): 0.000 MW
2026-03-26 21:11:52 | INFO | Effective Base Forecast (after curtailment/shutdown): 0.000 MW
2026-03-26 21:11:52 | INFO | Plant Status: NORMAL
2026-03-26 21:11:52 | INFO | Effective Base Forecast = Base Forecast (raw) = 0.000 MW
2026-03-26 21:11:52 | INFO | --- WEATHER PARAMETERS ---
2026-03-26 21:11:52 | INFO | GTI: 0.0 W/m^2
2026-03-26 21:11:52 | INFO | DHI: 0.0 W/m^2
2026-03-26 21:11:52 | INFO | DNI: 0.0 W/m^2
2026-03-26 21:11:52 | INFO | Irradiance Ratio (GTI/MAX_GTI): 0.000
2026-03-26 21:11:52 | INFO | Diffuse Ratio (current): 0.000
2026-03-26 21:11:52 | INFO | Irradiance State: OVERCAST
2026-03-26 21:11:52 | INFO | Temp @ 2m: 31.46 C
2026-03-26 21:11:52 | INFO | Wind @ 10m: 16.87 m/s
2026-03-26 21:11:52 | INFO | Weather State: NORMAL
2026-03-26 21:11:52 | INFO | Dynamic Thresholds: cloud_thr=0.0000, shift_thr=0.0000
2026-03-26 21:11:52 | INFO | Multipliers: irradiance=0.22x, temp=0.92x, wind=0.95x
2026-03-26 21:11:52 | INFO | Weather Multiplier (combined): 0.19x
2026-03-26 21:11:52 | INFO | Abrupt Weather Change Detected: False
2026-03-26 21:11:52 | INFO | --- TREND ANALYSIS ---
2026-03-26 21:11:52 | INFO | Trend series: INSUFFICIENT DATA
2026-03-26 21:11:52 | INFO | Detected Trend Type: FLAT
2026-03-26 21:11:52 | INFO | Trend Slope Percentage: 0.00%
2026-03-26 21:11:52 | INFO | Trend EPS Threshold: 1.50%
2026-03-26 21:11:52 | INFO | --- SCHEDULE CALCULATION ---
2026-03-26 21:11:52 | INFO | Condition Applied: SUNSET_CLAMP
2026-03-26 21:11:52 | INFO | Effective Base Forecast Used for Adjustments: 0.000 MW
2026-03-26 21:11:52 | INFO | Condition-3: NOT APPLIED for this block path
2026-03-26 21:11:52 | INFO |   Final Adjustment %: 0.00%
2026-03-26 21:11:52 | INFO |   Formula (expanded): SUNSET_CLAMP: GTI=0.000 < 0.02*MAX_GTI=19.940 => raw=0
2026-03-26 21:11:52 | INFO | --- FINAL RESULT ---
2026-03-26 21:11:52 | INFO | Raw Schedule (before smoothing): 0.000 MW
2026-03-26 21:11:52 | INFO | Final Scheduled MW: 0.000 MW
2026-03-26 21:11:52 | INFO | --------------------------------------------------------------------------------
2026-03-26 21:11:52 | INFO | --------------------------------------------------------------------------------
2026-03-26 21:11:52 | INFO | BLOCK 85
2026-03-26 21:11:52 | INFO | --------------------------------------------------------------------------------
2026-03-26 21:11:52 | INFO | --- FORECAST DATA ---
2026-03-26 21:11:52 | INFO | Intraday Forecast (Enercast Raw): 0.000 MW
2026-03-26 21:11:52 | INFO | Intraday Forecast (Enercast, Scaled): 0.000 MW
2026-03-26 21:11:52 | INFO | Day-ahead Forecast (Enercast): 0.000 MW
2026-03-26 21:11:52 | INFO | Base Forecast (raw, before curtailment/shutdown): 0.000 MW
2026-03-26 21:11:52 | INFO | Base Forecast (used for schedule): 0.000 MW
2026-03-26 21:11:52 | INFO | Effective Base Forecast (after curtailment/shutdown): 0.000 MW
2026-03-26 21:11:52 | INFO | Plant Status: NORMAL
2026-03-26 21:11:52 | INFO | Effective Base Forecast = Base Forecast (raw) = 0.000 MW
2026-03-26 21:11:52 | INFO | --- WEATHER PARAMETERS ---
2026-03-26 21:11:52 | INFO | GTI: 0.0 W/m^2
2026-03-26 21:11:52 | INFO | DHI: 0.0 W/m^2
2026-03-26 21:11:52 | INFO | DNI: 0.0 W/m^2
2026-03-26 21:11:52 | INFO | Irradiance Ratio (GTI/MAX_GTI): 0.000
2026-03-26 21:11:52 | INFO | Diffuse Ratio (current): 0.000
2026-03-26 21:11:52 | INFO | Irradiance State: OVERCAST
2026-03-26 21:11:52 | INFO | Temp @ 2m: 31.21 C
2026-03-26 21:11:52 | INFO | Wind @ 10m: 16.52 m/s
2026-03-26 21:11:52 | INFO | Weather State: NORMAL
2026-03-26 21:11:52 | INFO | Dynamic Thresholds: cloud_thr=0.0000, shift_thr=0.0000
2026-03-26 21:11:52 | INFO | Multipliers: irradiance=0.22x, temp=0.92x, wind=0.95x
2026-03-26 21:11:52 | INFO | Weather Multiplier (combined): 0.19x
2026-03-26 21:11:52 | INFO | Abrupt Weather Change Detected: False
2026-03-26 21:11:52 | INFO | --- TREND ANALYSIS ---
2026-03-26 21:11:52 | INFO | Trend series: INSUFFICIENT DATA
2026-03-26 21:11:52 | INFO | Detected Trend Type: FLAT
2026-03-26 21:11:52 | INFO | Trend Slope Percentage: 0.00%
2026-03-26 21:11:52 | INFO | Trend EPS Threshold: 1.50%
2026-03-26 21:11:52 | INFO | --- SCHEDULE CALCULATION ---
2026-03-26 21:11:52 | INFO | Condition Applied: SUNSET_CLAMP
2026-03-26 21:11:52 | INFO | Effective Base Forecast Used for Adjustments: 0.000 MW
2026-03-26 21:11:52 | INFO | Condition-3: NOT APPLIED for this block path
2026-03-26 21:11:52 | INFO |   Final Adjustment %: 0.00%
2026-03-26 21:11:52 | INFO |   Formula (expanded): SUNSET_CLAMP: GTI=0.000 < 0.02*MAX_GTI=19.940 => raw=0
2026-03-26 21:11:52 | INFO | --- FINAL RESULT ---
2026-03-26 21:11:52 | INFO | Raw Schedule (before smoothing): 0.000 MW
2026-03-26 21:11:52 | INFO | Final Scheduled MW: 0.000 MW
2026-03-26 21:11:52 | INFO | --------------------------------------------------------------------------------
2026-03-26 21:11:52 | INFO | --------------------------------------------------------------------------------
2026-03-26 21:11:52 | INFO | BLOCK 86
2026-03-26 21:11:52 | INFO | --------------------------------------------------------------------------------
2026-03-26 21:11:52 | INFO | --- FORECAST DATA ---
2026-03-26 21:11:52 | INFO | Intraday Forecast (Enercast Raw): 0.000 MW
2026-03-26 21:11:52 | INFO | Intraday Forecast (Enercast, Scaled): 0.000 MW
2026-03-26 21:11:52 | INFO | Day-ahead Forecast (Enercast): 0.000 MW
2026-03-26 21:11:52 | INFO | Base Forecast (raw, before curtailment/shutdown): 0.000 MW
2026-03-26 21:11:52 | INFO | Base Forecast (used for schedule): 0.000 MW
2026-03-26 21:11:52 | INFO | Effective Base Forecast (after curtailment/shutdown): 0.000 MW
2026-03-26 21:11:52 | INFO | Plant Status: NORMAL
2026-03-26 21:11:52 | INFO | Effective Base Forecast = Base Forecast (raw) = 0.000 MW
2026-03-26 21:11:52 | INFO | --- WEATHER PARAMETERS ---
2026-03-26 21:11:52 | INFO | GTI: 0.0 W/m^2
2026-03-26 21:11:52 | INFO | DHI: 0.0 W/m^2
2026-03-26 21:11:52 | INFO | DNI: 0.0 W/m^2
2026-03-26 21:11:52 | INFO | Irradiance Ratio (GTI/MAX_GTI): 0.000
2026-03-26 21:11:52 | INFO | Diffuse Ratio (current): 0.000
2026-03-26 21:11:52 | INFO | Irradiance State: OVERCAST
2026-03-26 21:11:52 | INFO | Temp @ 2m: 30.96 C
2026-03-26 21:11:52 | INFO | Wind @ 10m: 15.84 m/s
2026-03-26 21:11:52 | INFO | Weather State: NORMAL
2026-03-26 21:11:52 | INFO | Dynamic Thresholds: cloud_thr=0.0000, shift_thr=0.0000
2026-03-26 21:11:52 | INFO | Multipliers: irradiance=0.22x, temp=0.92x, wind=0.95x
2026-03-26 21:11:52 | INFO | Weather Multiplier (combined): 0.19x
2026-03-26 21:11:52 | INFO | Abrupt Weather Change Detected: False
2026-03-26 21:11:52 | INFO | --- TREND ANALYSIS ---
2026-03-26 21:11:52 | INFO | Trend series: INSUFFICIENT DATA
2026-03-26 21:11:52 | INFO | Detected Trend Type: FLAT
2026-03-26 21:11:52 | INFO | Trend Slope Percentage: 0.00%
2026-03-26 21:11:52 | INFO | Trend EPS Threshold: 1.50%
2026-03-26 21:11:52 | INFO | --- SCHEDULE CALCULATION ---
2026-03-26 21:11:52 | INFO | Condition Applied: SUNSET_CLAMP
2026-03-26 21:11:52 | INFO | Effective Base Forecast Used for Adjustments: 0.000 MW
2026-03-26 21:11:52 | INFO | Condition-3: NOT APPLIED for this block path
2026-03-26 21:11:52 | INFO |   Final Adjustment %: 0.00%
2026-03-26 21:11:52 | INFO |   Formula (expanded): SUNSET_CLAMP: GTI=0.000 < 0.02*MAX_GTI=19.940 => raw=0
2026-03-26 21:11:52 | INFO | --- FINAL RESULT ---
2026-03-26 21:11:52 | INFO | Raw Schedule (before smoothing): 0.000 MW
2026-03-26 21:11:52 | INFO | Final Scheduled MW: 0.000 MW
2026-03-26 21:11:52 | INFO | --------------------------------------------------------------------------------
2026-03-26 21:11:52 | INFO | --------------------------------------------------------------------------------
2026-03-26 21:11:52 | INFO | BLOCK 87
2026-03-26 21:11:52 | INFO | --------------------------------------------------------------------------------
2026-03-26 21:11:52 | INFO | --- FORECAST DATA ---
2026-03-26 21:11:52 | INFO | Intraday Forecast (Enercast Raw): 0.000 MW
2026-03-26 21:11:52 | INFO | Intraday Forecast (Enercast, Scaled): 0.000 MW
2026-03-26 21:11:52 | INFO | Day-ahead Forecast (Enercast): 0.000 MW
2026-03-26 21:11:52 | INFO | Base Forecast (raw, before curtailment/shutdown): 0.000 MW
2026-03-26 21:11:52 | INFO | Base Forecast (used for schedule): 0.000 MW
2026-03-26 21:11:52 | INFO | Effective Base Forecast (after curtailment/shutdown): 0.000 MW
2026-03-26 21:11:52 | INFO | Plant Status: NORMAL
2026-03-26 21:11:52 | INFO | Effective Base Forecast = Base Forecast (raw) = 0.000 MW
2026-03-26 21:11:52 | INFO | --- WEATHER PARAMETERS ---
2026-03-26 21:11:52 | INFO | GTI: 0.0 W/m^2
2026-03-26 21:11:52 | INFO | DHI: 0.0 W/m^2
2026-03-26 21:11:52 | INFO | DNI: 0.0 W/m^2
2026-03-26 21:11:52 | INFO | Irradiance Ratio (GTI/MAX_GTI): 0.000
2026-03-26 21:11:52 | INFO | Diffuse Ratio (current): 0.000
2026-03-26 21:11:52 | INFO | Irradiance State: OVERCAST
2026-03-26 21:11:52 | INFO | Temp @ 2m: 30.81 C
2026-03-26 21:11:52 | INFO | Wind @ 10m: 15.46 m/s
2026-03-26 21:11:52 | INFO | Weather State: NORMAL
2026-03-26 21:11:52 | INFO | Dynamic Thresholds: cloud_thr=0.0000, shift_thr=0.0000
2026-03-26 21:11:52 | INFO | Multipliers: irradiance=0.22x, temp=0.92x, wind=0.95x
2026-03-26 21:11:52 | INFO | Weather Multiplier (combined): 0.19x
2026-03-26 21:11:52 | INFO | Abrupt Weather Change Detected: False
2026-03-26 21:11:52 | INFO | --- TREND ANALYSIS ---
2026-03-26 21:11:52 | INFO | Trend series: INSUFFICIENT DATA
2026-03-26 21:11:52 | INFO | Detected Trend Type: FLAT
2026-03-26 21:11:52 | INFO | Trend Slope Percentage: 0.00%
2026-03-26 21:11:52 | INFO | Trend EPS Threshold: 1.50%
2026-03-26 21:11:52 | INFO | --- SCHEDULE CALCULATION ---
2026-03-26 21:11:52 | INFO | Condition Applied: SUNSET_CLAMP
2026-03-26 21:11:52 | INFO | Effective Base Forecast Used for Adjustments: 0.000 MW
2026-03-26 21:11:52 | INFO | Condition-3: NOT APPLIED for this block path
2026-03-26 21:11:52 | INFO |   Final Adjustment %: 0.00%
2026-03-26 21:11:52 | INFO |   Formula (expanded): SUNSET_CLAMP: GTI=0.000 < 0.02*MAX_GTI=19.940 => raw=0
2026-03-26 21:11:52 | INFO | --- FINAL RESULT ---
2026-03-26 21:11:52 | INFO | Raw Schedule (before smoothing): 0.000 MW
2026-03-26 21:11:52 | INFO | Final Scheduled MW: 0.000 MW
2026-03-26 21:11:52 | INFO | --------------------------------------------------------------------------------
2026-03-26 21:11:52 | INFO | --------------------------------------------------------------------------------
2026-03-26 21:11:52 | INFO | BLOCK 88
2026-03-26 21:11:52 | INFO | --------------------------------------------------------------------------------
2026-03-26 21:11:52 | INFO | --- FORECAST DATA ---
2026-03-26 21:11:52 | INFO | Intraday Forecast (Enercast Raw): 0.000 MW
2026-03-26 21:11:52 | INFO | Intraday Forecast (Enercast, Scaled): 0.000 MW
2026-03-26 21:11:52 | INFO | Day-ahead Forecast (Enercast): 0.000 MW
2026-03-26 21:11:52 | INFO | Base Forecast (raw, before curtailment/shutdown): 0.000 MW
2026-03-26 21:11:52 | INFO | Base Forecast (used for schedule): 0.000 MW
2026-03-26 21:11:52 | INFO | Effective Base Forecast (after curtailment/shutdown): 0.000 MW
2026-03-26 21:11:52 | INFO | Plant Status: NORMAL
2026-03-26 21:11:52 | INFO | Effective Base Forecast = Base Forecast (raw) = 0.000 MW
2026-03-26 21:11:52 | INFO | --- WEATHER PARAMETERS ---
2026-03-26 21:11:52 | INFO | GTI: 0.0 W/m^2
2026-03-26 21:11:52 | INFO | DHI: 0.0 W/m^2
2026-03-26 21:11:52 | INFO | DNI: 0.0 W/m^2
2026-03-26 21:11:52 | INFO | Irradiance Ratio (GTI/MAX_GTI): 0.000
2026-03-26 21:11:52 | INFO | Diffuse Ratio (current): 0.000
2026-03-26 21:11:52 | INFO | Irradiance State: OVERCAST
2026-03-26 21:11:52 | INFO | Temp @ 2m: 30.71 C
2026-03-26 21:11:52 | INFO | Wind @ 10m: 14.99 m/s
2026-03-26 21:11:52 | INFO | Weather State: NORMAL
2026-03-26 21:11:52 | INFO | Dynamic Thresholds: cloud_thr=0.0000, shift_thr=0.0000
2026-03-26 21:11:52 | INFO | Multipliers: irradiance=0.22x, temp=0.92x, wind=0.95x
2026-03-26 21:11:52 | INFO | Weather Multiplier (combined): 0.19x
2026-03-26 21:11:52 | INFO | Abrupt Weather Change Detected: False
2026-03-26 21:11:52 | INFO | --- TREND ANALYSIS ---
2026-03-26 21:11:52 | INFO | Trend series: INSUFFICIENT DATA
2026-03-26 21:11:52 | INFO | Detected Trend Type: FLAT
2026-03-26 21:11:52 | INFO | Trend Slope Percentage: 0.00%
2026-03-26 21:11:52 | INFO | Trend EPS Threshold: 1.50%
2026-03-26 21:11:52 | INFO | --- SCHEDULE CALCULATION ---
2026-03-26 21:11:52 | INFO | Condition Applied: SUNSET_CLAMP
2026-03-26 21:11:52 | INFO | Effective Base Forecast Used for Adjustments: 0.000 MW
2026-03-26 21:11:52 | INFO | Condition-3: NOT APPLIED for this block path
2026-03-26 21:11:52 | INFO |   Final Adjustment %: 0.00%
2026-03-26 21:11:52 | INFO |   Formula (expanded): SUNSET_CLAMP: GTI=0.000 < 0.02*MAX_GTI=19.940 => raw=0
2026-03-26 21:11:52 | INFO | --- FINAL RESULT ---
2026-03-26 21:11:52 | INFO | Raw Schedule (before smoothing): 0.000 MW
2026-03-26 21:11:52 | INFO | Final Scheduled MW: 0.000 MW
2026-03-26 21:11:52 | INFO | --------------------------------------------------------------------------------
2026-03-26 21:11:52 | INFO | --------------------------------------------------------------------------------
2026-03-26 21:11:52 | INFO | BLOCK 89
2026-03-26 21:11:52 | INFO | --------------------------------------------------------------------------------
2026-03-26 21:11:52 | INFO | --- FORECAST DATA ---
2026-03-26 21:11:52 | INFO | Intraday Forecast (Enercast Raw): 0.000 MW
2026-03-26 21:11:52 | INFO | Intraday Forecast (Enercast, Scaled): 0.000 MW
2026-03-26 21:11:52 | INFO | Day-ahead Forecast (Enercast): 0.000 MW
2026-03-26 21:11:52 | INFO | Base Forecast (raw, before curtailment/shutdown): 0.000 MW
2026-03-26 21:11:52 | INFO | Base Forecast (used for schedule): 0.000 MW
2026-03-26 21:11:52 | INFO | Effective Base Forecast (after curtailment/shutdown): 0.000 MW
2026-03-26 21:11:52 | INFO | Plant Status: NORMAL
2026-03-26 21:11:52 | INFO | Effective Base Forecast = Base Forecast (raw) = 0.000 MW
2026-03-26 21:11:52 | INFO | --- WEATHER PARAMETERS ---
2026-03-26 21:11:52 | INFO | GTI: 0.0 W/m^2
2026-03-26 21:11:52 | INFO | DHI: 0.0 W/m^2
2026-03-26 21:11:52 | INFO | DNI: 0.0 W/m^2
2026-03-26 21:11:52 | INFO | Irradiance Ratio (GTI/MAX_GTI): 0.000
2026-03-26 21:11:52 | INFO | Diffuse Ratio (current): 0.000
2026-03-26 21:11:52 | INFO | Irradiance State: OVERCAST
2026-03-26 21:11:52 | INFO | Temp @ 2m: 30.66 C
2026-03-26 21:11:52 | INFO | Wind @ 10m: 14.71 m/s
2026-03-26 21:11:52 | INFO | Weather State: NORMAL
2026-03-26 21:11:52 | INFO | Dynamic Thresholds: cloud_thr=0.0000, shift_thr=0.0000
2026-03-26 21:11:52 | INFO | Multipliers: irradiance=0.22x, temp=0.92x, wind=0.95x
2026-03-26 21:11:52 | INFO | Weather Multiplier (combined): 0.19x
2026-03-26 21:11:52 | INFO | Abrupt Weather Change Detected: False
2026-03-26 21:11:52 | INFO | --- TREND ANALYSIS ---
2026-03-26 21:11:52 | INFO | Trend series: INSUFFICIENT DATA
2026-03-26 21:11:52 | INFO | Detected Trend Type: FLAT
2026-03-26 21:11:52 | INFO | Trend Slope Percentage: 0.00%
2026-03-26 21:11:52 | INFO | Trend EPS Threshold: 1.50%
2026-03-26 21:11:52 | INFO | --- SCHEDULE CALCULATION ---
2026-03-26 21:11:52 | INFO | Condition Applied: SUNSET_CLAMP
2026-03-26 21:11:52 | INFO | Effective Base Forecast Used for Adjustments: 0.000 MW
2026-03-26 21:11:52 | INFO | Condition-3: NOT APPLIED for this block path
2026-03-26 21:11:52 | INFO |   Final Adjustment %: 0.00%
2026-03-26 21:11:52 | INFO |   Formula (expanded): SUNSET_CLAMP: GTI=0.000 < 0.02*MAX_GTI=19.940 => raw=0
2026-03-26 21:11:52 | INFO | --- FINAL RESULT ---
2026-03-26 21:11:52 | INFO | Raw Schedule (before smoothing): 0.000 MW
2026-03-26 21:11:52 | INFO | Final Scheduled MW: 0.000 MW
2026-03-26 21:11:52 | INFO | --------------------------------------------------------------------------------
2026-03-26 21:11:52 | INFO | --------------------------------------------------------------------------------
2026-03-26 21:11:52 | INFO | BLOCK 90
2026-03-26 21:11:52 | INFO | --------------------------------------------------------------------------------
2026-03-26 21:11:52 | INFO | --- FORECAST DATA ---
2026-03-26 21:11:52 | INFO | Intraday Forecast (Enercast Raw): 0.000 MW
2026-03-26 21:11:52 | INFO | Intraday Forecast (Enercast, Scaled): 0.000 MW
2026-03-26 21:11:52 | INFO | Day-ahead Forecast (Enercast): 0.000 MW
2026-03-26 21:11:52 | INFO | Base Forecast (raw, before curtailment/shutdown): 0.000 MW
2026-03-26 21:11:52 | INFO | Base Forecast (used for schedule): 0.000 MW
2026-03-26 21:11:52 | INFO | Effective Base Forecast (after curtailment/shutdown): 0.000 MW
2026-03-26 21:11:52 | INFO | Plant Status: NORMAL
2026-03-26 21:11:52 | INFO | Effective Base Forecast = Base Forecast (raw) = 0.000 MW
2026-03-26 21:11:52 | INFO | --- WEATHER PARAMETERS ---
2026-03-26 21:11:52 | INFO | GTI: 0.0 W/m^2
2026-03-26 21:11:52 | INFO | DHI: 0.0 W/m^2
2026-03-26 21:11:52 | INFO | DNI: 0.0 W/m^2
2026-03-26 21:11:52 | INFO | Irradiance Ratio (GTI/MAX_GTI): 0.000
2026-03-26 21:11:52 | INFO | Diffuse Ratio (current): 0.000
2026-03-26 21:11:52 | INFO | Irradiance State: OVERCAST
2026-03-26 21:11:52 | INFO | Temp @ 2m: 30.66 C
2026-03-26 21:11:52 | INFO | Wind @ 10m: 14.46 m/s
2026-03-26 21:11:52 | INFO | Weather State: NORMAL
2026-03-26 21:11:52 | INFO | Dynamic Thresholds: cloud_thr=0.0000, shift_thr=0.0000
2026-03-26 21:11:52 | INFO | Multipliers: irradiance=0.22x, temp=0.92x, wind=0.95x
2026-03-26 21:11:52 | INFO | Weather Multiplier (combined): 0.19x
2026-03-26 21:11:52 | INFO | Abrupt Weather Change Detected: False
2026-03-26 21:11:52 | INFO | --- TREND ANALYSIS ---
2026-03-26 21:11:52 | INFO | Trend series: INSUFFICIENT DATA
2026-03-26 21:11:52 | INFO | Detected Trend Type: FLAT
2026-03-26 21:11:52 | INFO | Trend Slope Percentage: 0.00%
2026-03-26 21:11:52 | INFO | Trend EPS Threshold: 1.50%
2026-03-26 21:11:52 | INFO | --- SCHEDULE CALCULATION ---
2026-03-26 21:11:52 | INFO | Condition Applied: SUNSET_CLAMP
2026-03-26 21:11:52 | INFO | Effective Base Forecast Used for Adjustments: 0.000 MW
2026-03-26 21:11:52 | INFO | Condition-3: NOT APPLIED for this block path
2026-03-26 21:11:52 | INFO |   Final Adjustment %: 0.00%
2026-03-26 21:11:52 | INFO |   Formula (expanded): SUNSET_CLAMP: GTI=0.000 < 0.02*MAX_GTI=19.940 => raw=0
2026-03-26 21:11:52 | INFO | --- FINAL RESULT ---
2026-03-26 21:11:52 | INFO | Raw Schedule (before smoothing): 0.000 MW
2026-03-26 21:11:52 | INFO | Final Scheduled MW: 0.000 MW
2026-03-26 21:11:52 | INFO | --------------------------------------------------------------------------------
2026-03-26 21:11:52 | INFO | --------------------------------------------------------------------------------
2026-03-26 21:11:52 | INFO | BLOCK 91
2026-03-26 21:11:52 | INFO | --------------------------------------------------------------------------------
2026-03-26 21:11:52 | INFO | --- FORECAST DATA ---
2026-03-26 21:11:52 | INFO | Intraday Forecast (Enercast Raw): 0.000 MW
2026-03-26 21:11:52 | INFO | Intraday Forecast (Enercast, Scaled): 0.000 MW
2026-03-26 21:11:52 | INFO | Day-ahead Forecast (Enercast): 0.000 MW
2026-03-26 21:11:52 | INFO | Base Forecast (raw, before curtailment/shutdown): 0.000 MW
2026-03-26 21:11:52 | INFO | Base Forecast (used for schedule): 0.000 MW
2026-03-26 21:11:52 | INFO | Effective Base Forecast (after curtailment/shutdown): 0.000 MW
2026-03-26 21:11:52 | INFO | Plant Status: NORMAL
2026-03-26 21:11:52 | INFO | Effective Base Forecast = Base Forecast (raw) = 0.000 MW
2026-03-26 21:11:52 | INFO | --- WEATHER PARAMETERS ---
2026-03-26 21:11:52 | INFO | GTI: 0.0 W/m^2
2026-03-26 21:11:52 | INFO | DHI: 0.0 W/m^2
2026-03-26 21:11:52 | INFO | DNI: 0.0 W/m^2
2026-03-26 21:11:52 | INFO | Irradiance Ratio (GTI/MAX_GTI): 0.000
2026-03-26 21:11:52 | INFO | Diffuse Ratio (current): 0.000
2026-03-26 21:11:52 | INFO | Irradiance State: OVERCAST
2026-03-26 21:11:52 | INFO | Temp @ 2m: 30.61 C
2026-03-26 21:11:52 | INFO | Wind @ 10m: 14.35 m/s
2026-03-26 21:11:52 | INFO | Weather State: NORMAL
2026-03-26 21:11:52 | INFO | Dynamic Thresholds: cloud_thr=0.0000, shift_thr=0.0000
2026-03-26 21:11:52 | INFO | Multipliers: irradiance=0.22x, temp=0.92x, wind=0.95x
2026-03-26 21:11:52 | INFO | Weather Multiplier (combined): 0.19x
2026-03-26 21:11:52 | INFO | Abrupt Weather Change Detected: False
2026-03-26 21:11:52 | INFO | --- TREND ANALYSIS ---
2026-03-26 21:11:52 | INFO | Trend series: INSUFFICIENT DATA
2026-03-26 21:11:52 | INFO | Detected Trend Type: FLAT
2026-03-26 21:11:52 | INFO | Trend Slope Percentage: 0.00%
2026-03-26 21:11:52 | INFO | Trend EPS Threshold: 1.50%
2026-03-26 21:11:52 | INFO | --- SCHEDULE CALCULATION ---
2026-03-26 21:11:52 | INFO | Condition Applied: SUNSET_CLAMP
2026-03-26 21:11:52 | INFO | Effective Base Forecast Used for Adjustments: 0.000 MW
2026-03-26 21:11:52 | INFO | Condition-3: NOT APPLIED for this block path
2026-03-26 21:11:52 | INFO |   Final Adjustment %: 0.00%
2026-03-26 21:11:52 | INFO |   Formula (expanded): SUNSET_CLAMP: GTI=0.000 < 0.02*MAX_GTI=19.940 => raw=0
2026-03-26 21:11:52 | INFO | --- FINAL RESULT ---
2026-03-26 21:11:52 | INFO | Raw Schedule (before smoothing): 0.000 MW
2026-03-26 21:11:52 | INFO | Final Scheduled MW: 0.000 MW
2026-03-26 21:11:52 | INFO | --------------------------------------------------------------------------------
2026-03-26 21:11:52 | INFO | --------------------------------------------------------------------------------
2026-03-26 21:11:52 | INFO | BLOCK 92
2026-03-26 21:11:52 | INFO | --------------------------------------------------------------------------------
2026-03-26 21:11:52 | INFO | --- FORECAST DATA ---
2026-03-26 21:11:52 | INFO | Intraday Forecast (Enercast Raw): 0.000 MW
2026-03-26 21:11:52 | INFO | Intraday Forecast (Enercast, Scaled): 0.000 MW
2026-03-26 21:11:52 | INFO | Day-ahead Forecast (Enercast): 0.000 MW
2026-03-26 21:11:52 | INFO | Base Forecast (raw, before curtailment/shutdown): 0.000 MW
2026-03-26 21:11:52 | INFO | Base Forecast (used for schedule): 0.000 MW
2026-03-26 21:11:52 | INFO | Effective Base Forecast (after curtailment/shutdown): 0.000 MW
2026-03-26 21:11:52 | INFO | Plant Status: NORMAL
2026-03-26 21:11:52 | INFO | Effective Base Forecast = Base Forecast (raw) = 0.000 MW
2026-03-26 21:11:52 | INFO | --- WEATHER PARAMETERS ---
2026-03-26 21:11:52 | INFO | GTI: 0.0 W/m^2
2026-03-26 21:11:52 | INFO | DHI: 0.0 W/m^2
2026-03-26 21:11:52 | INFO | DNI: 0.0 W/m^2
2026-03-26 21:11:52 | INFO | Irradiance Ratio (GTI/MAX_GTI): 0.000
2026-03-26 21:11:52 | INFO | Diffuse Ratio (current): 0.000
2026-03-26 21:11:52 | INFO | Irradiance State: OVERCAST
2026-03-26 21:11:52 | INFO | Temp @ 2m: 30.51 C
2026-03-26 21:11:52 | INFO | Wind @ 10m: 14.00 m/s
2026-03-26 21:11:52 | INFO | Weather State: NORMAL
2026-03-26 21:11:52 | INFO | Dynamic Thresholds: cloud_thr=0.0000, shift_thr=0.0000
2026-03-26 21:11:52 | INFO | Multipliers: irradiance=0.22x, temp=0.92x, wind=0.95x
2026-03-26 21:11:52 | INFO | Weather Multiplier (combined): 0.19x
2026-03-26 21:11:52 | INFO | Abrupt Weather Change Detected: False
2026-03-26 21:11:52 | INFO | --- TREND ANALYSIS ---
2026-03-26 21:11:52 | INFO | Trend series: INSUFFICIENT DATA
2026-03-26 21:11:52 | INFO | Detected Trend Type: FLAT
2026-03-26 21:11:52 | INFO | Trend Slope Percentage: 0.00%
2026-03-26 21:11:52 | INFO | Trend EPS Threshold: 1.50%
2026-03-26 21:11:52 | INFO | --- SCHEDULE CALCULATION ---
2026-03-26 21:11:52 | INFO | Condition Applied: SUNSET_CLAMP
2026-03-26 21:11:52 | INFO | Effective Base Forecast Used for Adjustments: 0.000 MW
2026-03-26 21:11:52 | INFO | Condition-3: NOT APPLIED for this block path
2026-03-26 21:11:52 | INFO |   Final Adjustment %: 0.00%
2026-03-26 21:11:52 | INFO |   Formula (expanded): SUNSET_CLAMP: GTI=0.000 < 0.02*MAX_GTI=19.940 => raw=0
2026-03-26 21:11:52 | INFO | --- FINAL RESULT ---
2026-03-26 21:11:52 | INFO | Raw Schedule (before smoothing): 0.000 MW
2026-03-26 21:11:52 | INFO | Final Scheduled MW: 0.000 MW
2026-03-26 21:11:52 | INFO | --------------------------------------------------------------------------------
2026-03-26 21:11:52 | INFO | --------------------------------------------------------------------------------
2026-03-26 21:11:52 | INFO | BLOCK 93
2026-03-26 21:11:52 | INFO | --------------------------------------------------------------------------------
2026-03-26 21:11:52 | INFO | --- FORECAST DATA ---
2026-03-26 21:11:52 | INFO | Intraday Forecast (Enercast Raw): 0.000 MW
2026-03-26 21:11:52 | INFO | Intraday Forecast (Enercast, Scaled): 0.000 MW
2026-03-26 21:11:52 | INFO | Day-ahead Forecast (Enercast): 0.000 MW
2026-03-26 21:11:52 | INFO | Base Forecast (raw, before curtailment/shutdown): 0.000 MW
2026-03-26 21:11:52 | INFO | Base Forecast (used for schedule): 0.000 MW
2026-03-26 21:11:52 | INFO | Effective Base Forecast (after curtailment/shutdown): 0.000 MW
2026-03-26 21:11:52 | INFO | Plant Status: NORMAL
2026-03-26 21:11:52 | INFO | Effective Base Forecast = Base Forecast (raw) = 0.000 MW
2026-03-26 21:11:52 | INFO | --- WEATHER PARAMETERS ---
2026-03-26 21:11:52 | INFO | GTI: 0.0 W/m^2
2026-03-26 21:11:52 | INFO | DHI: 0.0 W/m^2
2026-03-26 21:11:52 | INFO | DNI: 0.0 W/m^2
2026-03-26 21:11:52 | INFO | Irradiance Ratio (GTI/MAX_GTI): 0.000
2026-03-26 21:11:52 | INFO | Diffuse Ratio (current): 0.000
2026-03-26 21:11:52 | INFO | Irradiance State: OVERCAST
2026-03-26 21:11:52 | INFO | Temp @ 2m: 30.46 C
2026-03-26 21:11:52 | INFO | Wind @ 10m: 13.91 m/s
2026-03-26 21:11:52 | INFO | Weather State: NORMAL
2026-03-26 21:11:52 | INFO | Dynamic Thresholds: cloud_thr=0.0000, shift_thr=0.0000
2026-03-26 21:11:52 | INFO | Multipliers: irradiance=0.22x, temp=0.92x, wind=0.95x
2026-03-26 21:11:52 | INFO | Weather Multiplier (combined): 0.19x
2026-03-26 21:11:52 | INFO | Abrupt Weather Change Detected: False
2026-03-26 21:11:52 | INFO | --- TREND ANALYSIS ---
2026-03-26 21:11:52 | INFO | Trend series: INSUFFICIENT DATA
2026-03-26 21:11:52 | INFO | Detected Trend Type: FLAT
2026-03-26 21:11:52 | INFO | Trend Slope Percentage: 0.00%
2026-03-26 21:11:52 | INFO | Trend EPS Threshold: 1.50%
2026-03-26 21:11:52 | INFO | --- SCHEDULE CALCULATION ---
2026-03-26 21:11:52 | INFO | Condition Applied: SUNSET_CLAMP
2026-03-26 21:11:52 | INFO | Effective Base Forecast Used for Adjustments: 0.000 MW
2026-03-26 21:11:52 | INFO | Condition-3: NOT APPLIED for this block path
2026-03-26 21:11:52 | INFO |   Final Adjustment %: 0.00%
2026-03-26 21:11:52 | INFO |   Formula (expanded): SUNSET_CLAMP: GTI=0.000 < 0.02*MAX_GTI=19.940 => raw=0
2026-03-26 21:11:52 | INFO | --- FINAL RESULT ---
2026-03-26 21:11:52 | INFO | Raw Schedule (before smoothing): 0.000 MW
2026-03-26 21:11:52 | INFO | Final Scheduled MW: 0.000 MW
2026-03-26 21:11:52 | INFO | --------------------------------------------------------------------------------
2026-03-26 21:11:52 | INFO | --------------------------------------------------------------------------------
2026-03-26 21:11:52 | INFO | BLOCK 94
2026-03-26 21:11:52 | INFO | --------------------------------------------------------------------------------
2026-03-26 21:11:52 | INFO | --- FORECAST DATA ---
2026-03-26 21:11:52 | INFO | Intraday Forecast (Enercast Raw): 0.000 MW
2026-03-26 21:11:52 | INFO | Intraday Forecast (Enercast, Scaled): 0.000 MW
2026-03-26 21:11:52 | INFO | Day-ahead Forecast (Enercast): 0.000 MW
2026-03-26 21:11:52 | INFO | Base Forecast (raw, before curtailment/shutdown): 0.000 MW
2026-03-26 21:11:52 | INFO | Base Forecast (used for schedule): 0.000 MW
2026-03-26 21:11:52 | INFO | Effective Base Forecast (after curtailment/shutdown): 0.000 MW
2026-03-26 21:11:52 | INFO | Plant Status: NORMAL
2026-03-26 21:11:52 | INFO | Effective Base Forecast = Base Forecast (raw) = 0.000 MW
2026-03-26 21:11:52 | INFO | --- WEATHER PARAMETERS ---
2026-03-26 21:11:52 | INFO | GTI: 0.0 W/m^2
2026-03-26 21:11:52 | INFO | DHI: 0.0 W/m^2
2026-03-26 21:11:52 | INFO | DNI: 0.0 W/m^2
2026-03-26 21:11:52 | INFO | Irradiance Ratio (GTI/MAX_GTI): 0.000
2026-03-26 21:11:52 | INFO | Diffuse Ratio (current): 0.000
2026-03-26 21:11:52 | INFO | Irradiance State: OVERCAST
2026-03-26 21:11:52 | INFO | Temp @ 2m: 30.36 C
2026-03-26 21:11:52 | INFO | Wind @ 10m: 13.38 m/s
2026-03-26 21:11:52 | INFO | Weather State: NORMAL
2026-03-26 21:11:52 | INFO | Dynamic Thresholds: cloud_thr=0.0000, shift_thr=0.0000
2026-03-26 21:11:52 | INFO | Multipliers: irradiance=0.22x, temp=0.92x, wind=0.95x
2026-03-26 21:11:52 | INFO | Weather Multiplier (combined): 0.19x
2026-03-26 21:11:52 | INFO | Abrupt Weather Change Detected: False
2026-03-26 21:11:52 | INFO | --- TREND ANALYSIS ---
2026-03-26 21:11:52 | INFO | Trend series: INSUFFICIENT DATA
2026-03-26 21:11:52 | INFO | Detected Trend Type: FLAT
2026-03-26 21:11:52 | INFO | Trend Slope Percentage: 0.00%
2026-03-26 21:11:52 | INFO | Trend EPS Threshold: 1.50%
2026-03-26 21:11:52 | INFO | --- SCHEDULE CALCULATION ---
2026-03-26 21:11:52 | INFO | Condition Applied: SUNSET_CLAMP
2026-03-26 21:11:52 | INFO | Effective Base Forecast Used for Adjustments: 0.000 MW
2026-03-26 21:11:52 | INFO | Condition-3: NOT APPLIED for this block path
2026-03-26 21:11:52 | INFO |   Final Adjustment %: 0.00%
2026-03-26 21:11:52 | INFO |   Formula (expanded): SUNSET_CLAMP: GTI=0.000 < 0.02*MAX_GTI=19.940 => raw=0
2026-03-26 21:11:52 | INFO | --- FINAL RESULT ---
2026-03-26 21:11:52 | INFO | Raw Schedule (before smoothing): 0.000 MW
2026-03-26 21:11:52 | INFO | Final Scheduled MW: 0.000 MW
2026-03-26 21:11:52 | INFO | --------------------------------------------------------------------------------
2026-03-26 21:11:52 | INFO | --------------------------------------------------------------------------------
2026-03-26 21:11:52 | INFO | BLOCK 95
2026-03-26 21:11:52 | INFO | --------------------------------------------------------------------------------
2026-03-26 21:11:52 | INFO | --- FORECAST DATA ---
2026-03-26 21:11:52 | INFO | Intraday Forecast (Enercast Raw): 0.000 MW
2026-03-26 21:11:52 | INFO | Intraday Forecast (Enercast, Scaled): 0.000 MW
2026-03-26 21:11:52 | INFO | Day-ahead Forecast (Enercast): 0.000 MW
2026-03-26 21:11:52 | INFO | Base Forecast (raw, before curtailment/shutdown): 0.000 MW
2026-03-26 21:11:52 | INFO | Base Forecast (used for schedule): 0.000 MW
2026-03-26 21:11:52 | INFO | Effective Base Forecast (after curtailment/shutdown): 0.000 MW
2026-03-26 21:11:52 | INFO | Plant Status: NORMAL
2026-03-26 21:11:52 | INFO | Effective Base Forecast = Base Forecast (raw) = 0.000 MW
2026-03-26 21:11:52 | INFO | --- WEATHER PARAMETERS ---
2026-03-26 21:11:52 | INFO | GTI: 0.0 W/m^2
2026-03-26 21:11:52 | INFO | DHI: 0.0 W/m^2
2026-03-26 21:11:52 | INFO | DNI: 0.0 W/m^2
2026-03-26 21:11:52 | INFO | Irradiance Ratio (GTI/MAX_GTI): 0.000
2026-03-26 21:11:52 | INFO | Diffuse Ratio (current): 0.000
2026-03-26 21:11:52 | INFO | Irradiance State: OVERCAST
2026-03-26 21:11:52 | INFO | Temp @ 2m: 30.21 C
2026-03-26 21:11:52 | INFO | Wind @ 10m: 13.20 m/s
2026-03-26 21:11:52 | INFO | Weather State: NORMAL
2026-03-26 21:11:52 | INFO | Dynamic Thresholds: cloud_thr=0.0000, shift_thr=0.0000
2026-03-26 21:11:52 | INFO | Multipliers: irradiance=0.22x, temp=0.92x, wind=0.95x
2026-03-26 21:11:52 | INFO | Weather Multiplier (combined): 0.19x
2026-03-26 21:11:52 | INFO | Abrupt Weather Change Detected: False
2026-03-26 21:11:52 | INFO | --- TREND ANALYSIS ---
2026-03-26 21:11:52 | INFO | Trend series: INSUFFICIENT DATA
2026-03-26 21:11:52 | INFO | Detected Trend Type: FLAT
2026-03-26 21:11:52 | INFO | Trend Slope Percentage: 0.00%
2026-03-26 21:11:52 | INFO | Trend EPS Threshold: 1.50%
2026-03-26 21:11:52 | INFO | --- SCHEDULE CALCULATION ---
2026-03-26 21:11:52 | INFO | Condition Applied: SUNSET_CLAMP
2026-03-26 21:11:52 | INFO | Effective Base Forecast Used for Adjustments: 0.000 MW
2026-03-26 21:11:52 | INFO | Condition-3: NOT APPLIED for this block path
2026-03-26 21:11:52 | INFO |   Final Adjustment %: 0.00%
2026-03-26 21:11:52 | INFO |   Formula (expanded): SUNSET_CLAMP: GTI=0.000 < 0.02*MAX_GTI=19.940 => raw=0
2026-03-26 21:11:52 | INFO | --- FINAL RESULT ---
2026-03-26 21:11:52 | INFO | Raw Schedule (before smoothing): 0.000 MW
2026-03-26 21:11:52 | INFO | Final Scheduled MW: 0.000 MW
2026-03-26 21:11:52 | INFO | --------------------------------------------------------------------------------
2026-03-26 21:11:52 | INFO | --------------------------------------------------------------------------------
2026-03-26 21:11:52 | INFO | BLOCK 96
2026-03-26 21:11:52 | INFO | --------------------------------------------------------------------------------
2026-03-26 21:11:52 | INFO | --- FORECAST DATA ---
2026-03-26 21:11:52 | INFO | Intraday Forecast (Enercast Raw): 0.000 MW
2026-03-26 21:11:52 | INFO | Intraday Forecast (Enercast, Scaled): 0.000 MW
2026-03-26 21:11:52 | INFO | Day-ahead Forecast (Enercast): 0.000 MW
2026-03-26 21:11:52 | INFO | Base Forecast (raw, before curtailment/shutdown): 0.000 MW
2026-03-26 21:11:52 | INFO | Base Forecast (used for schedule): 0.000 MW
2026-03-26 21:11:52 | INFO | Effective Base Forecast (after curtailment/shutdown): 0.000 MW
2026-03-26 21:11:52 | INFO | Plant Status: NORMAL
2026-03-26 21:11:52 | INFO | Effective Base Forecast = Base Forecast (raw) = 0.000 MW
2026-03-26 21:11:52 | INFO | --- WEATHER PARAMETERS ---
2026-03-26 21:11:52 | INFO | GTI: 0.0 W/m^2
2026-03-26 21:11:52 | INFO | DHI: 0.0 W/m^2
2026-03-26 21:11:52 | INFO | DNI: 0.0 W/m^2
2026-03-26 21:11:52 | INFO | Irradiance Ratio (GTI/MAX_GTI): 0.000
2026-03-26 21:11:52 | INFO | Diffuse Ratio (current): 0.000
2026-03-26 21:11:52 | INFO | Irradiance State: OVERCAST
2026-03-26 21:11:52 | INFO | Temp @ 2m: 30.06 C
2026-03-26 21:11:52 | INFO | Wind @ 10m: 12.72 m/s
2026-03-26 21:11:52 | INFO | Weather State: NORMAL
2026-03-26 21:11:52 | INFO | Dynamic Thresholds: cloud_thr=0.0000, shift_thr=0.0000
2026-03-26 21:11:52 | INFO | Multipliers: irradiance=0.22x, temp=0.92x, wind=0.95x
2026-03-26 21:11:52 | INFO | Weather Multiplier (combined): 0.19x
2026-03-26 21:11:52 | INFO | Abrupt Weather Change Detected: False
2026-03-26 21:11:52 | INFO | --- TREND ANALYSIS ---
2026-03-26 21:11:52 | INFO | Trend series: INSUFFICIENT DATA
2026-03-26 21:11:52 | INFO | Detected Trend Type: FLAT
2026-03-26 21:11:52 | INFO | Trend Slope Percentage: 0.00%
2026-03-26 21:11:52 | INFO | Trend EPS Threshold: 1.50%
2026-03-26 21:11:52 | INFO | --- SCHEDULE CALCULATION ---
2026-03-26 21:11:52 | INFO | Condition Applied: SUNSET_CLAMP
2026-03-26 21:11:52 | INFO | Effective Base Forecast Used for Adjustments: 0.000 MW
2026-03-26 21:11:52 | INFO | Condition-3: NOT APPLIED for this block path
2026-03-26 21:11:52 | INFO |   Final Adjustment %: 0.00%
2026-03-26 21:11:52 | INFO |   Formula (expanded): SUNSET_CLAMP: GTI=0.000 < 0.02*MAX_GTI=19.940 => raw=0
2026-03-26 21:11:52 | INFO | --- FINAL RESULT ---
2026-03-26 21:11:52 | INFO | Raw Schedule (before smoothing): 0.000 MW
2026-03-26 21:11:52 | INFO | Final Scheduled MW: 0.000 MW
2026-03-26 21:11:52 | INFO | --------------------------------------------------------------------------------
