2026-03-26 21:15:27 | INFO | ================================================================================
2026-03-26 21:15:27 | INFO | SCHEDULE FILE: schedule_from_30.csv
2026-03-26 21:15:27 | INFO | DATE: 2026-03-24
2026-03-26 21:15:27 | INFO | ENGINE BLOCK (Start Block): 30
2026-03-26 21:15:27 | INFO | DYNAMIC START BLOCK: 30
2026-03-26 21:15:27 | INFO | SCHEDULE REASON: custom_start
2026-03-26 21:15:27 | INFO | Generated: 2026-03-26 21:15:27
2026-03-26 21:15:27 | INFO | ================================================================================
2026-03-26 21:15:27 | INFO | BLOCK-WISE WEATHER STATE OVERVIEW
2026-03-26 21:15:27 | INFO | Block | Weather State
2026-03-26 21:15:27 | INFO | 30    | NORMAL
2026-03-26 21:15:27 | INFO | 31    | NORMAL
2026-03-26 21:15:27 | INFO | 32    | NORMAL
2026-03-26 21:15:27 | INFO | 33    | NORMAL
2026-03-26 21:15:27 | INFO | 34    | NORMAL
2026-03-26 21:15:27 | INFO | 35    | NORMAL
2026-03-26 21:15:27 | INFO | 36    | NORMAL
2026-03-26 21:15:27 | INFO | 37    | NORMAL
2026-03-26 21:15:27 | INFO | 38    | NORMAL
2026-03-26 21:15:27 | INFO | 39    | NORMAL
2026-03-26 21:15:27 | INFO | 40    | NORMAL
2026-03-26 21:15:27 | INFO | 41    | NORMAL
2026-03-26 21:15:27 | INFO | 42    | NORMAL
2026-03-26 21:15:27 | INFO | 43    | NORMAL
2026-03-26 21:15:27 | INFO | 44    | NORMAL
2026-03-26 21:15:27 | INFO | 45    | NORMAL
2026-03-26 21:15:27 | INFO | 46    | NORMAL
2026-03-26 21:15:27 | INFO | 47    | NORMAL
2026-03-26 21:15:27 | INFO | 48    | NORMAL
2026-03-26 21:15:27 | INFO | 49    | NORMAL
2026-03-26 21:15:27 | INFO | 50    | NORMAL
2026-03-26 21:15:27 | INFO | 51    | NORMAL
2026-03-26 21:15:27 | INFO | 52    | NORMAL
2026-03-26 21:15:27 | INFO | 53    | NORMAL
2026-03-26 21:15:27 | INFO | 54    | NORMAL
2026-03-26 21:15:27 | INFO | 55    | NORMAL
2026-03-26 21:15:27 | INFO | 56    | NORMAL
2026-03-26 21:15:27 | INFO | 57    | NORMAL
2026-03-26 21:15:27 | INFO | 58    | NORMAL
2026-03-26 21:15:27 | INFO | 59    | NORMAL
2026-03-26 21:15:27 | INFO | 60    | NORMAL
2026-03-26 21:15:27 | INFO | 61    | NORMAL
2026-03-26 21:15:27 | INFO | 62    | NORMAL
2026-03-26 21:15:27 | INFO | 63    | NORMAL
2026-03-26 21:15:27 | INFO | 64    | NORMAL
2026-03-26 21:15:27 | INFO | 65    | NORMAL
2026-03-26 21:15:27 | INFO | 66    | NORMAL
2026-03-26 21:15:27 | INFO | 67    | NORMAL
2026-03-26 21:15:27 | INFO | 68    | NORMAL
2026-03-26 21:15:27 | INFO | 69    | NORMAL
2026-03-26 21:15:27 | INFO | 70    | NORMAL
2026-03-26 21:15:27 | INFO | 71    | NORMAL
2026-03-26 21:15:27 | INFO | 72    | NORMAL
2026-03-26 21:15:27 | INFO | 73    | NORMAL
2026-03-26 21:15:27 | INFO | 74    | NORMAL
2026-03-26 21:15:27 | INFO | 75    | NORMAL
2026-03-26 21:15:27 | INFO | 76    | NORMAL
2026-03-26 21:15:27 | INFO | 77    | NORMAL
2026-03-26 21:15:27 | INFO | 78    | NORMAL
2026-03-26 21:15:27 | INFO | 79    | NORMAL
2026-03-26 21:15:27 | INFO | 80    | NORMAL
2026-03-26 21:15:27 | INFO | 81    | NORMAL
2026-03-26 21:15:27 | INFO | 82    | NORMAL
2026-03-26 21:15:27 | INFO | 83    | NORMAL
2026-03-26 21:15:27 | INFO | 84    | NORMAL
2026-03-26 21:15:27 | INFO | 85    | NORMAL
2026-03-26 21:15:27 | INFO | 86    | NORMAL
2026-03-26 21:15:27 | INFO | 87    | NORMAL
2026-03-26 21:15:27 | INFO | 88    | NORMAL
2026-03-26 21:15:27 | INFO | 89    | NORMAL
2026-03-26 21:15:27 | INFO | 90    | NORMAL
2026-03-26 21:15:27 | INFO | 91    | NORMAL
2026-03-26 21:15:27 | INFO | 92    | NORMAL
2026-03-26 21:15:27 | INFO | 93    | NORMAL
2026-03-26 21:15:27 | INFO | 94    | NORMAL
2026-03-26 21:15:27 | INFO | 95    | NORMAL
2026-03-26 21:15:27 | INFO | 96    | NORMAL
2026-03-26 21:15:27 | INFO | --------------------------------------------------------------------------------
2026-03-26 21:15:27 | INFO | ITERATION FORECAST CONTEXT | reason=custom_start | intraday_scaled_T=0.4720 | intraday_raw_T=0.5900
2026-03-26 21:15:27 | INFO | --------------------------------------------------------------------------------
2026-03-26 21:15:27 | INFO | BLOCK 01
2026-03-26 21:15:27 | INFO | --------------------------------------------------------------------------------
2026-03-26 21:15:27 | INFO | --- FORECAST DATA ---
2026-03-26 21:15:27 | INFO | Intraday Forecast (Enercast Raw): 0.000 MW
2026-03-26 21:15:27 | INFO | Intraday Forecast (Enercast, Scaled): 0.000 MW
2026-03-26 21:15:27 | INFO | Day-ahead Forecast (Enercast): 0.000 MW
2026-03-26 21:15:27 | INFO | Base Forecast (raw, before curtailment/shutdown): 0.000 MW
2026-03-26 21:15:27 | INFO | Base Forecast (used for schedule): 0.000 MW
2026-03-26 21:15:27 | INFO | Effective Base Forecast (after curtailment/shutdown): 0.000 MW
2026-03-26 21:15:27 | INFO | Plant Status: NORMAL
2026-03-26 21:15:27 | INFO | Effective Base Forecast = Base Forecast (raw) = 0.000 MW
2026-03-26 21:15:27 | INFO | --- WEATHER PARAMETERS ---
2026-03-26 21:15:27 | INFO | GTI: 0.0 W/m^2
2026-03-26 21:15:27 | INFO | DHI: 0.0 W/m^2
2026-03-26 21:15:27 | INFO | DNI: 0.0 W/m^2
2026-03-26 21:15:27 | INFO | Irradiance Ratio (GTI/MAX_GTI): 0.000
2026-03-26 21:15:27 | INFO | Diffuse Ratio (current): 0.000
2026-03-26 21:15:27 | INFO | Irradiance State: OVERCAST
2026-03-26 21:15:27 | INFO | Temp @ 2m: 28.96 C
2026-03-26 21:15:27 | INFO | Wind @ 10m: 9.83 m/s
2026-03-26 21:15:27 | INFO | Weather State: NORMAL
2026-03-26 21:15:27 | INFO | Dynamic Thresholds: cloud_thr=0.0000, shift_thr=0.0000
2026-03-26 21:15:27 | INFO | Multipliers: irradiance=0.22x, temp=0.92x, wind=0.95x
2026-03-26 21:15:27 | INFO | Weather Multiplier (combined): 0.19x
2026-03-26 21:15:27 | INFO | Abrupt Weather Change Detected: False
2026-03-26 21:15:27 | INFO | --- TREND ANALYSIS ---
2026-03-26 21:15:27 | INFO | Trend series: INSUFFICIENT DATA
2026-03-26 21:15:27 | INFO | Detected Trend Type: FLAT
2026-03-26 21:15:27 | INFO | Trend Slope Percentage: 0.00%
2026-03-26 21:15:27 | INFO | Trend EPS Threshold: 1.50%
2026-03-26 21:15:27 | INFO | --- SCHEDULE CALCULATION ---
2026-03-26 21:15:27 | INFO | Condition Applied: PRE_START
2026-03-26 21:15:27 | INFO | Effective Base Forecast Used for Adjustments: 0.000 MW
2026-03-26 21:15:27 | INFO | Condition-3: NOT APPLIED for this block path
2026-03-26 21:15:27 | INFO |   Final Adjustment %: 0.00%
2026-03-26 21:15:27 | INFO |   Formula (expanded): PRE_START: raw=0
2026-03-26 21:15:27 | INFO | --- FINAL RESULT ---
2026-03-26 21:15:27 | INFO | Raw Schedule (before smoothing): 0.000 MW
2026-03-26 21:15:27 | INFO | Final Scheduled MW: 0.000 MW
2026-03-26 21:15:27 | INFO | --------------------------------------------------------------------------------
2026-03-26 21:15:27 | INFO | --------------------------------------------------------------------------------
2026-03-26 21:15:27 | INFO | BLOCK 02
2026-03-26 21:15:27 | INFO | --------------------------------------------------------------------------------
2026-03-26 21:15:27 | INFO | --- FORECAST DATA ---
2026-03-26 21:15:27 | INFO | Intraday Forecast (Enercast Raw): 0.000 MW
2026-03-26 21:15:27 | INFO | Intraday Forecast (Enercast, Scaled): 0.000 MW
2026-03-26 21:15:27 | INFO | Day-ahead Forecast (Enercast): 0.000 MW
2026-03-26 21:15:27 | INFO | Base Forecast (raw, before curtailment/shutdown): 0.000 MW
2026-03-26 21:15:27 | INFO | Base Forecast (used for schedule): 0.000 MW
2026-03-26 21:15:27 | INFO | Effective Base Forecast (after curtailment/shutdown): 0.000 MW
2026-03-26 21:15:27 | INFO | Plant Status: NORMAL
2026-03-26 21:15:27 | INFO | Effective Base Forecast = Base Forecast (raw) = 0.000 MW
2026-03-26 21:15:27 | INFO | --- WEATHER PARAMETERS ---
2026-03-26 21:15:27 | INFO | GTI: 0.0 W/m^2
2026-03-26 21:15:27 | INFO | DHI: 0.0 W/m^2
2026-03-26 21:15:27 | INFO | DNI: 0.0 W/m^2
2026-03-26 21:15:27 | INFO | Irradiance Ratio (GTI/MAX_GTI): 0.000
2026-03-26 21:15:27 | INFO | Diffuse Ratio (current): 0.000
2026-03-26 21:15:27 | INFO | Irradiance State: OVERCAST
2026-03-26 21:15:27 | INFO | Temp @ 2m: 28.86 C
2026-03-26 21:15:27 | INFO | Wind @ 10m: 9.78 m/s
2026-03-26 21:15:27 | INFO | Weather State: NORMAL
2026-03-26 21:15:27 | INFO | Dynamic Thresholds: cloud_thr=0.0000, shift_thr=0.0000
2026-03-26 21:15:27 | INFO | Multipliers: irradiance=0.22x, temp=0.92x, wind=0.95x
2026-03-26 21:15:27 | INFO | Weather Multiplier (combined): 0.19x
2026-03-26 21:15:27 | INFO | Abrupt Weather Change Detected: False
2026-03-26 21:15:27 | INFO | --- TREND ANALYSIS ---
2026-03-26 21:15:27 | INFO | Trend series: INSUFFICIENT DATA
2026-03-26 21:15:27 | INFO | Detected Trend Type: FLAT
2026-03-26 21:15:27 | INFO | Trend Slope Percentage: 0.00%
2026-03-26 21:15:27 | INFO | Trend EPS Threshold: 1.50%
2026-03-26 21:15:27 | INFO | --- SCHEDULE CALCULATION ---
2026-03-26 21:15:27 | INFO | Condition Applied: PRE_START
2026-03-26 21:15:27 | INFO | Effective Base Forecast Used for Adjustments: 0.000 MW
2026-03-26 21:15:27 | INFO | Condition-3: NOT APPLIED for this block path
2026-03-26 21:15:27 | INFO |   Final Adjustment %: 0.00%
2026-03-26 21:15:27 | INFO |   Formula (expanded): PRE_START: raw=0
2026-03-26 21:15:27 | INFO | --- FINAL RESULT ---
2026-03-26 21:15:27 | INFO | Raw Schedule (before smoothing): 0.000 MW
2026-03-26 21:15:27 | INFO | Final Scheduled MW: 0.000 MW
2026-03-26 21:15:27 | INFO | --------------------------------------------------------------------------------
2026-03-26 21:15:27 | INFO | --------------------------------------------------------------------------------
2026-03-26 21:15:27 | INFO | BLOCK 03
2026-03-26 21:15:27 | INFO | --------------------------------------------------------------------------------
2026-03-26 21:15:27 | INFO | --- FORECAST DATA ---
2026-03-26 21:15:27 | INFO | Intraday Forecast (Enercast Raw): 0.000 MW
2026-03-26 21:15:27 | INFO | Intraday Forecast (Enercast, Scaled): 0.000 MW
2026-03-26 21:15:27 | INFO | Day-ahead Forecast (Enercast): 0.000 MW
2026-03-26 21:15:27 | INFO | Base Forecast (raw, before curtailment/shutdown): 0.000 MW
2026-03-26 21:15:27 | INFO | Base Forecast (used for schedule): 0.000 MW
2026-03-26 21:15:27 | INFO | Effective Base Forecast (after curtailment/shutdown): 0.000 MW
2026-03-26 21:15:27 | INFO | Plant Status: NORMAL
2026-03-26 21:15:27 | INFO | Effective Base Forecast = Base Forecast (raw) = 0.000 MW
2026-03-26 21:15:27 | INFO | --- WEATHER PARAMETERS ---
2026-03-26 21:15:27 | INFO | GTI: 0.0 W/m^2
2026-03-26 21:15:27 | INFO | DHI: 0.0 W/m^2
2026-03-26 21:15:27 | INFO | DNI: 0.0 W/m^2
2026-03-26 21:15:27 | INFO | Irradiance Ratio (GTI/MAX_GTI): 0.000
2026-03-26 21:15:27 | INFO | Diffuse Ratio (current): 0.000
2026-03-26 21:15:27 | INFO | Irradiance State: OVERCAST
2026-03-26 21:15:27 | INFO | Temp @ 2m: 28.71 C
2026-03-26 21:15:27 | INFO | Wind @ 10m: 9.42 m/s
2026-03-26 21:15:27 | INFO | Weather State: NORMAL
2026-03-26 21:15:27 | INFO | Dynamic Thresholds: cloud_thr=0.0000, shift_thr=0.0000
2026-03-26 21:15:27 | INFO | Multipliers: irradiance=0.22x, temp=0.92x, wind=0.95x
2026-03-26 21:15:27 | INFO | Weather Multiplier (combined): 0.19x
2026-03-26 21:15:27 | INFO | Abrupt Weather Change Detected: False
2026-03-26 21:15:27 | INFO | --- TREND ANALYSIS ---
2026-03-26 21:15:27 | INFO | Trend series: INSUFFICIENT DATA
2026-03-26 21:15:27 | INFO | Detected Trend Type: FLAT
2026-03-26 21:15:27 | INFO | Trend Slope Percentage: 0.00%
2026-03-26 21:15:27 | INFO | Trend EPS Threshold: 1.50%
2026-03-26 21:15:27 | INFO | --- SCHEDULE CALCULATION ---
2026-03-26 21:15:27 | INFO | Condition Applied: PRE_START
2026-03-26 21:15:27 | INFO | Effective Base Forecast Used for Adjustments: 0.000 MW
2026-03-26 21:15:27 | INFO | Condition-3: NOT APPLIED for this block path
2026-03-26 21:15:27 | INFO |   Final Adjustment %: 0.00%
2026-03-26 21:15:27 | INFO |   Formula (expanded): PRE_START: raw=0
2026-03-26 21:15:27 | INFO | --- FINAL RESULT ---
2026-03-26 21:15:27 | INFO | Raw Schedule (before smoothing): 0.000 MW
2026-03-26 21:15:27 | INFO | Final Scheduled MW: 0.000 MW
2026-03-26 21:15:27 | INFO | --------------------------------------------------------------------------------
2026-03-26 21:15:27 | INFO | --------------------------------------------------------------------------------
2026-03-26 21:15:27 | INFO | BLOCK 04
2026-03-26 21:15:27 | INFO | --------------------------------------------------------------------------------
2026-03-26 21:15:27 | INFO | --- FORECAST DATA ---
2026-03-26 21:15:27 | INFO | Intraday Forecast (Enercast Raw): 0.000 MW
2026-03-26 21:15:27 | INFO | Intraday Forecast (Enercast, Scaled): 0.000 MW
2026-03-26 21:15:27 | INFO | Day-ahead Forecast (Enercast): 0.000 MW
2026-03-26 21:15:27 | INFO | Base Forecast (raw, before curtailment/shutdown): 0.000 MW
2026-03-26 21:15:27 | INFO | Base Forecast (used for schedule): 0.000 MW
2026-03-26 21:15:27 | INFO | Effective Base Forecast (after curtailment/shutdown): 0.000 MW
2026-03-26 21:15:27 | INFO | Plant Status: NORMAL
2026-03-26 21:15:27 | INFO | Effective Base Forecast = Base Forecast (raw) = 0.000 MW
2026-03-26 21:15:27 | INFO | --- WEATHER PARAMETERS ---
2026-03-26 21:15:27 | INFO | GTI: 0.0 W/m^2
2026-03-26 21:15:27 | INFO | DHI: 0.0 W/m^2
2026-03-26 21:15:27 | INFO | DNI: 0.0 W/m^2
2026-03-26 21:15:27 | INFO | Irradiance Ratio (GTI/MAX_GTI): 0.000
2026-03-26 21:15:27 | INFO | Diffuse Ratio (current): 0.000
2026-03-26 21:15:27 | INFO | Irradiance State: OVERCAST
2026-03-26 21:15:27 | INFO | Temp @ 2m: 28.56 C
2026-03-26 21:15:27 | INFO | Wind @ 10m: 9.06 m/s
2026-03-26 21:15:27 | INFO | Weather State: NORMAL
2026-03-26 21:15:27 | INFO | Dynamic Thresholds: cloud_thr=0.0000, shift_thr=0.0000
2026-03-26 21:15:27 | INFO | Multipliers: irradiance=0.22x, temp=0.92x, wind=0.95x
2026-03-26 21:15:27 | INFO | Weather Multiplier (combined): 0.19x
2026-03-26 21:15:27 | INFO | Abrupt Weather Change Detected: False
2026-03-26 21:15:27 | INFO | --- TREND ANALYSIS ---
2026-03-26 21:15:27 | INFO | Trend series: INSUFFICIENT DATA
2026-03-26 21:15:27 | INFO | Detected Trend Type: FLAT
2026-03-26 21:15:27 | INFO | Trend Slope Percentage: 0.00%
2026-03-26 21:15:27 | INFO | Trend EPS Threshold: 1.50%
2026-03-26 21:15:27 | INFO | --- SCHEDULE CALCULATION ---
2026-03-26 21:15:27 | INFO | Condition Applied: PRE_START
2026-03-26 21:15:27 | INFO | Effective Base Forecast Used for Adjustments: 0.000 MW
2026-03-26 21:15:27 | INFO | Condition-3: NOT APPLIED for this block path
2026-03-26 21:15:27 | INFO |   Final Adjustment %: 0.00%
2026-03-26 21:15:27 | INFO |   Formula (expanded): PRE_START: raw=0
2026-03-26 21:15:27 | INFO | --- FINAL RESULT ---
2026-03-26 21:15:27 | INFO | Raw Schedule (before smoothing): 0.000 MW
2026-03-26 21:15:27 | INFO | Final Scheduled MW: 0.000 MW
2026-03-26 21:15:27 | INFO | --------------------------------------------------------------------------------
2026-03-26 21:15:27 | INFO | --------------------------------------------------------------------------------
2026-03-26 21:15:27 | INFO | BLOCK 05
2026-03-26 21:15:27 | INFO | --------------------------------------------------------------------------------
2026-03-26 21:15:27 | INFO | --- FORECAST DATA ---
2026-03-26 21:15:27 | INFO | Intraday Forecast (Enercast Raw): 0.000 MW
2026-03-26 21:15:27 | INFO | Intraday Forecast (Enercast, Scaled): 0.000 MW
2026-03-26 21:15:27 | INFO | Day-ahead Forecast (Enercast): 0.000 MW
2026-03-26 21:15:27 | INFO | Base Forecast (raw, before curtailment/shutdown): 0.000 MW
2026-03-26 21:15:27 | INFO | Base Forecast (used for schedule): 0.000 MW
2026-03-26 21:15:27 | INFO | Effective Base Forecast (after curtailment/shutdown): 0.000 MW
2026-03-26 21:15:27 | INFO | Plant Status: NORMAL
2026-03-26 21:15:27 | INFO | Effective Base Forecast = Base Forecast (raw) = 0.000 MW
2026-03-26 21:15:27 | INFO | --- WEATHER PARAMETERS ---
2026-03-26 21:15:27 | INFO | GTI: 0.0 W/m^2
2026-03-26 21:15:27 | INFO | DHI: 0.0 W/m^2
2026-03-26 21:15:27 | INFO | DNI: 0.0 W/m^2
2026-03-26 21:15:27 | INFO | Irradiance Ratio (GTI/MAX_GTI): 0.000
2026-03-26 21:15:27 | INFO | Diffuse Ratio (current): 0.000
2026-03-26 21:15:27 | INFO | Irradiance State: OVERCAST
2026-03-26 21:15:27 | INFO | Temp @ 2m: 28.46 C
2026-03-26 21:15:27 | INFO | Wind @ 10m: 8.40 m/s
2026-03-26 21:15:27 | INFO | Weather State: NORMAL
2026-03-26 21:15:27 | INFO | Dynamic Thresholds: cloud_thr=0.0000, shift_thr=0.0000
2026-03-26 21:15:27 | INFO | Multipliers: irradiance=0.22x, temp=0.92x, wind=0.95x
2026-03-26 21:15:27 | INFO | Weather Multiplier (combined): 0.19x
2026-03-26 21:15:27 | INFO | Abrupt Weather Change Detected: False
2026-03-26 21:15:27 | INFO | --- TREND ANALYSIS ---
2026-03-26 21:15:27 | INFO | Trend series: INSUFFICIENT DATA
2026-03-26 21:15:27 | INFO | Detected Trend Type: FLAT
2026-03-26 21:15:27 | INFO | Trend Slope Percentage: 0.00%
2026-03-26 21:15:27 | INFO | Trend EPS Threshold: 1.50%
2026-03-26 21:15:27 | INFO | --- SCHEDULE CALCULATION ---
2026-03-26 21:15:27 | INFO | Condition Applied: PRE_START
2026-03-26 21:15:27 | INFO | Effective Base Forecast Used for Adjustments: 0.000 MW
2026-03-26 21:15:27 | INFO | Condition-3: NOT APPLIED for this block path
2026-03-26 21:15:27 | INFO |   Final Adjustment %: 0.00%
2026-03-26 21:15:27 | INFO |   Formula (expanded): PRE_START: raw=0
2026-03-26 21:15:27 | INFO | --- FINAL RESULT ---
2026-03-26 21:15:27 | INFO | Raw Schedule (before smoothing): 0.000 MW
2026-03-26 21:15:27 | INFO | Final Scheduled MW: 0.000 MW
2026-03-26 21:15:27 | INFO | --------------------------------------------------------------------------------
2026-03-26 21:15:27 | INFO | --------------------------------------------------------------------------------
2026-03-26 21:15:27 | INFO | BLOCK 06
2026-03-26 21:15:27 | INFO | --------------------------------------------------------------------------------
2026-03-26 21:15:27 | INFO | --- FORECAST DATA ---
2026-03-26 21:15:27 | INFO | Intraday Forecast (Enercast Raw): 0.000 MW
2026-03-26 21:15:27 | INFO | Intraday Forecast (Enercast, Scaled): 0.000 MW
2026-03-26 21:15:27 | INFO | Day-ahead Forecast (Enercast): 0.000 MW
2026-03-26 21:15:27 | INFO | Base Forecast (raw, before curtailment/shutdown): 0.000 MW
2026-03-26 21:15:27 | INFO | Base Forecast (used for schedule): 0.000 MW
2026-03-26 21:15:27 | INFO | Effective Base Forecast (after curtailment/shutdown): 0.000 MW
2026-03-26 21:15:27 | INFO | Plant Status: NORMAL
2026-03-26 21:15:27 | INFO | Effective Base Forecast = Base Forecast (raw) = 0.000 MW
2026-03-26 21:15:27 | INFO | --- WEATHER PARAMETERS ---
2026-03-26 21:15:27 | INFO | GTI: 0.0 W/m^2
2026-03-26 21:15:27 | INFO | DHI: 0.0 W/m^2
2026-03-26 21:15:27 | INFO | DNI: 0.0 W/m^2
2026-03-26 21:15:27 | INFO | Irradiance Ratio (GTI/MAX_GTI): 0.000
2026-03-26 21:15:27 | INFO | Diffuse Ratio (current): 0.000
2026-03-26 21:15:27 | INFO | Irradiance State: OVERCAST
2026-03-26 21:15:27 | INFO | Temp @ 2m: 28.31 C
2026-03-26 21:15:27 | INFO | Wind @ 10m: 8.05 m/s
2026-03-26 21:15:27 | INFO | Weather State: NORMAL
2026-03-26 21:15:27 | INFO | Dynamic Thresholds: cloud_thr=0.0000, shift_thr=0.0000
2026-03-26 21:15:27 | INFO | Multipliers: irradiance=0.22x, temp=0.92x, wind=0.95x
2026-03-26 21:15:27 | INFO | Weather Multiplier (combined): 0.19x
2026-03-26 21:15:27 | INFO | Abrupt Weather Change Detected: False
2026-03-26 21:15:27 | INFO | --- TREND ANALYSIS ---
2026-03-26 21:15:27 | INFO | Trend series: INSUFFICIENT DATA
2026-03-26 21:15:27 | INFO | Detected Trend Type: FLAT
2026-03-26 21:15:27 | INFO | Trend Slope Percentage: 0.00%
2026-03-26 21:15:27 | INFO | Trend EPS Threshold: 1.50%
2026-03-26 21:15:27 | INFO | --- SCHEDULE CALCULATION ---
2026-03-26 21:15:27 | INFO | Condition Applied: PRE_START
2026-03-26 21:15:27 | INFO | Effective Base Forecast Used for Adjustments: 0.000 MW
2026-03-26 21:15:27 | INFO | Condition-3: NOT APPLIED for this block path
2026-03-26 21:15:27 | INFO |   Final Adjustment %: 0.00%
2026-03-26 21:15:27 | INFO |   Formula (expanded): PRE_START: raw=0
2026-03-26 21:15:27 | INFO | --- FINAL RESULT ---
2026-03-26 21:15:27 | INFO | Raw Schedule (before smoothing): 0.000 MW
2026-03-26 21:15:27 | INFO | Final Scheduled MW: 0.000 MW
2026-03-26 21:15:27 | INFO | --------------------------------------------------------------------------------
2026-03-26 21:15:27 | INFO | --------------------------------------------------------------------------------
2026-03-26 21:15:27 | INFO | BLOCK 07
2026-03-26 21:15:27 | INFO | --------------------------------------------------------------------------------
2026-03-26 21:15:27 | INFO | --- FORECAST DATA ---
2026-03-26 21:15:27 | INFO | Intraday Forecast (Enercast Raw): 0.000 MW
2026-03-26 21:15:27 | INFO | Intraday Forecast (Enercast, Scaled): 0.000 MW
2026-03-26 21:15:27 | INFO | Day-ahead Forecast (Enercast): 0.000 MW
2026-03-26 21:15:27 | INFO | Base Forecast (raw, before curtailment/shutdown): 0.000 MW
2026-03-26 21:15:27 | INFO | Base Forecast (used for schedule): 0.000 MW
2026-03-26 21:15:27 | INFO | Effective Base Forecast (after curtailment/shutdown): 0.000 MW
2026-03-26 21:15:27 | INFO | Plant Status: NORMAL
2026-03-26 21:15:27 | INFO | Effective Base Forecast = Base Forecast (raw) = 0.000 MW
2026-03-26 21:15:27 | INFO | --- WEATHER PARAMETERS ---
2026-03-26 21:15:27 | INFO | GTI: 0.0 W/m^2
2026-03-26 21:15:27 | INFO | DHI: 0.0 W/m^2
2026-03-26 21:15:27 | INFO | DNI: 0.0 W/m^2
2026-03-26 21:15:27 | INFO | Irradiance Ratio (GTI/MAX_GTI): 0.000
2026-03-26 21:15:27 | INFO | Diffuse Ratio (current): 0.000
2026-03-26 21:15:27 | INFO | Irradiance State: OVERCAST
2026-03-26 21:15:27 | INFO | Temp @ 2m: 28.21 C
2026-03-26 21:15:27 | INFO | Wind @ 10m: 7.42 m/s
2026-03-26 21:15:27 | INFO | Weather State: NORMAL
2026-03-26 21:15:27 | INFO | Dynamic Thresholds: cloud_thr=0.0000, shift_thr=0.0000
2026-03-26 21:15:27 | INFO | Multipliers: irradiance=0.22x, temp=0.92x, wind=0.95x
2026-03-26 21:15:27 | INFO | Weather Multiplier (combined): 0.19x
2026-03-26 21:15:27 | INFO | Abrupt Weather Change Detected: False
2026-03-26 21:15:27 | INFO | --- TREND ANALYSIS ---
2026-03-26 21:15:27 | INFO | Trend series: INSUFFICIENT DATA
2026-03-26 21:15:27 | INFO | Detected Trend Type: FLAT
2026-03-26 21:15:27 | INFO | Trend Slope Percentage: 0.00%
2026-03-26 21:15:27 | INFO | Trend EPS Threshold: 1.50%
2026-03-26 21:15:27 | INFO | --- SCHEDULE CALCULATION ---
2026-03-26 21:15:27 | INFO | Condition Applied: PRE_START
2026-03-26 21:15:27 | INFO | Effective Base Forecast Used for Adjustments: 0.000 MW
2026-03-26 21:15:27 | INFO | Condition-3: NOT APPLIED for this block path
2026-03-26 21:15:27 | INFO |   Final Adjustment %: 0.00%
2026-03-26 21:15:27 | INFO |   Formula (expanded): PRE_START: raw=0
2026-03-26 21:15:27 | INFO | --- FINAL RESULT ---
2026-03-26 21:15:27 | INFO | Raw Schedule (before smoothing): 0.000 MW
2026-03-26 21:15:27 | INFO | Final Scheduled MW: 0.000 MW
2026-03-26 21:15:27 | INFO | --------------------------------------------------------------------------------
2026-03-26 21:15:27 | INFO | --------------------------------------------------------------------------------
2026-03-26 21:15:27 | INFO | BLOCK 08
2026-03-26 21:15:27 | INFO | --------------------------------------------------------------------------------
2026-03-26 21:15:27 | INFO | --- FORECAST DATA ---
2026-03-26 21:15:27 | INFO | Intraday Forecast (Enercast Raw): 0.000 MW
2026-03-26 21:15:27 | INFO | Intraday Forecast (Enercast, Scaled): 0.000 MW
2026-03-26 21:15:27 | INFO | Day-ahead Forecast (Enercast): 0.000 MW
2026-03-26 21:15:27 | INFO | Base Forecast (raw, before curtailment/shutdown): 0.000 MW
2026-03-26 21:15:27 | INFO | Base Forecast (used for schedule): 0.000 MW
2026-03-26 21:15:27 | INFO | Effective Base Forecast (after curtailment/shutdown): 0.000 MW
2026-03-26 21:15:27 | INFO | Plant Status: NORMAL
2026-03-26 21:15:27 | INFO | Effective Base Forecast = Base Forecast (raw) = 0.000 MW
2026-03-26 21:15:27 | INFO | --- WEATHER PARAMETERS ---
2026-03-26 21:15:27 | INFO | GTI: 0.0 W/m^2
2026-03-26 21:15:27 | INFO | DHI: 0.0 W/m^2
2026-03-26 21:15:27 | INFO | DNI: 0.0 W/m^2
2026-03-26 21:15:27 | INFO | Irradiance Ratio (GTI/MAX_GTI): 0.000
2026-03-26 21:15:27 | INFO | Diffuse Ratio (current): 0.000
2026-03-26 21:15:27 | INFO | Irradiance State: OVERCAST
2026-03-26 21:15:27 | INFO | Temp @ 2m: 28.11 C
2026-03-26 21:15:27 | INFO | Wind @ 10m: 6.83 m/s
2026-03-26 21:15:27 | INFO | Weather State: NORMAL
2026-03-26 21:15:27 | INFO | Dynamic Thresholds: cloud_thr=0.0000, shift_thr=0.0000
2026-03-26 21:15:27 | INFO | Multipliers: irradiance=0.22x, temp=0.92x, wind=0.95x
2026-03-26 21:15:27 | INFO | Weather Multiplier (combined): 0.19x
2026-03-26 21:15:27 | INFO | Abrupt Weather Change Detected: False
2026-03-26 21:15:27 | INFO | --- TREND ANALYSIS ---
2026-03-26 21:15:27 | INFO | Trend series: INSUFFICIENT DATA
2026-03-26 21:15:27 | INFO | Detected Trend Type: FLAT
2026-03-26 21:15:27 | INFO | Trend Slope Percentage: 0.00%
2026-03-26 21:15:27 | INFO | Trend EPS Threshold: 1.50%
2026-03-26 21:15:27 | INFO | --- SCHEDULE CALCULATION ---
2026-03-26 21:15:27 | INFO | Condition Applied: PRE_START
2026-03-26 21:15:27 | INFO | Effective Base Forecast Used for Adjustments: 0.000 MW
2026-03-26 21:15:27 | INFO | Condition-3: NOT APPLIED for this block path
2026-03-26 21:15:27 | INFO |   Final Adjustment %: 0.00%
2026-03-26 21:15:27 | INFO |   Formula (expanded): PRE_START: raw=0
2026-03-26 21:15:27 | INFO | --- FINAL RESULT ---
2026-03-26 21:15:27 | INFO | Raw Schedule (before smoothing): 0.000 MW
2026-03-26 21:15:27 | INFO | Final Scheduled MW: 0.000 MW
2026-03-26 21:15:27 | INFO | --------------------------------------------------------------------------------
2026-03-26 21:15:27 | INFO | --------------------------------------------------------------------------------
2026-03-26 21:15:27 | INFO | BLOCK 09
2026-03-26 21:15:27 | INFO | --------------------------------------------------------------------------------
2026-03-26 21:15:27 | INFO | --- FORECAST DATA ---
2026-03-26 21:15:27 | INFO | Intraday Forecast (Enercast Raw): 0.000 MW
2026-03-26 21:15:27 | INFO | Intraday Forecast (Enercast, Scaled): 0.000 MW
2026-03-26 21:15:27 | INFO | Day-ahead Forecast (Enercast): 0.000 MW
2026-03-26 21:15:27 | INFO | Base Forecast (raw, before curtailment/shutdown): 0.000 MW
2026-03-26 21:15:27 | INFO | Base Forecast (used for schedule): 0.000 MW
2026-03-26 21:15:27 | INFO | Effective Base Forecast (after curtailment/shutdown): 0.000 MW
2026-03-26 21:15:27 | INFO | Plant Status: NORMAL
2026-03-26 21:15:27 | INFO | Effective Base Forecast = Base Forecast (raw) = 0.000 MW
2026-03-26 21:15:27 | INFO | --- WEATHER PARAMETERS ---
2026-03-26 21:15:27 | INFO | GTI: 0.0 W/m^2
2026-03-26 21:15:27 | INFO | DHI: 0.0 W/m^2
2026-03-26 21:15:27 | INFO | DNI: 0.0 W/m^2
2026-03-26 21:15:27 | INFO | Irradiance Ratio (GTI/MAX_GTI): 0.000
2026-03-26 21:15:27 | INFO | Diffuse Ratio (current): 0.000
2026-03-26 21:15:27 | INFO | Irradiance State: OVERCAST
2026-03-26 21:15:27 | INFO | Temp @ 2m: 28.01 C
2026-03-26 21:15:27 | INFO | Wind @ 10m: 6.15 m/s
2026-03-26 21:15:27 | INFO | Weather State: NORMAL
2026-03-26 21:15:27 | INFO | Dynamic Thresholds: cloud_thr=0.0000, shift_thr=0.0000
2026-03-26 21:15:27 | INFO | Multipliers: irradiance=0.22x, temp=0.92x, wind=0.95x
2026-03-26 21:15:27 | INFO | Weather Multiplier (combined): 0.19x
2026-03-26 21:15:27 | INFO | Abrupt Weather Change Detected: False
2026-03-26 21:15:27 | INFO | --- TREND ANALYSIS ---
2026-03-26 21:15:27 | INFO | Trend series: INSUFFICIENT DATA
2026-03-26 21:15:27 | INFO | Detected Trend Type: FLAT
2026-03-26 21:15:27 | INFO | Trend Slope Percentage: 0.00%
2026-03-26 21:15:27 | INFO | Trend EPS Threshold: 1.50%
2026-03-26 21:15:27 | INFO | --- SCHEDULE CALCULATION ---
2026-03-26 21:15:27 | INFO | Condition Applied: PRE_START
2026-03-26 21:15:27 | INFO | Effective Base Forecast Used for Adjustments: 0.000 MW
2026-03-26 21:15:27 | INFO | Condition-3: NOT APPLIED for this block path
2026-03-26 21:15:27 | INFO |   Final Adjustment %: 0.00%
2026-03-26 21:15:27 | INFO |   Formula (expanded): PRE_START: raw=0
2026-03-26 21:15:27 | INFO | --- FINAL RESULT ---
2026-03-26 21:15:27 | INFO | Raw Schedule (before smoothing): 0.000 MW
2026-03-26 21:15:27 | INFO | Final Scheduled MW: 0.000 MW
2026-03-26 21:15:27 | INFO | --------------------------------------------------------------------------------
2026-03-26 21:15:27 | INFO | --------------------------------------------------------------------------------
2026-03-26 21:15:27 | INFO | BLOCK 10
2026-03-26 21:15:27 | INFO | --------------------------------------------------------------------------------
2026-03-26 21:15:27 | INFO | --- FORECAST DATA ---
2026-03-26 21:15:27 | INFO | Intraday Forecast (Enercast Raw): 0.000 MW
2026-03-26 21:15:27 | INFO | Intraday Forecast (Enercast, Scaled): 0.000 MW
2026-03-26 21:15:27 | INFO | Day-ahead Forecast (Enercast): 0.000 MW
2026-03-26 21:15:27 | INFO | Base Forecast (raw, before curtailment/shutdown): 0.000 MW
2026-03-26 21:15:27 | INFO | Base Forecast (used for schedule): 0.000 MW
2026-03-26 21:15:27 | INFO | Effective Base Forecast (after curtailment/shutdown): 0.000 MW
2026-03-26 21:15:27 | INFO | Plant Status: NORMAL
2026-03-26 21:15:27 | INFO | Effective Base Forecast = Base Forecast (raw) = 0.000 MW
2026-03-26 21:15:27 | INFO | --- WEATHER PARAMETERS ---
2026-03-26 21:15:27 | INFO | GTI: 0.0 W/m^2
2026-03-26 21:15:27 | INFO | DHI: 0.0 W/m^2
2026-03-26 21:15:27 | INFO | DNI: 0.0 W/m^2
2026-03-26 21:15:27 | INFO | Irradiance Ratio (GTI/MAX_GTI): 0.000
2026-03-26 21:15:27 | INFO | Diffuse Ratio (current): 0.000
2026-03-26 21:15:27 | INFO | Irradiance State: OVERCAST
2026-03-26 21:15:27 | INFO | Temp @ 2m: 27.91 C
2026-03-26 21:15:27 | INFO | Wind @ 10m: 5.63 m/s
2026-03-26 21:15:27 | INFO | Weather State: NORMAL
2026-03-26 21:15:27 | INFO | Dynamic Thresholds: cloud_thr=0.0000, shift_thr=0.0000
2026-03-26 21:15:27 | INFO | Multipliers: irradiance=0.22x, temp=0.92x, wind=0.95x
2026-03-26 21:15:27 | INFO | Weather Multiplier (combined): 0.19x
2026-03-26 21:15:27 | INFO | Abrupt Weather Change Detected: False
2026-03-26 21:15:27 | INFO | --- TREND ANALYSIS ---
2026-03-26 21:15:27 | INFO | Trend series: INSUFFICIENT DATA
2026-03-26 21:15:27 | INFO | Detected Trend Type: FLAT
2026-03-26 21:15:27 | INFO | Trend Slope Percentage: 0.00%
2026-03-26 21:15:27 | INFO | Trend EPS Threshold: 1.50%
2026-03-26 21:15:27 | INFO | --- SCHEDULE CALCULATION ---
2026-03-26 21:15:27 | INFO | Condition Applied: PRE_START
2026-03-26 21:15:27 | INFO | Effective Base Forecast Used for Adjustments: 0.000 MW
2026-03-26 21:15:27 | INFO | Condition-3: NOT APPLIED for this block path
2026-03-26 21:15:27 | INFO |   Final Adjustment %: 0.00%
2026-03-26 21:15:27 | INFO |   Formula (expanded): PRE_START: raw=0
2026-03-26 21:15:27 | INFO | --- FINAL RESULT ---
2026-03-26 21:15:27 | INFO | Raw Schedule (before smoothing): 0.000 MW
2026-03-26 21:15:27 | INFO | Final Scheduled MW: 0.000 MW
2026-03-26 21:15:27 | INFO | --------------------------------------------------------------------------------
2026-03-26 21:15:27 | INFO | --------------------------------------------------------------------------------
2026-03-26 21:15:27 | INFO | BLOCK 11
2026-03-26 21:15:27 | INFO | --------------------------------------------------------------------------------
2026-03-26 21:15:27 | INFO | --- FORECAST DATA ---
2026-03-26 21:15:27 | INFO | Intraday Forecast (Enercast Raw): 0.000 MW
2026-03-26 21:15:27 | INFO | Intraday Forecast (Enercast, Scaled): 0.000 MW
2026-03-26 21:15:27 | INFO | Day-ahead Forecast (Enercast): 0.000 MW
2026-03-26 21:15:27 | INFO | Base Forecast (raw, before curtailment/shutdown): 0.000 MW
2026-03-26 21:15:27 | INFO | Base Forecast (used for schedule): 0.000 MW
2026-03-26 21:15:27 | INFO | Effective Base Forecast (after curtailment/shutdown): 0.000 MW
2026-03-26 21:15:27 | INFO | Plant Status: NORMAL
2026-03-26 21:15:27 | INFO | Effective Base Forecast = Base Forecast (raw) = 0.000 MW
2026-03-26 21:15:27 | INFO | --- WEATHER PARAMETERS ---
2026-03-26 21:15:27 | INFO | GTI: 0.0 W/m^2
2026-03-26 21:15:27 | INFO | DHI: 0.0 W/m^2
2026-03-26 21:15:27 | INFO | DNI: 0.0 W/m^2
2026-03-26 21:15:27 | INFO | Irradiance Ratio (GTI/MAX_GTI): 0.000
2026-03-26 21:15:27 | INFO | Diffuse Ratio (current): 0.000
2026-03-26 21:15:27 | INFO | Irradiance State: OVERCAST
2026-03-26 21:15:27 | INFO | Temp @ 2m: 27.81 C
2026-03-26 21:15:27 | INFO | Wind @ 10m: 5.32 m/s
2026-03-26 21:15:27 | INFO | Weather State: NORMAL
2026-03-26 21:15:27 | INFO | Dynamic Thresholds: cloud_thr=0.0000, shift_thr=0.0000
2026-03-26 21:15:27 | INFO | Multipliers: irradiance=0.22x, temp=0.92x, wind=0.95x
2026-03-26 21:15:27 | INFO | Weather Multiplier (combined): 0.19x
2026-03-26 21:15:27 | INFO | Abrupt Weather Change Detected: False
2026-03-26 21:15:27 | INFO | --- TREND ANALYSIS ---
2026-03-26 21:15:27 | INFO | Trend series: INSUFFICIENT DATA
2026-03-26 21:15:27 | INFO | Detected Trend Type: FLAT
2026-03-26 21:15:27 | INFO | Trend Slope Percentage: 0.00%
2026-03-26 21:15:27 | INFO | Trend EPS Threshold: 1.50%
2026-03-26 21:15:27 | INFO | --- SCHEDULE CALCULATION ---
2026-03-26 21:15:27 | INFO | Condition Applied: PRE_START
2026-03-26 21:15:27 | INFO | Effective Base Forecast Used for Adjustments: 0.000 MW
2026-03-26 21:15:27 | INFO | Condition-3: NOT APPLIED for this block path
2026-03-26 21:15:27 | INFO |   Final Adjustment %: 0.00%
2026-03-26 21:15:27 | INFO |   Formula (expanded): PRE_START: raw=0
2026-03-26 21:15:27 | INFO | --- FINAL RESULT ---
2026-03-26 21:15:27 | INFO | Raw Schedule (before smoothing): 0.000 MW
2026-03-26 21:15:27 | INFO | Final Scheduled MW: 0.000 MW
2026-03-26 21:15:27 | INFO | --------------------------------------------------------------------------------
2026-03-26 21:15:27 | INFO | --------------------------------------------------------------------------------
2026-03-26 21:15:27 | INFO | BLOCK 12
2026-03-26 21:15:27 | INFO | --------------------------------------------------------------------------------
2026-03-26 21:15:27 | INFO | --- FORECAST DATA ---
2026-03-26 21:15:27 | INFO | Intraday Forecast (Enercast Raw): 0.000 MW
2026-03-26 21:15:27 | INFO | Intraday Forecast (Enercast, Scaled): 0.000 MW
2026-03-26 21:15:27 | INFO | Day-ahead Forecast (Enercast): 0.000 MW
2026-03-26 21:15:27 | INFO | Base Forecast (raw, before curtailment/shutdown): 0.000 MW
2026-03-26 21:15:27 | INFO | Base Forecast (used for schedule): 0.000 MW
2026-03-26 21:15:27 | INFO | Effective Base Forecast (after curtailment/shutdown): 0.000 MW
2026-03-26 21:15:27 | INFO | Plant Status: NORMAL
2026-03-26 21:15:27 | INFO | Effective Base Forecast = Base Forecast (raw) = 0.000 MW
2026-03-26 21:15:27 | INFO | --- WEATHER PARAMETERS ---
2026-03-26 21:15:27 | INFO | GTI: 0.0 W/m^2
2026-03-26 21:15:27 | INFO | DHI: 0.0 W/m^2
2026-03-26 21:15:27 | INFO | DNI: 0.0 W/m^2
2026-03-26 21:15:27 | INFO | Irradiance Ratio (GTI/MAX_GTI): 0.000
2026-03-26 21:15:27 | INFO | Diffuse Ratio (current): 0.000
2026-03-26 21:15:27 | INFO | Irradiance State: OVERCAST
2026-03-26 21:15:27 | INFO | Temp @ 2m: 27.71 C
2026-03-26 21:15:27 | INFO | Wind @ 10m: 5.32 m/s
2026-03-26 21:15:27 | INFO | Weather State: NORMAL
2026-03-26 21:15:27 | INFO | Dynamic Thresholds: cloud_thr=0.0000, shift_thr=0.0000
2026-03-26 21:15:27 | INFO | Multipliers: irradiance=0.22x, temp=0.92x, wind=0.95x
2026-03-26 21:15:27 | INFO | Weather Multiplier (combined): 0.19x
2026-03-26 21:15:27 | INFO | Abrupt Weather Change Detected: False
2026-03-26 21:15:27 | INFO | --- TREND ANALYSIS ---
2026-03-26 21:15:27 | INFO | Trend series: INSUFFICIENT DATA
2026-03-26 21:15:27 | INFO | Detected Trend Type: FLAT
2026-03-26 21:15:27 | INFO | Trend Slope Percentage: 0.00%
2026-03-26 21:15:27 | INFO | Trend EPS Threshold: 1.50%
2026-03-26 21:15:27 | INFO | --- SCHEDULE CALCULATION ---
2026-03-26 21:15:27 | INFO | Condition Applied: PRE_START
2026-03-26 21:15:27 | INFO | Effective Base Forecast Used for Adjustments: 0.000 MW
2026-03-26 21:15:27 | INFO | Condition-3: NOT APPLIED for this block path
2026-03-26 21:15:27 | INFO |   Final Adjustment %: 0.00%
2026-03-26 21:15:27 | INFO |   Formula (expanded): PRE_START: raw=0
2026-03-26 21:15:27 | INFO | --- FINAL RESULT ---
2026-03-26 21:15:27 | INFO | Raw Schedule (before smoothing): 0.000 MW
2026-03-26 21:15:27 | INFO | Final Scheduled MW: 0.000 MW
2026-03-26 21:15:27 | INFO | --------------------------------------------------------------------------------
2026-03-26 21:15:27 | INFO | --------------------------------------------------------------------------------
2026-03-26 21:15:27 | INFO | BLOCK 13
2026-03-26 21:15:27 | INFO | --------------------------------------------------------------------------------
2026-03-26 21:15:27 | INFO | --- FORECAST DATA ---
2026-03-26 21:15:27 | INFO | Intraday Forecast (Enercast Raw): 0.000 MW
2026-03-26 21:15:27 | INFO | Intraday Forecast (Enercast, Scaled): 0.000 MW
2026-03-26 21:15:27 | INFO | Day-ahead Forecast (Enercast): 0.000 MW
2026-03-26 21:15:27 | INFO | Base Forecast (raw, before curtailment/shutdown): 0.000 MW
2026-03-26 21:15:27 | INFO | Base Forecast (used for schedule): 0.000 MW
2026-03-26 21:15:27 | INFO | Effective Base Forecast (after curtailment/shutdown): 0.000 MW
2026-03-26 21:15:27 | INFO | Plant Status: NORMAL
2026-03-26 21:15:27 | INFO | Effective Base Forecast = Base Forecast (raw) = 0.000 MW
2026-03-26 21:15:27 | INFO | --- WEATHER PARAMETERS ---
2026-03-26 21:15:27 | INFO | GTI: 0.0 W/m^2
2026-03-26 21:15:27 | INFO | DHI: 0.0 W/m^2
2026-03-26 21:15:27 | INFO | DNI: 0.0 W/m^2
2026-03-26 21:15:27 | INFO | Irradiance Ratio (GTI/MAX_GTI): 0.000
2026-03-26 21:15:27 | INFO | Diffuse Ratio (current): 0.000
2026-03-26 21:15:27 | INFO | Irradiance State: OVERCAST
2026-03-26 21:15:27 | INFO | Temp @ 2m: 27.61 C
2026-03-26 21:15:27 | INFO | Wind @ 10m: 5.32 m/s
2026-03-26 21:15:27 | INFO | Weather State: NORMAL
2026-03-26 21:15:27 | INFO | Dynamic Thresholds: cloud_thr=0.0000, shift_thr=0.0000
2026-03-26 21:15:27 | INFO | Multipliers: irradiance=0.22x, temp=0.92x, wind=0.95x
2026-03-26 21:15:27 | INFO | Weather Multiplier (combined): 0.19x
2026-03-26 21:15:27 | INFO | Abrupt Weather Change Detected: False
2026-03-26 21:15:27 | INFO | --- TREND ANALYSIS ---
2026-03-26 21:15:27 | INFO | Trend series: INSUFFICIENT DATA
2026-03-26 21:15:27 | INFO | Detected Trend Type: FLAT
2026-03-26 21:15:27 | INFO | Trend Slope Percentage: 0.00%
2026-03-26 21:15:27 | INFO | Trend EPS Threshold: 1.50%
2026-03-26 21:15:27 | INFO | --- SCHEDULE CALCULATION ---
2026-03-26 21:15:27 | INFO | Condition Applied: PRE_START
2026-03-26 21:15:27 | INFO | Effective Base Forecast Used for Adjustments: 0.000 MW
2026-03-26 21:15:27 | INFO | Condition-3: NOT APPLIED for this block path
2026-03-26 21:15:27 | INFO |   Final Adjustment %: 0.00%
2026-03-26 21:15:27 | INFO |   Formula (expanded): PRE_START: raw=0
2026-03-26 21:15:27 | INFO | --- FINAL RESULT ---
2026-03-26 21:15:27 | INFO | Raw Schedule (before smoothing): 0.000 MW
2026-03-26 21:15:27 | INFO | Final Scheduled MW: 0.000 MW
2026-03-26 21:15:27 | INFO | --------------------------------------------------------------------------------
2026-03-26 21:15:27 | INFO | --------------------------------------------------------------------------------
2026-03-26 21:15:27 | INFO | BLOCK 14
2026-03-26 21:15:27 | INFO | --------------------------------------------------------------------------------
2026-03-26 21:15:27 | INFO | --- FORECAST DATA ---
2026-03-26 21:15:27 | INFO | Intraday Forecast (Enercast Raw): 0.000 MW
2026-03-26 21:15:27 | INFO | Intraday Forecast (Enercast, Scaled): 0.000 MW
2026-03-26 21:15:27 | INFO | Day-ahead Forecast (Enercast): 0.000 MW
2026-03-26 21:15:27 | INFO | Base Forecast (raw, before curtailment/shutdown): 0.000 MW
2026-03-26 21:15:27 | INFO | Base Forecast (used for schedule): 0.000 MW
2026-03-26 21:15:27 | INFO | Effective Base Forecast (after curtailment/shutdown): 0.000 MW
2026-03-26 21:15:27 | INFO | Plant Status: NORMAL
2026-03-26 21:15:27 | INFO | Effective Base Forecast = Base Forecast (raw) = 0.000 MW
2026-03-26 21:15:27 | INFO | --- WEATHER PARAMETERS ---
2026-03-26 21:15:27 | INFO | GTI: 0.0 W/m^2
2026-03-26 21:15:27 | INFO | DHI: 0.0 W/m^2
2026-03-26 21:15:27 | INFO | DNI: 0.0 W/m^2
2026-03-26 21:15:27 | INFO | Irradiance Ratio (GTI/MAX_GTI): 0.000
2026-03-26 21:15:27 | INFO | Diffuse Ratio (current): 0.000
2026-03-26 21:15:27 | INFO | Irradiance State: OVERCAST
2026-03-26 21:15:27 | INFO | Temp @ 2m: 27.51 C
2026-03-26 21:15:27 | INFO | Wind @ 10m: 5.15 m/s
2026-03-26 21:15:27 | INFO | Weather State: NORMAL
2026-03-26 21:15:27 | INFO | Dynamic Thresholds: cloud_thr=0.0000, shift_thr=0.0000
2026-03-26 21:15:27 | INFO | Multipliers: irradiance=0.22x, temp=0.92x, wind=0.95x
2026-03-26 21:15:27 | INFO | Weather Multiplier (combined): 0.19x
2026-03-26 21:15:27 | INFO | Abrupt Weather Change Detected: False
2026-03-26 21:15:27 | INFO | --- TREND ANALYSIS ---
2026-03-26 21:15:27 | INFO | Trend series: INSUFFICIENT DATA
2026-03-26 21:15:27 | INFO | Detected Trend Type: FLAT
2026-03-26 21:15:27 | INFO | Trend Slope Percentage: 0.00%
2026-03-26 21:15:27 | INFO | Trend EPS Threshold: 1.50%
2026-03-26 21:15:27 | INFO | --- SCHEDULE CALCULATION ---
2026-03-26 21:15:27 | INFO | Condition Applied: PRE_START
2026-03-26 21:15:27 | INFO | Effective Base Forecast Used for Adjustments: 0.000 MW
2026-03-26 21:15:27 | INFO | Condition-3: NOT APPLIED for this block path
2026-03-26 21:15:27 | INFO |   Final Adjustment %: 0.00%
2026-03-26 21:15:27 | INFO |   Formula (expanded): PRE_START: raw=0
2026-03-26 21:15:27 | INFO | --- FINAL RESULT ---
2026-03-26 21:15:27 | INFO | Raw Schedule (before smoothing): 0.000 MW
2026-03-26 21:15:27 | INFO | Final Scheduled MW: 0.000 MW
2026-03-26 21:15:27 | INFO | --------------------------------------------------------------------------------
2026-03-26 21:15:27 | INFO | --------------------------------------------------------------------------------
2026-03-26 21:15:27 | INFO | BLOCK 15
2026-03-26 21:15:27 | INFO | --------------------------------------------------------------------------------
2026-03-26 21:15:27 | INFO | --- FORECAST DATA ---
2026-03-26 21:15:27 | INFO | Intraday Forecast (Enercast Raw): 0.000 MW
2026-03-26 21:15:27 | INFO | Intraday Forecast (Enercast, Scaled): 0.000 MW
2026-03-26 21:15:27 | INFO | Day-ahead Forecast (Enercast): 0.000 MW
2026-03-26 21:15:27 | INFO | Base Forecast (raw, before curtailment/shutdown): 0.000 MW
2026-03-26 21:15:27 | INFO | Base Forecast (used for schedule): 0.000 MW
2026-03-26 21:15:27 | INFO | Effective Base Forecast (after curtailment/shutdown): 0.000 MW
2026-03-26 21:15:27 | INFO | Plant Status: NORMAL
2026-03-26 21:15:27 | INFO | Effective Base Forecast = Base Forecast (raw) = 0.000 MW
2026-03-26 21:15:27 | INFO | --- WEATHER PARAMETERS ---
2026-03-26 21:15:27 | INFO | GTI: 0.0 W/m^2
2026-03-26 21:15:27 | INFO | DHI: 0.0 W/m^2
2026-03-26 21:15:27 | INFO | DNI: 0.0 W/m^2
2026-03-26 21:15:27 | INFO | Irradiance Ratio (GTI/MAX_GTI): 0.000
2026-03-26 21:15:27 | INFO | Diffuse Ratio (current): 0.000
2026-03-26 21:15:27 | INFO | Irradiance State: OVERCAST
2026-03-26 21:15:27 | INFO | Temp @ 2m: 27.41 C
2026-03-26 21:15:27 | INFO | Wind @ 10m: 5.48 m/s
2026-03-26 21:15:27 | INFO | Weather State: NORMAL
2026-03-26 21:15:27 | INFO | Dynamic Thresholds: cloud_thr=0.0000, shift_thr=0.0000
2026-03-26 21:15:27 | INFO | Multipliers: irradiance=0.22x, temp=0.92x, wind=0.95x
2026-03-26 21:15:27 | INFO | Weather Multiplier (combined): 0.19x
2026-03-26 21:15:27 | INFO | Abrupt Weather Change Detected: False
2026-03-26 21:15:27 | INFO | --- TREND ANALYSIS ---
2026-03-26 21:15:27 | INFO | Trend series: INSUFFICIENT DATA
2026-03-26 21:15:27 | INFO | Detected Trend Type: FLAT
2026-03-26 21:15:27 | INFO | Trend Slope Percentage: 0.00%
2026-03-26 21:15:27 | INFO | Trend EPS Threshold: 1.50%
2026-03-26 21:15:27 | INFO | --- SCHEDULE CALCULATION ---
2026-03-26 21:15:27 | INFO | Condition Applied: PRE_START
2026-03-26 21:15:27 | INFO | Effective Base Forecast Used for Adjustments: 0.000 MW
2026-03-26 21:15:27 | INFO | Condition-3: NOT APPLIED for this block path
2026-03-26 21:15:27 | INFO |   Final Adjustment %: 0.00%
2026-03-26 21:15:27 | INFO |   Formula (expanded): PRE_START: raw=0
2026-03-26 21:15:27 | INFO | --- FINAL RESULT ---
2026-03-26 21:15:27 | INFO | Raw Schedule (before smoothing): 0.000 MW
2026-03-26 21:15:27 | INFO | Final Scheduled MW: 0.000 MW
2026-03-26 21:15:27 | INFO | --------------------------------------------------------------------------------
2026-03-26 21:15:27 | INFO | --------------------------------------------------------------------------------
2026-03-26 21:15:27 | INFO | BLOCK 16
2026-03-26 21:15:27 | INFO | --------------------------------------------------------------------------------
2026-03-26 21:15:27 | INFO | --- FORECAST DATA ---
2026-03-26 21:15:27 | INFO | Intraday Forecast (Enercast Raw): 0.000 MW
2026-03-26 21:15:27 | INFO | Intraday Forecast (Enercast, Scaled): 0.000 MW
2026-03-26 21:15:27 | INFO | Day-ahead Forecast (Enercast): 0.000 MW
2026-03-26 21:15:27 | INFO | Base Forecast (raw, before curtailment/shutdown): 0.000 MW
2026-03-26 21:15:27 | INFO | Base Forecast (used for schedule): 0.000 MW
2026-03-26 21:15:27 | INFO | Effective Base Forecast (after curtailment/shutdown): 0.000 MW
2026-03-26 21:15:27 | INFO | Plant Status: NORMAL
2026-03-26 21:15:27 | INFO | Effective Base Forecast = Base Forecast (raw) = 0.000 MW
2026-03-26 21:15:27 | INFO | --- WEATHER PARAMETERS ---
2026-03-26 21:15:27 | INFO | GTI: 0.0 W/m^2
2026-03-26 21:15:27 | INFO | DHI: 0.0 W/m^2
2026-03-26 21:15:27 | INFO | DNI: 0.0 W/m^2
2026-03-26 21:15:27 | INFO | Irradiance Ratio (GTI/MAX_GTI): 0.000
2026-03-26 21:15:27 | INFO | Diffuse Ratio (current): 0.000
2026-03-26 21:15:27 | INFO | Irradiance State: OVERCAST
2026-03-26 21:15:27 | INFO | Temp @ 2m: 27.36 C
2026-03-26 21:15:27 | INFO | Wind @ 10m: 5.69 m/s
2026-03-26 21:15:27 | INFO | Weather State: NORMAL
2026-03-26 21:15:27 | INFO | Dynamic Thresholds: cloud_thr=0.0000, shift_thr=0.0000
2026-03-26 21:15:27 | INFO | Multipliers: irradiance=0.22x, temp=0.92x, wind=0.95x
2026-03-26 21:15:27 | INFO | Weather Multiplier (combined): 0.19x
2026-03-26 21:15:27 | INFO | Abrupt Weather Change Detected: False
2026-03-26 21:15:27 | INFO | --- TREND ANALYSIS ---
2026-03-26 21:15:27 | INFO | Trend series: INSUFFICIENT DATA
2026-03-26 21:15:27 | INFO | Detected Trend Type: FLAT
2026-03-26 21:15:27 | INFO | Trend Slope Percentage: 0.00%
2026-03-26 21:15:27 | INFO | Trend EPS Threshold: 1.50%
2026-03-26 21:15:27 | INFO | --- SCHEDULE CALCULATION ---
2026-03-26 21:15:27 | INFO | Condition Applied: PRE_START
2026-03-26 21:15:27 | INFO | Effective Base Forecast Used for Adjustments: 0.000 MW
2026-03-26 21:15:27 | INFO | Condition-3: NOT APPLIED for this block path
2026-03-26 21:15:27 | INFO |   Final Adjustment %: 0.00%
2026-03-26 21:15:27 | INFO |   Formula (expanded): PRE_START: raw=0
2026-03-26 21:15:27 | INFO | --- FINAL RESULT ---
2026-03-26 21:15:27 | INFO | Raw Schedule (before smoothing): 0.000 MW
2026-03-26 21:15:27 | INFO | Final Scheduled MW: 0.000 MW
2026-03-26 21:15:27 | INFO | --------------------------------------------------------------------------------
2026-03-26 21:15:27 | INFO | --------------------------------------------------------------------------------
2026-03-26 21:15:27 | INFO | BLOCK 17
2026-03-26 21:15:27 | INFO | --------------------------------------------------------------------------------
2026-03-26 21:15:27 | INFO | --- FORECAST DATA ---
2026-03-26 21:15:27 | INFO | Intraday Forecast (Enercast Raw): 0.000 MW
2026-03-26 21:15:27 | INFO | Intraday Forecast (Enercast, Scaled): 0.000 MW
2026-03-26 21:15:27 | INFO | Day-ahead Forecast (Enercast): 0.000 MW
2026-03-26 21:15:27 | INFO | Base Forecast (raw, before curtailment/shutdown): 0.000 MW
2026-03-26 21:15:27 | INFO | Base Forecast (used for schedule): 0.000 MW
2026-03-26 21:15:27 | INFO | Effective Base Forecast (after curtailment/shutdown): 0.000 MW
2026-03-26 21:15:27 | INFO | Plant Status: NORMAL
2026-03-26 21:15:27 | INFO | Effective Base Forecast = Base Forecast (raw) = 0.000 MW
2026-03-26 21:15:27 | INFO | --- WEATHER PARAMETERS ---
2026-03-26 21:15:27 | INFO | GTI: 0.0 W/m^2
2026-03-26 21:15:27 | INFO | DHI: 0.0 W/m^2
2026-03-26 21:15:27 | INFO | DNI: 0.0 W/m^2
2026-03-26 21:15:27 | INFO | Irradiance Ratio (GTI/MAX_GTI): 0.000
2026-03-26 21:15:27 | INFO | Diffuse Ratio (current): 0.000
2026-03-26 21:15:27 | INFO | Irradiance State: OVERCAST
2026-03-26 21:15:27 | INFO | Temp @ 2m: 27.31 C
2026-03-26 21:15:27 | INFO | Wind @ 10m: 5.94 m/s
2026-03-26 21:15:27 | INFO | Weather State: NORMAL
2026-03-26 21:15:27 | INFO | Dynamic Thresholds: cloud_thr=0.0000, shift_thr=0.0000
2026-03-26 21:15:27 | INFO | Multipliers: irradiance=0.22x, temp=0.92x, wind=0.95x
2026-03-26 21:15:27 | INFO | Weather Multiplier (combined): 0.19x
2026-03-26 21:15:27 | INFO | Abrupt Weather Change Detected: False
2026-03-26 21:15:27 | INFO | --- TREND ANALYSIS ---
2026-03-26 21:15:27 | INFO | Trend series: INSUFFICIENT DATA
2026-03-26 21:15:27 | INFO | Detected Trend Type: FLAT
2026-03-26 21:15:27 | INFO | Trend Slope Percentage: 0.00%
2026-03-26 21:15:27 | INFO | Trend EPS Threshold: 1.50%
2026-03-26 21:15:27 | INFO | --- SCHEDULE CALCULATION ---
2026-03-26 21:15:27 | INFO | Condition Applied: PRE_START
2026-03-26 21:15:27 | INFO | Effective Base Forecast Used for Adjustments: 0.000 MW
2026-03-26 21:15:27 | INFO | Condition-3: NOT APPLIED for this block path
2026-03-26 21:15:27 | INFO |   Final Adjustment %: 0.00%
2026-03-26 21:15:27 | INFO |   Formula (expanded): PRE_START: raw=0
2026-03-26 21:15:27 | INFO | --- FINAL RESULT ---
2026-03-26 21:15:27 | INFO | Raw Schedule (before smoothing): 0.000 MW
2026-03-26 21:15:27 | INFO | Final Scheduled MW: 0.000 MW
2026-03-26 21:15:27 | INFO | --------------------------------------------------------------------------------
2026-03-26 21:15:27 | INFO | --------------------------------------------------------------------------------
2026-03-26 21:15:27 | INFO | BLOCK 18
2026-03-26 21:15:27 | INFO | --------------------------------------------------------------------------------
2026-03-26 21:15:27 | INFO | --- FORECAST DATA ---
2026-03-26 21:15:27 | INFO | Intraday Forecast (Enercast Raw): 0.000 MW
2026-03-26 21:15:27 | INFO | Intraday Forecast (Enercast, Scaled): 0.000 MW
2026-03-26 21:15:27 | INFO | Day-ahead Forecast (Enercast): 0.000 MW
2026-03-26 21:15:27 | INFO | Base Forecast (raw, before curtailment/shutdown): 0.000 MW
2026-03-26 21:15:27 | INFO | Base Forecast (used for schedule): 0.000 MW
2026-03-26 21:15:27 | INFO | Effective Base Forecast (after curtailment/shutdown): 0.000 MW
2026-03-26 21:15:27 | INFO | Plant Status: NORMAL
2026-03-26 21:15:27 | INFO | Effective Base Forecast = Base Forecast (raw) = 0.000 MW
2026-03-26 21:15:27 | INFO | --- WEATHER PARAMETERS ---
2026-03-26 21:15:27 | INFO | GTI: 0.0 W/m^2
2026-03-26 21:15:27 | INFO | DHI: 0.0 W/m^2
2026-03-26 21:15:27 | INFO | DNI: 0.0 W/m^2
2026-03-26 21:15:27 | INFO | Irradiance Ratio (GTI/MAX_GTI): 0.000
2026-03-26 21:15:27 | INFO | Diffuse Ratio (current): 0.000
2026-03-26 21:15:27 | INFO | Irradiance State: OVERCAST
2026-03-26 21:15:27 | INFO | Temp @ 2m: 27.31 C
2026-03-26 21:15:27 | INFO | Wind @ 10m: 6.21 m/s
2026-03-26 21:15:27 | INFO | Weather State: NORMAL
2026-03-26 21:15:27 | INFO | Dynamic Thresholds: cloud_thr=0.0000, shift_thr=0.0000
2026-03-26 21:15:27 | INFO | Multipliers: irradiance=0.22x, temp=0.92x, wind=0.95x
2026-03-26 21:15:27 | INFO | Weather Multiplier (combined): 0.19x
2026-03-26 21:15:27 | INFO | Abrupt Weather Change Detected: False
2026-03-26 21:15:27 | INFO | --- TREND ANALYSIS ---
2026-03-26 21:15:27 | INFO | Trend series: INSUFFICIENT DATA
2026-03-26 21:15:27 | INFO | Detected Trend Type: FLAT
2026-03-26 21:15:27 | INFO | Trend Slope Percentage: 0.00%
2026-03-26 21:15:27 | INFO | Trend EPS Threshold: 1.50%
2026-03-26 21:15:27 | INFO | --- SCHEDULE CALCULATION ---
2026-03-26 21:15:27 | INFO | Condition Applied: PRE_START
2026-03-26 21:15:27 | INFO | Effective Base Forecast Used for Adjustments: 0.000 MW
2026-03-26 21:15:27 | INFO | Condition-3: NOT APPLIED for this block path
2026-03-26 21:15:27 | INFO |   Final Adjustment %: 0.00%
2026-03-26 21:15:27 | INFO |   Formula (expanded): PRE_START: raw=0
2026-03-26 21:15:27 | INFO | --- FINAL RESULT ---
2026-03-26 21:15:27 | INFO | Raw Schedule (before smoothing): 0.000 MW
2026-03-26 21:15:27 | INFO | Final Scheduled MW: 0.000 MW
2026-03-26 21:15:27 | INFO | --------------------------------------------------------------------------------
2026-03-26 21:15:27 | INFO | --------------------------------------------------------------------------------
2026-03-26 21:15:27 | INFO | BLOCK 19
2026-03-26 21:15:27 | INFO | --------------------------------------------------------------------------------
2026-03-26 21:15:27 | INFO | --- FORECAST DATA ---
2026-03-26 21:15:27 | INFO | Intraday Forecast (Enercast Raw): 0.000 MW
2026-03-26 21:15:27 | INFO | Intraday Forecast (Enercast, Scaled): 0.000 MW
2026-03-26 21:15:27 | INFO | Day-ahead Forecast (Enercast): 0.000 MW
2026-03-26 21:15:27 | INFO | Base Forecast (raw, before curtailment/shutdown): 0.000 MW
2026-03-26 21:15:27 | INFO | Base Forecast (used for schedule): 0.000 MW
2026-03-26 21:15:27 | INFO | Effective Base Forecast (after curtailment/shutdown): 0.000 MW
2026-03-26 21:15:27 | INFO | Plant Status: NORMAL
2026-03-26 21:15:27 | INFO | Effective Base Forecast = Base Forecast (raw) = 0.000 MW
2026-03-26 21:15:27 | INFO | --- WEATHER PARAMETERS ---
2026-03-26 21:15:27 | INFO | GTI: 0.0 W/m^2
2026-03-26 21:15:27 | INFO | DHI: 0.0 W/m^2
2026-03-26 21:15:27 | INFO | DNI: 0.0 W/m^2
2026-03-26 21:15:27 | INFO | Irradiance Ratio (GTI/MAX_GTI): 0.000
2026-03-26 21:15:27 | INFO | Diffuse Ratio (current): 0.000
2026-03-26 21:15:27 | INFO | Irradiance State: OVERCAST
2026-03-26 21:15:27 | INFO | Temp @ 2m: 27.21 C
2026-03-26 21:15:27 | INFO | Wind @ 10m: 6.57 m/s
2026-03-26 21:15:27 | INFO | Weather State: NORMAL
2026-03-26 21:15:27 | INFO | Dynamic Thresholds: cloud_thr=0.0000, shift_thr=0.0000
2026-03-26 21:15:27 | INFO | Multipliers: irradiance=0.22x, temp=0.92x, wind=0.95x
2026-03-26 21:15:27 | INFO | Weather Multiplier (combined): 0.19x
2026-03-26 21:15:27 | INFO | Abrupt Weather Change Detected: False
2026-03-26 21:15:27 | INFO | --- TREND ANALYSIS ---
2026-03-26 21:15:27 | INFO | Trend series: INSUFFICIENT DATA
2026-03-26 21:15:27 | INFO | Detected Trend Type: FLAT
2026-03-26 21:15:27 | INFO | Trend Slope Percentage: 0.00%
2026-03-26 21:15:27 | INFO | Trend EPS Threshold: 1.50%
2026-03-26 21:15:27 | INFO | --- SCHEDULE CALCULATION ---
2026-03-26 21:15:27 | INFO | Condition Applied: PRE_START
2026-03-26 21:15:27 | INFO | Effective Base Forecast Used for Adjustments: 0.000 MW
2026-03-26 21:15:27 | INFO | Condition-3: NOT APPLIED for this block path
2026-03-26 21:15:27 | INFO |   Final Adjustment %: 0.00%
2026-03-26 21:15:27 | INFO |   Formula (expanded): PRE_START: raw=0
2026-03-26 21:15:27 | INFO | --- FINAL RESULT ---
2026-03-26 21:15:27 | INFO | Raw Schedule (before smoothing): 0.000 MW
2026-03-26 21:15:27 | INFO | Final Scheduled MW: 0.000 MW
2026-03-26 21:15:27 | INFO | --------------------------------------------------------------------------------
2026-03-26 21:15:27 | INFO | --------------------------------------------------------------------------------
2026-03-26 21:15:27 | INFO | BLOCK 20
2026-03-26 21:15:27 | INFO | --------------------------------------------------------------------------------
2026-03-26 21:15:27 | INFO | --- FORECAST DATA ---
2026-03-26 21:15:27 | INFO | Intraday Forecast (Enercast Raw): 0.000 MW
2026-03-26 21:15:27 | INFO | Intraday Forecast (Enercast, Scaled): 0.000 MW
2026-03-26 21:15:27 | INFO | Day-ahead Forecast (Enercast): 0.000 MW
2026-03-26 21:15:27 | INFO | Base Forecast (raw, before curtailment/shutdown): 0.000 MW
2026-03-26 21:15:27 | INFO | Base Forecast (used for schedule): 0.000 MW
2026-03-26 21:15:27 | INFO | Effective Base Forecast (after curtailment/shutdown): 0.000 MW
2026-03-26 21:15:27 | INFO | Plant Status: NORMAL
2026-03-26 21:15:27 | INFO | Effective Base Forecast = Base Forecast (raw) = 0.000 MW
2026-03-26 21:15:27 | INFO | --- WEATHER PARAMETERS ---
2026-03-26 21:15:27 | INFO | GTI: 0.0 W/m^2
2026-03-26 21:15:27 | INFO | DHI: 0.0 W/m^2
2026-03-26 21:15:27 | INFO | DNI: 0.0 W/m^2
2026-03-26 21:15:27 | INFO | Irradiance Ratio (GTI/MAX_GTI): 0.000
2026-03-26 21:15:27 | INFO | Diffuse Ratio (current): 0.000
2026-03-26 21:15:27 | INFO | Irradiance State: OVERCAST
2026-03-26 21:15:27 | INFO | Temp @ 2m: 27.06 C
2026-03-26 21:15:27 | INFO | Wind @ 10m: 7.34 m/s
2026-03-26 21:15:27 | INFO | Weather State: NORMAL
2026-03-26 21:15:27 | INFO | Dynamic Thresholds: cloud_thr=0.0000, shift_thr=0.0000
2026-03-26 21:15:27 | INFO | Multipliers: irradiance=0.22x, temp=0.92x, wind=0.95x
2026-03-26 21:15:27 | INFO | Weather Multiplier (combined): 0.19x
2026-03-26 21:15:27 | INFO | Abrupt Weather Change Detected: False
2026-03-26 21:15:27 | INFO | --- TREND ANALYSIS ---
2026-03-26 21:15:27 | INFO | Trend series: INSUFFICIENT DATA
2026-03-26 21:15:27 | INFO | Detected Trend Type: FLAT
2026-03-26 21:15:27 | INFO | Trend Slope Percentage: 0.00%
2026-03-26 21:15:27 | INFO | Trend EPS Threshold: 1.50%
2026-03-26 21:15:27 | INFO | --- SCHEDULE CALCULATION ---
2026-03-26 21:15:27 | INFO | Condition Applied: PRE_START
2026-03-26 21:15:27 | INFO | Effective Base Forecast Used for Adjustments: 0.000 MW
2026-03-26 21:15:27 | INFO | Condition-3: NOT APPLIED for this block path
2026-03-26 21:15:27 | INFO |   Final Adjustment %: 0.00%
2026-03-26 21:15:27 | INFO |   Formula (expanded): PRE_START: raw=0
2026-03-26 21:15:27 | INFO | --- FINAL RESULT ---
2026-03-26 21:15:27 | INFO | Raw Schedule (before smoothing): 0.000 MW
2026-03-26 21:15:27 | INFO | Final Scheduled MW: 0.000 MW
2026-03-26 21:15:27 | INFO | --------------------------------------------------------------------------------
2026-03-26 21:15:27 | INFO | --------------------------------------------------------------------------------
2026-03-26 21:15:27 | INFO | BLOCK 21
2026-03-26 21:15:27 | INFO | --------------------------------------------------------------------------------
2026-03-26 21:15:27 | INFO | --- FORECAST DATA ---
2026-03-26 21:15:27 | INFO | Intraday Forecast (Enercast Raw): 0.000 MW
2026-03-26 21:15:27 | INFO | Intraday Forecast (Enercast, Scaled): 0.000 MW
2026-03-26 21:15:27 | INFO | Day-ahead Forecast (Enercast): 0.000 MW
2026-03-26 21:15:27 | INFO | Base Forecast (raw, before curtailment/shutdown): 0.000 MW
2026-03-26 21:15:27 | INFO | Base Forecast (used for schedule): 0.000 MW
2026-03-26 21:15:27 | INFO | Effective Base Forecast (after curtailment/shutdown): 0.000 MW
2026-03-26 21:15:27 | INFO | Plant Status: NORMAL
2026-03-26 21:15:27 | INFO | Effective Base Forecast = Base Forecast (raw) = 0.000 MW
2026-03-26 21:15:27 | INFO | --- WEATHER PARAMETERS ---
2026-03-26 21:15:27 | INFO | GTI: 0.0 W/m^2
2026-03-26 21:15:27 | INFO | DHI: 0.0 W/m^2
2026-03-26 21:15:27 | INFO | DNI: 0.0 W/m^2
2026-03-26 21:15:27 | INFO | Irradiance Ratio (GTI/MAX_GTI): 0.000
2026-03-26 21:15:27 | INFO | Diffuse Ratio (current): 0.000
2026-03-26 21:15:27 | INFO | Irradiance State: OVERCAST
2026-03-26 21:15:27 | INFO | Temp @ 2m: 26.91 C
2026-03-26 21:15:27 | INFO | Wind @ 10m: 8.21 m/s
2026-03-26 21:15:27 | INFO | Weather State: NORMAL
2026-03-26 21:15:27 | INFO | Dynamic Thresholds: cloud_thr=0.0000, shift_thr=0.0000
2026-03-26 21:15:27 | INFO | Multipliers: irradiance=0.22x, temp=0.92x, wind=0.95x
2026-03-26 21:15:27 | INFO | Weather Multiplier (combined): 0.19x
2026-03-26 21:15:27 | INFO | Abrupt Weather Change Detected: False
2026-03-26 21:15:27 | INFO | --- TREND ANALYSIS ---
2026-03-26 21:15:27 | INFO | Trend series: INSUFFICIENT DATA
2026-03-26 21:15:27 | INFO | Detected Trend Type: FLAT
2026-03-26 21:15:27 | INFO | Trend Slope Percentage: 0.00%
2026-03-26 21:15:27 | INFO | Trend EPS Threshold: 1.50%
2026-03-26 21:15:27 | INFO | --- SCHEDULE CALCULATION ---
2026-03-26 21:15:27 | INFO | Condition Applied: PRE_START
2026-03-26 21:15:27 | INFO | Effective Base Forecast Used for Adjustments: 0.000 MW
2026-03-26 21:15:27 | INFO | Condition-3: NOT APPLIED for this block path
2026-03-26 21:15:27 | INFO |   Final Adjustment %: 0.00%
2026-03-26 21:15:27 | INFO |   Formula (expanded): PRE_START: raw=0
2026-03-26 21:15:27 | INFO | --- FINAL RESULT ---
2026-03-26 21:15:27 | INFO | Raw Schedule (before smoothing): 0.000 MW
2026-03-26 21:15:27 | INFO | Final Scheduled MW: 0.000 MW
2026-03-26 21:15:27 | INFO | --------------------------------------------------------------------------------
2026-03-26 21:15:27 | INFO | --------------------------------------------------------------------------------
2026-03-26 21:15:27 | INFO | BLOCK 22
2026-03-26 21:15:27 | INFO | --------------------------------------------------------------------------------
2026-03-26 21:15:27 | INFO | --- FORECAST DATA ---
2026-03-26 21:15:27 | INFO | Intraday Forecast (Enercast Raw): 0.000 MW
2026-03-26 21:15:27 | INFO | Intraday Forecast (Enercast, Scaled): 0.000 MW
2026-03-26 21:15:27 | INFO | Day-ahead Forecast (Enercast): 0.000 MW
2026-03-26 21:15:27 | INFO | Base Forecast (raw, before curtailment/shutdown): 0.000 MW
2026-03-26 21:15:27 | INFO | Base Forecast (used for schedule): 0.000 MW
2026-03-26 21:15:27 | INFO | Effective Base Forecast (after curtailment/shutdown): 0.000 MW
2026-03-26 21:15:27 | INFO | Plant Status: NORMAL
2026-03-26 21:15:27 | INFO | Effective Base Forecast = Base Forecast (raw) = 0.000 MW
2026-03-26 21:15:27 | INFO | --- WEATHER PARAMETERS ---
2026-03-26 21:15:27 | INFO | GTI: 0.0 W/m^2
2026-03-26 21:15:27 | INFO | DHI: 0.0 W/m^2
2026-03-26 21:15:27 | INFO | DNI: 0.0 W/m^2
2026-03-26 21:15:27 | INFO | Irradiance Ratio (GTI/MAX_GTI): 0.000
2026-03-26 21:15:27 | INFO | Diffuse Ratio (current): 0.000
2026-03-26 21:15:27 | INFO | Irradiance State: OVERCAST
2026-03-26 21:15:27 | INFO | Temp @ 2m: 26.71 C
2026-03-26 21:15:27 | INFO | Wind @ 10m: 9.23 m/s
2026-03-26 21:15:27 | INFO | Weather State: NORMAL
2026-03-26 21:15:27 | INFO | Dynamic Thresholds: cloud_thr=0.0000, shift_thr=0.0000
2026-03-26 21:15:27 | INFO | Multipliers: irradiance=0.22x, temp=0.92x, wind=0.95x
2026-03-26 21:15:27 | INFO | Weather Multiplier (combined): 0.19x
2026-03-26 21:15:27 | INFO | Abrupt Weather Change Detected: False
2026-03-26 21:15:27 | INFO | --- TREND ANALYSIS ---
2026-03-26 21:15:27 | INFO | Trend series: INSUFFICIENT DATA
2026-03-26 21:15:27 | INFO | Detected Trend Type: FLAT
2026-03-26 21:15:27 | INFO | Trend Slope Percentage: 0.00%
2026-03-26 21:15:27 | INFO | Trend EPS Threshold: 1.50%
2026-03-26 21:15:27 | INFO | --- SCHEDULE CALCULATION ---
2026-03-26 21:15:27 | INFO | Condition Applied: PRE_START
2026-03-26 21:15:27 | INFO | Effective Base Forecast Used for Adjustments: 0.000 MW
2026-03-26 21:15:27 | INFO | Condition-3: NOT APPLIED for this block path
2026-03-26 21:15:27 | INFO |   Final Adjustment %: 0.00%
2026-03-26 21:15:27 | INFO |   Formula (expanded): PRE_START: raw=0
2026-03-26 21:15:27 | INFO | --- FINAL RESULT ---
2026-03-26 21:15:27 | INFO | Raw Schedule (before smoothing): 0.000 MW
2026-03-26 21:15:27 | INFO | Final Scheduled MW: 0.000 MW
2026-03-26 21:15:27 | INFO | --------------------------------------------------------------------------------
2026-03-26 21:15:27 | INFO | --------------------------------------------------------------------------------
2026-03-26 21:15:27 | INFO | BLOCK 23
2026-03-26 21:15:27 | INFO | --------------------------------------------------------------------------------
2026-03-26 21:15:27 | INFO | --- FORECAST DATA ---
2026-03-26 21:15:27 | INFO | Intraday Forecast (Enercast Raw): 0.000 MW
2026-03-26 21:15:27 | INFO | Intraday Forecast (Enercast, Scaled): 0.000 MW
2026-03-26 21:15:27 | INFO | Day-ahead Forecast (Enercast): 0.000 MW
2026-03-26 21:15:27 | INFO | Base Forecast (raw, before curtailment/shutdown): 0.000 MW
2026-03-26 21:15:27 | INFO | Base Forecast (used for schedule): 0.000 MW
2026-03-26 21:15:27 | INFO | Effective Base Forecast (after curtailment/shutdown): 0.000 MW
2026-03-26 21:15:27 | INFO | Plant Status: NORMAL
2026-03-26 21:15:27 | INFO | Effective Base Forecast = Base Forecast (raw) = 0.000 MW
2026-03-26 21:15:27 | INFO | --- WEATHER PARAMETERS ---
2026-03-26 21:15:27 | INFO | GTI: 0.0 W/m^2
2026-03-26 21:15:27 | INFO | DHI: 0.0 W/m^2
2026-03-26 21:15:27 | INFO | DNI: 0.0 W/m^2
2026-03-26 21:15:27 | INFO | Irradiance Ratio (GTI/MAX_GTI): 0.000
2026-03-26 21:15:27 | INFO | Diffuse Ratio (current): 0.000
2026-03-26 21:15:27 | INFO | Irradiance State: OVERCAST
2026-03-26 21:15:27 | INFO | Temp @ 2m: 26.51 C
2026-03-26 21:15:27 | INFO | Wind @ 10m: 9.69 m/s
2026-03-26 21:15:27 | INFO | Weather State: NORMAL
2026-03-26 21:15:27 | INFO | Dynamic Thresholds: cloud_thr=0.0000, shift_thr=0.0000
2026-03-26 21:15:27 | INFO | Multipliers: irradiance=0.22x, temp=0.92x, wind=0.95x
2026-03-26 21:15:27 | INFO | Weather Multiplier (combined): 0.19x
2026-03-26 21:15:27 | INFO | Abrupt Weather Change Detected: False
2026-03-26 21:15:27 | INFO | --- TREND ANALYSIS ---
2026-03-26 21:15:27 | INFO | Trend series: INSUFFICIENT DATA
2026-03-26 21:15:27 | INFO | Detected Trend Type: FLAT
2026-03-26 21:15:27 | INFO | Trend Slope Percentage: 0.00%
2026-03-26 21:15:27 | INFO | Trend EPS Threshold: 1.50%
2026-03-26 21:15:27 | INFO | --- SCHEDULE CALCULATION ---
2026-03-26 21:15:27 | INFO | Condition Applied: PRE_START
2026-03-26 21:15:27 | INFO | Effective Base Forecast Used for Adjustments: 0.000 MW
2026-03-26 21:15:27 | INFO | Condition-3: NOT APPLIED for this block path
2026-03-26 21:15:27 | INFO |   Final Adjustment %: 0.00%
2026-03-26 21:15:27 | INFO |   Formula (expanded): PRE_START: raw=0
2026-03-26 21:15:27 | INFO | --- FINAL RESULT ---
2026-03-26 21:15:27 | INFO | Raw Schedule (before smoothing): 0.000 MW
2026-03-26 21:15:27 | INFO | Final Scheduled MW: 0.000 MW
2026-03-26 21:15:27 | INFO | --------------------------------------------------------------------------------
2026-03-26 21:15:27 | INFO | --------------------------------------------------------------------------------
2026-03-26 21:15:27 | INFO | BLOCK 24
2026-03-26 21:15:27 | INFO | --------------------------------------------------------------------------------
2026-03-26 21:15:27 | INFO | --- FORECAST DATA ---
2026-03-26 21:15:27 | INFO | Intraday Forecast (Enercast Raw): 0.000 MW
2026-03-26 21:15:27 | INFO | Intraday Forecast (Enercast, Scaled): 0.000 MW
2026-03-26 21:15:27 | INFO | Day-ahead Forecast (Enercast): 0.000 MW
2026-03-26 21:15:27 | INFO | Base Forecast (raw, before curtailment/shutdown): 0.000 MW
2026-03-26 21:15:27 | INFO | Base Forecast (used for schedule): 0.000 MW
2026-03-26 21:15:27 | INFO | Effective Base Forecast (after curtailment/shutdown): 0.000 MW
2026-03-26 21:15:27 | INFO | Plant Status: NORMAL
2026-03-26 21:15:27 | INFO | Effective Base Forecast = Base Forecast (raw) = 0.000 MW
2026-03-26 21:15:27 | INFO | --- WEATHER PARAMETERS ---
2026-03-26 21:15:27 | INFO | GTI: 0.0 W/m^2
2026-03-26 21:15:27 | INFO | DHI: 0.0 W/m^2
2026-03-26 21:15:27 | INFO | DNI: 0.0 W/m^2
2026-03-26 21:15:27 | INFO | Irradiance Ratio (GTI/MAX_GTI): 0.000
2026-03-26 21:15:27 | INFO | Diffuse Ratio (current): 0.000
2026-03-26 21:15:27 | INFO | Irradiance State: OVERCAST
2026-03-26 21:15:27 | INFO | Temp @ 2m: 26.31 C
2026-03-26 21:15:27 | INFO | Wind @ 10m: 10.03 m/s
2026-03-26 21:15:27 | INFO | Weather State: NORMAL
2026-03-26 21:15:27 | INFO | Dynamic Thresholds: cloud_thr=0.0000, shift_thr=0.0000
2026-03-26 21:15:27 | INFO | Multipliers: irradiance=0.22x, temp=0.92x, wind=0.95x
2026-03-26 21:15:27 | INFO | Weather Multiplier (combined): 0.19x
2026-03-26 21:15:27 | INFO | Abrupt Weather Change Detected: False
2026-03-26 21:15:27 | INFO | --- TREND ANALYSIS ---
2026-03-26 21:15:27 | INFO | Trend series: INSUFFICIENT DATA
2026-03-26 21:15:27 | INFO | Detected Trend Type: FLAT
2026-03-26 21:15:27 | INFO | Trend Slope Percentage: 0.00%
2026-03-26 21:15:27 | INFO | Trend EPS Threshold: 1.50%
2026-03-26 21:15:27 | INFO | --- SCHEDULE CALCULATION ---
2026-03-26 21:15:27 | INFO | Condition Applied: PRE_START
2026-03-26 21:15:27 | INFO | Effective Base Forecast Used for Adjustments: 0.000 MW
2026-03-26 21:15:27 | INFO | Condition-3: NOT APPLIED for this block path
2026-03-26 21:15:27 | INFO |   Final Adjustment %: 0.00%
2026-03-26 21:15:27 | INFO |   Formula (expanded): PRE_START: raw=0
2026-03-26 21:15:27 | INFO | --- FINAL RESULT ---
2026-03-26 21:15:27 | INFO | Raw Schedule (before smoothing): 0.000 MW
2026-03-26 21:15:27 | INFO | Final Scheduled MW: 0.000 MW
2026-03-26 21:15:27 | INFO | --------------------------------------------------------------------------------
2026-03-26 21:15:27 | INFO | --------------------------------------------------------------------------------
2026-03-26 21:15:27 | INFO | BLOCK 25
2026-03-26 21:15:27 | INFO | --------------------------------------------------------------------------------
2026-03-26 21:15:27 | INFO | --- FORECAST DATA ---
2026-03-26 21:15:27 | INFO | Intraday Forecast (Enercast Raw): 0.000 MW
2026-03-26 21:15:27 | INFO | Intraday Forecast (Enercast, Scaled): 0.000 MW
2026-03-26 21:15:27 | INFO | Day-ahead Forecast (Enercast): 0.000 MW
2026-03-26 21:15:27 | INFO | Base Forecast (raw, before curtailment/shutdown): 0.000 MW
2026-03-26 21:15:27 | INFO | Base Forecast (used for schedule): 0.000 MW
2026-03-26 21:15:27 | INFO | Effective Base Forecast (after curtailment/shutdown): 0.000 MW
2026-03-26 21:15:27 | INFO | Plant Status: NORMAL
2026-03-26 21:15:27 | INFO | Effective Base Forecast = Base Forecast (raw) = 0.000 MW
2026-03-26 21:15:27 | INFO | --- WEATHER PARAMETERS ---
2026-03-26 21:15:27 | INFO | GTI: 0.0 W/m^2
2026-03-26 21:15:27 | INFO | DHI: 0.0 W/m^2
2026-03-26 21:15:27 | INFO | DNI: 0.0 W/m^2
2026-03-26 21:15:27 | INFO | Irradiance Ratio (GTI/MAX_GTI): 0.000
2026-03-26 21:15:27 | INFO | Diffuse Ratio (current): 0.000
2026-03-26 21:15:27 | INFO | Irradiance State: OVERCAST
2026-03-26 21:15:27 | INFO | Temp @ 2m: 26.16 C
2026-03-26 21:15:27 | INFO | Wind @ 10m: 10.37 m/s
2026-03-26 21:15:27 | INFO | Weather State: NORMAL
2026-03-26 21:15:27 | INFO | Dynamic Thresholds: cloud_thr=0.0000, shift_thr=0.0000
2026-03-26 21:15:27 | INFO | Multipliers: irradiance=0.22x, temp=0.92x, wind=0.95x
2026-03-26 21:15:27 | INFO | Weather Multiplier (combined): 0.19x
2026-03-26 21:15:27 | INFO | Abrupt Weather Change Detected: False
2026-03-26 21:15:27 | INFO | --- TREND ANALYSIS ---
2026-03-26 21:15:27 | INFO | Trend series: INSUFFICIENT DATA
2026-03-26 21:15:27 | INFO | Detected Trend Type: FLAT
2026-03-26 21:15:27 | INFO | Trend Slope Percentage: 0.00%
2026-03-26 21:15:27 | INFO | Trend EPS Threshold: 1.50%
2026-03-26 21:15:27 | INFO | --- SCHEDULE CALCULATION ---
2026-03-26 21:15:27 | INFO | Condition Applied: PRE_START
2026-03-26 21:15:27 | INFO | Effective Base Forecast Used for Adjustments: 0.000 MW
2026-03-26 21:15:27 | INFO | Condition-3: NOT APPLIED for this block path
2026-03-26 21:15:27 | INFO |   Final Adjustment %: 0.00%
2026-03-26 21:15:27 | INFO |   Formula (expanded): PRE_START: raw=0
2026-03-26 21:15:27 | INFO | --- FINAL RESULT ---
2026-03-26 21:15:27 | INFO | Raw Schedule (before smoothing): 0.000 MW
2026-03-26 21:15:27 | INFO | Final Scheduled MW: 0.000 MW
2026-03-26 21:15:27 | INFO | --------------------------------------------------------------------------------
2026-03-26 21:15:27 | INFO | --------------------------------------------------------------------------------
2026-03-26 21:15:27 | INFO | BLOCK 26
2026-03-26 21:15:27 | INFO | --------------------------------------------------------------------------------
2026-03-26 21:15:27 | INFO | --- FORECAST DATA ---
2026-03-26 21:15:27 | INFO | Intraday Forecast (Enercast Raw): 0.000 MW
2026-03-26 21:15:27 | INFO | Intraday Forecast (Enercast, Scaled): 0.000 MW
2026-03-26 21:15:27 | INFO | Day-ahead Forecast (Enercast): 0.000 MW
2026-03-26 21:15:27 | INFO | Base Forecast (raw, before curtailment/shutdown): 0.000 MW
2026-03-26 21:15:27 | INFO | Base Forecast (used for schedule): 0.000 MW
2026-03-26 21:15:27 | INFO | Effective Base Forecast (after curtailment/shutdown): 0.000 MW
2026-03-26 21:15:27 | INFO | Plant Status: NORMAL
2026-03-26 21:15:27 | INFO | Effective Base Forecast = Base Forecast (raw) = 0.000 MW
2026-03-26 21:15:27 | INFO | --- WEATHER PARAMETERS ---
2026-03-26 21:15:27 | INFO | GTI: 0.0 W/m^2
2026-03-26 21:15:27 | INFO | DHI: 0.0 W/m^2
2026-03-26 21:15:27 | INFO | DNI: 0.0 W/m^2
2026-03-26 21:15:27 | INFO | Irradiance Ratio (GTI/MAX_GTI): 0.000
2026-03-26 21:15:27 | INFO | Diffuse Ratio (current): 0.000
2026-03-26 21:15:27 | INFO | Irradiance State: OVERCAST
2026-03-26 21:15:27 | INFO | Temp @ 2m: 25.96 C
2026-03-26 21:15:27 | INFO | Wind @ 10m: 10.25 m/s
2026-03-26 21:15:27 | INFO | Weather State: NORMAL
2026-03-26 21:15:27 | INFO | Dynamic Thresholds: cloud_thr=0.0000, shift_thr=0.0000
2026-03-26 21:15:27 | INFO | Multipliers: irradiance=0.22x, temp=0.92x, wind=0.95x
2026-03-26 21:15:27 | INFO | Weather Multiplier (combined): 0.19x
2026-03-26 21:15:27 | INFO | Abrupt Weather Change Detected: False
2026-03-26 21:15:27 | INFO | --- TREND ANALYSIS ---
2026-03-26 21:15:27 | INFO | Trend series: INSUFFICIENT DATA
2026-03-26 21:15:27 | INFO | Detected Trend Type: FLAT
2026-03-26 21:15:27 | INFO | Trend Slope Percentage: 0.00%
2026-03-26 21:15:27 | INFO | Trend EPS Threshold: 1.50%
2026-03-26 21:15:27 | INFO | --- SCHEDULE CALCULATION ---
2026-03-26 21:15:27 | INFO | Condition Applied: PRE_START
2026-03-26 21:15:27 | INFO | Effective Base Forecast Used for Adjustments: 0.000 MW
2026-03-26 21:15:27 | INFO | Condition-3: NOT APPLIED for this block path
2026-03-26 21:15:27 | INFO |   Final Adjustment %: 0.00%
2026-03-26 21:15:27 | INFO |   Formula (expanded): PRE_START: raw=0
2026-03-26 21:15:27 | INFO | --- FINAL RESULT ---
2026-03-26 21:15:27 | INFO | Raw Schedule (before smoothing): 0.000 MW
2026-03-26 21:15:27 | INFO | Final Scheduled MW: 0.000 MW
2026-03-26 21:15:27 | INFO | --------------------------------------------------------------------------------
2026-03-26 21:15:27 | INFO | --------------------------------------------------------------------------------
2026-03-26 21:15:27 | INFO | BLOCK 27
2026-03-26 21:15:27 | INFO | --------------------------------------------------------------------------------
2026-03-26 21:15:27 | INFO | --- FORECAST DATA ---
2026-03-26 21:15:27 | INFO | Intraday Forecast (Enercast Raw): 0.000 MW
2026-03-26 21:15:27 | INFO | Intraday Forecast (Enercast, Scaled): 0.000 MW
2026-03-26 21:15:27 | INFO | Day-ahead Forecast (Enercast): 0.000 MW
2026-03-26 21:15:27 | INFO | Base Forecast (raw, before curtailment/shutdown): 0.000 MW
2026-03-26 21:15:27 | INFO | Base Forecast (used for schedule): 0.000 MW
2026-03-26 21:15:27 | INFO | Effective Base Forecast (after curtailment/shutdown): 0.000 MW
2026-03-26 21:15:27 | INFO | Plant Status: NORMAL
2026-03-26 21:15:27 | INFO | Effective Base Forecast = Base Forecast (raw) = 0.000 MW
2026-03-26 21:15:27 | INFO | --- WEATHER PARAMETERS ---
2026-03-26 21:15:27 | INFO | GTI: 0.0 W/m^2
2026-03-26 21:15:27 | INFO | DHI: 0.0 W/m^2
2026-03-26 21:15:27 | INFO | DNI: 0.0 W/m^2
2026-03-26 21:15:27 | INFO | Irradiance Ratio (GTI/MAX_GTI): 0.000
2026-03-26 21:15:27 | INFO | Diffuse Ratio (current): 0.000
2026-03-26 21:15:27 | INFO | Irradiance State: OVERCAST
2026-03-26 21:15:27 | INFO | Temp @ 2m: 25.91 C
2026-03-26 21:15:27 | INFO | Wind @ 10m: 10.14 m/s
2026-03-26 21:15:27 | INFO | Weather State: NORMAL
2026-03-26 21:15:27 | INFO | Dynamic Thresholds: cloud_thr=0.0000, shift_thr=0.0000
2026-03-26 21:15:27 | INFO | Multipliers: irradiance=0.22x, temp=0.92x, wind=0.95x
2026-03-26 21:15:27 | INFO | Weather Multiplier (combined): 0.19x
2026-03-26 21:15:27 | INFO | Abrupt Weather Change Detected: False
2026-03-26 21:15:27 | INFO | --- TREND ANALYSIS ---
2026-03-26 21:15:27 | INFO | Trend series: INSUFFICIENT DATA
2026-03-26 21:15:27 | INFO | Detected Trend Type: FLAT
2026-03-26 21:15:27 | INFO | Trend Slope Percentage: 0.00%
2026-03-26 21:15:27 | INFO | Trend EPS Threshold: 1.50%
2026-03-26 21:15:27 | INFO | --- SCHEDULE CALCULATION ---
2026-03-26 21:15:27 | INFO | Condition Applied: PRE_START
2026-03-26 21:15:27 | INFO | Effective Base Forecast Used for Adjustments: 0.000 MW
2026-03-26 21:15:27 | INFO | Condition-3: NOT APPLIED for this block path
2026-03-26 21:15:27 | INFO |   Final Adjustment %: 0.00%
2026-03-26 21:15:27 | INFO |   Formula (expanded): PRE_START: raw=0
2026-03-26 21:15:27 | INFO | --- FINAL RESULT ---
2026-03-26 21:15:27 | INFO | Raw Schedule (before smoothing): 0.000 MW
2026-03-26 21:15:27 | INFO | Final Scheduled MW: 0.000 MW
2026-03-26 21:15:27 | INFO | --------------------------------------------------------------------------------
2026-03-26 21:15:27 | INFO | --------------------------------------------------------------------------------
2026-03-26 21:15:27 | INFO | BLOCK 28
2026-03-26 21:15:27 | INFO | --------------------------------------------------------------------------------
2026-03-26 21:15:27 | INFO | --- FORECAST DATA ---
2026-03-26 21:15:27 | INFO | Intraday Forecast (Enercast Raw): 0.120 MW
2026-03-26 21:15:27 | INFO | Intraday Forecast (Enercast, Scaled): 0.096 MW
2026-03-26 21:15:27 | INFO | Day-ahead Forecast (Enercast): 0.120 MW
2026-03-26 21:15:27 | INFO | Base Forecast (raw, before curtailment/shutdown): 0.000 MW
2026-03-26 21:15:27 | INFO | Base Forecast (used for schedule): 0.000 MW
2026-03-26 21:15:27 | INFO | Effective Base Forecast (after curtailment/shutdown): 0.000 MW
2026-03-26 21:15:27 | INFO | Plant Status: NORMAL
2026-03-26 21:15:27 | INFO | Effective Base Forecast = Base Forecast (raw) = 0.000 MW
2026-03-26 21:15:27 | INFO | --- WEATHER PARAMETERS ---
2026-03-26 21:15:27 | INFO | GTI: 0.0 W/m^2
2026-03-26 21:15:27 | INFO | DHI: 1.0 W/m^2
2026-03-26 21:15:27 | INFO | DNI: 0.0 W/m^2
2026-03-26 21:15:27 | INFO | Irradiance Ratio (GTI/MAX_GTI): 0.000
2026-03-26 21:15:27 | INFO | Diffuse Ratio (current): 0.020
2026-03-26 21:15:27 | INFO | Irradiance State: OVERCAST
2026-03-26 21:15:27 | INFO | Temp @ 2m: 25.91 C
2026-03-26 21:15:27 | INFO | Wind @ 10m: 9.26 m/s
2026-03-26 21:15:27 | INFO | Weather State: NORMAL
2026-03-26 21:15:27 | INFO | Dynamic Thresholds: cloud_thr=0.0000, shift_thr=0.0000
2026-03-26 21:15:27 | INFO | Multipliers: irradiance=0.22x, temp=0.92x, wind=0.95x
2026-03-26 21:15:27 | INFO | Weather Multiplier (combined): 0.19x
2026-03-26 21:15:27 | INFO | Abrupt Weather Change Detected: False
2026-03-26 21:15:27 | INFO | --- TREND ANALYSIS ---
2026-03-26 21:15:27 | INFO | Trend series: INSUFFICIENT DATA
2026-03-26 21:15:27 | INFO | Detected Trend Type: FLAT
2026-03-26 21:15:27 | INFO | Trend Slope Percentage: 0.00%
2026-03-26 21:15:27 | INFO | Trend EPS Threshold: 1.50%
2026-03-26 21:15:27 | INFO | --- SCHEDULE CALCULATION ---
2026-03-26 21:15:27 | INFO | Condition Applied: PRE_START
2026-03-26 21:15:27 | INFO | Effective Base Forecast Used for Adjustments: 0.000 MW
2026-03-26 21:15:27 | INFO | Condition-3: NOT APPLIED for this block path
2026-03-26 21:15:27 | INFO |   Final Adjustment %: 0.00%
2026-03-26 21:15:27 | INFO |   Formula (expanded): PRE_START: raw=0
2026-03-26 21:15:27 | INFO | --- FINAL RESULT ---
2026-03-26 21:15:27 | INFO | Raw Schedule (before smoothing): 0.000 MW
2026-03-26 21:15:27 | INFO | Final Scheduled MW: 0.000 MW
2026-03-26 21:15:27 | INFO | --------------------------------------------------------------------------------
2026-03-26 21:15:27 | INFO | --------------------------------------------------------------------------------
2026-03-26 21:15:27 | INFO | BLOCK 29
2026-03-26 21:15:27 | INFO | --------------------------------------------------------------------------------
2026-03-26 21:15:27 | INFO | --- FORECAST DATA ---
2026-03-26 21:15:27 | INFO | Intraday Forecast (Enercast Raw): 0.330 MW
2026-03-26 21:15:27 | INFO | Intraday Forecast (Enercast, Scaled): 0.264 MW
2026-03-26 21:15:27 | INFO | Day-ahead Forecast (Enercast): 0.330 MW
2026-03-26 21:15:27 | INFO | Base Forecast (raw, before curtailment/shutdown): 0.000 MW
2026-03-26 21:15:27 | INFO | Base Forecast (used for schedule): 0.000 MW
2026-03-26 21:15:27 | INFO | Effective Base Forecast (after curtailment/shutdown): 0.000 MW
2026-03-26 21:15:27 | INFO | Plant Status: NORMAL
2026-03-26 21:15:27 | INFO | Effective Base Forecast = Base Forecast (raw) = 0.000 MW
2026-03-26 21:15:27 | INFO | --- WEATHER PARAMETERS ---
2026-03-26 21:15:27 | INFO | GTI: 29.0 W/m^2
2026-03-26 21:15:27 | INFO | DHI: 14.0 W/m^2
2026-03-26 21:15:27 | INFO | DNI: 0.0 W/m^2
2026-03-26 21:15:27 | INFO | Irradiance Ratio (GTI/MAX_GTI): 0.029
2026-03-26 21:15:27 | INFO | Diffuse Ratio (current): 0.280
2026-03-26 21:15:27 | INFO | Irradiance State: OVERCAST
2026-03-26 21:15:27 | INFO | Temp @ 2m: 26.01 C
2026-03-26 21:15:27 | INFO | Wind @ 10m: 8.35 m/s
2026-03-26 21:15:27 | INFO | Weather State: NORMAL
2026-03-26 21:15:27 | INFO | Dynamic Thresholds: cloud_thr=0.0000, shift_thr=0.0000
2026-03-26 21:15:27 | INFO | Multipliers: irradiance=0.22x, temp=0.92x, wind=0.95x
2026-03-26 21:15:27 | INFO | Weather Multiplier (combined): 0.19x
2026-03-26 21:15:27 | INFO | Abrupt Weather Change Detected: False
2026-03-26 21:15:27 | INFO | --- TREND ANALYSIS ---
2026-03-26 21:15:27 | INFO | Trend series: INSUFFICIENT DATA
2026-03-26 21:15:27 | INFO | Detected Trend Type: FLAT
2026-03-26 21:15:27 | INFO | Trend Slope Percentage: 0.00%
2026-03-26 21:15:27 | INFO | Trend EPS Threshold: 1.50%
2026-03-26 21:15:27 | INFO | --- SCHEDULE CALCULATION ---
2026-03-26 21:15:27 | INFO | Condition Applied: PRE_START
2026-03-26 21:15:27 | INFO | Effective Base Forecast Used for Adjustments: 0.000 MW
2026-03-26 21:15:27 | INFO | Condition-3: NOT APPLIED for this block path
2026-03-26 21:15:27 | INFO |   Final Adjustment %: 0.00%
2026-03-26 21:15:27 | INFO |   Formula (expanded): PRE_START: raw=0
2026-03-26 21:15:27 | INFO | --- FINAL RESULT ---
2026-03-26 21:15:27 | INFO | Raw Schedule (before smoothing): 0.000 MW
2026-03-26 21:15:27 | INFO | Final Scheduled MW: 0.000 MW
2026-03-26 21:15:27 | INFO | --------------------------------------------------------------------------------
2026-03-26 21:15:27 | INFO | Low GTI ratio (0.065) -> base_forecast damped by 0.85
2026-03-26 21:15:27 | INFO | --------------------------------------------------------------------------------
2026-03-26 21:15:27 | INFO | BLOCK 30
2026-03-26 21:15:27 | INFO | --------------------------------------------------------------------------------
2026-03-26 21:15:27 | INFO | --- FORECAST DATA ---
2026-03-26 21:15:27 | INFO | Intraday Forecast (Enercast Raw): 0.590 MW
2026-03-26 21:15:27 | INFO | Intraday Forecast (Enercast, Scaled): 0.472 MW
2026-03-26 21:15:27 | INFO | Day-ahead Forecast (Enercast): 0.590 MW
2026-03-26 21:15:27 | INFO | Base Forecast (raw, before curtailment/shutdown): 0.401 MW
2026-03-26 21:15:27 | INFO | Base Forecast (used for schedule): 0.341 MW
2026-03-26 21:15:27 | INFO | Effective Base Forecast (after curtailment/shutdown): 0.341 MW
2026-03-26 21:15:27 | INFO | Plant Status: NORMAL
2026-03-26 21:15:27 | INFO | Effective Base Forecast = Base Forecast (raw) = 0.341 MW
2026-03-26 21:15:27 | INFO | --- WEATHER PARAMETERS ---
2026-03-26 21:15:27 | INFO | GTI: 65.0 W/m^2
2026-03-26 21:15:27 | INFO | DHI: 29.0 W/m^2
2026-03-26 21:15:27 | INFO | DNI: 0.0 W/m^2
2026-03-26 21:15:27 | INFO | Irradiance Ratio (GTI/MAX_GTI): 0.065
2026-03-26 21:15:27 | INFO | Diffuse Ratio (current): 0.446
2026-03-26 21:15:27 | INFO | Irradiance State: OVERCAST
2026-03-26 21:15:27 | INFO | Temp @ 2m: 26.16 C
2026-03-26 21:15:27 | INFO | Wind @ 10m: 7.20 m/s
2026-03-26 21:15:27 | INFO | Weather State: NORMAL
2026-03-26 21:15:27 | INFO | Dynamic Thresholds: cloud_thr=0.0000, shift_thr=0.0000
2026-03-26 21:15:27 | INFO | Multipliers: irradiance=0.22x, temp=0.92x, wind=0.95x
2026-03-26 21:15:27 | INFO | Weather Multiplier (combined): 0.19x
2026-03-26 21:15:27 | INFO | Abrupt Weather Change Detected: False
2026-03-26 21:15:27 | INFO | --- TREND ANALYSIS ---
2026-03-26 21:15:27 | INFO | Trend series (oldest -> latest):
2026-03-26 21:15:27 | INFO |   Block 29: 0.264 MW (source: INTRADAY_FALLBACK)
2026-03-26 21:15:27 | INFO |   Block 28: 0.096 MW (source: INTRADAY_FALLBACK)
2026-03-26 21:15:27 | INFO |   Block 27: 0.000 MW (source: INTRADAY_FALLBACK)
2026-03-26 21:15:27 | INFO |   Block 26: 0.000 MW (source: INTRADAY_FALLBACK)
2026-03-26 21:15:27 | INFO | Trend values used for slope calc: B29=0.264(INTRADAY_FALLBACK), B28=0.096(INTRADAY_FALLBACK), B27=0.000(INTRADAY_FALLBACK), B26=0.000(INTRADAY_FALLBACK)
2026-03-26 21:15:27 | INFO | Detected Trend Type: FLAT
2026-03-26 21:15:27 | INFO | Trend Slope Percentage: 0.00%
2026-03-26 21:15:27 | INFO | Trend EPS Threshold: 1.50%
2026-03-26 21:15:27 | INFO | --- SCHEDULE CALCULATION ---
2026-03-26 21:15:27 | INFO | Condition Applied: CONDITION_3
2026-03-26 21:15:27 | INFO | Effective Base Forecast Used for Adjustments: 0.341 MW
2026-03-26 21:15:27 | INFO | Condition-3 (Phase-6) Applied:
2026-03-26 21:15:27 | INFO |   Forecast Mismatch: Intraday (0.472) != Day-ahead (0.590)
2026-03-26 21:15:27 | INFO |   Operation: ADD
2026-03-26 21:15:27 | INFO |   Base Adjustment %: 0.00%
2026-03-26 21:15:27 | INFO |   Irradiance Multiplier: 0.22x
2026-03-26 21:15:27 | INFO |   Temp Multiplier: 0.92x
2026-03-26 21:15:27 | INFO |   Wind Multiplier: 0.95x
2026-03-26 21:15:27 | INFO |   Weather Multiplier: 1.00x
2026-03-26 21:15:27 | INFO |   Final Adjustment %: 0.00%
2026-03-26 21:15:27 | INFO |   Calculation: 0.341 MW * (1 + 0.00% / 100)
2026-03-26 21:15:27 | INFO |   Formula (expanded): raw=0.3410*(1+0.0000/100)=0.3410
2026-03-26 21:15:27 | INFO | --- FINAL RESULT ---
2026-03-26 21:15:27 | INFO | Raw Schedule (before smoothing): 0.341 MW
2026-03-26 21:15:27 | INFO | Final Scheduled MW: 0.341 MW
2026-03-26 21:15:27 | INFO | --------------------------------------------------------------------------------
2026-03-26 21:15:27 | INFO | Low GTI ratio (0.111) -> base_forecast damped by 0.85
2026-03-26 21:15:27 | INFO | --------------------------------------------------------------------------------
2026-03-26 21:15:27 | INFO | BLOCK 31
2026-03-26 21:15:27 | INFO | --------------------------------------------------------------------------------
2026-03-26 21:15:27 | INFO | --- FORECAST DATA ---
2026-03-26 21:15:27 | INFO | Intraday Forecast (Enercast Raw): 0.840 MW
2026-03-26 21:15:27 | INFO | Intraday Forecast (Enercast, Scaled): 0.672 MW
2026-03-26 21:15:27 | INFO | Day-ahead Forecast (Enercast): 0.830 MW
2026-03-26 21:15:27 | INFO | Base Forecast (raw, before curtailment/shutdown): 0.571 MW
2026-03-26 21:15:27 | INFO | Base Forecast (used for schedule): 0.486 MW
2026-03-26 21:15:27 | INFO | Effective Base Forecast (after curtailment/shutdown): 0.486 MW
2026-03-26 21:15:27 | INFO | Plant Status: NORMAL
2026-03-26 21:15:27 | INFO | Effective Base Forecast = Base Forecast (raw) = 0.486 MW
2026-03-26 21:15:27 | INFO | --- WEATHER PARAMETERS ---
2026-03-26 21:15:27 | INFO | GTI: 111.0 W/m^2
2026-03-26 21:15:27 | INFO | DHI: 43.0 W/m^2
2026-03-26 21:15:27 | INFO | DNI: 0.0 W/m^2
2026-03-26 21:15:27 | INFO | Irradiance Ratio (GTI/MAX_GTI): 0.111
2026-03-26 21:15:27 | INFO | Diffuse Ratio (current): 0.387
2026-03-26 21:15:27 | INFO | Irradiance State: OVERCAST
2026-03-26 21:15:27 | INFO | Temp @ 2m: 26.41 C
2026-03-26 21:15:27 | INFO | Wind @ 10m: 6.85 m/s
2026-03-26 21:15:27 | INFO | Weather State: NORMAL
2026-03-26 21:15:27 | INFO | Dynamic Thresholds: cloud_thr=0.0000, shift_thr=0.0000
2026-03-26 21:15:27 | INFO | Multipliers: irradiance=0.22x, temp=0.92x, wind=0.95x
2026-03-26 21:15:27 | INFO | Weather Multiplier (combined): 0.19x
2026-03-26 21:15:27 | INFO | Abrupt Weather Change Detected: False
2026-03-26 21:15:27 | INFO | --- TREND ANALYSIS ---
2026-03-26 21:15:27 | INFO | Trend series (oldest -> latest):
2026-03-26 21:15:27 | INFO |   Block 30: 0.472 MW (source: INTRADAY_FALLBACK)
2026-03-26 21:15:27 | INFO |   Block 29: 0.264 MW (source: INTRADAY_FALLBACK)
2026-03-26 21:15:27 | INFO |   Block 28: 0.096 MW (source: INTRADAY_FALLBACK)
2026-03-26 21:15:27 | INFO |   Block 27: 0.000 MW (source: INTRADAY_FALLBACK)
2026-03-26 21:15:27 | INFO | Trend values used for slope calc: B30=0.472(INTRADAY_FALLBACK), B29=0.264(INTRADAY_FALLBACK), B28=0.096(INTRADAY_FALLBACK), B27=0.000(INTRADAY_FALLBACK)
2026-03-26 21:15:27 | INFO | Detected Trend Type: FLAT
2026-03-26 21:15:27 | INFO | Trend Slope Percentage: 0.00%
2026-03-26 21:15:27 | INFO | Trend EPS Threshold: 1.50%
2026-03-26 21:15:27 | INFO | --- SCHEDULE CALCULATION ---
2026-03-26 21:15:27 | INFO | Condition Applied: CONDITION_3
2026-03-26 21:15:27 | INFO | Effective Base Forecast Used for Adjustments: 0.486 MW
2026-03-26 21:15:27 | INFO | Condition-3 (Phase-6) Applied:
2026-03-26 21:15:27 | INFO |   Forecast Mismatch: Intraday (0.672) != Day-ahead (0.830)
2026-03-26 21:15:27 | INFO |   Operation: ADD
2026-03-26 21:15:27 | INFO |   Base Adjustment %: 0.00%
2026-03-26 21:15:27 | INFO |   Irradiance Multiplier: 0.22x
2026-03-26 21:15:27 | INFO |   Temp Multiplier: 0.92x
2026-03-26 21:15:27 | INFO |   Wind Multiplier: 0.95x
2026-03-26 21:15:27 | INFO |   Weather Multiplier: 1.00x
2026-03-26 21:15:27 | INFO |   Final Adjustment %: 0.00%
2026-03-26 21:15:27 | INFO |   Calculation: 0.486 MW * (1 + 0.00% / 100)
2026-03-26 21:15:27 | INFO |   Formula (expanded): raw=0.4855*(1+0.0000/100)=0.4855
2026-03-26 21:15:27 | INFO | --- FINAL RESULT ---
2026-03-26 21:15:27 | INFO | Raw Schedule (before smoothing): 0.486 MW
2026-03-26 21:15:27 | INFO | Final Scheduled MW: 0.486 MW
2026-03-26 21:15:27 | INFO | --------------------------------------------------------------------------------
2026-03-26 21:15:27 | INFO | --------------------------------------------------------------------------------
2026-03-26 21:15:27 | INFO | BLOCK 32
2026-03-26 21:15:27 | INFO | --------------------------------------------------------------------------------
2026-03-26 21:15:27 | INFO | --- FORECAST DATA ---
2026-03-26 21:15:27 | INFO | Intraday Forecast (Enercast Raw): 1.100 MW
2026-03-26 21:15:27 | INFO | Intraday Forecast (Enercast, Scaled): 0.880 MW
2026-03-26 21:15:27 | INFO | Day-ahead Forecast (Enercast): 1.090 MW
2026-03-26 21:15:27 | INFO | Base Forecast (raw, before curtailment/shutdown): 0.748 MW
2026-03-26 21:15:27 | INFO | Base Forecast (used for schedule): 0.748 MW
2026-03-26 21:15:27 | INFO | Effective Base Forecast (after curtailment/shutdown): 0.748 MW
2026-03-26 21:15:27 | INFO | Plant Status: NORMAL
2026-03-26 21:15:27 | INFO | Effective Base Forecast = Base Forecast (raw) = 0.748 MW
2026-03-26 21:15:27 | INFO | --- WEATHER PARAMETERS ---
2026-03-26 21:15:27 | INFO | GTI: 169.0 W/m^2
2026-03-26 21:15:27 | INFO | DHI: 57.0 W/m^2
2026-03-26 21:15:27 | INFO | DNI: 0.0 W/m^2
2026-03-26 21:15:27 | INFO | Irradiance Ratio (GTI/MAX_GTI): 0.168
2026-03-26 21:15:27 | INFO | Diffuse Ratio (current): 0.337
2026-03-26 21:15:27 | INFO | Irradiance State: OVERCAST
2026-03-26 21:15:27 | INFO | Temp @ 2m: 26.76 C
2026-03-26 21:15:27 | INFO | Wind @ 10m: 6.84 m/s
2026-03-26 21:15:27 | INFO | Weather State: NORMAL
2026-03-26 21:15:27 | INFO | Dynamic Thresholds: cloud_thr=0.0000, shift_thr=0.0000
2026-03-26 21:15:27 | INFO | Multipliers: irradiance=0.22x, temp=0.92x, wind=0.95x
2026-03-26 21:15:27 | INFO | Weather Multiplier (combined): 0.19x
2026-03-26 21:15:27 | INFO | Abrupt Weather Change Detected: False
2026-03-26 21:15:27 | INFO | --- TREND ANALYSIS ---
2026-03-26 21:15:27 | INFO | Trend series (oldest -> latest):
2026-03-26 21:15:27 | INFO |   Block 31: 0.672 MW (source: INTRADAY_FALLBACK)
2026-03-26 21:15:27 | INFO |   Block 30: 0.472 MW (source: INTRADAY_FALLBACK)
2026-03-26 21:15:27 | INFO |   Block 29: 0.264 MW (source: INTRADAY_FALLBACK)
2026-03-26 21:15:27 | INFO |   Block 28: 0.096 MW (source: INTRADAY_FALLBACK)
2026-03-26 21:15:27 | INFO | Trend values used for slope calc: B31=0.672(INTRADAY_FALLBACK), B30=0.472(INTRADAY_FALLBACK), B29=0.264(INTRADAY_FALLBACK), B28=0.096(INTRADAY_FALLBACK)
2026-03-26 21:15:27 | INFO | Detected Trend Type: INCREASING
2026-03-26 21:15:27 | INFO | Trend Slope Percentage: 678.50%
2026-03-26 21:15:27 | INFO | Trend EPS Threshold: 1.50%
2026-03-26 21:15:27 | INFO | --- SCHEDULE CALCULATION ---
2026-03-26 21:15:27 | INFO | Condition Applied: CONDITION_3
2026-03-26 21:15:27 | INFO | Effective Base Forecast Used for Adjustments: 0.748 MW
2026-03-26 21:15:27 | INFO | Condition-3 (Phase-6) Applied:
2026-03-26 21:15:27 | INFO |   Forecast Mismatch: Intraday (0.880) != Day-ahead (1.090)
2026-03-26 21:15:27 | INFO |   Operation: ADD
2026-03-26 21:15:27 | INFO |   Base Adjustment %: 3.00%
2026-03-26 21:15:27 | INFO |   Irradiance Multiplier: 0.22x
2026-03-26 21:15:27 | INFO |   Temp Multiplier: 0.92x
2026-03-26 21:15:27 | INFO |   Wind Multiplier: 0.95x
2026-03-26 21:15:27 | INFO |   Weather Multiplier: 0.19x
2026-03-26 21:15:27 | INFO |   Final Adjustment %: 0.58%
2026-03-26 21:15:27 | INFO |   Calculation: 0.748 MW * (1 + 0.58% / 100)
2026-03-26 21:15:27 | INFO |   Formula (expanded): raw=0.7480*(1+0.5768/100)=0.7523
2026-03-26 21:15:27 | INFO | --- FINAL RESULT ---
2026-03-26 21:15:27 | INFO | Raw Schedule (before smoothing): 0.752 MW
2026-03-26 21:15:27 | INFO | Final Scheduled MW: 0.752 MW
2026-03-26 21:15:27 | INFO | --------------------------------------------------------------------------------
2026-03-26 21:15:27 | INFO | --------------------------------------------------------------------------------
2026-03-26 21:15:27 | INFO | BLOCK 33
2026-03-26 21:15:27 | INFO | --------------------------------------------------------------------------------
2026-03-26 21:15:27 | INFO | --- FORECAST DATA ---
2026-03-26 21:15:27 | INFO | Intraday Forecast (Enercast Raw): 1.370 MW
2026-03-26 21:15:27 | INFO | Intraday Forecast (Enercast, Scaled): 1.096 MW
2026-03-26 21:15:27 | INFO | Day-ahead Forecast (Enercast): 1.370 MW
2026-03-26 21:15:27 | INFO | Base Forecast (raw, before curtailment/shutdown): 0.932 MW
2026-03-26 21:15:27 | INFO | Base Forecast (used for schedule): 0.932 MW
2026-03-26 21:15:27 | INFO | Effective Base Forecast (after curtailment/shutdown): 0.932 MW
2026-03-26 21:15:27 | INFO | Plant Status: NORMAL
2026-03-26 21:15:27 | INFO | Effective Base Forecast = Base Forecast (raw) = 0.932 MW
2026-03-26 21:15:27 | INFO | --- WEATHER PARAMETERS ---
2026-03-26 21:15:27 | INFO | GTI: 235.0 W/m^2
2026-03-26 21:15:27 | INFO | DHI: 69.0 W/m^2
2026-03-26 21:15:27 | INFO | DNI: 0.0 W/m^2
2026-03-26 21:15:27 | INFO | Irradiance Ratio (GTI/MAX_GTI): 0.234
2026-03-26 21:15:27 | INFO | Diffuse Ratio (current): 0.294
2026-03-26 21:15:27 | INFO | Irradiance State: OVERCAST
2026-03-26 21:15:27 | INFO | Temp @ 2m: 27.21 C
2026-03-26 21:15:27 | INFO | Wind @ 10m: 7.59 m/s
2026-03-26 21:15:27 | INFO | Weather State: NORMAL
2026-03-26 21:15:27 | INFO | Dynamic Thresholds: cloud_thr=0.0000, shift_thr=0.0000
2026-03-26 21:15:27 | INFO | Multipliers: irradiance=0.22x, temp=0.92x, wind=0.95x
2026-03-26 21:15:27 | INFO | Weather Multiplier (combined): 0.19x
2026-03-26 21:15:27 | INFO | Abrupt Weather Change Detected: False
2026-03-26 21:15:27 | INFO | --- TREND ANALYSIS ---
2026-03-26 21:15:27 | INFO | Trend series (oldest -> latest):
2026-03-26 21:15:27 | INFO |   Block 32: 0.880 MW (source: INTRADAY_FALLBACK)
2026-03-26 21:15:27 | INFO |   Block 31: 0.672 MW (source: INTRADAY_FALLBACK)
2026-03-26 21:15:27 | INFO |   Block 30: 0.472 MW (source: INTRADAY_FALLBACK)
2026-03-26 21:15:27 | INFO |   Block 29: 0.264 MW (source: INTRADAY_FALLBACK)
2026-03-26 21:15:27 | INFO | Trend values used for slope calc: B32=0.880(INTRADAY_FALLBACK), B31=0.672(INTRADAY_FALLBACK), B30=0.472(INTRADAY_FALLBACK), B29=0.264(INTRADAY_FALLBACK)
2026-03-26 21:15:27 | INFO | Detected Trend Type: INCREASING
2026-03-26 21:15:27 | INFO | Trend Slope Percentage: 232.02%
2026-03-26 21:15:27 | INFO | Trend EPS Threshold: 1.50%
2026-03-26 21:15:27 | INFO | --- SCHEDULE CALCULATION ---
2026-03-26 21:15:27 | INFO | Condition Applied: CONDITION_3
2026-03-26 21:15:27 | INFO | Effective Base Forecast Used for Adjustments: 0.932 MW
2026-03-26 21:15:27 | INFO | Condition-3 (Phase-6) Applied:
2026-03-26 21:15:27 | INFO |   Forecast Mismatch: Intraday (1.096) != Day-ahead (1.370)
2026-03-26 21:15:27 | INFO |   Operation: ADD
2026-03-26 21:15:27 | INFO |   Base Adjustment %: 3.00%
2026-03-26 21:15:27 | INFO |   Irradiance Multiplier: 0.22x
2026-03-26 21:15:27 | INFO |   Temp Multiplier: 0.92x
2026-03-26 21:15:27 | INFO |   Wind Multiplier: 0.95x
2026-03-26 21:15:27 | INFO |   Weather Multiplier: 0.19x
2026-03-26 21:15:27 | INFO |   Final Adjustment %: 0.58%
2026-03-26 21:15:27 | INFO |   Calculation: 0.932 MW * (1 + 0.58% / 100)
2026-03-26 21:15:27 | INFO |   Formula (expanded): raw=0.9316*(1+0.5768/100)=0.9370
2026-03-26 21:15:27 | INFO | --- FINAL RESULT ---
2026-03-26 21:15:27 | INFO | Raw Schedule (before smoothing): 0.937 MW
2026-03-26 21:15:27 | INFO | Final Scheduled MW: 0.937 MW
2026-03-26 21:15:27 | INFO | --------------------------------------------------------------------------------
2026-03-26 21:15:27 | INFO | --------------------------------------------------------------------------------
2026-03-26 21:15:27 | INFO | BLOCK 34
2026-03-26 21:15:27 | INFO | --------------------------------------------------------------------------------
2026-03-26 21:15:27 | INFO | --- FORECAST DATA ---
2026-03-26 21:15:27 | INFO | Intraday Forecast (Enercast Raw): 1.650 MW
2026-03-26 21:15:27 | INFO | Intraday Forecast (Enercast, Scaled): 1.320 MW
2026-03-26 21:15:27 | INFO | Day-ahead Forecast (Enercast): 1.650 MW
2026-03-26 21:15:27 | INFO | Base Forecast (raw, before curtailment/shutdown): 1.122 MW
2026-03-26 21:15:27 | INFO | Base Forecast (used for schedule): 1.122 MW
2026-03-26 21:15:27 | INFO | Effective Base Forecast (after curtailment/shutdown): 1.122 MW
2026-03-26 21:15:27 | INFO | Plant Status: NORMAL
2026-03-26 21:15:27 | INFO | Effective Base Forecast = Base Forecast (raw) = 1.122 MW
2026-03-26 21:15:27 | INFO | --- WEATHER PARAMETERS ---
2026-03-26 21:15:27 | INFO | GTI: 300.0 W/m^2
2026-03-26 21:15:27 | INFO | DHI: 80.0 W/m^2
2026-03-26 21:15:27 | INFO | DNI: 0.0 W/m^2
2026-03-26 21:15:27 | INFO | Irradiance Ratio (GTI/MAX_GTI): 0.299
2026-03-26 21:15:27 | INFO | Diffuse Ratio (current): 0.267
2026-03-26 21:15:27 | INFO | Irradiance State: CLOUD_TRANSIENT
2026-03-26 21:15:27 | INFO | Temp @ 2m: 27.66 C
2026-03-26 21:15:27 | INFO | Wind @ 10m: 8.40 m/s
2026-03-26 21:15:27 | INFO | Weather State: NORMAL
2026-03-26 21:15:27 | INFO | Dynamic Thresholds: cloud_thr=0.0000, shift_thr=0.0000
2026-03-26 21:15:27 | INFO | Multipliers: irradiance=0.32x, temp=0.92x, wind=0.95x
2026-03-26 21:15:27 | INFO | Weather Multiplier (combined): 0.28x
2026-03-26 21:15:27 | INFO | Abrupt Weather Change Detected: False
2026-03-26 21:15:27 | INFO | --- TREND ANALYSIS ---
2026-03-26 21:15:27 | INFO | Trend series (oldest -> latest):
2026-03-26 21:15:27 | INFO |   Block 33: 1.096 MW (source: INTRADAY_FALLBACK)
2026-03-26 21:15:27 | INFO |   Block 32: 0.880 MW (source: INTRADAY_FALLBACK)
2026-03-26 21:15:27 | INFO |   Block 31: 0.672 MW (source: INTRADAY_FALLBACK)
2026-03-26 21:15:27 | INFO |   Block 30: 0.472 MW (source: INTRADAY_FALLBACK)
2026-03-26 21:15:27 | INFO | Trend values used for slope calc: B33=1.096(INTRADAY_FALLBACK), B32=0.880(INTRADAY_FALLBACK), B31=0.672(INTRADAY_FALLBACK), B30=0.472(INTRADAY_FALLBACK)
2026-03-26 21:15:27 | INFO | Detected Trend Type: INCREASING
2026-03-26 21:15:27 | INFO | Trend Slope Percentage: 133.33%
2026-03-26 21:15:27 | INFO | Trend EPS Threshold: 1.50%
2026-03-26 21:15:27 | INFO | --- SCHEDULE CALCULATION ---
2026-03-26 21:15:27 | INFO | Condition Applied: CONDITION_3
2026-03-26 21:15:27 | INFO | Effective Base Forecast Used for Adjustments: 1.122 MW
2026-03-26 21:15:27 | INFO | Condition-3 (Phase-6) Applied:
2026-03-26 21:15:27 | INFO |   Forecast Mismatch: Intraday (1.320) != Day-ahead (1.650)
2026-03-26 21:15:27 | INFO |   Operation: ADD
2026-03-26 21:15:27 | INFO |   Base Adjustment %: 3.00%
2026-03-26 21:15:27 | INFO |   Irradiance Multiplier: 0.32x
2026-03-26 21:15:27 | INFO |   Temp Multiplier: 0.92x
2026-03-26 21:15:27 | INFO |   Wind Multiplier: 0.95x
2026-03-26 21:15:27 | INFO |   Weather Multiplier: 0.28x
2026-03-26 21:15:27 | INFO |   Final Adjustment %: 0.84%
2026-03-26 21:15:27 | INFO |   Calculation: 1.122 MW * (1 + 0.84% / 100)
2026-03-26 21:15:27 | INFO |   Formula (expanded): raw=1.1220*(1+0.8390/100)=1.1314
2026-03-26 21:15:27 | INFO | --- FINAL RESULT ---
2026-03-26 21:15:27 | INFO | Raw Schedule (before smoothing): 1.131 MW
2026-03-26 21:15:27 | INFO | Final Scheduled MW: 1.131 MW
2026-03-26 21:15:27 | INFO | --------------------------------------------------------------------------------
2026-03-26 21:15:27 | INFO | --------------------------------------------------------------------------------
2026-03-26 21:15:27 | INFO | BLOCK 35
2026-03-26 21:15:27 | INFO | --------------------------------------------------------------------------------
2026-03-26 21:15:27 | INFO | --- FORECAST DATA ---
2026-03-26 21:15:27 | INFO | Intraday Forecast (Enercast Raw): 1.920 MW
2026-03-26 21:15:27 | INFO | Intraday Forecast (Enercast, Scaled): 1.536 MW
2026-03-26 21:15:27 | INFO | Day-ahead Forecast (Enercast): 1.910 MW
2026-03-26 21:15:27 | INFO | Base Forecast (raw, before curtailment/shutdown): 1.306 MW
2026-03-26 21:15:27 | INFO | Base Forecast (used for schedule): 1.306 MW
2026-03-26 21:15:27 | INFO | Effective Base Forecast (after curtailment/shutdown): 1.306 MW
2026-03-26 21:15:27 | INFO | Plant Status: NORMAL
2026-03-26 21:15:27 | INFO | Effective Base Forecast = Base Forecast (raw) = 1.306 MW
2026-03-26 21:15:27 | INFO | --- WEATHER PARAMETERS ---
2026-03-26 21:15:27 | INFO | GTI: 363.0 W/m^2
2026-03-26 21:15:27 | INFO | DHI: 89.0 W/m^2
2026-03-26 21:15:27 | INFO | DNI: 0.0 W/m^2
2026-03-26 21:15:27 | INFO | Irradiance Ratio (GTI/MAX_GTI): 0.362
2026-03-26 21:15:27 | INFO | Diffuse Ratio (current): 0.245
2026-03-26 21:15:27 | INFO | Irradiance State: CLOUD_TRANSIENT
2026-03-26 21:15:27 | INFO | Temp @ 2m: 28.11 C
2026-03-26 21:15:27 | INFO | Wind @ 10m: 8.56 m/s
2026-03-26 21:15:27 | INFO | Weather State: NORMAL
2026-03-26 21:15:27 | INFO | Dynamic Thresholds: cloud_thr=0.0000, shift_thr=0.0000
2026-03-26 21:15:27 | INFO | Multipliers: irradiance=0.32x, temp=0.92x, wind=0.95x
2026-03-26 21:15:27 | INFO | Weather Multiplier (combined): 0.28x
2026-03-26 21:15:27 | INFO | Abrupt Weather Change Detected: False
2026-03-26 21:15:27 | INFO | --- TREND ANALYSIS ---
2026-03-26 21:15:27 | INFO | Trend series (oldest -> latest):
2026-03-26 21:15:27 | INFO |   Block 34: 1.320 MW (source: INTRADAY_FALLBACK)
2026-03-26 21:15:27 | INFO |   Block 33: 1.096 MW (source: INTRADAY_FALLBACK)
2026-03-26 21:15:27 | INFO |   Block 32: 0.880 MW (source: INTRADAY_FALLBACK)
2026-03-26 21:15:27 | INFO |   Block 31: 0.672 MW (source: INTRADAY_FALLBACK)
2026-03-26 21:15:27 | INFO | Trend values used for slope calc: B34=1.320(INTRADAY_FALLBACK), B33=1.096(INTRADAY_FALLBACK), B32=0.880(INTRADAY_FALLBACK), B31=0.672(INTRADAY_FALLBACK)
2026-03-26 21:15:27 | INFO | Detected Trend Type: INCREASING
2026-03-26 21:15:27 | INFO | Trend Slope Percentage: 97.01%
2026-03-26 21:15:27 | INFO | Trend EPS Threshold: 1.50%
2026-03-26 21:15:27 | INFO | --- SCHEDULE CALCULATION ---
2026-03-26 21:15:27 | INFO | Condition Applied: CONDITION_3
2026-03-26 21:15:27 | INFO | Effective Base Forecast Used for Adjustments: 1.306 MW
2026-03-26 21:15:27 | INFO | Condition-3 (Phase-6) Applied:
2026-03-26 21:15:27 | INFO |   Forecast Mismatch: Intraday (1.536) != Day-ahead (1.910)
2026-03-26 21:15:27 | INFO |   Operation: ADD
2026-03-26 21:15:27 | INFO |   Base Adjustment %: 3.00%
2026-03-26 21:15:27 | INFO |   Irradiance Multiplier: 0.32x
2026-03-26 21:15:27 | INFO |   Temp Multiplier: 0.92x
2026-03-26 21:15:27 | INFO |   Wind Multiplier: 0.95x
2026-03-26 21:15:27 | INFO |   Weather Multiplier: 0.28x
2026-03-26 21:15:27 | INFO |   Final Adjustment %: 0.84%
2026-03-26 21:15:27 | INFO |   Calculation: 1.306 MW * (1 + 0.84% / 100)
2026-03-26 21:15:27 | INFO |   Formula (expanded): raw=1.3056*(1+0.8390/100)=1.3166
2026-03-26 21:15:27 | INFO | --- FINAL RESULT ---
2026-03-26 21:15:27 | INFO | Raw Schedule (before smoothing): 1.317 MW
2026-03-26 21:15:27 | INFO | Final Scheduled MW: 1.317 MW
2026-03-26 21:15:27 | INFO | --------------------------------------------------------------------------------
2026-03-26 21:15:27 | INFO | --------------------------------------------------------------------------------
2026-03-26 21:15:27 | INFO | BLOCK 36
2026-03-26 21:15:27 | INFO | --------------------------------------------------------------------------------
2026-03-26 21:15:27 | INFO | --- FORECAST DATA ---
2026-03-26 21:15:27 | INFO | Intraday Forecast (Enercast Raw): 2.180 MW
2026-03-26 21:15:27 | INFO | Intraday Forecast (Enercast, Scaled): 1.744 MW
2026-03-26 21:15:27 | INFO | Day-ahead Forecast (Enercast): 2.170 MW
2026-03-26 21:15:27 | INFO | Base Forecast (raw, before curtailment/shutdown): 1.482 MW
2026-03-26 21:15:27 | INFO | Base Forecast (used for schedule): 1.482 MW
2026-03-26 21:15:27 | INFO | Effective Base Forecast (after curtailment/shutdown): 1.482 MW
2026-03-26 21:15:27 | INFO | Plant Status: NORMAL
2026-03-26 21:15:27 | INFO | Effective Base Forecast = Base Forecast (raw) = 1.482 MW
2026-03-26 21:15:27 | INFO | --- WEATHER PARAMETERS ---
2026-03-26 21:15:27 | INFO | GTI: 424.0 W/m^2
2026-03-26 21:15:27 | INFO | DHI: 96.0 W/m^2
2026-03-26 21:15:27 | INFO | DNI: 0.0 W/m^2
2026-03-26 21:15:27 | INFO | Irradiance Ratio (GTI/MAX_GTI): 0.422
2026-03-26 21:15:27 | INFO | Diffuse Ratio (current): 0.226
2026-03-26 21:15:27 | INFO | Irradiance State: CLOUD_TRANSIENT
2026-03-26 21:15:27 | INFO | Temp @ 2m: 28.56 C
2026-03-26 21:15:27 | INFO | Wind @ 10m: 8.43 m/s
2026-03-26 21:15:27 | INFO | Weather State: NORMAL
2026-03-26 21:15:27 | INFO | Dynamic Thresholds: cloud_thr=0.0000, shift_thr=0.0000
2026-03-26 21:15:27 | INFO | Multipliers: irradiance=0.32x, temp=0.92x, wind=0.95x
2026-03-26 21:15:27 | INFO | Weather Multiplier (combined): 0.28x
2026-03-26 21:15:27 | INFO | Abrupt Weather Change Detected: False
2026-03-26 21:15:27 | INFO | --- TREND ANALYSIS ---
2026-03-26 21:15:27 | INFO | Trend series (oldest -> latest):
2026-03-26 21:15:27 | INFO |   Block 35: 1.536 MW (source: INTRADAY_FALLBACK)
2026-03-26 21:15:27 | INFO |   Block 34: 1.320 MW (source: INTRADAY_FALLBACK)
2026-03-26 21:15:27 | INFO |   Block 33: 1.096 MW (source: INTRADAY_FALLBACK)
2026-03-26 21:15:27 | INFO |   Block 32: 0.880 MW (source: INTRADAY_FALLBACK)
2026-03-26 21:15:27 | INFO | Trend values used for slope calc: B35=1.536(INTRADAY_FALLBACK), B34=1.320(INTRADAY_FALLBACK), B33=1.096(INTRADAY_FALLBACK), B32=0.880(INTRADAY_FALLBACK)
2026-03-26 21:15:27 | INFO | Detected Trend Type: INCREASING
2026-03-26 21:15:27 | INFO | Trend Slope Percentage: 74.80%
2026-03-26 21:15:27 | INFO | Trend EPS Threshold: 1.50%
2026-03-26 21:15:27 | INFO | --- SCHEDULE CALCULATION ---
2026-03-26 21:15:27 | INFO | Condition Applied: CONDITION_3
2026-03-26 21:15:27 | INFO | Effective Base Forecast Used for Adjustments: 1.482 MW
2026-03-26 21:15:27 | INFO | Condition-3 (Phase-6) Applied:
2026-03-26 21:15:27 | INFO |   Forecast Mismatch: Intraday (1.744) != Day-ahead (2.170)
2026-03-26 21:15:27 | INFO |   Operation: ADD
2026-03-26 21:15:27 | INFO |   Base Adjustment %: 3.00%
2026-03-26 21:15:27 | INFO |   Irradiance Multiplier: 0.32x
2026-03-26 21:15:27 | INFO |   Temp Multiplier: 0.92x
2026-03-26 21:15:27 | INFO |   Wind Multiplier: 0.95x
2026-03-26 21:15:27 | INFO |   Weather Multiplier: 0.28x
2026-03-26 21:15:27 | INFO |   Final Adjustment %: 0.84%
2026-03-26 21:15:27 | INFO |   Calculation: 1.482 MW * (1 + 0.84% / 100)
2026-03-26 21:15:27 | INFO |   Formula (expanded): raw=1.4824*(1+0.8390/100)=1.4948
2026-03-26 21:15:27 | INFO | --- FINAL RESULT ---
2026-03-26 21:15:27 | INFO | Raw Schedule (before smoothing): 1.495 MW
2026-03-26 21:15:27 | INFO | Final Scheduled MW: 1.495 MW
2026-03-26 21:15:27 | INFO | --------------------------------------------------------------------------------
2026-03-26 21:15:27 | INFO | --------------------------------------------------------------------------------
2026-03-26 21:15:27 | INFO | BLOCK 37
2026-03-26 21:15:27 | INFO | --------------------------------------------------------------------------------
2026-03-26 21:15:27 | INFO | --- FORECAST DATA ---
2026-03-26 21:15:27 | INFO | Intraday Forecast (Enercast Raw): 2.430 MW
2026-03-26 21:15:27 | INFO | Intraday Forecast (Enercast, Scaled): 1.944 MW
2026-03-26 21:15:27 | INFO | Day-ahead Forecast (Enercast): 2.420 MW
2026-03-26 21:15:27 | INFO | Base Forecast (raw, before curtailment/shutdown): 1.652 MW
2026-03-26 21:15:27 | INFO | Base Forecast (used for schedule): 1.652 MW
2026-03-26 21:15:27 | INFO | Effective Base Forecast (after curtailment/shutdown): 1.652 MW
2026-03-26 21:15:27 | INFO | Plant Status: NORMAL
2026-03-26 21:15:27 | INFO | Effective Base Forecast = Base Forecast (raw) = 1.652 MW
2026-03-26 21:15:27 | INFO | --- WEATHER PARAMETERS ---
2026-03-26 21:15:27 | INFO | GTI: 484.0 W/m^2
2026-03-26 21:15:27 | INFO | DHI: 101.0 W/m^2
2026-03-26 21:15:27 | INFO | DNI: 0.0 W/m^2
2026-03-26 21:15:27 | INFO | Irradiance Ratio (GTI/MAX_GTI): 0.482
2026-03-26 21:15:27 | INFO | Diffuse Ratio (current): 0.209
2026-03-26 21:15:27 | INFO | Irradiance State: CLOUD_TRANSIENT
2026-03-26 21:15:27 | INFO | Temp @ 2m: 28.96 C
2026-03-26 21:15:27 | INFO | Wind @ 10m: 7.90 m/s
2026-03-26 21:15:27 | INFO | Weather State: NORMAL
2026-03-26 21:15:27 | INFO | Dynamic Thresholds: cloud_thr=0.0000, shift_thr=0.0000
2026-03-26 21:15:27 | INFO | Multipliers: irradiance=0.32x, temp=0.92x, wind=0.95x
2026-03-26 21:15:27 | INFO | Weather Multiplier (combined): 0.28x
2026-03-26 21:15:27 | INFO | Abrupt Weather Change Detected: False
2026-03-26 21:15:27 | INFO | --- TREND ANALYSIS ---
2026-03-26 21:15:27 | INFO | Trend series (oldest -> latest):
2026-03-26 21:15:27 | INFO |   Block 36: 1.744 MW (source: INTRADAY_FALLBACK)
2026-03-26 21:15:27 | INFO |   Block 35: 1.536 MW (source: INTRADAY_FALLBACK)
2026-03-26 21:15:27 | INFO |   Block 34: 1.320 MW (source: INTRADAY_FALLBACK)
2026-03-26 21:15:27 | INFO |   Block 33: 1.096 MW (source: INTRADAY_FALLBACK)
2026-03-26 21:15:27 | INFO | Trend values used for slope calc: B36=1.744(INTRADAY_FALLBACK), B35=1.536(INTRADAY_FALLBACK), B34=1.320(INTRADAY_FALLBACK), B33=1.096(INTRADAY_FALLBACK)
2026-03-26 21:15:27 | INFO | Detected Trend Type: INCREASING
2026-03-26 21:15:27 | INFO | Trend Slope Percentage: 58.91%
2026-03-26 21:15:27 | INFO | Trend EPS Threshold: 1.50%
2026-03-26 21:15:27 | INFO | --- SCHEDULE CALCULATION ---
2026-03-26 21:15:27 | INFO | Condition Applied: CONDITION_3
2026-03-26 21:15:27 | INFO | Effective Base Forecast Used for Adjustments: 1.652 MW
2026-03-26 21:15:27 | INFO | Condition-3 (Phase-6) Applied:
2026-03-26 21:15:27 | INFO |   Forecast Mismatch: Intraday (1.944) != Day-ahead (2.420)
2026-03-26 21:15:27 | INFO |   Operation: ADD
2026-03-26 21:15:27 | INFO |   Base Adjustment %: 3.00%
2026-03-26 21:15:27 | INFO |   Irradiance Multiplier: 0.32x
2026-03-26 21:15:27 | INFO |   Temp Multiplier: 0.92x
2026-03-26 21:15:27 | INFO |   Wind Multiplier: 0.95x
2026-03-26 21:15:27 | INFO |   Weather Multiplier: 0.28x
2026-03-26 21:15:27 | INFO |   Final Adjustment %: 0.84%
2026-03-26 21:15:27 | INFO |   Calculation: 1.652 MW * (1 + 0.84% / 100)
2026-03-26 21:15:27 | INFO |   Formula (expanded): raw=1.6524*(1+0.8390/100)=1.6663
2026-03-26 21:15:27 | INFO | --- FINAL RESULT ---
2026-03-26 21:15:27 | INFO | Raw Schedule (before smoothing): 1.666 MW
2026-03-26 21:15:27 | INFO | Final Scheduled MW: 1.666 MW
2026-03-26 21:15:27 | INFO | --------------------------------------------------------------------------------
2026-03-26 21:15:27 | INFO | --------------------------------------------------------------------------------
2026-03-26 21:15:27 | INFO | BLOCK 38
2026-03-26 21:15:27 | INFO | --------------------------------------------------------------------------------
2026-03-26 21:15:27 | INFO | --- FORECAST DATA ---
2026-03-26 21:15:27 | INFO | Intraday Forecast (Enercast Raw): 2.680 MW
2026-03-26 21:15:27 | INFO | Intraday Forecast (Enercast, Scaled): 2.144 MW
2026-03-26 21:15:27 | INFO | Day-ahead Forecast (Enercast): 2.680 MW
2026-03-26 21:15:27 | INFO | Base Forecast (raw, before curtailment/shutdown): 1.822 MW
2026-03-26 21:15:27 | INFO | Base Forecast (used for schedule): 1.822 MW
2026-03-26 21:15:27 | INFO | Effective Base Forecast (after curtailment/shutdown): 1.822 MW
2026-03-26 21:15:27 | INFO | Plant Status: NORMAL
2026-03-26 21:15:27 | INFO | Effective Base Forecast = Base Forecast (raw) = 1.822 MW
2026-03-26 21:15:27 | INFO | --- WEATHER PARAMETERS ---
2026-03-26 21:15:27 | INFO | GTI: 544.0 W/m^2
2026-03-26 21:15:27 | INFO | DHI: 106.0 W/m^2
2026-03-26 21:15:27 | INFO | DNI: 0.0 W/m^2
2026-03-26 21:15:27 | INFO | Irradiance Ratio (GTI/MAX_GTI): 0.542
2026-03-26 21:15:27 | INFO | Diffuse Ratio (current): 0.195
2026-03-26 21:15:27 | INFO | Irradiance State: VARIABLE_CLEAR
2026-03-26 21:15:27 | INFO | Temp @ 2m: 29.41 C
2026-03-26 21:15:27 | INFO | Wind @ 10m: 7.59 m/s
2026-03-26 21:15:27 | INFO | Weather State: NORMAL
2026-03-26 21:15:27 | INFO | Dynamic Thresholds: cloud_thr=0.0000, shift_thr=0.0000
2026-03-26 21:15:27 | INFO | Multipliers: irradiance=0.60x, temp=0.92x, wind=0.95x
2026-03-26 21:15:27 | INFO | Weather Multiplier (combined): 0.52x
2026-03-26 21:15:27 | INFO | Abrupt Weather Change Detected: False
2026-03-26 21:15:27 | INFO | --- TREND ANALYSIS ---
2026-03-26 21:15:27 | INFO | Trend series (oldest -> latest):
2026-03-26 21:15:27 | INFO |   Block 37: 1.944 MW (source: INTRADAY_FALLBACK)
2026-03-26 21:15:27 | INFO |   Block 36: 1.744 MW (source: INTRADAY_FALLBACK)
2026-03-26 21:15:27 | INFO |   Block 35: 1.536 MW (source: INTRADAY_FALLBACK)
2026-03-26 21:15:27 | INFO |   Block 34: 1.320 MW (source: INTRADAY_FALLBACK)
2026-03-26 21:15:27 | INFO | Trend values used for slope calc: B37=1.944(INTRADAY_FALLBACK), B36=1.744(INTRADAY_FALLBACK), B35=1.536(INTRADAY_FALLBACK), B34=1.320(INTRADAY_FALLBACK)
2026-03-26 21:15:27 | INFO | Detected Trend Type: INCREASING
2026-03-26 21:15:27 | INFO | Trend Slope Percentage: 47.13%
2026-03-26 21:15:27 | INFO | Trend EPS Threshold: 1.50%
2026-03-26 21:15:27 | INFO | --- SCHEDULE CALCULATION ---
2026-03-26 21:15:27 | INFO | Condition Applied: CONDITION_3
2026-03-26 21:15:27 | INFO | Effective Base Forecast Used for Adjustments: 1.822 MW
2026-03-26 21:15:27 | INFO | Condition-3 (Phase-6) Applied:
2026-03-26 21:15:27 | INFO |   Forecast Mismatch: Intraday (2.144) != Day-ahead (2.680)
2026-03-26 21:15:27 | INFO |   Operation: ADD
2026-03-26 21:15:27 | INFO |   Base Adjustment %: 3.00%
2026-03-26 21:15:27 | INFO |   Irradiance Multiplier: 0.60x
2026-03-26 21:15:27 | INFO |   Temp Multiplier: 0.92x
2026-03-26 21:15:27 | INFO |   Wind Multiplier: 0.95x
2026-03-26 21:15:27 | INFO |   Weather Multiplier: 0.52x
2026-03-26 21:15:27 | INFO |   Final Adjustment %: 1.57%
2026-03-26 21:15:27 | INFO |   Calculation: 1.822 MW * (1 + 1.57% / 100)
2026-03-26 21:15:27 | INFO |   Formula (expanded): raw=1.8224*(1+1.5732/100)=1.8511
2026-03-26 21:15:27 | INFO | --- FINAL RESULT ---
2026-03-26 21:15:27 | INFO | Raw Schedule (before smoothing): 1.851 MW
2026-03-26 21:15:27 | INFO | Final Scheduled MW: 1.851 MW
2026-03-26 21:15:27 | INFO | --------------------------------------------------------------------------------
2026-03-26 21:15:27 | INFO | --------------------------------------------------------------------------------
2026-03-26 21:15:27 | INFO | BLOCK 39
2026-03-26 21:15:27 | INFO | --------------------------------------------------------------------------------
2026-03-26 21:15:27 | INFO | --- FORECAST DATA ---
2026-03-26 21:15:27 | INFO | Intraday Forecast (Enercast Raw): 2.910 MW
2026-03-26 21:15:27 | INFO | Intraday Forecast (Enercast, Scaled): 2.328 MW
2026-03-26 21:15:27 | INFO | Day-ahead Forecast (Enercast): 2.910 MW
2026-03-26 21:15:27 | INFO | Base Forecast (raw, before curtailment/shutdown): 1.979 MW
2026-03-26 21:15:27 | INFO | Base Forecast (used for schedule): 1.979 MW
2026-03-26 21:15:27 | INFO | Effective Base Forecast (after curtailment/shutdown): 1.979 MW
2026-03-26 21:15:27 | INFO | Plant Status: NORMAL
2026-03-26 21:15:27 | INFO | Effective Base Forecast = Base Forecast (raw) = 1.979 MW
2026-03-26 21:15:27 | INFO | --- WEATHER PARAMETERS ---
2026-03-26 21:15:27 | INFO | GTI: 602.0 W/m^2
2026-03-26 21:15:27 | INFO | DHI: 110.0 W/m^2
2026-03-26 21:15:27 | INFO | DNI: 0.0 W/m^2
2026-03-26 21:15:27 | INFO | Irradiance Ratio (GTI/MAX_GTI): 0.600
2026-03-26 21:15:27 | INFO | Diffuse Ratio (current): 0.183
2026-03-26 21:15:27 | INFO | Irradiance State: VARIABLE_CLEAR
2026-03-26 21:15:27 | INFO | Temp @ 2m: 29.81 C
2026-03-26 21:15:27 | INFO | Wind @ 10m: 7.15 m/s
2026-03-26 21:15:27 | INFO | Weather State: NORMAL
2026-03-26 21:15:27 | INFO | Dynamic Thresholds: cloud_thr=0.0000, shift_thr=0.0000
2026-03-26 21:15:27 | INFO | Multipliers: irradiance=0.60x, temp=0.92x, wind=0.95x
2026-03-26 21:15:27 | INFO | Weather Multiplier (combined): 0.52x
2026-03-26 21:15:27 | INFO | Abrupt Weather Change Detected: False
2026-03-26 21:15:27 | INFO | --- TREND ANALYSIS ---
2026-03-26 21:15:27 | INFO | Trend series (oldest -> latest):
2026-03-26 21:15:27 | INFO |   Block 38: 2.144 MW (source: INTRADAY_FALLBACK)
2026-03-26 21:15:27 | INFO |   Block 37: 1.944 MW (source: INTRADAY_FALLBACK)
2026-03-26 21:15:27 | INFO |   Block 36: 1.744 MW (source: INTRADAY_FALLBACK)
2026-03-26 21:15:27 | INFO |   Block 35: 1.536 MW (source: INTRADAY_FALLBACK)
2026-03-26 21:15:27 | INFO | Trend values used for slope calc: B38=2.144(INTRADAY_FALLBACK), B37=1.944(INTRADAY_FALLBACK), B36=1.744(INTRADAY_FALLBACK), B35=1.536(INTRADAY_FALLBACK)
2026-03-26 21:15:27 | INFO | Detected Trend Type: INCREASING
2026-03-26 21:15:27 | INFO | Trend Slope Percentage: 39.47%
2026-03-26 21:15:27 | INFO | Trend EPS Threshold: 1.50%
2026-03-26 21:15:27 | INFO | --- SCHEDULE CALCULATION ---
2026-03-26 21:15:27 | INFO | Condition Applied: CONDITION_3
2026-03-26 21:15:27 | INFO | Effective Base Forecast Used for Adjustments: 1.979 MW
2026-03-26 21:15:27 | INFO | Condition-3 (Phase-6) Applied:
2026-03-26 21:15:27 | INFO |   Forecast Mismatch: Intraday (2.328) != Day-ahead (2.910)
2026-03-26 21:15:27 | INFO |   Operation: ADD
2026-03-26 21:15:27 | INFO |   Base Adjustment %: 3.00%
2026-03-26 21:15:27 | INFO |   Irradiance Multiplier: 0.60x
2026-03-26 21:15:27 | INFO |   Temp Multiplier: 0.92x
2026-03-26 21:15:27 | INFO |   Wind Multiplier: 0.95x
2026-03-26 21:15:27 | INFO |   Weather Multiplier: 0.52x
2026-03-26 21:15:27 | INFO |   Final Adjustment %: 1.57%
2026-03-26 21:15:27 | INFO |   Calculation: 1.979 MW * (1 + 1.57% / 100)
2026-03-26 21:15:27 | INFO |   Formula (expanded): raw=1.9788*(1+1.5732/100)=2.0099
2026-03-26 21:15:27 | INFO | --- FINAL RESULT ---
2026-03-26 21:15:27 | INFO | Raw Schedule (before smoothing): 2.010 MW
2026-03-26 21:15:27 | INFO | Final Scheduled MW: 2.010 MW
2026-03-26 21:15:27 | INFO | --------------------------------------------------------------------------------
2026-03-26 21:15:27 | INFO | --------------------------------------------------------------------------------
2026-03-26 21:15:27 | INFO | BLOCK 40
2026-03-26 21:15:27 | INFO | --------------------------------------------------------------------------------
2026-03-26 21:15:27 | INFO | --- FORECAST DATA ---
2026-03-26 21:15:27 | INFO | Intraday Forecast (Enercast Raw): 3.120 MW
2026-03-26 21:15:27 | INFO | Intraday Forecast (Enercast, Scaled): 2.496 MW
2026-03-26 21:15:27 | INFO | Day-ahead Forecast (Enercast): 3.120 MW
2026-03-26 21:15:27 | INFO | Base Forecast (raw, before curtailment/shutdown): 2.122 MW
2026-03-26 21:15:27 | INFO | Base Forecast (used for schedule): 2.122 MW
2026-03-26 21:15:27 | INFO | Effective Base Forecast (after curtailment/shutdown): 2.122 MW
2026-03-26 21:15:27 | INFO | Plant Status: NORMAL
2026-03-26 21:15:27 | INFO | Effective Base Forecast = Base Forecast (raw) = 2.122 MW
2026-03-26 21:15:27 | INFO | --- WEATHER PARAMETERS ---
2026-03-26 21:15:27 | INFO | GTI: 656.0 W/m^2
2026-03-26 21:15:27 | INFO | DHI: 114.0 W/m^2
2026-03-26 21:15:27 | INFO | DNI: 0.0 W/m^2
2026-03-26 21:15:27 | INFO | Irradiance Ratio (GTI/MAX_GTI): 0.653
2026-03-26 21:15:27 | INFO | Diffuse Ratio (current): 0.174
2026-03-26 21:15:27 | INFO | Irradiance State: VARIABLE_CLEAR
2026-03-26 21:15:27 | INFO | Temp @ 2m: 30.26 C
2026-03-26 21:15:27 | INFO | Wind @ 10m: 7.20 m/s
2026-03-26 21:15:27 | INFO | Weather State: NORMAL
2026-03-26 21:15:27 | INFO | Dynamic Thresholds: cloud_thr=0.0000, shift_thr=0.0000
2026-03-26 21:15:27 | INFO | Multipliers: irradiance=0.60x, temp=0.92x, wind=0.95x
2026-03-26 21:15:27 | INFO | Weather Multiplier (combined): 0.52x
2026-03-26 21:15:27 | INFO | Abrupt Weather Change Detected: False
2026-03-26 21:15:27 | INFO | --- TREND ANALYSIS ---
2026-03-26 21:15:27 | INFO | Trend series (oldest -> latest):
2026-03-26 21:15:27 | INFO |   Block 39: 2.328 MW (source: INTRADAY_FALLBACK)
2026-03-26 21:15:27 | INFO |   Block 38: 2.144 MW (source: INTRADAY_FALLBACK)
2026-03-26 21:15:27 | INFO |   Block 37: 1.944 MW (source: INTRADAY_FALLBACK)
2026-03-26 21:15:27 | INFO |   Block 36: 1.744 MW (source: INTRADAY_FALLBACK)
2026-03-26 21:15:27 | INFO | Trend values used for slope calc: B39=2.328(INTRADAY_FALLBACK), B38=2.144(INTRADAY_FALLBACK), B37=1.944(INTRADAY_FALLBACK), B36=1.744(INTRADAY_FALLBACK)
2026-03-26 21:15:27 | INFO | Detected Trend Type: INCREASING
2026-03-26 21:15:27 | INFO | Trend Slope Percentage: 33.52%
2026-03-26 21:15:27 | INFO | Trend EPS Threshold: 1.50%
2026-03-26 21:15:27 | INFO | --- SCHEDULE CALCULATION ---
2026-03-26 21:15:27 | INFO | Condition Applied: CONDITION_3
2026-03-26 21:15:27 | INFO | Effective Base Forecast Used for Adjustments: 2.122 MW
2026-03-26 21:15:27 | INFO | Condition-3 (Phase-6) Applied:
2026-03-26 21:15:27 | INFO |   Forecast Mismatch: Intraday (2.496) != Day-ahead (3.120)
2026-03-26 21:15:27 | INFO |   Operation: ADD
2026-03-26 21:15:27 | INFO |   Base Adjustment %: 3.00%
2026-03-26 21:15:27 | INFO |   Irradiance Multiplier: 0.60x
2026-03-26 21:15:27 | INFO |   Temp Multiplier: 0.92x
2026-03-26 21:15:27 | INFO |   Wind Multiplier: 0.95x
2026-03-26 21:15:27 | INFO |   Weather Multiplier: 0.52x
2026-03-26 21:15:27 | INFO |   Final Adjustment %: 1.57%
2026-03-26 21:15:27 | INFO |   Calculation: 2.122 MW * (1 + 1.57% / 100)
2026-03-26 21:15:27 | INFO |   Formula (expanded): raw=2.1216*(1+1.5732/100)=2.1550
2026-03-26 21:15:27 | INFO | --- FINAL RESULT ---
2026-03-26 21:15:27 | INFO | Raw Schedule (before smoothing): 2.155 MW
2026-03-26 21:15:27 | INFO | Final Scheduled MW: 2.155 MW
2026-03-26 21:15:27 | INFO | --------------------------------------------------------------------------------
2026-03-26 21:15:27 | INFO | --------------------------------------------------------------------------------
2026-03-26 21:15:27 | INFO | BLOCK 41
2026-03-26 21:15:27 | INFO | --------------------------------------------------------------------------------
2026-03-26 21:15:27 | INFO | --- FORECAST DATA ---
2026-03-26 21:15:27 | INFO | Intraday Forecast (Enercast Raw): 3.310 MW
2026-03-26 21:15:27 | INFO | Intraday Forecast (Enercast, Scaled): 2.648 MW
2026-03-26 21:15:27 | INFO | Day-ahead Forecast (Enercast): 3.310 MW
2026-03-26 21:15:27 | INFO | Base Forecast (raw, before curtailment/shutdown): 2.251 MW
2026-03-26 21:15:27 | INFO | Base Forecast (used for schedule): 2.251 MW
2026-03-26 21:15:27 | INFO | Effective Base Forecast (after curtailment/shutdown): 2.251 MW
2026-03-26 21:15:27 | INFO | Plant Status: NORMAL
2026-03-26 21:15:27 | INFO | Effective Base Forecast = Base Forecast (raw) = 2.251 MW
2026-03-26 21:15:27 | INFO | --- WEATHER PARAMETERS ---
2026-03-26 21:15:27 | INFO | GTI: 707.0 W/m^2
2026-03-26 21:15:27 | INFO | DHI: 117.0 W/m^2
2026-03-26 21:15:27 | INFO | DNI: 0.0 W/m^2
2026-03-26 21:15:27 | INFO | Irradiance Ratio (GTI/MAX_GTI): 0.704
2026-03-26 21:15:27 | INFO | Diffuse Ratio (current): 0.165
2026-03-26 21:15:27 | INFO | Irradiance State: VARIABLE_CLEAR
2026-03-26 21:15:27 | INFO | Temp @ 2m: 30.66 C
2026-03-26 21:15:27 | INFO | Wind @ 10m: 7.73 m/s
2026-03-26 21:15:27 | INFO | Weather State: NORMAL
2026-03-26 21:15:27 | INFO | Dynamic Thresholds: cloud_thr=0.0000, shift_thr=0.0000
2026-03-26 21:15:27 | INFO | Multipliers: irradiance=0.60x, temp=0.92x, wind=0.95x
2026-03-26 21:15:27 | INFO | Weather Multiplier (combined): 0.52x
2026-03-26 21:15:27 | INFO | Abrupt Weather Change Detected: False
2026-03-26 21:15:27 | INFO | --- TREND ANALYSIS ---
2026-03-26 21:15:27 | INFO | Trend series (oldest -> latest):
2026-03-26 21:15:27 | INFO |   Block 40: 2.496 MW (source: INTRADAY_FALLBACK)
2026-03-26 21:15:27 | INFO |   Block 39: 2.328 MW (source: INTRADAY_FALLBACK)
2026-03-26 21:15:27 | INFO |   Block 38: 2.144 MW (source: INTRADAY_FALLBACK)
2026-03-26 21:15:27 | INFO |   Block 37: 1.944 MW (source: INTRADAY_FALLBACK)
2026-03-26 21:15:27 | INFO | Trend values used for slope calc: B40=2.496(INTRADAY_FALLBACK), B39=2.328(INTRADAY_FALLBACK), B38=2.144(INTRADAY_FALLBACK), B37=1.944(INTRADAY_FALLBACK)
2026-03-26 21:15:27 | INFO | Detected Trend Type: INCREASING
2026-03-26 21:15:27 | INFO | Trend Slope Percentage: 28.28%
2026-03-26 21:15:27 | INFO | Trend EPS Threshold: 1.50%
2026-03-26 21:15:27 | INFO | --- SCHEDULE CALCULATION ---
2026-03-26 21:15:27 | INFO | Condition Applied: CONDITION_3
2026-03-26 21:15:27 | INFO | Effective Base Forecast Used for Adjustments: 2.251 MW
2026-03-26 21:15:27 | INFO | Condition-3 (Phase-6) Applied:
2026-03-26 21:15:27 | INFO |   Forecast Mismatch: Intraday (2.648) != Day-ahead (3.310)
2026-03-26 21:15:27 | INFO |   Operation: ADD
2026-03-26 21:15:27 | INFO |   Base Adjustment %: 3.00%
2026-03-26 21:15:27 | INFO |   Irradiance Multiplier: 0.60x
2026-03-26 21:15:27 | INFO |   Temp Multiplier: 0.92x
2026-03-26 21:15:27 | INFO |   Wind Multiplier: 0.95x
2026-03-26 21:15:27 | INFO |   Weather Multiplier: 0.52x
2026-03-26 21:15:27 | INFO |   Final Adjustment %: 1.57%
2026-03-26 21:15:27 | INFO |   Calculation: 2.251 MW * (1 + 1.57% / 100)
2026-03-26 21:15:27 | INFO |   Formula (expanded): raw=2.2508*(1+1.5732/100)=2.2862
2026-03-26 21:15:27 | INFO | --- FINAL RESULT ---
2026-03-26 21:15:27 | INFO | Raw Schedule (before smoothing): 2.286 MW
2026-03-26 21:15:27 | INFO | Final Scheduled MW: 2.286 MW
2026-03-26 21:15:27 | INFO | --------------------------------------------------------------------------------
2026-03-26 21:15:27 | INFO | --------------------------------------------------------------------------------
2026-03-26 21:15:27 | INFO | BLOCK 42
2026-03-26 21:15:27 | INFO | --------------------------------------------------------------------------------
2026-03-26 21:15:27 | INFO | --- FORECAST DATA ---
2026-03-26 21:15:27 | INFO | Intraday Forecast (Enercast Raw): 3.460 MW
2026-03-26 21:15:27 | INFO | Intraday Forecast (Enercast, Scaled): 2.768 MW
2026-03-26 21:15:27 | INFO | Day-ahead Forecast (Enercast): 3.470 MW
2026-03-26 21:15:27 | INFO | Base Forecast (raw, before curtailment/shutdown): 2.353 MW
2026-03-26 21:15:27 | INFO | Base Forecast (used for schedule): 2.353 MW
2026-03-26 21:15:27 | INFO | Effective Base Forecast (after curtailment/shutdown): 2.353 MW
2026-03-26 21:15:27 | INFO | Plant Status: NORMAL
2026-03-26 21:15:27 | INFO | Effective Base Forecast = Base Forecast (raw) = 2.353 MW
2026-03-26 21:15:27 | INFO | --- WEATHER PARAMETERS ---
2026-03-26 21:15:27 | INFO | GTI: 756.0 W/m^2
2026-03-26 21:15:27 | INFO | DHI: 120.0 W/m^2
2026-03-26 21:15:27 | INFO | DNI: 0.0 W/m^2
2026-03-26 21:15:27 | INFO | Irradiance Ratio (GTI/MAX_GTI): 0.753
2026-03-26 21:15:27 | INFO | Diffuse Ratio (current): 0.159
2026-03-26 21:15:27 | INFO | Irradiance State: VARIABLE_CLEAR
2026-03-26 21:15:27 | INFO | Temp @ 2m: 31.11 C
2026-03-26 21:15:27 | INFO | Wind @ 10m: 7.86 m/s
2026-03-26 21:15:27 | INFO | Weather State: NORMAL
2026-03-26 21:15:27 | INFO | Dynamic Thresholds: cloud_thr=0.0000, shift_thr=0.0000
2026-03-26 21:15:27 | INFO | Multipliers: irradiance=0.60x, temp=0.92x, wind=0.95x
2026-03-26 21:15:27 | INFO | Weather Multiplier (combined): 0.52x
2026-03-26 21:15:27 | INFO | Abrupt Weather Change Detected: False
2026-03-26 21:15:27 | INFO | --- TREND ANALYSIS ---
2026-03-26 21:15:27 | INFO | Trend series (oldest -> latest):
2026-03-26 21:15:27 | INFO |   Block 41: 2.648 MW (source: INTRADAY_FALLBACK)
2026-03-26 21:15:27 | INFO |   Block 40: 2.496 MW (source: INTRADAY_FALLBACK)
2026-03-26 21:15:27 | INFO |   Block 39: 2.328 MW (source: INTRADAY_FALLBACK)
2026-03-26 21:15:27 | INFO |   Block 38: 2.144 MW (source: INTRADAY_FALLBACK)
2026-03-26 21:15:27 | INFO | Trend values used for slope calc: B41=2.648(INTRADAY_FALLBACK), B40=2.496(INTRADAY_FALLBACK), B39=2.328(INTRADAY_FALLBACK), B38=2.144(INTRADAY_FALLBACK)
2026-03-26 21:15:27 | INFO | Detected Trend Type: INCREASING
2026-03-26 21:15:27 | INFO | Trend Slope Percentage: 23.42%
2026-03-26 21:15:27 | INFO | Trend EPS Threshold: 1.50%
2026-03-26 21:15:27 | INFO | --- SCHEDULE CALCULATION ---
2026-03-26 21:15:27 | INFO | Condition Applied: CONDITION_3
2026-03-26 21:15:27 | INFO | Effective Base Forecast Used for Adjustments: 2.353 MW
2026-03-26 21:15:27 | INFO | Condition-3 (Phase-6) Applied:
2026-03-26 21:15:27 | INFO |   Forecast Mismatch: Intraday (2.768) != Day-ahead (3.470)
2026-03-26 21:15:27 | INFO |   Operation: ADD
2026-03-26 21:15:27 | INFO |   Base Adjustment %: 3.00%
2026-03-26 21:15:27 | INFO |   Irradiance Multiplier: 0.60x
2026-03-26 21:15:27 | INFO |   Temp Multiplier: 0.92x
2026-03-26 21:15:27 | INFO |   Wind Multiplier: 0.95x
2026-03-26 21:15:27 | INFO |   Weather Multiplier: 0.52x
2026-03-26 21:15:27 | INFO |   Final Adjustment %: 1.57%
2026-03-26 21:15:27 | INFO |   Calculation: 2.353 MW * (1 + 1.57% / 100)
2026-03-26 21:15:27 | INFO |   Formula (expanded): raw=2.3528*(1+1.5732/100)=2.3898
2026-03-26 21:15:27 | INFO | --- FINAL RESULT ---
2026-03-26 21:15:27 | INFO | Raw Schedule (before smoothing): 2.390 MW
2026-03-26 21:15:27 | INFO | Final Scheduled MW: 2.390 MW
2026-03-26 21:15:27 | INFO | --------------------------------------------------------------------------------
2026-03-26 21:15:27 | INFO | --------------------------------------------------------------------------------
2026-03-26 21:15:27 | INFO | BLOCK 43
2026-03-26 21:15:27 | INFO | --------------------------------------------------------------------------------
2026-03-26 21:15:27 | INFO | --- FORECAST DATA ---
2026-03-26 21:15:27 | INFO | Intraday Forecast (Enercast Raw): 3.590 MW
2026-03-26 21:15:27 | INFO | Intraday Forecast (Enercast, Scaled): 2.872 MW
2026-03-26 21:15:27 | INFO | Day-ahead Forecast (Enercast): 3.610 MW
2026-03-26 21:15:27 | INFO | Base Forecast (raw, before curtailment/shutdown): 2.441 MW
2026-03-26 21:15:27 | INFO | Base Forecast (used for schedule): 2.441 MW
2026-03-26 21:15:27 | INFO | Effective Base Forecast (after curtailment/shutdown): 2.441 MW
2026-03-26 21:15:27 | INFO | Plant Status: NORMAL
2026-03-26 21:15:27 | INFO | Effective Base Forecast = Base Forecast (raw) = 2.441 MW
2026-03-26 21:15:27 | INFO | --- WEATHER PARAMETERS ---
2026-03-26 21:15:27 | INFO | GTI: 801.0 W/m^2
2026-03-26 21:15:27 | INFO | DHI: 123.0 W/m^2
2026-03-26 21:15:27 | INFO | DNI: 0.0 W/m^2
2026-03-26 21:15:27 | INFO | Irradiance Ratio (GTI/MAX_GTI): 0.798
2026-03-26 21:15:27 | INFO | Diffuse Ratio (current): 0.154
2026-03-26 21:15:27 | INFO | Irradiance State: STABLE_CLEAR
2026-03-26 21:15:27 | INFO | Temp @ 2m: 31.51 C
2026-03-26 21:15:27 | INFO | Wind @ 10m: 8.35 m/s
2026-03-26 21:15:27 | INFO | Weather State: NORMAL
2026-03-26 21:15:27 | INFO | Dynamic Thresholds: cloud_thr=0.0000, shift_thr=0.0000
2026-03-26 21:15:27 | INFO | Multipliers: irradiance=0.82x, temp=0.92x, wind=0.95x
2026-03-26 21:15:27 | INFO | Weather Multiplier (combined): 0.72x
2026-03-26 21:15:27 | INFO | Abrupt Weather Change Detected: False
2026-03-26 21:15:27 | INFO | --- TREND ANALYSIS ---
2026-03-26 21:15:27 | INFO | Trend series (oldest -> latest):
2026-03-26 21:15:27 | INFO |   Block 42: 2.768 MW (source: INTRADAY_FALLBACK)
2026-03-26 21:15:27 | INFO |   Block 41: 2.648 MW (source: INTRADAY_FALLBACK)
2026-03-26 21:15:27 | INFO |   Block 40: 2.496 MW (source: INTRADAY_FALLBACK)
2026-03-26 21:15:27 | INFO |   Block 39: 2.328 MW (source: INTRADAY_FALLBACK)
2026-03-26 21:15:27 | INFO | Trend values used for slope calc: B42=2.768(INTRADAY_FALLBACK), B41=2.648(INTRADAY_FALLBACK), B40=2.496(INTRADAY_FALLBACK), B39=2.328(INTRADAY_FALLBACK)
2026-03-26 21:15:27 | INFO | Detected Trend Type: INCREASING
2026-03-26 21:15:27 | INFO | Trend Slope Percentage: 18.88%
2026-03-26 21:15:27 | INFO | Trend EPS Threshold: 1.50%
2026-03-26 21:15:27 | INFO | --- SCHEDULE CALCULATION ---
2026-03-26 21:15:27 | INFO | Condition Applied: CONDITION_3
2026-03-26 21:15:27 | INFO | Effective Base Forecast Used for Adjustments: 2.441 MW
2026-03-26 21:15:27 | INFO | Condition-3 (Phase-6) Applied:
2026-03-26 21:15:27 | INFO |   Forecast Mismatch: Intraday (2.872) != Day-ahead (3.610)
2026-03-26 21:15:27 | INFO |   Operation: ADD
2026-03-26 21:15:27 | INFO |   Base Adjustment %: 3.00%
2026-03-26 21:15:27 | INFO |   Irradiance Multiplier: 0.82x
2026-03-26 21:15:27 | INFO |   Temp Multiplier: 0.92x
2026-03-26 21:15:27 | INFO |   Wind Multiplier: 0.95x
2026-03-26 21:15:27 | INFO |   Weather Multiplier: 0.72x
2026-03-26 21:15:27 | INFO |   Final Adjustment %: 2.15%
2026-03-26 21:15:27 | INFO |   Calculation: 2.441 MW * (1 + 2.15% / 100)
2026-03-26 21:15:27 | INFO |   Formula (expanded): raw=2.4412*(1+2.1500/100)=2.4937
2026-03-26 21:15:27 | INFO | --- FINAL RESULT ---
2026-03-26 21:15:27 | INFO | Raw Schedule (before smoothing): 2.494 MW
2026-03-26 21:15:27 | INFO | Final Scheduled MW: 2.494 MW
2026-03-26 21:15:27 | INFO | --------------------------------------------------------------------------------
2026-03-26 21:15:27 | INFO | --------------------------------------------------------------------------------
2026-03-26 21:15:27 | INFO | BLOCK 44
2026-03-26 21:15:27 | INFO | --------------------------------------------------------------------------------
2026-03-26 21:15:27 | INFO | --- FORECAST DATA ---
2026-03-26 21:15:27 | INFO | Intraday Forecast (Enercast Raw): 3.720 MW
2026-03-26 21:15:27 | INFO | Intraday Forecast (Enercast, Scaled): 2.976 MW
2026-03-26 21:15:27 | INFO | Day-ahead Forecast (Enercast): 3.730 MW
2026-03-26 21:15:27 | INFO | Base Forecast (raw, before curtailment/shutdown): 2.530 MW
2026-03-26 21:15:27 | INFO | Base Forecast (used for schedule): 2.530 MW
2026-03-26 21:15:27 | INFO | Effective Base Forecast (after curtailment/shutdown): 2.530 MW
2026-03-26 21:15:27 | INFO | Plant Status: NORMAL
2026-03-26 21:15:27 | INFO | Effective Base Forecast = Base Forecast (raw) = 2.530 MW
2026-03-26 21:15:27 | INFO | --- WEATHER PARAMETERS ---
2026-03-26 21:15:27 | INFO | GTI: 841.0 W/m^2
2026-03-26 21:15:27 | INFO | DHI: 125.0 W/m^2
2026-03-26 21:15:27 | INFO | DNI: 0.0 W/m^2
2026-03-26 21:15:27 | INFO | Irradiance Ratio (GTI/MAX_GTI): 0.838
2026-03-26 21:15:27 | INFO | Diffuse Ratio (current): 0.149
2026-03-26 21:15:27 | INFO | Irradiance State: STABLE_CLEAR
2026-03-26 21:15:27 | INFO | Temp @ 2m: 31.91 C
2026-03-26 21:15:27 | INFO | Wind @ 10m: 8.29 m/s
2026-03-26 21:15:27 | INFO | Weather State: NORMAL
2026-03-26 21:15:27 | INFO | Dynamic Thresholds: cloud_thr=0.0000, shift_thr=0.0000
2026-03-26 21:15:27 | INFO | Multipliers: irradiance=0.82x, temp=0.92x, wind=0.95x
2026-03-26 21:15:27 | INFO | Weather Multiplier (combined): 0.72x
2026-03-26 21:15:27 | INFO | Abrupt Weather Change Detected: False
2026-03-26 21:15:27 | INFO | --- TREND ANALYSIS ---
2026-03-26 21:15:27 | INFO | Trend series (oldest -> latest):
2026-03-26 21:15:27 | INFO |   Block 43: 2.872 MW (source: INTRADAY_FALLBACK)
2026-03-26 21:15:27 | INFO |   Block 42: 2.768 MW (source: INTRADAY_FALLBACK)
2026-03-26 21:15:27 | INFO |   Block 41: 2.648 MW (source: INTRADAY_FALLBACK)
2026-03-26 21:15:27 | INFO |   Block 40: 2.496 MW (source: INTRADAY_FALLBACK)
2026-03-26 21:15:27 | INFO | Trend values used for slope calc: B43=2.872(INTRADAY_FALLBACK), B42=2.768(INTRADAY_FALLBACK), B41=2.648(INTRADAY_FALLBACK), B40=2.496(INTRADAY_FALLBACK)
2026-03-26 21:15:27 | INFO | Detected Trend Type: INCREASING
2026-03-26 21:15:27 | INFO | Trend Slope Percentage: 14.92%
2026-03-26 21:15:27 | INFO | Trend EPS Threshold: 1.50%
2026-03-26 21:15:27 | INFO | --- SCHEDULE CALCULATION ---
2026-03-26 21:15:27 | INFO | Condition Applied: CONDITION_3
2026-03-26 21:15:27 | INFO | Effective Base Forecast Used for Adjustments: 2.530 MW
2026-03-26 21:15:27 | INFO | Condition-3 (Phase-6) Applied:
2026-03-26 21:15:27 | INFO |   Forecast Mismatch: Intraday (2.976) != Day-ahead (3.730)
2026-03-26 21:15:27 | INFO |   Operation: ADD
2026-03-26 21:15:27 | INFO |   Base Adjustment %: 3.00%
2026-03-26 21:15:27 | INFO |   Irradiance Multiplier: 0.82x
2026-03-26 21:15:27 | INFO |   Temp Multiplier: 0.92x
2026-03-26 21:15:27 | INFO |   Wind Multiplier: 0.95x
2026-03-26 21:15:27 | INFO |   Weather Multiplier: 0.72x
2026-03-26 21:15:27 | INFO |   Final Adjustment %: 2.15%
2026-03-26 21:15:27 | INFO |   Calculation: 2.530 MW * (1 + 2.15% / 100)
2026-03-26 21:15:27 | INFO |   Formula (expanded): raw=2.5296*(1+2.1500/100)=2.5840
2026-03-26 21:15:27 | INFO | --- FINAL RESULT ---
2026-03-26 21:15:27 | INFO | Raw Schedule (before smoothing): 2.584 MW
2026-03-26 21:15:27 | INFO | Final Scheduled MW: 2.584 MW
2026-03-26 21:15:27 | INFO | --------------------------------------------------------------------------------
2026-03-26 21:15:27 | INFO | --------------------------------------------------------------------------------
2026-03-26 21:15:27 | INFO | BLOCK 45
2026-03-26 21:15:27 | INFO | --------------------------------------------------------------------------------
2026-03-26 21:15:27 | INFO | --- FORECAST DATA ---
2026-03-26 21:15:27 | INFO | Intraday Forecast (Enercast Raw): 3.820 MW
2026-03-26 21:15:27 | INFO | Intraday Forecast (Enercast, Scaled): 3.056 MW
2026-03-26 21:15:27 | INFO | Day-ahead Forecast (Enercast): 3.840 MW
2026-03-26 21:15:27 | INFO | Base Forecast (raw, before curtailment/shutdown): 2.598 MW
2026-03-26 21:15:27 | INFO | Base Forecast (used for schedule): 2.598 MW
2026-03-26 21:15:27 | INFO | Effective Base Forecast (after curtailment/shutdown): 2.598 MW
2026-03-26 21:15:27 | INFO | Plant Status: NORMAL
2026-03-26 21:15:27 | INFO | Effective Base Forecast = Base Forecast (raw) = 2.598 MW
2026-03-26 21:15:27 | INFO | --- WEATHER PARAMETERS ---
2026-03-26 21:15:27 | INFO | GTI: 878.0 W/m^2
2026-03-26 21:15:27 | INFO | DHI: 127.0 W/m^2
2026-03-26 21:15:27 | INFO | DNI: 0.0 W/m^2
2026-03-26 21:15:27 | INFO | Irradiance Ratio (GTI/MAX_GTI): 0.875
2026-03-26 21:15:27 | INFO | Diffuse Ratio (current): 0.145
2026-03-26 21:15:27 | INFO | Irradiance State: STABLE_CLEAR
2026-03-26 21:15:27 | INFO | Temp @ 2m: 32.31 C
2026-03-26 21:15:27 | INFO | Wind @ 10m: 8.56 m/s
2026-03-26 21:15:27 | INFO | Weather State: NORMAL
2026-03-26 21:15:27 | INFO | Dynamic Thresholds: cloud_thr=0.0000, shift_thr=0.0000
2026-03-26 21:15:27 | INFO | Multipliers: irradiance=0.82x, temp=0.92x, wind=0.95x
2026-03-26 21:15:27 | INFO | Weather Multiplier (combined): 0.72x
2026-03-26 21:15:27 | INFO | Abrupt Weather Change Detected: False
2026-03-26 21:15:27 | INFO | --- TREND ANALYSIS ---
2026-03-26 21:15:27 | INFO | Trend series (oldest -> latest):
2026-03-26 21:15:27 | INFO |   Block 44: 2.976 MW (source: INTRADAY_FALLBACK)
2026-03-26 21:15:27 | INFO |   Block 43: 2.872 MW (source: INTRADAY_FALLBACK)
2026-03-26 21:15:27 | INFO |   Block 42: 2.768 MW (source: INTRADAY_FALLBACK)
2026-03-26 21:15:27 | INFO |   Block 41: 2.648 MW (source: INTRADAY_FALLBACK)
2026-03-26 21:15:27 | INFO | Trend values used for slope calc: B44=2.976(INTRADAY_FALLBACK), B43=2.872(INTRADAY_FALLBACK), B42=2.768(INTRADAY_FALLBACK), B41=2.648(INTRADAY_FALLBACK)
2026-03-26 21:15:27 | INFO | Detected Trend Type: INCREASING
2026-03-26 21:15:27 | INFO | Trend Slope Percentage: 12.30%
2026-03-26 21:15:27 | INFO | Trend EPS Threshold: 1.50%
2026-03-26 21:15:27 | INFO | --- SCHEDULE CALCULATION ---
2026-03-26 21:15:27 | INFO | Condition Applied: CONDITION_3
2026-03-26 21:15:27 | INFO | Effective Base Forecast Used for Adjustments: 2.598 MW
2026-03-26 21:15:27 | INFO | Condition-3 (Phase-6) Applied:
2026-03-26 21:15:27 | INFO |   Forecast Mismatch: Intraday (3.056) != Day-ahead (3.840)
2026-03-26 21:15:27 | INFO |   Operation: ADD
2026-03-26 21:15:27 | INFO |   Base Adjustment %: 3.00%
2026-03-26 21:15:27 | INFO |   Irradiance Multiplier: 0.82x
2026-03-26 21:15:27 | INFO |   Temp Multiplier: 0.92x
2026-03-26 21:15:27 | INFO |   Wind Multiplier: 0.95x
2026-03-26 21:15:27 | INFO |   Weather Multiplier: 0.72x
2026-03-26 21:15:27 | INFO |   Final Adjustment %: 2.15%
2026-03-26 21:15:27 | INFO |   Calculation: 2.598 MW * (1 + 2.15% / 100)
2026-03-26 21:15:27 | INFO |   Formula (expanded): raw=2.5976*(1+2.1500/100)=2.6534
2026-03-26 21:15:27 | INFO | --- FINAL RESULT ---
2026-03-26 21:15:27 | INFO | Raw Schedule (before smoothing): 2.653 MW
2026-03-26 21:15:27 | INFO | Final Scheduled MW: 2.653 MW
2026-03-26 21:15:27 | INFO | --------------------------------------------------------------------------------
2026-03-26 21:15:27 | INFO | --------------------------------------------------------------------------------
2026-03-26 21:15:27 | INFO | BLOCK 46
2026-03-26 21:15:27 | INFO | --------------------------------------------------------------------------------
2026-03-26 21:15:27 | INFO | --- FORECAST DATA ---
2026-03-26 21:15:27 | INFO | Intraday Forecast (Enercast Raw): 3.910 MW
2026-03-26 21:15:27 | INFO | Intraday Forecast (Enercast, Scaled): 3.128 MW
2026-03-26 21:15:27 | INFO | Day-ahead Forecast (Enercast): 3.930 MW
2026-03-26 21:15:27 | INFO | Base Forecast (raw, before curtailment/shutdown): 2.659 MW
2026-03-26 21:15:27 | INFO | Base Forecast (used for schedule): 2.659 MW
2026-03-26 21:15:27 | INFO | Effective Base Forecast (after curtailment/shutdown): 2.659 MW
2026-03-26 21:15:27 | INFO | Plant Status: NORMAL
2026-03-26 21:15:27 | INFO | Effective Base Forecast = Base Forecast (raw) = 2.659 MW
2026-03-26 21:15:27 | INFO | --- WEATHER PARAMETERS ---
2026-03-26 21:15:27 | INFO | GTI: 910.0 W/m^2
2026-03-26 21:15:27 | INFO | DHI: 129.0 W/m^2
2026-03-26 21:15:27 | INFO | DNI: 0.0 W/m^2
2026-03-26 21:15:27 | INFO | Irradiance Ratio (GTI/MAX_GTI): 0.906
2026-03-26 21:15:27 | INFO | Diffuse Ratio (current): 0.142
2026-03-26 21:15:27 | INFO | Irradiance State: STABLE_CLEAR
2026-03-26 21:15:27 | INFO | Temp @ 2m: 32.66 C
2026-03-26 21:15:27 | INFO | Wind @ 10m: 8.70 m/s
2026-03-26 21:15:27 | INFO | Weather State: NORMAL
2026-03-26 21:15:27 | INFO | Dynamic Thresholds: cloud_thr=0.0000, shift_thr=0.0000
2026-03-26 21:15:27 | INFO | Multipliers: irradiance=0.82x, temp=0.92x, wind=0.95x
2026-03-26 21:15:27 | INFO | Weather Multiplier (combined): 0.72x
2026-03-26 21:15:27 | INFO | Abrupt Weather Change Detected: False
2026-03-26 21:15:27 | INFO | --- TREND ANALYSIS ---
2026-03-26 21:15:27 | INFO | Trend series (oldest -> latest):
2026-03-26 21:15:27 | INFO |   Block 45: 3.056 MW (source: INTRADAY_FALLBACK)
2026-03-26 21:15:27 | INFO |   Block 44: 2.976 MW (source: INTRADAY_FALLBACK)
2026-03-26 21:15:27 | INFO |   Block 43: 2.872 MW (source: INTRADAY_FALLBACK)
2026-03-26 21:15:27 | INFO |   Block 42: 2.768 MW (source: INTRADAY_FALLBACK)
2026-03-26 21:15:27 | INFO | Trend values used for slope calc: B45=3.056(INTRADAY_FALLBACK), B44=2.976(INTRADAY_FALLBACK), B43=2.872(INTRADAY_FALLBACK), B42=2.768(INTRADAY_FALLBACK)
2026-03-26 21:15:27 | INFO | Detected Trend Type: INCREASING
2026-03-26 21:15:27 | INFO | Trend Slope Percentage: 10.47%
2026-03-26 21:15:27 | INFO | Trend EPS Threshold: 1.50%
2026-03-26 21:15:27 | INFO | --- SCHEDULE CALCULATION ---
2026-03-26 21:15:27 | INFO | Condition Applied: CONDITION_3
2026-03-26 21:15:27 | INFO | Effective Base Forecast Used for Adjustments: 2.659 MW
2026-03-26 21:15:27 | INFO | Condition-3 (Phase-6) Applied:
2026-03-26 21:15:27 | INFO |   Forecast Mismatch: Intraday (3.128) != Day-ahead (3.930)
2026-03-26 21:15:27 | INFO |   Operation: ADD
2026-03-26 21:15:27 | INFO |   Base Adjustment %: 3.00%
2026-03-26 21:15:27 | INFO |   Irradiance Multiplier: 0.82x
2026-03-26 21:15:27 | INFO |   Temp Multiplier: 0.92x
2026-03-26 21:15:27 | INFO |   Wind Multiplier: 0.95x
2026-03-26 21:15:27 | INFO |   Weather Multiplier: 0.72x
2026-03-26 21:15:27 | INFO |   Final Adjustment %: 2.15%
2026-03-26 21:15:27 | INFO |   Calculation: 2.659 MW * (1 + 2.15% / 100)
2026-03-26 21:15:27 | INFO |   Formula (expanded): raw=2.6588*(1+2.1500/100)=2.7160
2026-03-26 21:15:27 | INFO | --- FINAL RESULT ---
2026-03-26 21:15:27 | INFO | Raw Schedule (before smoothing): 2.716 MW
2026-03-26 21:15:27 | INFO | Final Scheduled MW: 2.716 MW
2026-03-26 21:15:27 | INFO | --------------------------------------------------------------------------------
2026-03-26 21:15:27 | INFO | --------------------------------------------------------------------------------
2026-03-26 21:15:27 | INFO | BLOCK 47
2026-03-26 21:15:27 | INFO | --------------------------------------------------------------------------------
2026-03-26 21:15:27 | INFO | --- FORECAST DATA ---
2026-03-26 21:15:27 | INFO | Intraday Forecast (Enercast Raw): 3.980 MW
2026-03-26 21:15:27 | INFO | Intraday Forecast (Enercast, Scaled): 3.184 MW
2026-03-26 21:15:27 | INFO | Day-ahead Forecast (Enercast): 4.000 MW
2026-03-26 21:15:27 | INFO | Base Forecast (raw, before curtailment/shutdown): 2.706 MW
2026-03-26 21:15:27 | INFO | Base Forecast (used for schedule): 2.706 MW
2026-03-26 21:15:27 | INFO | Effective Base Forecast (after curtailment/shutdown): 2.706 MW
2026-03-26 21:15:27 | INFO | Plant Status: NORMAL
2026-03-26 21:15:27 | INFO | Effective Base Forecast = Base Forecast (raw) = 2.706 MW
2026-03-26 21:15:27 | INFO | --- WEATHER PARAMETERS ---
2026-03-26 21:15:27 | INFO | GTI: 938.0 W/m^2
2026-03-26 21:15:27 | INFO | DHI: 130.0 W/m^2
2026-03-26 21:15:27 | INFO | DNI: 0.0 W/m^2
2026-03-26 21:15:27 | INFO | Irradiance Ratio (GTI/MAX_GTI): 0.934
2026-03-26 21:15:27 | INFO | Diffuse Ratio (current): 0.139
2026-03-26 21:15:27 | INFO | Irradiance State: STABLE_CLEAR
2026-03-26 21:15:27 | INFO | Temp @ 2m: 33.01 C
2026-03-26 21:15:27 | INFO | Wind @ 10m: 8.89 m/s
2026-03-26 21:15:27 | INFO | Weather State: NORMAL
2026-03-26 21:15:27 | INFO | Dynamic Thresholds: cloud_thr=0.0000, shift_thr=0.0000
2026-03-26 21:15:27 | INFO | Multipliers: irradiance=0.82x, temp=0.92x, wind=0.95x
2026-03-26 21:15:27 | INFO | Weather Multiplier (combined): 0.72x
2026-03-26 21:15:27 | INFO | Abrupt Weather Change Detected: False
2026-03-26 21:15:27 | INFO | --- TREND ANALYSIS ---
2026-03-26 21:15:27 | INFO | Trend series (oldest -> latest):
2026-03-26 21:15:27 | INFO |   Block 46: 3.128 MW (source: INTRADAY_FALLBACK)
2026-03-26 21:15:27 | INFO |   Block 45: 3.056 MW (source: INTRADAY_FALLBACK)
2026-03-26 21:15:27 | INFO |   Block 44: 2.976 MW (source: INTRADAY_FALLBACK)
2026-03-26 21:15:27 | INFO |   Block 43: 2.872 MW (source: INTRADAY_FALLBACK)
2026-03-26 21:15:27 | INFO | Trend values used for slope calc: B46=3.128(INTRADAY_FALLBACK), B45=3.056(INTRADAY_FALLBACK), B44=2.976(INTRADAY_FALLBACK), B43=2.872(INTRADAY_FALLBACK)
2026-03-26 21:15:27 | INFO | Detected Trend Type: INCREASING
2026-03-26 21:15:27 | INFO | Trend Slope Percentage: 8.83%
2026-03-26 21:15:27 | INFO | Trend EPS Threshold: 1.50%
2026-03-26 21:15:27 | INFO | --- SCHEDULE CALCULATION ---
2026-03-26 21:15:27 | INFO | Condition Applied: CONDITION_3
2026-03-26 21:15:27 | INFO | Effective Base Forecast Used for Adjustments: 2.706 MW
2026-03-26 21:15:27 | INFO | Condition-3 (Phase-6) Applied:
2026-03-26 21:15:27 | INFO |   Forecast Mismatch: Intraday (3.184) != Day-ahead (4.000)
2026-03-26 21:15:27 | INFO |   Operation: ADD
2026-03-26 21:15:27 | INFO |   Base Adjustment %: 3.00%
2026-03-26 21:15:27 | INFO |   Irradiance Multiplier: 0.82x
2026-03-26 21:15:27 | INFO |   Temp Multiplier: 0.92x
2026-03-26 21:15:27 | INFO |   Wind Multiplier: 0.95x
2026-03-26 21:15:27 | INFO |   Weather Multiplier: 0.72x
2026-03-26 21:15:27 | INFO |   Final Adjustment %: 2.15%
2026-03-26 21:15:27 | INFO |   Calculation: 2.706 MW * (1 + 2.15% / 100)
2026-03-26 21:15:27 | INFO |   Formula (expanded): raw=2.7064*(1+2.1500/100)=2.7646
2026-03-26 21:15:27 | INFO | --- FINAL RESULT ---
2026-03-26 21:15:27 | INFO | Raw Schedule (before smoothing): 2.765 MW
2026-03-26 21:15:27 | INFO | Final Scheduled MW: 2.765 MW
2026-03-26 21:15:27 | INFO | --------------------------------------------------------------------------------
2026-03-26 21:15:27 | INFO | --------------------------------------------------------------------------------
2026-03-26 21:15:27 | INFO | BLOCK 48
2026-03-26 21:15:27 | INFO | --------------------------------------------------------------------------------
2026-03-26 21:15:27 | INFO | --- FORECAST DATA ---
2026-03-26 21:15:27 | INFO | Intraday Forecast (Enercast Raw): 4.020 MW
2026-03-26 21:15:27 | INFO | Intraday Forecast (Enercast, Scaled): 3.216 MW
2026-03-26 21:15:27 | INFO | Day-ahead Forecast (Enercast): 4.060 MW
2026-03-26 21:15:27 | INFO | Base Forecast (raw, before curtailment/shutdown): 2.734 MW
2026-03-26 21:15:27 | INFO | Base Forecast (used for schedule): 2.734 MW
2026-03-26 21:15:27 | INFO | Effective Base Forecast (after curtailment/shutdown): 2.734 MW
2026-03-26 21:15:27 | INFO | Plant Status: NORMAL
2026-03-26 21:15:27 | INFO | Effective Base Forecast = Base Forecast (raw) = 2.734 MW
2026-03-26 21:15:27 | INFO | --- WEATHER PARAMETERS ---
2026-03-26 21:15:27 | INFO | GTI: 960.0 W/m^2
2026-03-26 21:15:27 | INFO | DHI: 131.0 W/m^2
2026-03-26 21:15:27 | INFO | DNI: 0.0 W/m^2
2026-03-26 21:15:27 | INFO | Irradiance Ratio (GTI/MAX_GTI): 0.956
2026-03-26 21:15:27 | INFO | Diffuse Ratio (current): 0.136
2026-03-26 21:15:27 | INFO | Irradiance State: STABLE_CLEAR
2026-03-26 21:15:27 | INFO | Temp @ 2m: 33.36 C
2026-03-26 21:15:27 | INFO | Wind @ 10m: 9.00 m/s
2026-03-26 21:15:27 | INFO | Weather State: NORMAL
2026-03-26 21:15:27 | INFO | Dynamic Thresholds: cloud_thr=0.0000, shift_thr=0.0000
2026-03-26 21:15:27 | INFO | Multipliers: irradiance=0.82x, temp=0.92x, wind=0.95x
2026-03-26 21:15:27 | INFO | Weather Multiplier (combined): 0.72x
2026-03-26 21:15:27 | INFO | Abrupt Weather Change Detected: False
2026-03-26 21:15:27 | INFO | --- TREND ANALYSIS ---
2026-03-26 21:15:27 | INFO | Trend series (oldest -> latest):
2026-03-26 21:15:27 | INFO |   Block 47: 3.184 MW (source: INTRADAY_FALLBACK)
2026-03-26 21:15:27 | INFO |   Block 46: 3.128 MW (source: INTRADAY_FALLBACK)
2026-03-26 21:15:27 | INFO |   Block 45: 3.056 MW (source: INTRADAY_FALLBACK)
2026-03-26 21:15:27 | INFO |   Block 44: 2.976 MW (source: INTRADAY_FALLBACK)
2026-03-26 21:15:27 | INFO | Trend values used for slope calc: B47=3.184(INTRADAY_FALLBACK), B46=3.128(INTRADAY_FALLBACK), B45=3.056(INTRADAY_FALLBACK), B44=2.976(INTRADAY_FALLBACK)
2026-03-26 21:15:27 | INFO | Detected Trend Type: INCREASING
2026-03-26 21:15:27 | INFO | Trend Slope Percentage: 7.00%
2026-03-26 21:15:27 | INFO | Trend EPS Threshold: 1.50%
2026-03-26 21:15:27 | INFO | --- SCHEDULE CALCULATION ---
2026-03-26 21:15:27 | INFO | Condition Applied: CONDITION_3
2026-03-26 21:15:27 | INFO | Effective Base Forecast Used for Adjustments: 2.734 MW
2026-03-26 21:15:27 | INFO | Condition-3 (Phase-6) Applied:
2026-03-26 21:15:27 | INFO |   Forecast Mismatch: Intraday (3.216) != Day-ahead (4.060)
2026-03-26 21:15:27 | INFO |   Operation: ADD
2026-03-26 21:15:27 | INFO |   Base Adjustment %: 3.00%
2026-03-26 21:15:27 | INFO |   Irradiance Multiplier: 0.82x
2026-03-26 21:15:27 | INFO |   Temp Multiplier: 0.92x
2026-03-26 21:15:27 | INFO |   Wind Multiplier: 0.95x
2026-03-26 21:15:27 | INFO |   Weather Multiplier: 0.72x
2026-03-26 21:15:27 | INFO |   Final Adjustment %: 2.15%
2026-03-26 21:15:27 | INFO |   Calculation: 2.734 MW * (1 + 2.15% / 100)
2026-03-26 21:15:27 | INFO |   Formula (expanded): raw=2.7336*(1+2.1500/100)=2.7924
2026-03-26 21:15:27 | INFO | --- FINAL RESULT ---
2026-03-26 21:15:27 | INFO | Raw Schedule (before smoothing): 2.792 MW
2026-03-26 21:15:27 | INFO | Final Scheduled MW: 2.792 MW
2026-03-26 21:15:27 | INFO | --------------------------------------------------------------------------------
2026-03-26 21:15:27 | INFO | --------------------------------------------------------------------------------
2026-03-26 21:15:27 | INFO | BLOCK 49
2026-03-26 21:15:27 | INFO | --------------------------------------------------------------------------------
2026-03-26 21:15:27 | INFO | --- FORECAST DATA ---
2026-03-26 21:15:27 | INFO | Intraday Forecast (Enercast Raw): 4.050 MW
2026-03-26 21:15:27 | INFO | Intraday Forecast (Enercast, Scaled): 3.240 MW
2026-03-26 21:15:27 | INFO | Day-ahead Forecast (Enercast): 4.100 MW
2026-03-26 21:15:27 | INFO | Base Forecast (raw, before curtailment/shutdown): 2.754 MW
2026-03-26 21:15:27 | INFO | Base Forecast (used for schedule): 2.754 MW
2026-03-26 21:15:27 | INFO | Effective Base Forecast (after curtailment/shutdown): 2.754 MW
2026-03-26 21:15:27 | INFO | Plant Status: NORMAL
2026-03-26 21:15:27 | INFO | Effective Base Forecast = Base Forecast (raw) = 2.754 MW
2026-03-26 21:15:27 | INFO | --- WEATHER PARAMETERS ---
2026-03-26 21:15:27 | INFO | GTI: 978.0 W/m^2
2026-03-26 21:15:27 | INFO | DHI: 132.0 W/m^2
2026-03-26 21:15:27 | INFO | DNI: 0.0 W/m^2
2026-03-26 21:15:27 | INFO | Irradiance Ratio (GTI/MAX_GTI): 0.974
2026-03-26 21:15:27 | INFO | Diffuse Ratio (current): 0.135
2026-03-26 21:15:27 | INFO | Irradiance State: STABLE_CLEAR
2026-03-26 21:15:27 | INFO | Temp @ 2m: 33.66 C
2026-03-26 21:15:27 | INFO | Wind @ 10m: 8.44 m/s
2026-03-26 21:15:27 | INFO | Weather State: NORMAL
2026-03-26 21:15:27 | INFO | Dynamic Thresholds: cloud_thr=0.0000, shift_thr=0.0000
2026-03-26 21:15:27 | INFO | Multipliers: irradiance=0.82x, temp=0.92x, wind=0.95x
2026-03-26 21:15:27 | INFO | Weather Multiplier (combined): 0.72x
2026-03-26 21:15:27 | INFO | Abrupt Weather Change Detected: False
2026-03-26 21:15:27 | INFO | --- TREND ANALYSIS ---
2026-03-26 21:15:27 | INFO | Trend series (oldest -> latest):
2026-03-26 21:15:27 | INFO |   Block 48: 3.216 MW (source: INTRADAY_FALLBACK)
2026-03-26 21:15:27 | INFO |   Block 47: 3.184 MW (source: INTRADAY_FALLBACK)
2026-03-26 21:15:27 | INFO |   Block 46: 3.128 MW (source: INTRADAY_FALLBACK)
2026-03-26 21:15:27 | INFO |   Block 45: 3.056 MW (source: INTRADAY_FALLBACK)
2026-03-26 21:15:27 | INFO | Trend values used for slope calc: B48=3.216(INTRADAY_FALLBACK), B47=3.184(INTRADAY_FALLBACK), B46=3.128(INTRADAY_FALLBACK), B45=3.056(INTRADAY_FALLBACK)
2026-03-26 21:15:27 | INFO | Detected Trend Type: INCREASING
2026-03-26 21:15:27 | INFO | Trend Slope Percentage: 5.25%
2026-03-26 21:15:27 | INFO | Trend EPS Threshold: 1.50%
2026-03-26 21:15:27 | INFO | --- SCHEDULE CALCULATION ---
2026-03-26 21:15:27 | INFO | Condition Applied: CONDITION_3
2026-03-26 21:15:27 | INFO | Effective Base Forecast Used for Adjustments: 2.754 MW
2026-03-26 21:15:27 | INFO | Condition-3 (Phase-6) Applied:
2026-03-26 21:15:27 | INFO |   Forecast Mismatch: Intraday (3.240) != Day-ahead (4.100)
2026-03-26 21:15:27 | INFO |   Operation: ADD
2026-03-26 21:15:27 | INFO |   Base Adjustment %: 2.00%
2026-03-26 21:15:27 | INFO |   Irradiance Multiplier: 0.82x
2026-03-26 21:15:27 | INFO |   Temp Multiplier: 0.92x
2026-03-26 21:15:27 | INFO |   Wind Multiplier: 0.95x
2026-03-26 21:15:27 | INFO |   Weather Multiplier: 0.72x
2026-03-26 21:15:27 | INFO |   Final Adjustment %: 1.43%
2026-03-26 21:15:27 | INFO |   Calculation: 2.754 MW * (1 + 1.43% / 100)
2026-03-26 21:15:27 | INFO |   Formula (expanded): raw=2.7540*(1+1.4334/100)=2.7935
2026-03-26 21:15:27 | INFO | --- FINAL RESULT ---
2026-03-26 21:15:27 | INFO | Raw Schedule (before smoothing): 2.793 MW
2026-03-26 21:15:27 | INFO | Final Scheduled MW: 2.793 MW
2026-03-26 21:15:27 | INFO | --------------------------------------------------------------------------------
2026-03-26 21:15:27 | INFO | --------------------------------------------------------------------------------
2026-03-26 21:15:27 | INFO | BLOCK 50
2026-03-26 21:15:27 | INFO | --------------------------------------------------------------------------------
2026-03-26 21:15:27 | INFO | --- FORECAST DATA ---
2026-03-26 21:15:27 | INFO | Intraday Forecast (Enercast Raw): 4.080 MW
2026-03-26 21:15:27 | INFO | Intraday Forecast (Enercast, Scaled): 3.264 MW
2026-03-26 21:15:27 | INFO | Day-ahead Forecast (Enercast): 4.120 MW
2026-03-26 21:15:27 | INFO | Base Forecast (raw, before curtailment/shutdown): 2.774 MW
2026-03-26 21:15:27 | INFO | Base Forecast (used for schedule): 2.774 MW
2026-03-26 21:15:27 | INFO | Effective Base Forecast (after curtailment/shutdown): 2.774 MW
2026-03-26 21:15:27 | INFO | Plant Status: NORMAL
2026-03-26 21:15:27 | INFO | Effective Base Forecast = Base Forecast (raw) = 2.774 MW
2026-03-26 21:15:27 | INFO | --- WEATHER PARAMETERS ---
2026-03-26 21:15:27 | INFO | GTI: 992.0 W/m^2
2026-03-26 21:15:27 | INFO | DHI: 133.0 W/m^2
2026-03-26 21:15:27 | INFO | DNI: 0.0 W/m^2
2026-03-26 21:15:27 | INFO | Irradiance Ratio (GTI/MAX_GTI): 0.988
2026-03-26 21:15:27 | INFO | Diffuse Ratio (current): 0.134
2026-03-26 21:15:27 | INFO | Irradiance State: STABLE_CLEAR
2026-03-26 21:15:27 | INFO | Temp @ 2m: 33.91 C
2026-03-26 21:15:27 | INFO | Wind @ 10m: 8.16 m/s
2026-03-26 21:15:27 | INFO | Weather State: NORMAL
2026-03-26 21:15:27 | INFO | Dynamic Thresholds: cloud_thr=0.0000, shift_thr=0.0000
2026-03-26 21:15:27 | INFO | Multipliers: irradiance=0.82x, temp=0.92x, wind=0.95x
2026-03-26 21:15:27 | INFO | Weather Multiplier (combined): 0.72x
2026-03-26 21:15:27 | INFO | Abrupt Weather Change Detected: False
2026-03-26 21:15:27 | INFO | --- TREND ANALYSIS ---
2026-03-26 21:15:27 | INFO | Trend series (oldest -> latest):
2026-03-26 21:15:27 | INFO |   Block 49: 3.240 MW (source: INTRADAY_FALLBACK)
2026-03-26 21:15:27 | INFO |   Block 48: 3.216 MW (source: INTRADAY_FALLBACK)
2026-03-26 21:15:27 | INFO |   Block 47: 3.184 MW (source: INTRADAY_FALLBACK)
2026-03-26 21:15:27 | INFO |   Block 46: 3.128 MW (source: INTRADAY_FALLBACK)
2026-03-26 21:15:27 | INFO | Trend values used for slope calc: B49=3.240(INTRADAY_FALLBACK), B48=3.216(INTRADAY_FALLBACK), B47=3.184(INTRADAY_FALLBACK), B46=3.128(INTRADAY_FALLBACK)
2026-03-26 21:15:27 | INFO | Detected Trend Type: INCREASING
2026-03-26 21:15:27 | INFO | Trend Slope Percentage: 3.52%
2026-03-26 21:15:27 | INFO | Trend EPS Threshold: 1.50%
2026-03-26 21:15:27 | INFO | --- SCHEDULE CALCULATION ---
2026-03-26 21:15:27 | INFO | Condition Applied: CONDITION_3
2026-03-26 21:15:27 | INFO | Effective Base Forecast Used for Adjustments: 2.774 MW
2026-03-26 21:15:27 | INFO | Condition-3 (Phase-6) Applied:
2026-03-26 21:15:27 | INFO |   Forecast Mismatch: Intraday (3.264) != Day-ahead (4.120)
2026-03-26 21:15:27 | INFO |   Operation: ADD
2026-03-26 21:15:27 | INFO |   Base Adjustment %: 1.00%
2026-03-26 21:15:27 | INFO |   Irradiance Multiplier: 0.82x
2026-03-26 21:15:27 | INFO |   Temp Multiplier: 0.92x
2026-03-26 21:15:27 | INFO |   Wind Multiplier: 0.95x
2026-03-26 21:15:27 | INFO |   Weather Multiplier: 0.72x
2026-03-26 21:15:27 | INFO |   Final Adjustment %: 0.72%
2026-03-26 21:15:27 | INFO |   Calculation: 2.774 MW * (1 + 0.72% / 100)
2026-03-26 21:15:27 | INFO |   Formula (expanded): raw=2.7744*(1+0.7167/100)=2.7943
2026-03-26 21:15:27 | INFO | --- FINAL RESULT ---
2026-03-26 21:15:27 | INFO | Raw Schedule (before smoothing): 2.794 MW
2026-03-26 21:15:27 | INFO | Final Scheduled MW: 2.794 MW
2026-03-26 21:15:27 | INFO | --------------------------------------------------------------------------------
2026-03-26 21:15:27 | INFO | --------------------------------------------------------------------------------
2026-03-26 21:15:27 | INFO | BLOCK 51
2026-03-26 21:15:27 | INFO | --------------------------------------------------------------------------------
2026-03-26 21:15:27 | INFO | --- FORECAST DATA ---
2026-03-26 21:15:27 | INFO | Intraday Forecast (Enercast Raw): 4.070 MW
2026-03-26 21:15:27 | INFO | Intraday Forecast (Enercast, Scaled): 3.256 MW
2026-03-26 21:15:27 | INFO | Day-ahead Forecast (Enercast): 4.130 MW
2026-03-26 21:15:27 | INFO | Base Forecast (raw, before curtailment/shutdown): 2.768 MW
2026-03-26 21:15:27 | INFO | Base Forecast (used for schedule): 2.768 MW
2026-03-26 21:15:27 | INFO | Effective Base Forecast (after curtailment/shutdown): 2.768 MW
2026-03-26 21:15:27 | INFO | Plant Status: NORMAL
2026-03-26 21:15:27 | INFO | Effective Base Forecast = Base Forecast (raw) = 2.768 MW
2026-03-26 21:15:27 | INFO | --- WEATHER PARAMETERS ---
2026-03-26 21:15:27 | INFO | GTI: 1000.0 W/m^2
2026-03-26 21:15:27 | INFO | DHI: 133.0 W/m^2
2026-03-26 21:15:27 | INFO | DNI: 0.0 W/m^2
2026-03-26 21:15:27 | INFO | Irradiance Ratio (GTI/MAX_GTI): 0.996
2026-03-26 21:15:27 | INFO | Diffuse Ratio (current): 0.133
2026-03-26 21:15:27 | INFO | Irradiance State: STABLE_CLEAR
2026-03-26 21:15:27 | INFO | Temp @ 2m: 34.21 C
2026-03-26 21:15:27 | INFO | Wind @ 10m: 7.64 m/s
2026-03-26 21:15:27 | INFO | Weather State: NORMAL
2026-03-26 21:15:27 | INFO | Dynamic Thresholds: cloud_thr=0.0000, shift_thr=0.0000
2026-03-26 21:15:27 | INFO | Multipliers: irradiance=0.82x, temp=0.92x, wind=0.95x
2026-03-26 21:15:27 | INFO | Weather Multiplier (combined): 0.72x
2026-03-26 21:15:27 | INFO | Abrupt Weather Change Detected: False
2026-03-26 21:15:27 | INFO | --- TREND ANALYSIS ---
2026-03-26 21:15:27 | INFO | Trend series (oldest -> latest):
2026-03-26 21:15:27 | INFO |   Block 50: 3.264 MW (source: INTRADAY_FALLBACK)
2026-03-26 21:15:27 | INFO |   Block 49: 3.240 MW (source: INTRADAY_FALLBACK)
2026-03-26 21:15:27 | INFO |   Block 48: 3.216 MW (source: INTRADAY_FALLBACK)
2026-03-26 21:15:27 | INFO |   Block 47: 3.184 MW (source: INTRADAY_FALLBACK)
2026-03-26 21:15:27 | INFO | Trend values used for slope calc: B50=3.264(INTRADAY_FALLBACK), B49=3.240(INTRADAY_FALLBACK), B48=3.216(INTRADAY_FALLBACK), B47=3.184(INTRADAY_FALLBACK)
2026-03-26 21:15:27 | INFO | Detected Trend Type: INCREASING
2026-03-26 21:15:27 | INFO | Trend Slope Percentage: 2.49%
2026-03-26 21:15:27 | INFO | Trend EPS Threshold: 1.50%
2026-03-26 21:15:27 | INFO | --- SCHEDULE CALCULATION ---
2026-03-26 21:15:27 | INFO | Condition Applied: CONDITION_3
2026-03-26 21:15:27 | INFO | Effective Base Forecast Used for Adjustments: 2.768 MW
2026-03-26 21:15:27 | INFO | Condition-3 (Phase-6) Applied:
2026-03-26 21:15:27 | INFO |   Forecast Mismatch: Intraday (3.256) != Day-ahead (4.130)
2026-03-26 21:15:27 | INFO |   Operation: ADD
2026-03-26 21:15:27 | INFO |   Base Adjustment %: 1.00%
2026-03-26 21:15:27 | INFO |   Irradiance Multiplier: 0.82x
2026-03-26 21:15:27 | INFO |   Temp Multiplier: 0.92x
2026-03-26 21:15:27 | INFO |   Wind Multiplier: 0.95x
2026-03-26 21:15:27 | INFO |   Weather Multiplier: 0.72x
2026-03-26 21:15:27 | INFO |   Final Adjustment %: 0.72%
2026-03-26 21:15:27 | INFO |   Calculation: 2.768 MW * (1 + 0.72% / 100)
2026-03-26 21:15:27 | INFO |   Formula (expanded): raw=2.7676*(1+0.7167/100)=2.7874
2026-03-26 21:15:27 | INFO | --- FINAL RESULT ---
2026-03-26 21:15:27 | INFO | Raw Schedule (before smoothing): 2.787 MW
2026-03-26 21:15:27 | INFO | Final Scheduled MW: 2.787 MW
2026-03-26 21:15:27 | INFO | --------------------------------------------------------------------------------
2026-03-26 21:15:27 | INFO | --------------------------------------------------------------------------------
2026-03-26 21:15:27 | INFO | BLOCK 52
2026-03-26 21:15:27 | INFO | --------------------------------------------------------------------------------
2026-03-26 21:15:27 | INFO | --- FORECAST DATA ---
2026-03-26 21:15:27 | INFO | Intraday Forecast (Enercast Raw): 4.040 MW
2026-03-26 21:15:27 | INFO | Intraday Forecast (Enercast, Scaled): 3.232 MW
2026-03-26 21:15:27 | INFO | Day-ahead Forecast (Enercast): 4.120 MW
2026-03-26 21:15:27 | INFO | Base Forecast (raw, before curtailment/shutdown): 2.747 MW
2026-03-26 21:15:27 | INFO | Base Forecast (used for schedule): 2.747 MW
2026-03-26 21:15:27 | INFO | Effective Base Forecast (after curtailment/shutdown): 2.747 MW
2026-03-26 21:15:27 | INFO | Plant Status: NORMAL
2026-03-26 21:15:27 | INFO | Effective Base Forecast = Base Forecast (raw) = 2.747 MW
2026-03-26 21:15:27 | INFO | --- WEATHER PARAMETERS ---
2026-03-26 21:15:27 | INFO | GTI: 1004.0 W/m^2
2026-03-26 21:15:27 | INFO | DHI: 133.0 W/m^2
2026-03-26 21:15:27 | INFO | DNI: 0.0 W/m^2
2026-03-26 21:15:27 | INFO | Irradiance Ratio (GTI/MAX_GTI): 1.000
2026-03-26 21:15:27 | INFO | Diffuse Ratio (current): 0.132
2026-03-26 21:15:27 | INFO | Irradiance State: STABLE_CLEAR
2026-03-26 21:15:27 | INFO | Temp @ 2m: 34.51 C
2026-03-26 21:15:27 | INFO | Wind @ 10m: 6.88 m/s
2026-03-26 21:15:27 | INFO | Weather State: NORMAL
2026-03-26 21:15:27 | INFO | Dynamic Thresholds: cloud_thr=0.0000, shift_thr=0.0000
2026-03-26 21:15:27 | INFO | Multipliers: irradiance=0.82x, temp=0.92x, wind=0.95x
2026-03-26 21:15:27 | INFO | Weather Multiplier (combined): 0.72x
2026-03-26 21:15:27 | INFO | Abrupt Weather Change Detected: False
2026-03-26 21:15:27 | INFO | --- TREND ANALYSIS ---
2026-03-26 21:15:27 | INFO | Trend series (oldest -> latest):
2026-03-26 21:15:27 | INFO |   Block 51: 3.256 MW (source: INTRADAY_FALLBACK)
2026-03-26 21:15:27 | INFO |   Block 50: 3.264 MW (source: INTRADAY_FALLBACK)
2026-03-26 21:15:27 | INFO |   Block 49: 3.240 MW (source: INTRADAY_FALLBACK)
2026-03-26 21:15:27 | INFO |   Block 48: 3.216 MW (source: INTRADAY_FALLBACK)
2026-03-26 21:15:27 | INFO | Trend values used for slope calc: B51=3.256(INTRADAY_FALLBACK), B50=3.264(INTRADAY_FALLBACK), B49=3.240(INTRADAY_FALLBACK), B48=3.216(INTRADAY_FALLBACK)
2026-03-26 21:15:27 | INFO | Detected Trend Type: FLAT
2026-03-26 21:15:27 | INFO | Trend Slope Percentage: 1.34%
2026-03-26 21:15:27 | INFO | Trend EPS Threshold: 1.50%
2026-03-26 21:15:27 | INFO | --- SCHEDULE CALCULATION ---
2026-03-26 21:15:27 | INFO | Condition Applied: CONDITION_3
2026-03-26 21:15:27 | INFO | Effective Base Forecast Used for Adjustments: 2.747 MW
2026-03-26 21:15:27 | INFO | Condition-3 (Phase-6) Applied:
2026-03-26 21:15:27 | INFO |   Forecast Mismatch: Intraday (3.232) != Day-ahead (4.120)
2026-03-26 21:15:27 | INFO |   Operation: ADD
2026-03-26 21:15:27 | INFO |   Base Adjustment %: 0.00%
2026-03-26 21:15:27 | INFO |   Irradiance Multiplier: 0.82x
2026-03-26 21:15:27 | INFO |   Temp Multiplier: 0.92x
2026-03-26 21:15:27 | INFO |   Wind Multiplier: 0.95x
2026-03-26 21:15:27 | INFO |   Weather Multiplier: 0.72x
2026-03-26 21:15:27 | INFO |   Final Adjustment %: 0.00%
2026-03-26 21:15:27 | INFO |   Calculation: 2.747 MW * (1 + 0.00% / 100)
2026-03-26 21:15:27 | INFO |   Formula (expanded): raw=2.7472*(1+0.0000/100)=2.7472
2026-03-26 21:15:27 | INFO | --- FINAL RESULT ---
2026-03-26 21:15:27 | INFO | Raw Schedule (before smoothing): 2.747 MW
2026-03-26 21:15:27 | INFO | Final Scheduled MW: 2.747 MW
2026-03-26 21:15:27 | INFO | --------------------------------------------------------------------------------
2026-03-26 21:15:27 | INFO | --------------------------------------------------------------------------------
2026-03-26 21:15:27 | INFO | BLOCK 53
2026-03-26 21:15:27 | INFO | --------------------------------------------------------------------------------
2026-03-26 21:15:27 | INFO | --- FORECAST DATA ---
2026-03-26 21:15:27 | INFO | Intraday Forecast (Enercast Raw): 3.990 MW
2026-03-26 21:15:27 | INFO | Intraday Forecast (Enercast, Scaled): 3.192 MW
2026-03-26 21:15:27 | INFO | Day-ahead Forecast (Enercast): 4.090 MW
2026-03-26 21:15:27 | INFO | Base Forecast (raw, before curtailment/shutdown): 2.713 MW
2026-03-26 21:15:27 | INFO | Base Forecast (used for schedule): 2.713 MW
2026-03-26 21:15:27 | INFO | Effective Base Forecast (after curtailment/shutdown): 2.713 MW
2026-03-26 21:15:27 | INFO | Plant Status: NORMAL
2026-03-26 21:15:27 | INFO | Effective Base Forecast = Base Forecast (raw) = 2.713 MW
2026-03-26 21:15:27 | INFO | --- WEATHER PARAMETERS ---
2026-03-26 21:15:27 | INFO | GTI: 1002.0 W/m^2
2026-03-26 21:15:27 | INFO | DHI: 133.0 W/m^2
2026-03-26 21:15:27 | INFO | DNI: 0.0 W/m^2
2026-03-26 21:15:27 | INFO | Irradiance Ratio (GTI/MAX_GTI): 0.998
2026-03-26 21:15:27 | INFO | Diffuse Ratio (current): 0.133
2026-03-26 21:15:27 | INFO | Irradiance State: STABLE_CLEAR
2026-03-26 21:15:27 | INFO | Temp @ 2m: 34.76 C
2026-03-26 21:15:27 | INFO | Wind @ 10m: 6.37 m/s
2026-03-26 21:15:27 | INFO | Weather State: NORMAL
2026-03-26 21:15:27 | INFO | Dynamic Thresholds: cloud_thr=0.0000, shift_thr=0.0000
2026-03-26 21:15:27 | INFO | Multipliers: irradiance=0.82x, temp=0.92x, wind=0.95x
2026-03-26 21:15:27 | INFO | Weather Multiplier (combined): 0.72x
2026-03-26 21:15:27 | INFO | Abrupt Weather Change Detected: False
2026-03-26 21:15:27 | INFO | --- TREND ANALYSIS ---
2026-03-26 21:15:27 | INFO | Trend series (oldest -> latest):
2026-03-26 21:15:27 | INFO |   Block 52: 3.232 MW (source: INTRADAY_FALLBACK)
2026-03-26 21:15:27 | INFO |   Block 51: 3.256 MW (source: INTRADAY_FALLBACK)
2026-03-26 21:15:27 | INFO |   Block 50: 3.264 MW (source: INTRADAY_FALLBACK)
2026-03-26 21:15:27 | INFO |   Block 49: 3.240 MW (source: INTRADAY_FALLBACK)
2026-03-26 21:15:27 | INFO | Trend values used for slope calc: B52=3.232(INTRADAY_FALLBACK), B51=3.256(INTRADAY_FALLBACK), B50=3.264(INTRADAY_FALLBACK), B49=3.240(INTRADAY_FALLBACK)
2026-03-26 21:15:27 | INFO | Detected Trend Type: FLAT
2026-03-26 21:15:27 | INFO | Trend Slope Percentage: -0.30%
2026-03-26 21:15:27 | INFO | Trend EPS Threshold: 1.50%
2026-03-26 21:15:27 | INFO | --- SCHEDULE CALCULATION ---
2026-03-26 21:15:27 | INFO | Condition Applied: CONDITION_3
2026-03-26 21:15:27 | INFO | Effective Base Forecast Used for Adjustments: 2.713 MW
2026-03-26 21:15:27 | INFO | Condition-3 (Phase-6) Applied:
2026-03-26 21:15:27 | INFO |   Forecast Mismatch: Intraday (3.192) != Day-ahead (4.090)
2026-03-26 21:15:27 | INFO |   Operation: ADD
2026-03-26 21:15:27 | INFO |   Base Adjustment %: 0.00%
2026-03-26 21:15:27 | INFO |   Irradiance Multiplier: 0.82x
2026-03-26 21:15:27 | INFO |   Temp Multiplier: 0.92x
2026-03-26 21:15:27 | INFO |   Wind Multiplier: 0.95x
2026-03-26 21:15:27 | INFO |   Weather Multiplier: 0.72x
2026-03-26 21:15:27 | INFO |   Final Adjustment %: 0.00%
2026-03-26 21:15:27 | INFO |   Calculation: 2.713 MW * (1 + 0.00% / 100)
2026-03-26 21:15:27 | INFO |   Formula (expanded): raw=2.7132*(1+0.0000/100)=2.7132
2026-03-26 21:15:27 | INFO | --- FINAL RESULT ---
2026-03-26 21:15:27 | INFO | Raw Schedule (before smoothing): 2.713 MW
2026-03-26 21:15:27 | INFO | Final Scheduled MW: 2.713 MW
2026-03-26 21:15:27 | INFO | --------------------------------------------------------------------------------
2026-03-26 21:15:27 | INFO | --------------------------------------------------------------------------------
2026-03-26 21:15:27 | INFO | BLOCK 54
2026-03-26 21:15:27 | INFO | --------------------------------------------------------------------------------
2026-03-26 21:15:27 | INFO | --- FORECAST DATA ---
2026-03-26 21:15:27 | INFO | Intraday Forecast (Enercast Raw): 3.900 MW
2026-03-26 21:15:27 | INFO | Intraday Forecast (Enercast, Scaled): 3.120 MW
2026-03-26 21:15:27 | INFO | Day-ahead Forecast (Enercast): 4.020 MW
2026-03-26 21:15:27 | INFO | Base Forecast (raw, before curtailment/shutdown): 2.652 MW
2026-03-26 21:15:27 | INFO | Base Forecast (used for schedule): 2.652 MW
2026-03-26 21:15:27 | INFO | Effective Base Forecast (after curtailment/shutdown): 2.652 MW
2026-03-26 21:15:27 | INFO | Plant Status: NORMAL
2026-03-26 21:15:27 | INFO | Effective Base Forecast = Base Forecast (raw) = 2.652 MW
2026-03-26 21:15:27 | INFO | --- WEATHER PARAMETERS ---
2026-03-26 21:15:27 | INFO | GTI: 996.0 W/m^2
2026-03-26 21:15:27 | INFO | DHI: 132.0 W/m^2
2026-03-26 21:15:27 | INFO | DNI: 0.0 W/m^2
2026-03-26 21:15:27 | INFO | Irradiance Ratio (GTI/MAX_GTI): 0.992
2026-03-26 21:15:27 | INFO | Diffuse Ratio (current): 0.133
2026-03-26 21:15:27 | INFO | Irradiance State: STABLE_CLEAR
2026-03-26 21:15:27 | INFO | Temp @ 2m: 35.01 C
2026-03-26 21:15:27 | INFO | Wind @ 10m: 5.62 m/s
2026-03-26 21:15:27 | INFO | Weather State: NORMAL
2026-03-26 21:15:27 | INFO | Dynamic Thresholds: cloud_thr=0.0000, shift_thr=0.0000
2026-03-26 21:15:27 | INFO | Multipliers: irradiance=0.82x, temp=0.78x, wind=0.95x
2026-03-26 21:15:27 | INFO | Weather Multiplier (combined): 0.61x
2026-03-26 21:15:27 | INFO | Abrupt Weather Change Detected: False
2026-03-26 21:15:27 | INFO | --- TREND ANALYSIS ---
2026-03-26 21:15:27 | INFO | Trend series (oldest -> latest):
2026-03-26 21:15:27 | INFO |   Block 53: 3.192 MW (source: INTRADAY_FALLBACK)
2026-03-26 21:15:27 | INFO |   Block 52: 3.232 MW (source: INTRADAY_FALLBACK)
2026-03-26 21:15:27 | INFO |   Block 51: 3.256 MW (source: INTRADAY_FALLBACK)
2026-03-26 21:15:27 | INFO |   Block 50: 3.264 MW (source: INTRADAY_FALLBACK)
2026-03-26 21:15:27 | INFO | Trend values used for slope calc: B53=3.192(INTRADAY_FALLBACK), B52=3.232(INTRADAY_FALLBACK), B51=3.256(INTRADAY_FALLBACK), B50=3.264(INTRADAY_FALLBACK)
2026-03-26 21:15:27 | INFO | Detected Trend Type: DECREASING
2026-03-26 21:15:27 | INFO | Trend Slope Percentage: -2.20%
2026-03-26 21:15:27 | INFO | Trend EPS Threshold: 1.50%
2026-03-26 21:15:27 | INFO | --- SCHEDULE CALCULATION ---
2026-03-26 21:15:27 | INFO | Condition Applied: CONDITION_3
2026-03-26 21:15:27 | INFO | Effective Base Forecast Used for Adjustments: 2.652 MW
2026-03-26 21:15:27 | INFO | Condition-3 (Phase-6) Applied:
2026-03-26 21:15:27 | INFO |   Forecast Mismatch: Intraday (3.120) != Day-ahead (4.020)
2026-03-26 21:15:27 | INFO |   Operation: SUBTRACT
2026-03-26 21:15:27 | INFO |   Base Adjustment %: 1.00%
2026-03-26 21:15:27 | INFO |   Irradiance Multiplier: 0.82x
2026-03-26 21:15:27 | INFO |   Temp Multiplier: 0.78x
2026-03-26 21:15:27 | INFO |   Wind Multiplier: 0.95x
2026-03-26 21:15:27 | INFO |   Weather Multiplier: 0.61x
2026-03-26 21:15:27 | INFO |   Final Adjustment %: -0.61%
2026-03-26 21:15:27 | INFO |   Calculation: 2.652 MW * (1 + -0.61% / 100)
2026-03-26 21:15:27 | INFO |   Formula (expanded): raw=2.6520*(1+-0.6076/100)=2.6359
2026-03-26 21:15:27 | INFO | --- FINAL RESULT ---
2026-03-26 21:15:27 | INFO | Raw Schedule (before smoothing): 2.636 MW
2026-03-26 21:15:27 | INFO | Final Scheduled MW: 2.636 MW
2026-03-26 21:15:27 | INFO | --------------------------------------------------------------------------------
2026-03-26 21:15:27 | INFO | --------------------------------------------------------------------------------
2026-03-26 21:15:27 | INFO | BLOCK 55
2026-03-26 21:15:27 | INFO | --------------------------------------------------------------------------------
2026-03-26 21:15:27 | INFO | --- FORECAST DATA ---
2026-03-26 21:15:27 | INFO | Intraday Forecast (Enercast Raw): 3.750 MW
2026-03-26 21:15:27 | INFO | Intraday Forecast (Enercast, Scaled): 3.000 MW
2026-03-26 21:15:27 | INFO | Day-ahead Forecast (Enercast): 3.920 MW
2026-03-26 21:15:27 | INFO | Base Forecast (raw, before curtailment/shutdown): 2.550 MW
2026-03-26 21:15:27 | INFO | Base Forecast (used for schedule): 2.550 MW
2026-03-26 21:15:27 | INFO | Effective Base Forecast (after curtailment/shutdown): 2.550 MW
2026-03-26 21:15:27 | INFO | Plant Status: NORMAL
2026-03-26 21:15:27 | INFO | Effective Base Forecast = Base Forecast (raw) = 2.550 MW
2026-03-26 21:15:27 | INFO | --- WEATHER PARAMETERS ---
2026-03-26 21:15:27 | INFO | GTI: 984.0 W/m^2
2026-03-26 21:15:27 | INFO | DHI: 132.0 W/m^2
2026-03-26 21:15:27 | INFO | DNI: 0.0 W/m^2
2026-03-26 21:15:27 | INFO | Irradiance Ratio (GTI/MAX_GTI): 0.980
2026-03-26 21:15:27 | INFO | Diffuse Ratio (current): 0.134
2026-03-26 21:15:27 | INFO | Irradiance State: STABLE_CLEAR
2026-03-26 21:15:27 | INFO | Temp @ 2m: 35.21 C
2026-03-26 21:15:27 | INFO | Wind @ 10m: 5.40 m/s
2026-03-26 21:15:27 | INFO | Weather State: NORMAL
2026-03-26 21:15:27 | INFO | Dynamic Thresholds: cloud_thr=0.0000, shift_thr=0.0000
2026-03-26 21:15:27 | INFO | Multipliers: irradiance=0.82x, temp=0.78x, wind=0.95x
2026-03-26 21:15:27 | INFO | Weather Multiplier (combined): 0.61x
2026-03-26 21:15:27 | INFO | Abrupt Weather Change Detected: False
2026-03-26 21:15:27 | INFO | --- TREND ANALYSIS ---
2026-03-26 21:15:27 | INFO | Trend series (oldest -> latest):
2026-03-26 21:15:27 | INFO |   Block 54: 3.120 MW (source: INTRADAY_FALLBACK)
2026-03-26 21:15:27 | INFO |   Block 53: 3.192 MW (source: INTRADAY_FALLBACK)
2026-03-26 21:15:27 | INFO |   Block 52: 3.232 MW (source: INTRADAY_FALLBACK)
2026-03-26 21:15:27 | INFO |   Block 51: 3.256 MW (source: INTRADAY_FALLBACK)
2026-03-26 21:15:27 | INFO | Trend values used for slope calc: B54=3.120(INTRADAY_FALLBACK), B53=3.192(INTRADAY_FALLBACK), B52=3.232(INTRADAY_FALLBACK), B51=3.256(INTRADAY_FALLBACK)
2026-03-26 21:15:27 | INFO | Detected Trend Type: DECREASING
2026-03-26 21:15:27 | INFO | Trend Slope Percentage: -4.11%
2026-03-26 21:15:27 | INFO | Trend EPS Threshold: 1.50%
2026-03-26 21:15:27 | INFO | --- SCHEDULE CALCULATION ---
2026-03-26 21:15:27 | INFO | Condition Applied: CONDITION_3
2026-03-26 21:15:27 | INFO | Effective Base Forecast Used for Adjustments: 2.550 MW
2026-03-26 21:15:27 | INFO | Condition-3 (Phase-6) Applied:
2026-03-26 21:15:27 | INFO |   Forecast Mismatch: Intraday (3.000) != Day-ahead (3.920)
2026-03-26 21:15:27 | INFO |   Operation: SUBTRACT
2026-03-26 21:15:27 | INFO |   Base Adjustment %: 2.00%
2026-03-26 21:15:27 | INFO |   Irradiance Multiplier: 0.82x
2026-03-26 21:15:27 | INFO |   Temp Multiplier: 0.78x
2026-03-26 21:15:27 | INFO |   Wind Multiplier: 0.95x
2026-03-26 21:15:27 | INFO |   Weather Multiplier: 0.61x
2026-03-26 21:15:27 | INFO |   Final Adjustment %: -1.22%
2026-03-26 21:15:27 | INFO |   Calculation: 2.550 MW * (1 + -1.22% / 100)
2026-03-26 21:15:27 | INFO |   Formula (expanded): raw=2.5500*(1+-1.2152/100)=2.5190
2026-03-26 21:15:27 | INFO | --- FINAL RESULT ---
2026-03-26 21:15:27 | INFO | Raw Schedule (before smoothing): 2.519 MW
2026-03-26 21:15:27 | INFO | Final Scheduled MW: 2.519 MW
2026-03-26 21:15:27 | INFO | --------------------------------------------------------------------------------
2026-03-26 21:15:27 | INFO | --------------------------------------------------------------------------------
2026-03-26 21:15:27 | INFO | BLOCK 56
2026-03-26 21:15:27 | INFO | --------------------------------------------------------------------------------
2026-03-26 21:15:27 | INFO | --- FORECAST DATA ---
2026-03-26 21:15:27 | INFO | Intraday Forecast (Enercast Raw): 3.580 MW
2026-03-26 21:15:27 | INFO | Intraday Forecast (Enercast, Scaled): 2.864 MW
2026-03-26 21:15:27 | INFO | Day-ahead Forecast (Enercast): 3.810 MW
2026-03-26 21:15:27 | INFO | Base Forecast (raw, before curtailment/shutdown): 2.434 MW
2026-03-26 21:15:27 | INFO | Base Forecast (used for schedule): 2.434 MW
2026-03-26 21:15:27 | INFO | Effective Base Forecast (after curtailment/shutdown): 2.434 MW
2026-03-26 21:15:27 | INFO | Plant Status: NORMAL
2026-03-26 21:15:27 | INFO | Effective Base Forecast = Base Forecast (raw) = 2.434 MW
2026-03-26 21:15:27 | INFO | --- WEATHER PARAMETERS ---
2026-03-26 21:15:27 | INFO | GTI: 967.0 W/m^2
2026-03-26 21:15:27 | INFO | DHI: 131.0 W/m^2
2026-03-26 21:15:27 | INFO | DNI: 0.0 W/m^2
2026-03-26 21:15:27 | INFO | Irradiance Ratio (GTI/MAX_GTI): 0.963
2026-03-26 21:15:27 | INFO | Diffuse Ratio (current): 0.135
2026-03-26 21:15:27 | INFO | Irradiance State: STABLE_CLEAR
2026-03-26 21:15:27 | INFO | Temp @ 2m: 35.31 C
2026-03-26 21:15:27 | INFO | Wind @ 10m: 5.69 m/s
2026-03-26 21:15:27 | INFO | Weather State: NORMAL
2026-03-26 21:15:27 | INFO | Dynamic Thresholds: cloud_thr=0.0000, shift_thr=0.0000
2026-03-26 21:15:27 | INFO | Multipliers: irradiance=0.82x, temp=0.78x, wind=0.95x
2026-03-26 21:15:27 | INFO | Weather Multiplier (combined): 0.61x
2026-03-26 21:15:27 | INFO | Abrupt Weather Change Detected: False
2026-03-26 21:15:27 | INFO | --- TREND ANALYSIS ---
2026-03-26 21:15:27 | INFO | Trend series (oldest -> latest):
2026-03-26 21:15:27 | INFO |   Block 55: 3.000 MW (source: INTRADAY_FALLBACK)
2026-03-26 21:15:27 | INFO |   Block 54: 3.120 MW (source: INTRADAY_FALLBACK)
2026-03-26 21:15:27 | INFO |   Block 53: 3.192 MW (source: INTRADAY_FALLBACK)
2026-03-26 21:15:27 | INFO |   Block 52: 3.232 MW (source: INTRADAY_FALLBACK)
2026-03-26 21:15:27 | INFO | Trend values used for slope calc: B55=3.000(INTRADAY_FALLBACK), B54=3.120(INTRADAY_FALLBACK), B53=3.192(INTRADAY_FALLBACK), B52=3.232(INTRADAY_FALLBACK)
2026-03-26 21:15:27 | INFO | Detected Trend Type: DECREASING
2026-03-26 21:15:27 | INFO | Trend Slope Percentage: -7.09%
2026-03-26 21:15:27 | INFO | Trend EPS Threshold: 1.50%
2026-03-26 21:15:27 | INFO | --- SCHEDULE CALCULATION ---
2026-03-26 21:15:27 | INFO | Condition Applied: CONDITION_3
2026-03-26 21:15:27 | INFO | Effective Base Forecast Used for Adjustments: 2.434 MW
2026-03-26 21:15:27 | INFO | Condition-3 (Phase-6) Applied:
2026-03-26 21:15:27 | INFO |   Forecast Mismatch: Intraday (2.864) != Day-ahead (3.810)
2026-03-26 21:15:27 | INFO |   Operation: SUBTRACT
2026-03-26 21:15:27 | INFO |   Base Adjustment %: 3.00%
2026-03-26 21:15:27 | INFO |   Irradiance Multiplier: 0.82x
2026-03-26 21:15:27 | INFO |   Temp Multiplier: 0.78x
2026-03-26 21:15:27 | INFO |   Wind Multiplier: 0.95x
2026-03-26 21:15:27 | INFO |   Weather Multiplier: 0.61x
2026-03-26 21:15:27 | INFO |   Final Adjustment %: -1.82%
2026-03-26 21:15:27 | INFO |   Calculation: 2.434 MW * (1 + -1.82% / 100)
2026-03-26 21:15:27 | INFO |   Formula (expanded): raw=2.4344*(1+-1.8229/100)=2.3900
2026-03-26 21:15:27 | INFO | --- FINAL RESULT ---
2026-03-26 21:15:27 | INFO | Raw Schedule (before smoothing): 2.390 MW
2026-03-26 21:15:27 | INFO | Final Scheduled MW: 2.390 MW
2026-03-26 21:15:27 | INFO | --------------------------------------------------------------------------------
2026-03-26 21:15:27 | INFO | --------------------------------------------------------------------------------
2026-03-26 21:15:27 | INFO | BLOCK 57
2026-03-26 21:15:27 | INFO | --------------------------------------------------------------------------------
2026-03-26 21:15:27 | INFO | --- FORECAST DATA ---
2026-03-26 21:15:27 | INFO | Intraday Forecast (Enercast Raw): 3.400 MW
2026-03-26 21:15:27 | INFO | Intraday Forecast (Enercast, Scaled): 2.720 MW
2026-03-26 21:15:27 | INFO | Day-ahead Forecast (Enercast): 3.680 MW
2026-03-26 21:15:27 | INFO | Base Forecast (raw, before curtailment/shutdown): 2.312 MW
2026-03-26 21:15:27 | INFO | Base Forecast (used for schedule): 2.312 MW
2026-03-26 21:15:27 | INFO | Effective Base Forecast (after curtailment/shutdown): 2.312 MW
2026-03-26 21:15:27 | INFO | Plant Status: NORMAL
2026-03-26 21:15:27 | INFO | Effective Base Forecast = Base Forecast (raw) = 2.312 MW
2026-03-26 21:15:27 | INFO | --- WEATHER PARAMETERS ---
2026-03-26 21:15:27 | INFO | GTI: 946.0 W/m^2
2026-03-26 21:15:27 | INFO | DHI: 130.0 W/m^2
2026-03-26 21:15:27 | INFO | DNI: 0.0 W/m^2
2026-03-26 21:15:27 | INFO | Irradiance Ratio (GTI/MAX_GTI): 0.942
2026-03-26 21:15:27 | INFO | Diffuse Ratio (current): 0.137
2026-03-26 21:15:27 | INFO | Irradiance State: STABLE_CLEAR
2026-03-26 21:15:27 | INFO | Temp @ 2m: 35.41 C
2026-03-26 21:15:27 | INFO | Wind @ 10m: 6.61 m/s
2026-03-26 21:15:27 | INFO | Weather State: NORMAL
2026-03-26 21:15:27 | INFO | Dynamic Thresholds: cloud_thr=0.0000, shift_thr=0.0000
2026-03-26 21:15:27 | INFO | Multipliers: irradiance=0.82x, temp=0.78x, wind=0.95x
2026-03-26 21:15:27 | INFO | Weather Multiplier (combined): 0.61x
2026-03-26 21:15:27 | INFO | Abrupt Weather Change Detected: False
2026-03-26 21:15:27 | INFO | --- TREND ANALYSIS ---
2026-03-26 21:15:27 | INFO | Trend series (oldest -> latest):
2026-03-26 21:15:27 | INFO |   Block 56: 2.864 MW (source: INTRADAY_FALLBACK)
2026-03-26 21:15:27 | INFO |   Block 55: 3.000 MW (source: INTRADAY_FALLBACK)
2026-03-26 21:15:27 | INFO |   Block 54: 3.120 MW (source: INTRADAY_FALLBACK)
2026-03-26 21:15:27 | INFO |   Block 53: 3.192 MW (source: INTRADAY_FALLBACK)
2026-03-26 21:15:27 | INFO | Trend values used for slope calc: B56=2.864(INTRADAY_FALLBACK), B55=3.000(INTRADAY_FALLBACK), B54=3.120(INTRADAY_FALLBACK), B53=3.192(INTRADAY_FALLBACK)
2026-03-26 21:15:27 | INFO | Detected Trend Type: DECREASING
2026-03-26 21:15:27 | INFO | Trend Slope Percentage: -10.32%
2026-03-26 21:15:27 | INFO | Trend EPS Threshold: 1.50%
2026-03-26 21:15:27 | INFO | --- SCHEDULE CALCULATION ---
2026-03-26 21:15:27 | INFO | Condition Applied: CONDITION_3
2026-03-26 21:15:27 | INFO | Effective Base Forecast Used for Adjustments: 2.312 MW
2026-03-26 21:15:27 | INFO | Condition-3 (Phase-6) Applied:
2026-03-26 21:15:27 | INFO |   Forecast Mismatch: Intraday (2.720) != Day-ahead (3.680)
2026-03-26 21:15:27 | INFO |   Operation: SUBTRACT
2026-03-26 21:15:27 | INFO |   Base Adjustment %: 3.00%
2026-03-26 21:15:27 | INFO |   Irradiance Multiplier: 0.82x
2026-03-26 21:15:27 | INFO |   Temp Multiplier: 0.78x
2026-03-26 21:15:27 | INFO |   Wind Multiplier: 0.95x
2026-03-26 21:15:27 | INFO |   Weather Multiplier: 0.61x
2026-03-26 21:15:27 | INFO |   Final Adjustment %: -1.82%
2026-03-26 21:15:27 | INFO |   Calculation: 2.312 MW * (1 + -1.82% / 100)
2026-03-26 21:15:27 | INFO |   Formula (expanded): raw=2.3120*(1+-1.8229/100)=2.2699
2026-03-26 21:15:27 | INFO | --- FINAL RESULT ---
2026-03-26 21:15:27 | INFO | Raw Schedule (before smoothing): 2.270 MW
2026-03-26 21:15:27 | INFO | Final Scheduled MW: 2.270 MW
2026-03-26 21:15:27 | INFO | --------------------------------------------------------------------------------
2026-03-26 21:15:27 | INFO | --------------------------------------------------------------------------------
2026-03-26 21:15:27 | INFO | BLOCK 58
2026-03-26 21:15:27 | INFO | --------------------------------------------------------------------------------
2026-03-26 21:15:27 | INFO | --- FORECAST DATA ---
2026-03-26 21:15:27 | INFO | Intraday Forecast (Enercast Raw): 3.220 MW
2026-03-26 21:15:27 | INFO | Intraday Forecast (Enercast, Scaled): 2.576 MW
2026-03-26 21:15:27 | INFO | Day-ahead Forecast (Enercast): 3.540 MW
2026-03-26 21:15:27 | INFO | Base Forecast (raw, before curtailment/shutdown): 2.190 MW
2026-03-26 21:15:27 | INFO | Base Forecast (used for schedule): 2.190 MW
2026-03-26 21:15:27 | INFO | Effective Base Forecast (after curtailment/shutdown): 2.190 MW
2026-03-26 21:15:27 | INFO | Plant Status: NORMAL
2026-03-26 21:15:27 | INFO | Effective Base Forecast = Base Forecast (raw) = 2.190 MW
2026-03-26 21:15:27 | INFO | --- WEATHER PARAMETERS ---
2026-03-26 21:15:27 | INFO | GTI: 920.0 W/m^2
2026-03-26 21:15:27 | INFO | DHI: 129.0 W/m^2
2026-03-26 21:15:27 | INFO | DNI: 0.0 W/m^2
2026-03-26 21:15:27 | INFO | Irradiance Ratio (GTI/MAX_GTI): 0.916
2026-03-26 21:15:27 | INFO | Diffuse Ratio (current): 0.140
2026-03-26 21:15:27 | INFO | Irradiance State: STABLE_CLEAR
2026-03-26 21:15:27 | INFO | Temp @ 2m: 35.46 C
2026-03-26 21:15:27 | INFO | Wind @ 10m: 7.41 m/s
2026-03-26 21:15:27 | INFO | Weather State: NORMAL
2026-03-26 21:15:27 | INFO | Dynamic Thresholds: cloud_thr=0.0000, shift_thr=0.0000
2026-03-26 21:15:27 | INFO | Multipliers: irradiance=0.82x, temp=0.78x, wind=0.95x
2026-03-26 21:15:27 | INFO | Weather Multiplier (combined): 0.61x
2026-03-26 21:15:27 | INFO | Abrupt Weather Change Detected: False
2026-03-26 21:15:27 | INFO | --- TREND ANALYSIS ---
2026-03-26 21:15:27 | INFO | Trend series (oldest -> latest):
2026-03-26 21:15:27 | INFO |   Block 57: 2.720 MW (source: INTRADAY_FALLBACK)
2026-03-26 21:15:27 | INFO |   Block 56: 2.864 MW (source: INTRADAY_FALLBACK)
2026-03-26 21:15:27 | INFO |   Block 55: 3.000 MW (source: INTRADAY_FALLBACK)
2026-03-26 21:15:27 | INFO |   Block 54: 3.120 MW (source: INTRADAY_FALLBACK)
2026-03-26 21:15:27 | INFO | Trend values used for slope calc: B57=2.720(INTRADAY_FALLBACK), B56=2.864(INTRADAY_FALLBACK), B55=3.000(INTRADAY_FALLBACK), B54=3.120(INTRADAY_FALLBACK)
2026-03-26 21:15:27 | INFO | Detected Trend Type: DECREASING
2026-03-26 21:15:27 | INFO | Trend Slope Percentage: -12.82%
2026-03-26 21:15:27 | INFO | Trend EPS Threshold: 1.50%
2026-03-26 21:15:27 | INFO | --- SCHEDULE CALCULATION ---
2026-03-26 21:15:27 | INFO | Condition Applied: CONDITION_3
2026-03-26 21:15:27 | INFO | Effective Base Forecast Used for Adjustments: 2.190 MW
2026-03-26 21:15:27 | INFO | Condition-3 (Phase-6) Applied:
2026-03-26 21:15:27 | INFO |   Forecast Mismatch: Intraday (2.576) != Day-ahead (3.540)
2026-03-26 21:15:27 | INFO |   Operation: SUBTRACT
2026-03-26 21:15:27 | INFO |   Base Adjustment %: 3.00%
2026-03-26 21:15:27 | INFO |   Irradiance Multiplier: 0.82x
2026-03-26 21:15:27 | INFO |   Temp Multiplier: 0.78x
2026-03-26 21:15:27 | INFO |   Wind Multiplier: 0.95x
2026-03-26 21:15:27 | INFO |   Weather Multiplier: 0.61x
2026-03-26 21:15:27 | INFO |   Final Adjustment %: -1.82%
2026-03-26 21:15:27 | INFO |   Calculation: 2.190 MW * (1 + -1.82% / 100)
2026-03-26 21:15:27 | INFO |   Formula (expanded): raw=2.1896*(1+-1.8229/100)=2.1497
2026-03-26 21:15:27 | INFO | --- FINAL RESULT ---
2026-03-26 21:15:27 | INFO | Raw Schedule (before smoothing): 2.150 MW
2026-03-26 21:15:27 | INFO | Final Scheduled MW: 2.150 MW
2026-03-26 21:15:27 | INFO | --------------------------------------------------------------------------------
2026-03-26 21:15:27 | INFO | --------------------------------------------------------------------------------
2026-03-26 21:15:27 | INFO | BLOCK 59
2026-03-26 21:15:27 | INFO | --------------------------------------------------------------------------------
2026-03-26 21:15:27 | INFO | --- FORECAST DATA ---
2026-03-26 21:15:27 | INFO | Intraday Forecast (Enercast Raw): 3.050 MW
2026-03-26 21:15:27 | INFO | Intraday Forecast (Enercast, Scaled): 2.440 MW
2026-03-26 21:15:27 | INFO | Day-ahead Forecast (Enercast): 3.360 MW
2026-03-26 21:15:27 | INFO | Base Forecast (raw, before curtailment/shutdown): 2.074 MW
2026-03-26 21:15:27 | INFO | Base Forecast (used for schedule): 2.074 MW
2026-03-26 21:15:27 | INFO | Effective Base Forecast (after curtailment/shutdown): 2.074 MW
2026-03-26 21:15:27 | INFO | Plant Status: NORMAL
2026-03-26 21:15:27 | INFO | Effective Base Forecast = Base Forecast (raw) = 2.074 MW
2026-03-26 21:15:27 | INFO | --- WEATHER PARAMETERS ---
2026-03-26 21:15:27 | INFO | GTI: 890.0 W/m^2
2026-03-26 21:15:27 | INFO | DHI: 127.0 W/m^2
2026-03-26 21:15:27 | INFO | DNI: 0.0 W/m^2
2026-03-26 21:15:27 | INFO | Irradiance Ratio (GTI/MAX_GTI): 0.886
2026-03-26 21:15:27 | INFO | Diffuse Ratio (current): 0.143
2026-03-26 21:15:27 | INFO | Irradiance State: STABLE_CLEAR
2026-03-26 21:15:27 | INFO | Temp @ 2m: 35.51 C
2026-03-26 21:15:27 | INFO | Wind @ 10m: 8.22 m/s
2026-03-26 21:15:27 | INFO | Weather State: NORMAL
2026-03-26 21:15:27 | INFO | Dynamic Thresholds: cloud_thr=0.0000, shift_thr=0.0000
2026-03-26 21:15:27 | INFO | Multipliers: irradiance=0.82x, temp=0.78x, wind=0.95x
2026-03-26 21:15:27 | INFO | Weather Multiplier (combined): 0.61x
2026-03-26 21:15:27 | INFO | Abrupt Weather Change Detected: False
2026-03-26 21:15:27 | INFO | --- TREND ANALYSIS ---
2026-03-26 21:15:27 | INFO | Trend series (oldest -> latest):
2026-03-26 21:15:27 | INFO |   Block 58: 2.576 MW (source: INTRADAY_FALLBACK)
2026-03-26 21:15:27 | INFO |   Block 57: 2.720 MW (source: INTRADAY_FALLBACK)
2026-03-26 21:15:27 | INFO |   Block 56: 2.864 MW (source: INTRADAY_FALLBACK)
2026-03-26 21:15:27 | INFO |   Block 55: 3.000 MW (source: INTRADAY_FALLBACK)
2026-03-26 21:15:27 | INFO | Trend values used for slope calc: B58=2.576(INTRADAY_FALLBACK), B57=2.720(INTRADAY_FALLBACK), B56=2.864(INTRADAY_FALLBACK), B55=3.000(INTRADAY_FALLBACK)
2026-03-26 21:15:27 | INFO | Detected Trend Type: DECREASING
2026-03-26 21:15:27 | INFO | Trend Slope Percentage: -14.15%
2026-03-26 21:15:27 | INFO | Trend EPS Threshold: 1.50%
2026-03-26 21:15:27 | INFO | --- SCHEDULE CALCULATION ---
2026-03-26 21:15:27 | INFO | Condition Applied: CONDITION_3
2026-03-26 21:15:27 | INFO | Effective Base Forecast Used for Adjustments: 2.074 MW
2026-03-26 21:15:27 | INFO | Condition-3 (Phase-6) Applied:
2026-03-26 21:15:27 | INFO |   Forecast Mismatch: Intraday (2.440) != Day-ahead (3.360)
2026-03-26 21:15:27 | INFO |   Operation: SUBTRACT
2026-03-26 21:15:27 | INFO |   Base Adjustment %: 3.00%
2026-03-26 21:15:27 | INFO |   Irradiance Multiplier: 0.82x
2026-03-26 21:15:27 | INFO |   Temp Multiplier: 0.78x
2026-03-26 21:15:27 | INFO |   Wind Multiplier: 0.95x
2026-03-26 21:15:27 | INFO |   Weather Multiplier: 0.61x
2026-03-26 21:15:27 | INFO |   Final Adjustment %: -1.82%
2026-03-26 21:15:27 | INFO |   Calculation: 2.074 MW * (1 + -1.82% / 100)
2026-03-26 21:15:27 | INFO |   Formula (expanded): raw=2.0740*(1+-1.8229/100)=2.0362
2026-03-26 21:15:27 | INFO | --- FINAL RESULT ---
2026-03-26 21:15:27 | INFO | Raw Schedule (before smoothing): 2.036 MW
2026-03-26 21:15:27 | INFO | Final Scheduled MW: 2.036 MW
2026-03-26 21:15:27 | INFO | --------------------------------------------------------------------------------
2026-03-26 21:15:27 | INFO | --------------------------------------------------------------------------------
2026-03-26 21:15:27 | INFO | BLOCK 60
2026-03-26 21:15:27 | INFO | --------------------------------------------------------------------------------
2026-03-26 21:15:27 | INFO | --- FORECAST DATA ---
2026-03-26 21:15:27 | INFO | Intraday Forecast (Enercast Raw): 2.870 MW
2026-03-26 21:15:27 | INFO | Intraday Forecast (Enercast, Scaled): 2.296 MW
2026-03-26 21:15:27 | INFO | Day-ahead Forecast (Enercast): 3.160 MW
2026-03-26 21:15:27 | INFO | Base Forecast (raw, before curtailment/shutdown): 1.952 MW
2026-03-26 21:15:27 | INFO | Base Forecast (used for schedule): 1.952 MW
2026-03-26 21:15:27 | INFO | Effective Base Forecast (after curtailment/shutdown): 1.952 MW
2026-03-26 21:15:27 | INFO | Plant Status: NORMAL
2026-03-26 21:15:27 | INFO | Effective Base Forecast = Base Forecast (raw) = 1.952 MW
2026-03-26 21:15:27 | INFO | --- WEATHER PARAMETERS ---
2026-03-26 21:15:27 | INFO | GTI: 856.0 W/m^2
2026-03-26 21:15:27 | INFO | DHI: 125.0 W/m^2
2026-03-26 21:15:27 | INFO | DNI: 0.0 W/m^2
2026-03-26 21:15:27 | INFO | Irradiance Ratio (GTI/MAX_GTI): 0.853
2026-03-26 21:15:27 | INFO | Diffuse Ratio (current): 0.146
2026-03-26 21:15:27 | INFO | Irradiance State: STABLE_CLEAR
2026-03-26 21:15:27 | INFO | Temp @ 2m: 35.61 C
2026-03-26 21:15:27 | INFO | Wind @ 10m: 8.71 m/s
2026-03-26 21:15:27 | INFO | Weather State: NORMAL
2026-03-26 21:15:27 | INFO | Dynamic Thresholds: cloud_thr=0.0000, shift_thr=0.0000
2026-03-26 21:15:27 | INFO | Multipliers: irradiance=0.82x, temp=0.78x, wind=0.95x
2026-03-26 21:15:27 | INFO | Weather Multiplier (combined): 0.61x
2026-03-26 21:15:27 | INFO | Abrupt Weather Change Detected: False
2026-03-26 21:15:27 | INFO | --- TREND ANALYSIS ---
2026-03-26 21:15:27 | INFO | Trend series (oldest -> latest):
2026-03-26 21:15:27 | INFO |   Block 59: 2.440 MW (source: INTRADAY_FALLBACK)
2026-03-26 21:15:27 | INFO |   Block 58: 2.576 MW (source: INTRADAY_FALLBACK)
2026-03-26 21:15:27 | INFO |   Block 57: 2.720 MW (source: INTRADAY_FALLBACK)
2026-03-26 21:15:27 | INFO |   Block 56: 2.864 MW (source: INTRADAY_FALLBACK)
2026-03-26 21:15:27 | INFO | Trend values used for slope calc: B59=2.440(INTRADAY_FALLBACK), B58=2.576(INTRADAY_FALLBACK), B57=2.720(INTRADAY_FALLBACK), B56=2.864(INTRADAY_FALLBACK)
2026-03-26 21:15:27 | INFO | Detected Trend Type: DECREASING
2026-03-26 21:15:27 | INFO | Trend Slope Percentage: -14.84%
2026-03-26 21:15:27 | INFO | Trend EPS Threshold: 1.50%
2026-03-26 21:15:27 | INFO | --- SCHEDULE CALCULATION ---
2026-03-26 21:15:27 | INFO | Condition Applied: CONDITION_3
2026-03-26 21:15:27 | INFO | Effective Base Forecast Used for Adjustments: 1.952 MW
2026-03-26 21:15:27 | INFO | Condition-3 (Phase-6) Applied:
2026-03-26 21:15:27 | INFO |   Forecast Mismatch: Intraday (2.296) != Day-ahead (3.160)
2026-03-26 21:15:27 | INFO |   Operation: SUBTRACT
2026-03-26 21:15:27 | INFO |   Base Adjustment %: 3.00%
2026-03-26 21:15:27 | INFO |   Irradiance Multiplier: 0.82x
2026-03-26 21:15:27 | INFO |   Temp Multiplier: 0.78x
2026-03-26 21:15:27 | INFO |   Wind Multiplier: 0.95x
2026-03-26 21:15:27 | INFO |   Weather Multiplier: 0.61x
2026-03-26 21:15:27 | INFO |   Final Adjustment %: -1.82%
2026-03-26 21:15:27 | INFO |   Calculation: 1.952 MW * (1 + -1.82% / 100)
2026-03-26 21:15:27 | INFO |   Formula (expanded): raw=1.9516*(1+-1.8229/100)=1.9160
2026-03-26 21:15:27 | INFO | --- FINAL RESULT ---
2026-03-26 21:15:27 | INFO | Raw Schedule (before smoothing): 1.916 MW
2026-03-26 21:15:27 | INFO | Final Scheduled MW: 1.916 MW
2026-03-26 21:15:27 | INFO | --------------------------------------------------------------------------------
2026-03-26 21:15:27 | INFO | --------------------------------------------------------------------------------
2026-03-26 21:15:27 | INFO | BLOCK 61
2026-03-26 21:15:27 | INFO | --------------------------------------------------------------------------------
2026-03-26 21:15:27 | INFO | --- FORECAST DATA ---
2026-03-26 21:15:27 | INFO | Intraday Forecast (Enercast Raw): 2.670 MW
2026-03-26 21:15:27 | INFO | Intraday Forecast (Enercast, Scaled): 2.136 MW
2026-03-26 21:15:27 | INFO | Day-ahead Forecast (Enercast): 2.950 MW
2026-03-26 21:15:27 | INFO | Base Forecast (raw, before curtailment/shutdown): 1.816 MW
2026-03-26 21:15:27 | INFO | Base Forecast (used for schedule): 1.816 MW
2026-03-26 21:15:27 | INFO | Effective Base Forecast (after curtailment/shutdown): 1.816 MW
2026-03-26 21:15:27 | INFO | Plant Status: NORMAL
2026-03-26 21:15:27 | INFO | Effective Base Forecast = Base Forecast (raw) = 1.816 MW
2026-03-26 21:15:27 | INFO | --- WEATHER PARAMETERS ---
2026-03-26 21:15:27 | INFO | GTI: 817.0 W/m^2
2026-03-26 21:15:27 | INFO | DHI: 123.0 W/m^2
2026-03-26 21:15:27 | INFO | DNI: 0.0 W/m^2
2026-03-26 21:15:27 | INFO | Irradiance Ratio (GTI/MAX_GTI): 0.814
2026-03-26 21:15:27 | INFO | Diffuse Ratio (current): 0.151
2026-03-26 21:15:27 | INFO | Irradiance State: STABLE_CLEAR
2026-03-26 21:15:27 | INFO | Temp @ 2m: 35.71 C
2026-03-26 21:15:27 | INFO | Wind @ 10m: 9.20 m/s
2026-03-26 21:15:27 | INFO | Weather State: NORMAL
2026-03-26 21:15:27 | INFO | Dynamic Thresholds: cloud_thr=0.0000, shift_thr=0.0000
2026-03-26 21:15:27 | INFO | Multipliers: irradiance=0.82x, temp=0.78x, wind=0.95x
2026-03-26 21:15:27 | INFO | Weather Multiplier (combined): 0.61x
2026-03-26 21:15:27 | INFO | Abrupt Weather Change Detected: False
2026-03-26 21:15:27 | INFO | --- TREND ANALYSIS ---
2026-03-26 21:15:27 | INFO | Trend series (oldest -> latest):
2026-03-26 21:15:27 | INFO |   Block 60: 2.296 MW (source: INTRADAY_FALLBACK)
2026-03-26 21:15:27 | INFO |   Block 59: 2.440 MW (source: INTRADAY_FALLBACK)
2026-03-26 21:15:27 | INFO |   Block 58: 2.576 MW (source: INTRADAY_FALLBACK)
2026-03-26 21:15:27 | INFO |   Block 57: 2.720 MW (source: INTRADAY_FALLBACK)
2026-03-26 21:15:27 | INFO | Trend values used for slope calc: B60=2.296(INTRADAY_FALLBACK), B59=2.440(INTRADAY_FALLBACK), B58=2.576(INTRADAY_FALLBACK), B57=2.720(INTRADAY_FALLBACK)
2026-03-26 21:15:27 | INFO | Detected Trend Type: DECREASING
2026-03-26 21:15:27 | INFO | Trend Slope Percentage: -15.53%
2026-03-26 21:15:27 | INFO | Trend EPS Threshold: 1.50%
2026-03-26 21:15:27 | INFO | --- SCHEDULE CALCULATION ---
2026-03-26 21:15:27 | INFO | Condition Applied: CONDITION_3
2026-03-26 21:15:27 | INFO | Effective Base Forecast Used for Adjustments: 1.816 MW
2026-03-26 21:15:27 | INFO | Condition-3 (Phase-6) Applied:
2026-03-26 21:15:27 | INFO |   Forecast Mismatch: Intraday (2.136) != Day-ahead (2.950)
2026-03-26 21:15:27 | INFO |   Operation: SUBTRACT
2026-03-26 21:15:27 | INFO |   Base Adjustment %: 3.00%
2026-03-26 21:15:27 | INFO |   Irradiance Multiplier: 0.82x
2026-03-26 21:15:27 | INFO |   Temp Multiplier: 0.78x
2026-03-26 21:15:27 | INFO |   Wind Multiplier: 0.95x
2026-03-26 21:15:27 | INFO |   Weather Multiplier: 0.61x
2026-03-26 21:15:27 | INFO |   Final Adjustment %: -1.82%
2026-03-26 21:15:27 | INFO |   Calculation: 1.816 MW * (1 + -1.82% / 100)
2026-03-26 21:15:27 | INFO |   Formula (expanded): raw=1.8156*(1+-1.8229/100)=1.7825
2026-03-26 21:15:27 | INFO | --- FINAL RESULT ---
2026-03-26 21:15:27 | INFO | Raw Schedule (before smoothing): 1.783 MW
2026-03-26 21:15:27 | INFO | Final Scheduled MW: 1.783 MW
2026-03-26 21:15:27 | INFO | --------------------------------------------------------------------------------
2026-03-26 21:15:27 | INFO | --------------------------------------------------------------------------------
2026-03-26 21:15:27 | INFO | BLOCK 62
2026-03-26 21:15:27 | INFO | --------------------------------------------------------------------------------
2026-03-26 21:15:27 | INFO | --- FORECAST DATA ---
2026-03-26 21:15:27 | INFO | Intraday Forecast (Enercast Raw): 2.470 MW
2026-03-26 21:15:27 | INFO | Intraday Forecast (Enercast, Scaled): 1.976 MW
2026-03-26 21:15:27 | INFO | Day-ahead Forecast (Enercast): 2.730 MW
2026-03-26 21:15:27 | INFO | Base Forecast (raw, before curtailment/shutdown): 1.680 MW
2026-03-26 21:15:27 | INFO | Base Forecast (used for schedule): 1.680 MW
2026-03-26 21:15:27 | INFO | Effective Base Forecast (after curtailment/shutdown): 1.680 MW
2026-03-26 21:15:27 | INFO | Plant Status: NORMAL
2026-03-26 21:15:27 | INFO | Effective Base Forecast = Base Forecast (raw) = 1.680 MW
2026-03-26 21:15:27 | INFO | --- WEATHER PARAMETERS ---
2026-03-26 21:15:27 | INFO | GTI: 775.0 W/m^2
2026-03-26 21:15:27 | INFO | DHI: 120.0 W/m^2
2026-03-26 21:15:27 | INFO | DNI: 0.0 W/m^2
2026-03-26 21:15:27 | INFO | Irradiance Ratio (GTI/MAX_GTI): 0.772
2026-03-26 21:15:27 | INFO | Diffuse Ratio (current): 0.155
2026-03-26 21:15:27 | INFO | Irradiance State: VARIABLE_CLEAR
2026-03-26 21:15:27 | INFO | Temp @ 2m: 35.81 C
2026-03-26 21:15:27 | INFO | Wind @ 10m: 9.59 m/s
2026-03-26 21:15:27 | INFO | Weather State: NORMAL
2026-03-26 21:15:27 | INFO | Dynamic Thresholds: cloud_thr=0.0000, shift_thr=0.0000
2026-03-26 21:15:27 | INFO | Multipliers: irradiance=0.60x, temp=0.78x, wind=0.95x
2026-03-26 21:15:27 | INFO | Weather Multiplier (combined): 0.44x
2026-03-26 21:15:27 | INFO | Abrupt Weather Change Detected: False
2026-03-26 21:15:27 | INFO | --- TREND ANALYSIS ---
2026-03-26 21:15:27 | INFO | Trend series (oldest -> latest):
2026-03-26 21:15:27 | INFO |   Block 61: 2.136 MW (source: INTRADAY_FALLBACK)
2026-03-26 21:15:27 | INFO |   Block 60: 2.296 MW (source: INTRADAY_FALLBACK)
2026-03-26 21:15:27 | INFO |   Block 59: 2.440 MW (source: INTRADAY_FALLBACK)
2026-03-26 21:15:27 | INFO |   Block 58: 2.576 MW (source: INTRADAY_FALLBACK)
2026-03-26 21:15:27 | INFO | Trend values used for slope calc: B61=2.136(INTRADAY_FALLBACK), B60=2.296(INTRADAY_FALLBACK), B59=2.440(INTRADAY_FALLBACK), B58=2.576(INTRADAY_FALLBACK)
2026-03-26 21:15:27 | INFO | Detected Trend Type: DECREASING
2026-03-26 21:15:27 | INFO | Trend Slope Percentage: -17.01%
2026-03-26 21:15:27 | INFO | Trend EPS Threshold: 1.50%
2026-03-26 21:15:27 | INFO | --- SCHEDULE CALCULATION ---
2026-03-26 21:15:27 | INFO | Condition Applied: CONDITION_3
2026-03-26 21:15:27 | INFO | Effective Base Forecast Used for Adjustments: 1.680 MW
2026-03-26 21:15:27 | INFO | Condition-3 (Phase-6) Applied:
2026-03-26 21:15:27 | INFO |   Forecast Mismatch: Intraday (1.976) != Day-ahead (2.730)
2026-03-26 21:15:27 | INFO |   Operation: SUBTRACT
2026-03-26 21:15:27 | INFO |   Base Adjustment %: 3.00%
2026-03-26 21:15:27 | INFO |   Irradiance Multiplier: 0.60x
2026-03-26 21:15:27 | INFO |   Temp Multiplier: 0.78x
2026-03-26 21:15:27 | INFO |   Wind Multiplier: 0.95x
2026-03-26 21:15:27 | INFO |   Weather Multiplier: 0.44x
2026-03-26 21:15:27 | INFO |   Final Adjustment %: -1.33%
2026-03-26 21:15:27 | INFO |   Calculation: 1.680 MW * (1 + -1.33% / 100)
2026-03-26 21:15:27 | INFO |   Formula (expanded): raw=1.6796*(1+-1.3338/100)=1.6572
2026-03-26 21:15:27 | INFO | --- FINAL RESULT ---
2026-03-26 21:15:27 | INFO | Raw Schedule (before smoothing): 1.657 MW
2026-03-26 21:15:27 | INFO | Final Scheduled MW: 1.657 MW
2026-03-26 21:15:27 | INFO | --------------------------------------------------------------------------------
2026-03-26 21:15:27 | INFO | --------------------------------------------------------------------------------
2026-03-26 21:15:27 | INFO | BLOCK 63
2026-03-26 21:15:27 | INFO | --------------------------------------------------------------------------------
2026-03-26 21:15:27 | INFO | --- FORECAST DATA ---
2026-03-26 21:15:27 | INFO | Intraday Forecast (Enercast Raw): 2.270 MW
2026-03-26 21:15:27 | INFO | Intraday Forecast (Enercast, Scaled): 1.816 MW
2026-03-26 21:15:27 | INFO | Day-ahead Forecast (Enercast): 2.540 MW
2026-03-26 21:15:27 | INFO | Base Forecast (raw, before curtailment/shutdown): 1.544 MW
2026-03-26 21:15:27 | INFO | Base Forecast (used for schedule): 1.544 MW
2026-03-26 21:15:27 | INFO | Effective Base Forecast (after curtailment/shutdown): 1.544 MW
2026-03-26 21:15:27 | INFO | Plant Status: NORMAL
2026-03-26 21:15:27 | INFO | Effective Base Forecast = Base Forecast (raw) = 1.544 MW
2026-03-26 21:15:27 | INFO | --- WEATHER PARAMETERS ---
2026-03-26 21:15:27 | INFO | GTI: 732.0 W/m^2
2026-03-26 21:15:27 | INFO | DHI: 118.0 W/m^2
2026-03-26 21:15:27 | INFO | DNI: 0.0 W/m^2
2026-03-26 21:15:27 | INFO | Irradiance Ratio (GTI/MAX_GTI): 0.729
2026-03-26 21:15:27 | INFO | Diffuse Ratio (current): 0.161
2026-03-26 21:15:27 | INFO | Irradiance State: VARIABLE_CLEAR
2026-03-26 21:15:27 | INFO | Temp @ 2m: 35.91 C
2026-03-26 21:15:27 | INFO | Wind @ 10m: 9.79 m/s
2026-03-26 21:15:27 | INFO | Weather State: NORMAL
2026-03-26 21:15:27 | INFO | Dynamic Thresholds: cloud_thr=0.0000, shift_thr=0.0000
2026-03-26 21:15:27 | INFO | Multipliers: irradiance=0.60x, temp=0.78x, wind=0.95x
2026-03-26 21:15:27 | INFO | Weather Multiplier (combined): 0.44x
2026-03-26 21:15:27 | INFO | Abrupt Weather Change Detected: False
2026-03-26 21:15:27 | INFO | --- TREND ANALYSIS ---
2026-03-26 21:15:27 | INFO | Trend series (oldest -> latest):
2026-03-26 21:15:27 | INFO |   Block 62: 1.976 MW (source: INTRADAY_FALLBACK)
2026-03-26 21:15:27 | INFO |   Block 61: 2.136 MW (source: INTRADAY_FALLBACK)
2026-03-26 21:15:27 | INFO |   Block 60: 2.296 MW (source: INTRADAY_FALLBACK)
2026-03-26 21:15:27 | INFO |   Block 59: 2.440 MW (source: INTRADAY_FALLBACK)
2026-03-26 21:15:27 | INFO | Trend values used for slope calc: B62=1.976(INTRADAY_FALLBACK), B61=2.136(INTRADAY_FALLBACK), B60=2.296(INTRADAY_FALLBACK), B59=2.440(INTRADAY_FALLBACK)
2026-03-26 21:15:27 | INFO | Detected Trend Type: DECREASING
2026-03-26 21:15:27 | INFO | Trend Slope Percentage: -19.04%
2026-03-26 21:15:27 | INFO | Trend EPS Threshold: 1.50%
2026-03-26 21:15:27 | INFO | --- SCHEDULE CALCULATION ---
2026-03-26 21:15:27 | INFO | Condition Applied: CONDITION_3
2026-03-26 21:15:27 | INFO | Effective Base Forecast Used for Adjustments: 1.544 MW
2026-03-26 21:15:27 | INFO | Condition-3 (Phase-6) Applied:
2026-03-26 21:15:27 | INFO |   Forecast Mismatch: Intraday (1.816) != Day-ahead (2.540)
2026-03-26 21:15:27 | INFO |   Operation: SUBTRACT
2026-03-26 21:15:27 | INFO |   Base Adjustment %: 3.00%
2026-03-26 21:15:27 | INFO |   Irradiance Multiplier: 0.60x
2026-03-26 21:15:27 | INFO |   Temp Multiplier: 0.78x
2026-03-26 21:15:27 | INFO |   Wind Multiplier: 0.95x
2026-03-26 21:15:27 | INFO |   Weather Multiplier: 0.44x
2026-03-26 21:15:27 | INFO |   Final Adjustment %: -1.33%
2026-03-26 21:15:27 | INFO |   Calculation: 1.544 MW * (1 + -1.33% / 100)
2026-03-26 21:15:27 | INFO |   Formula (expanded): raw=1.5436*(1+-1.3338/100)=1.5230
2026-03-26 21:15:27 | INFO | --- FINAL RESULT ---
2026-03-26 21:15:27 | INFO | Raw Schedule (before smoothing): 1.523 MW
2026-03-26 21:15:27 | INFO | Final Scheduled MW: 1.523 MW
2026-03-26 21:15:27 | INFO | --------------------------------------------------------------------------------
2026-03-26 21:15:27 | INFO | --------------------------------------------------------------------------------
2026-03-26 21:15:27 | INFO | BLOCK 64
2026-03-26 21:15:27 | INFO | --------------------------------------------------------------------------------
2026-03-26 21:15:27 | INFO | --- FORECAST DATA ---
2026-03-26 21:15:27 | INFO | Intraday Forecast (Enercast Raw): 2.070 MW
2026-03-26 21:15:27 | INFO | Intraday Forecast (Enercast, Scaled): 1.656 MW
2026-03-26 21:15:27 | INFO | Day-ahead Forecast (Enercast): 2.340 MW
2026-03-26 21:15:27 | INFO | Base Forecast (raw, before curtailment/shutdown): 1.408 MW
2026-03-26 21:15:27 | INFO | Base Forecast (used for schedule): 1.408 MW
2026-03-26 21:15:27 | INFO | Effective Base Forecast (after curtailment/shutdown): 1.408 MW
2026-03-26 21:15:27 | INFO | Plant Status: NORMAL
2026-03-26 21:15:27 | INFO | Effective Base Forecast = Base Forecast (raw) = 1.408 MW
2026-03-26 21:15:27 | INFO | --- WEATHER PARAMETERS ---
2026-03-26 21:15:27 | INFO | GTI: 685.0 W/m^2
2026-03-26 21:15:27 | INFO | DHI: 115.0 W/m^2
2026-03-26 21:15:27 | INFO | DNI: 0.0 W/m^2
2026-03-26 21:15:27 | INFO | Irradiance Ratio (GTI/MAX_GTI): 0.682
2026-03-26 21:15:27 | INFO | Diffuse Ratio (current): 0.168
2026-03-26 21:15:27 | INFO | Irradiance State: VARIABLE_CLEAR
2026-03-26 21:15:27 | INFO | Temp @ 2m: 36.01 C
2026-03-26 21:15:27 | INFO | Wind @ 10m: 9.96 m/s
2026-03-26 21:15:27 | INFO | Weather State: NORMAL
2026-03-26 21:15:27 | INFO | Dynamic Thresholds: cloud_thr=0.0000, shift_thr=0.0000
2026-03-26 21:15:27 | INFO | Multipliers: irradiance=0.60x, temp=0.78x, wind=0.95x
2026-03-26 21:15:27 | INFO | Weather Multiplier (combined): 0.44x
2026-03-26 21:15:27 | INFO | Abrupt Weather Change Detected: False
2026-03-26 21:15:27 | INFO | --- TREND ANALYSIS ---
2026-03-26 21:15:27 | INFO | Trend series (oldest -> latest):
2026-03-26 21:15:27 | INFO |   Block 63: 1.816 MW (source: INTRADAY_FALLBACK)
2026-03-26 21:15:27 | INFO |   Block 62: 1.976 MW (source: INTRADAY_FALLBACK)
2026-03-26 21:15:27 | INFO |   Block 61: 2.136 MW (source: INTRADAY_FALLBACK)
2026-03-26 21:15:27 | INFO |   Block 60: 2.296 MW (source: INTRADAY_FALLBACK)
2026-03-26 21:15:27 | INFO | Trend values used for slope calc: B63=1.816(INTRADAY_FALLBACK), B62=1.976(INTRADAY_FALLBACK), B61=2.136(INTRADAY_FALLBACK), B60=2.296(INTRADAY_FALLBACK)
2026-03-26 21:15:27 | INFO | Detected Trend Type: DECREASING
2026-03-26 21:15:27 | INFO | Trend Slope Percentage: -20.91%
2026-03-26 21:15:27 | INFO | Trend EPS Threshold: 1.50%
2026-03-26 21:15:27 | INFO | --- SCHEDULE CALCULATION ---
2026-03-26 21:15:27 | INFO | Condition Applied: CONDITION_3
2026-03-26 21:15:27 | INFO | Effective Base Forecast Used for Adjustments: 1.408 MW
2026-03-26 21:15:27 | INFO | Condition-3 (Phase-6) Applied:
2026-03-26 21:15:27 | INFO |   Forecast Mismatch: Intraday (1.656) != Day-ahead (2.340)
2026-03-26 21:15:27 | INFO |   Operation: SUBTRACT
2026-03-26 21:15:27 | INFO |   Base Adjustment %: 3.00%
2026-03-26 21:15:27 | INFO |   Irradiance Multiplier: 0.60x
2026-03-26 21:15:27 | INFO |   Temp Multiplier: 0.78x
2026-03-26 21:15:27 | INFO |   Wind Multiplier: 0.95x
2026-03-26 21:15:27 | INFO |   Weather Multiplier: 0.44x
2026-03-26 21:15:27 | INFO |   Final Adjustment %: -1.33%
2026-03-26 21:15:27 | INFO |   Calculation: 1.408 MW * (1 + -1.33% / 100)
2026-03-26 21:15:27 | INFO |   Formula (expanded): raw=1.4076*(1+-1.3338/100)=1.3888
2026-03-26 21:15:27 | INFO | --- FINAL RESULT ---
2026-03-26 21:15:27 | INFO | Raw Schedule (before smoothing): 1.389 MW
2026-03-26 21:15:27 | INFO | Final Scheduled MW: 1.389 MW
2026-03-26 21:15:27 | INFO | --------------------------------------------------------------------------------
2026-03-26 21:15:27 | INFO | --------------------------------------------------------------------------------
2026-03-26 21:15:27 | INFO | BLOCK 65
2026-03-26 21:15:27 | INFO | --------------------------------------------------------------------------------
2026-03-26 21:15:27 | INFO | --- FORECAST DATA ---
2026-03-26 21:15:27 | INFO | Intraday Forecast (Enercast Raw): 1.870 MW
2026-03-26 21:15:27 | INFO | Intraday Forecast (Enercast, Scaled): 1.496 MW
2026-03-26 21:15:27 | INFO | Day-ahead Forecast (Enercast): 2.110 MW
2026-03-26 21:15:27 | INFO | Base Forecast (raw, before curtailment/shutdown): 1.272 MW
2026-03-26 21:15:27 | INFO | Base Forecast (used for schedule): 1.272 MW
2026-03-26 21:15:27 | INFO | Effective Base Forecast (after curtailment/shutdown): 1.272 MW
2026-03-26 21:15:27 | INFO | Plant Status: NORMAL
2026-03-26 21:15:27 | INFO | Effective Base Forecast = Base Forecast (raw) = 1.272 MW
2026-03-26 21:15:27 | INFO | --- WEATHER PARAMETERS ---
2026-03-26 21:15:27 | INFO | GTI: 630.0 W/m^2
2026-03-26 21:15:27 | INFO | DHI: 111.0 W/m^2
2026-03-26 21:15:27 | INFO | DNI: 0.0 W/m^2
2026-03-26 21:15:27 | INFO | Irradiance Ratio (GTI/MAX_GTI): 0.627
2026-03-26 21:15:27 | INFO | Diffuse Ratio (current): 0.176
2026-03-26 21:15:27 | INFO | Irradiance State: VARIABLE_CLEAR
2026-03-26 21:15:27 | INFO | Temp @ 2m: 36.11 C
2026-03-26 21:15:27 | INFO | Wind @ 10m: 9.93 m/s
2026-03-26 21:15:27 | INFO | Weather State: NORMAL
2026-03-26 21:15:27 | INFO | Dynamic Thresholds: cloud_thr=0.0000, shift_thr=0.0000
2026-03-26 21:15:27 | INFO | Multipliers: irradiance=0.60x, temp=0.78x, wind=0.95x
2026-03-26 21:15:27 | INFO | Weather Multiplier (combined): 0.44x
2026-03-26 21:15:27 | INFO | Abrupt Weather Change Detected: False
2026-03-26 21:15:27 | INFO | --- TREND ANALYSIS ---
2026-03-26 21:15:27 | INFO | Trend series (oldest -> latest):
2026-03-26 21:15:27 | INFO |   Block 64: 1.656 MW (source: INTRADAY_FALLBACK)
2026-03-26 21:15:27 | INFO |   Block 63: 1.816 MW (source: INTRADAY_FALLBACK)
2026-03-26 21:15:27 | INFO |   Block 62: 1.976 MW (source: INTRADAY_FALLBACK)
2026-03-26 21:15:27 | INFO |   Block 61: 2.136 MW (source: INTRADAY_FALLBACK)
2026-03-26 21:15:27 | INFO | Trend values used for slope calc: B64=1.656(INTRADAY_FALLBACK), B63=1.816(INTRADAY_FALLBACK), B62=1.976(INTRADAY_FALLBACK), B61=2.136(INTRADAY_FALLBACK)
2026-03-26 21:15:27 | INFO | Detected Trend Type: DECREASING
2026-03-26 21:15:27 | INFO | Trend Slope Percentage: -22.47%
2026-03-26 21:15:27 | INFO | Trend EPS Threshold: 1.50%
2026-03-26 21:15:27 | INFO | --- SCHEDULE CALCULATION ---
2026-03-26 21:15:27 | INFO | Condition Applied: CONDITION_3
2026-03-26 21:15:27 | INFO | Effective Base Forecast Used for Adjustments: 1.272 MW
2026-03-26 21:15:27 | INFO | Condition-3 (Phase-6) Applied:
2026-03-26 21:15:27 | INFO |   Forecast Mismatch: Intraday (1.496) != Day-ahead (2.110)
2026-03-26 21:15:27 | INFO |   Operation: SUBTRACT
2026-03-26 21:15:27 | INFO |   Base Adjustment %: 3.00%
2026-03-26 21:15:27 | INFO |   Irradiance Multiplier: 0.60x
2026-03-26 21:15:27 | INFO |   Temp Multiplier: 0.78x
2026-03-26 21:15:27 | INFO |   Wind Multiplier: 0.95x
2026-03-26 21:15:27 | INFO |   Weather Multiplier: 0.44x
2026-03-26 21:15:27 | INFO |   Final Adjustment %: -1.33%
2026-03-26 21:15:27 | INFO |   Calculation: 1.272 MW * (1 + -1.33% / 100)
2026-03-26 21:15:27 | INFO |   Formula (expanded): raw=1.2716*(1+-1.3338/100)=1.2546
2026-03-26 21:15:27 | INFO | --- FINAL RESULT ---
2026-03-26 21:15:27 | INFO | Raw Schedule (before smoothing): 1.255 MW
2026-03-26 21:15:27 | INFO | Final Scheduled MW: 1.255 MW
2026-03-26 21:15:27 | INFO | --------------------------------------------------------------------------------
2026-03-26 21:15:27 | INFO | --------------------------------------------------------------------------------
2026-03-26 21:15:27 | INFO | BLOCK 66
2026-03-26 21:15:27 | INFO | --------------------------------------------------------------------------------
2026-03-26 21:15:27 | INFO | --- FORECAST DATA ---
2026-03-26 21:15:27 | INFO | Intraday Forecast (Enercast Raw): 1.670 MW
2026-03-26 21:15:27 | INFO | Intraday Forecast (Enercast, Scaled): 1.336 MW
2026-03-26 21:15:27 | INFO | Day-ahead Forecast (Enercast): 1.850 MW
2026-03-26 21:15:27 | INFO | Base Forecast (raw, before curtailment/shutdown): 1.136 MW
2026-03-26 21:15:27 | INFO | Base Forecast (used for schedule): 1.136 MW
2026-03-26 21:15:27 | INFO | Effective Base Forecast (after curtailment/shutdown): 1.136 MW
2026-03-26 21:15:27 | INFO | Plant Status: NORMAL
2026-03-26 21:15:27 | INFO | Effective Base Forecast = Base Forecast (raw) = 1.136 MW
2026-03-26 21:15:27 | INFO | --- WEATHER PARAMETERS ---
2026-03-26 21:15:27 | INFO | GTI: 566.0 W/m^2
2026-03-26 21:15:27 | INFO | DHI: 106.0 W/m^2
2026-03-26 21:15:27 | INFO | DNI: 0.0 W/m^2
2026-03-26 21:15:27 | INFO | Irradiance Ratio (GTI/MAX_GTI): 0.564
2026-03-26 21:15:27 | INFO | Diffuse Ratio (current): 0.187
2026-03-26 21:15:27 | INFO | Irradiance State: VARIABLE_CLEAR
2026-03-26 21:15:27 | INFO | Temp @ 2m: 36.16 C
2026-03-26 21:15:27 | INFO | Wind @ 10m: 10.01 m/s
2026-03-26 21:15:27 | INFO | Weather State: NORMAL
2026-03-26 21:15:27 | INFO | Dynamic Thresholds: cloud_thr=0.0000, shift_thr=0.0000
2026-03-26 21:15:27 | INFO | Multipliers: irradiance=0.60x, temp=0.78x, wind=0.95x
2026-03-26 21:15:27 | INFO | Weather Multiplier (combined): 0.44x
2026-03-26 21:15:27 | INFO | Abrupt Weather Change Detected: False
2026-03-26 21:15:27 | INFO | --- TREND ANALYSIS ---
2026-03-26 21:15:27 | INFO | Trend series (oldest -> latest):
2026-03-26 21:15:27 | INFO |   Block 65: 1.496 MW (source: INTRADAY_FALLBACK)
2026-03-26 21:15:27 | INFO |   Block 64: 1.656 MW (source: INTRADAY_FALLBACK)
2026-03-26 21:15:27 | INFO |   Block 63: 1.816 MW (source: INTRADAY_FALLBACK)
2026-03-26 21:15:27 | INFO |   Block 62: 1.976 MW (source: INTRADAY_FALLBACK)
2026-03-26 21:15:27 | INFO | Trend values used for slope calc: B65=1.496(INTRADAY_FALLBACK), B64=1.656(INTRADAY_FALLBACK), B63=1.816(INTRADAY_FALLBACK), B62=1.976(INTRADAY_FALLBACK)
2026-03-26 21:15:27 | INFO | Detected Trend Type: DECREASING
2026-03-26 21:15:27 | INFO | Trend Slope Percentage: -24.29%
2026-03-26 21:15:27 | INFO | Trend EPS Threshold: 1.50%
2026-03-26 21:15:27 | INFO | --- SCHEDULE CALCULATION ---
2026-03-26 21:15:27 | INFO | Condition Applied: CONDITION_3
2026-03-26 21:15:27 | INFO | Effective Base Forecast Used for Adjustments: 1.136 MW
2026-03-26 21:15:27 | INFO | Condition-3 (Phase-6) Applied:
2026-03-26 21:15:27 | INFO |   Forecast Mismatch: Intraday (1.336) != Day-ahead (1.850)
2026-03-26 21:15:27 | INFO |   Operation: SUBTRACT
2026-03-26 21:15:27 | INFO |   Base Adjustment %: 3.00%
2026-03-26 21:15:27 | INFO |   Irradiance Multiplier: 0.60x
2026-03-26 21:15:27 | INFO |   Temp Multiplier: 0.78x
2026-03-26 21:15:27 | INFO |   Wind Multiplier: 0.95x
2026-03-26 21:15:27 | INFO |   Weather Multiplier: 0.44x
2026-03-26 21:15:27 | INFO |   Final Adjustment %: -1.33%
2026-03-26 21:15:27 | INFO |   Calculation: 1.136 MW * (1 + -1.33% / 100)
2026-03-26 21:15:27 | INFO |   Formula (expanded): raw=1.1356*(1+-1.3338/100)=1.1205
2026-03-26 21:15:27 | INFO | --- FINAL RESULT ---
2026-03-26 21:15:27 | INFO | Raw Schedule (before smoothing): 1.120 MW
2026-03-26 21:15:27 | INFO | Final Scheduled MW: 1.120 MW
2026-03-26 21:15:27 | INFO | --------------------------------------------------------------------------------
2026-03-26 21:15:27 | INFO | --------------------------------------------------------------------------------
2026-03-26 21:15:27 | INFO | BLOCK 67
2026-03-26 21:15:27 | INFO | --------------------------------------------------------------------------------
2026-03-26 21:15:27 | INFO | --- FORECAST DATA ---
2026-03-26 21:15:27 | INFO | Intraday Forecast (Enercast Raw): 1.450 MW
2026-03-26 21:15:27 | INFO | Intraday Forecast (Enercast, Scaled): 1.160 MW
2026-03-26 21:15:27 | INFO | Day-ahead Forecast (Enercast): 1.580 MW
2026-03-26 21:15:27 | INFO | Base Forecast (raw, before curtailment/shutdown): 0.986 MW
2026-03-26 21:15:27 | INFO | Base Forecast (used for schedule): 0.986 MW
2026-03-26 21:15:27 | INFO | Effective Base Forecast (after curtailment/shutdown): 0.986 MW
2026-03-26 21:15:27 | INFO | Plant Status: NORMAL
2026-03-26 21:15:27 | INFO | Effective Base Forecast = Base Forecast (raw) = 0.986 MW
2026-03-26 21:15:27 | INFO | --- WEATHER PARAMETERS ---
2026-03-26 21:15:27 | INFO | GTI: 501.0 W/m^2
2026-03-26 21:15:27 | INFO | DHI: 103.0 W/m^2
2026-03-26 21:15:27 | INFO | DNI: 0.0 W/m^2
2026-03-26 21:15:27 | INFO | Irradiance Ratio (GTI/MAX_GTI): 0.499
2026-03-26 21:15:27 | INFO | Diffuse Ratio (current): 0.206
2026-03-26 21:15:27 | INFO | Irradiance State: CLOUD_TRANSIENT
2026-03-26 21:15:27 | INFO | Temp @ 2m: 36.11 C
2026-03-26 21:15:27 | INFO | Wind @ 10m: 9.89 m/s
2026-03-26 21:15:27 | INFO | Weather State: NORMAL
2026-03-26 21:15:27 | INFO | Dynamic Thresholds: cloud_thr=0.0000, shift_thr=0.0000
2026-03-26 21:15:27 | INFO | Multipliers: irradiance=0.32x, temp=0.78x, wind=0.95x
2026-03-26 21:15:27 | INFO | Weather Multiplier (combined): 0.24x
2026-03-26 21:15:27 | INFO | Abrupt Weather Change Detected: False
2026-03-26 21:15:27 | INFO | --- TREND ANALYSIS ---
2026-03-26 21:15:27 | INFO | Trend series (oldest -> latest):
2026-03-26 21:15:27 | INFO |   Block 66: 1.336 MW (source: INTRADAY_FALLBACK)
2026-03-26 21:15:27 | INFO |   Block 65: 1.496 MW (source: INTRADAY_FALLBACK)
2026-03-26 21:15:27 | INFO |   Block 64: 1.656 MW (source: INTRADAY_FALLBACK)
2026-03-26 21:15:27 | INFO |   Block 63: 1.816 MW (source: INTRADAY_FALLBACK)
2026-03-26 21:15:27 | INFO | Trend values used for slope calc: B66=1.336(INTRADAY_FALLBACK), B65=1.496(INTRADAY_FALLBACK), B64=1.656(INTRADAY_FALLBACK), B63=1.816(INTRADAY_FALLBACK)
2026-03-26 21:15:27 | INFO | Detected Trend Type: DECREASING
2026-03-26 21:15:27 | INFO | Trend Slope Percentage: -26.43%
2026-03-26 21:15:27 | INFO | Trend EPS Threshold: 1.50%
2026-03-26 21:15:27 | INFO | --- SCHEDULE CALCULATION ---
2026-03-26 21:15:27 | INFO | Condition Applied: CONDITION_3
2026-03-26 21:15:27 | INFO | Effective Base Forecast Used for Adjustments: 0.986 MW
2026-03-26 21:15:27 | INFO | Condition-3 (Phase-6) Applied:
2026-03-26 21:15:27 | INFO |   Forecast Mismatch: Intraday (1.160) != Day-ahead (1.580)
2026-03-26 21:15:27 | INFO |   Operation: SUBTRACT
2026-03-26 21:15:27 | INFO |   Base Adjustment %: 3.00%
2026-03-26 21:15:27 | INFO |   Irradiance Multiplier: 0.32x
2026-03-26 21:15:27 | INFO |   Temp Multiplier: 0.78x
2026-03-26 21:15:27 | INFO |   Wind Multiplier: 0.95x
2026-03-26 21:15:27 | INFO |   Weather Multiplier: 0.24x
2026-03-26 21:15:27 | INFO |   Final Adjustment %: -0.71%
2026-03-26 21:15:27 | INFO |   Calculation: 0.986 MW * (1 + -0.71% / 100)
2026-03-26 21:15:27 | INFO |   Formula (expanded): raw=0.9860*(1+-0.7114/100)=0.9790
2026-03-26 21:15:27 | INFO | --- FINAL RESULT ---
2026-03-26 21:15:27 | INFO | Raw Schedule (before smoothing): 0.979 MW
2026-03-26 21:15:27 | INFO | Final Scheduled MW: 0.979 MW
2026-03-26 21:15:27 | INFO | --------------------------------------------------------------------------------
2026-03-26 21:15:27 | INFO | --------------------------------------------------------------------------------
2026-03-26 21:15:27 | INFO | BLOCK 68
2026-03-26 21:15:27 | INFO | --------------------------------------------------------------------------------
2026-03-26 21:15:27 | INFO | --- FORECAST DATA ---
2026-03-26 21:15:27 | INFO | Intraday Forecast (Enercast Raw): 1.230 MW
2026-03-26 21:15:27 | INFO | Intraday Forecast (Enercast, Scaled): 0.984 MW
2026-03-26 21:15:27 | INFO | Day-ahead Forecast (Enercast): 1.320 MW
2026-03-26 21:15:27 | INFO | Base Forecast (raw, before curtailment/shutdown): 0.836 MW
2026-03-26 21:15:27 | INFO | Base Forecast (used for schedule): 0.836 MW
2026-03-26 21:15:27 | INFO | Effective Base Forecast (after curtailment/shutdown): 0.836 MW
2026-03-26 21:15:27 | INFO | Plant Status: NORMAL
2026-03-26 21:15:27 | INFO | Effective Base Forecast = Base Forecast (raw) = 0.836 MW
2026-03-26 21:15:27 | INFO | --- WEATHER PARAMETERS ---
2026-03-26 21:15:27 | INFO | GTI: 431.0 W/m^2
2026-03-26 21:15:27 | INFO | DHI: 98.0 W/m^2
2026-03-26 21:15:27 | INFO | DNI: 0.0 W/m^2
2026-03-26 21:15:27 | INFO | Irradiance Ratio (GTI/MAX_GTI): 0.429
2026-03-26 21:15:27 | INFO | Diffuse Ratio (current): 0.227
2026-03-26 21:15:27 | INFO | Irradiance State: CLOUD_TRANSIENT
2026-03-26 21:15:27 | INFO | Temp @ 2m: 35.96 C
2026-03-26 21:15:27 | INFO | Wind @ 10m: 9.39 m/s
2026-03-26 21:15:27 | INFO | Weather State: NORMAL
2026-03-26 21:15:27 | INFO | Dynamic Thresholds: cloud_thr=0.0000, shift_thr=0.0000
2026-03-26 21:15:27 | INFO | Multipliers: irradiance=0.32x, temp=0.78x, wind=0.95x
2026-03-26 21:15:27 | INFO | Weather Multiplier (combined): 0.24x
2026-03-26 21:15:27 | INFO | Abrupt Weather Change Detected: False
2026-03-26 21:15:27 | INFO | --- TREND ANALYSIS ---
2026-03-26 21:15:27 | INFO | Trend series (oldest -> latest):
2026-03-26 21:15:27 | INFO |   Block 67: 1.160 MW (source: INTRADAY_FALLBACK)
2026-03-26 21:15:27 | INFO |   Block 66: 1.336 MW (source: INTRADAY_FALLBACK)
2026-03-26 21:15:27 | INFO |   Block 65: 1.496 MW (source: INTRADAY_FALLBACK)
2026-03-26 21:15:27 | INFO |   Block 64: 1.656 MW (source: INTRADAY_FALLBACK)
2026-03-26 21:15:27 | INFO | Trend values used for slope calc: B67=1.160(INTRADAY_FALLBACK), B66=1.336(INTRADAY_FALLBACK), B65=1.496(INTRADAY_FALLBACK), B64=1.656(INTRADAY_FALLBACK)
2026-03-26 21:15:27 | INFO | Detected Trend Type: DECREASING
2026-03-26 21:15:27 | INFO | Trend Slope Percentage: -29.80%
2026-03-26 21:15:27 | INFO | Trend EPS Threshold: 1.50%
2026-03-26 21:15:27 | INFO | --- SCHEDULE CALCULATION ---
2026-03-26 21:15:27 | INFO | Condition Applied: CONDITION_3
2026-03-26 21:15:27 | INFO | Effective Base Forecast Used for Adjustments: 0.836 MW
2026-03-26 21:15:27 | INFO | Condition-3 (Phase-6) Applied:
2026-03-26 21:15:27 | INFO |   Forecast Mismatch: Intraday (0.984) != Day-ahead (1.320)
2026-03-26 21:15:27 | INFO |   Operation: SUBTRACT
2026-03-26 21:15:27 | INFO |   Base Adjustment %: 3.00%
2026-03-26 21:15:27 | INFO |   Irradiance Multiplier: 0.32x
2026-03-26 21:15:27 | INFO |   Temp Multiplier: 0.78x
2026-03-26 21:15:27 | INFO |   Wind Multiplier: 0.95x
2026-03-26 21:15:27 | INFO |   Weather Multiplier: 0.24x
2026-03-26 21:15:27 | INFO |   Final Adjustment %: -0.71%
2026-03-26 21:15:27 | INFO |   Calculation: 0.836 MW * (1 + -0.71% / 100)
2026-03-26 21:15:27 | INFO |   Formula (expanded): raw=0.8364*(1+-0.7114/100)=0.8305
2026-03-26 21:15:27 | INFO | --- FINAL RESULT ---
2026-03-26 21:15:27 | INFO | Raw Schedule (before smoothing): 0.830 MW
2026-03-26 21:15:27 | INFO | Final Scheduled MW: 0.830 MW
2026-03-26 21:15:27 | INFO | --------------------------------------------------------------------------------
2026-03-26 21:15:27 | INFO | --------------------------------------------------------------------------------
2026-03-26 21:15:27 | INFO | BLOCK 69
2026-03-26 21:15:27 | INFO | --------------------------------------------------------------------------------
2026-03-26 21:15:27 | INFO | --- FORECAST DATA ---
2026-03-26 21:15:27 | INFO | Intraday Forecast (Enercast Raw): 1.010 MW
2026-03-26 21:15:27 | INFO | Intraday Forecast (Enercast, Scaled): 0.808 MW
2026-03-26 21:15:27 | INFO | Day-ahead Forecast (Enercast): 1.070 MW
2026-03-26 21:15:27 | INFO | Base Forecast (raw, before curtailment/shutdown): 0.687 MW
2026-03-26 21:15:27 | INFO | Base Forecast (used for schedule): 0.687 MW
2026-03-26 21:15:27 | INFO | Effective Base Forecast (after curtailment/shutdown): 0.687 MW
2026-03-26 21:15:27 | INFO | Plant Status: NORMAL
2026-03-26 21:15:27 | INFO | Effective Base Forecast = Base Forecast (raw) = 0.687 MW
2026-03-26 21:15:27 | INFO | --- WEATHER PARAMETERS ---
2026-03-26 21:15:27 | INFO | GTI: 354.0 W/m^2
2026-03-26 21:15:27 | INFO | DHI: 87.0 W/m^2
2026-03-26 21:15:27 | INFO | DNI: 0.0 W/m^2
2026-03-26 21:15:27 | INFO | Irradiance Ratio (GTI/MAX_GTI): 0.353
2026-03-26 21:15:27 | INFO | Diffuse Ratio (current): 0.246
2026-03-26 21:15:27 | INFO | Irradiance State: CLOUD_TRANSIENT
2026-03-26 21:15:27 | INFO | Temp @ 2m: 35.76 C
2026-03-26 21:15:27 | INFO | Wind @ 10m: 9.09 m/s
2026-03-26 21:15:27 | INFO | Weather State: NORMAL
2026-03-26 21:15:27 | INFO | Dynamic Thresholds: cloud_thr=0.0000, shift_thr=0.0000
2026-03-26 21:15:27 | INFO | Multipliers: irradiance=0.32x, temp=0.78x, wind=0.95x
2026-03-26 21:15:27 | INFO | Weather Multiplier (combined): 0.24x
2026-03-26 21:15:27 | INFO | Abrupt Weather Change Detected: False
2026-03-26 21:15:27 | INFO | --- TREND ANALYSIS ---
2026-03-26 21:15:27 | INFO | Trend series (oldest -> latest):
2026-03-26 21:15:27 | INFO |   Block 68: 0.984 MW (source: INTRADAY_FALLBACK)
2026-03-26 21:15:27 | INFO |   Block 67: 1.160 MW (source: INTRADAY_FALLBACK)
2026-03-26 21:15:27 | INFO |   Block 66: 1.336 MW (source: INTRADAY_FALLBACK)
2026-03-26 21:15:27 | INFO |   Block 65: 1.496 MW (source: INTRADAY_FALLBACK)
2026-03-26 21:15:27 | INFO | Trend values used for slope calc: B68=0.984(INTRADAY_FALLBACK), B67=1.160(INTRADAY_FALLBACK), B66=1.336(INTRADAY_FALLBACK), B65=1.496(INTRADAY_FALLBACK)
2026-03-26 21:15:27 | INFO | Detected Trend Type: DECREASING
2026-03-26 21:15:27 | INFO | Trend Slope Percentage: -34.22%
2026-03-26 21:15:27 | INFO | Trend EPS Threshold: 1.50%
2026-03-26 21:15:27 | INFO | --- SCHEDULE CALCULATION ---
2026-03-26 21:15:27 | INFO | Condition Applied: CONDITION_3
2026-03-26 21:15:27 | INFO | Effective Base Forecast Used for Adjustments: 0.687 MW
2026-03-26 21:15:27 | INFO | Condition-3 (Phase-6) Applied:
2026-03-26 21:15:27 | INFO |   Forecast Mismatch: Intraday (0.808) != Day-ahead (1.070)
2026-03-26 21:15:27 | INFO |   Operation: SUBTRACT
2026-03-26 21:15:27 | INFO |   Base Adjustment %: 3.00%
2026-03-26 21:15:27 | INFO |   Irradiance Multiplier: 0.32x
2026-03-26 21:15:27 | INFO |   Temp Multiplier: 0.78x
2026-03-26 21:15:27 | INFO |   Wind Multiplier: 0.95x
2026-03-26 21:15:27 | INFO |   Weather Multiplier: 0.24x
2026-03-26 21:15:27 | INFO |   Final Adjustment %: -0.71%
2026-03-26 21:15:27 | INFO |   Calculation: 0.687 MW * (1 + -0.71% / 100)
2026-03-26 21:15:27 | INFO |   Formula (expanded): raw=0.6868*(1+-0.7114/100)=0.6819
2026-03-26 21:15:27 | INFO | --- FINAL RESULT ---
2026-03-26 21:15:27 | INFO | Raw Schedule (before smoothing): 0.682 MW
2026-03-26 21:15:27 | INFO | Final Scheduled MW: 0.682 MW
2026-03-26 21:15:27 | INFO | --------------------------------------------------------------------------------
2026-03-26 21:15:27 | INFO | --------------------------------------------------------------------------------
2026-03-26 21:15:27 | INFO | BLOCK 70
2026-03-26 21:15:27 | INFO | --------------------------------------------------------------------------------
2026-03-26 21:15:27 | INFO | --- FORECAST DATA ---
2026-03-26 21:15:27 | INFO | Intraday Forecast (Enercast Raw): 0.810 MW
2026-03-26 21:15:27 | INFO | Intraday Forecast (Enercast, Scaled): 0.648 MW
2026-03-26 21:15:27 | INFO | Day-ahead Forecast (Enercast): 0.840 MW
2026-03-26 21:15:27 | INFO | Base Forecast (raw, before curtailment/shutdown): 0.551 MW
2026-03-26 21:15:27 | INFO | Base Forecast (used for schedule): 0.551 MW
2026-03-26 21:15:27 | INFO | Effective Base Forecast (after curtailment/shutdown): 0.551 MW
2026-03-26 21:15:27 | INFO | Plant Status: NORMAL
2026-03-26 21:15:27 | INFO | Effective Base Forecast = Base Forecast (raw) = 0.551 MW
2026-03-26 21:15:27 | INFO | --- WEATHER PARAMETERS ---
2026-03-26 21:15:27 | INFO | GTI: 267.0 W/m^2
2026-03-26 21:15:27 | INFO | DHI: 71.0 W/m^2
2026-03-26 21:15:27 | INFO | DNI: 0.0 W/m^2
2026-03-26 21:15:27 | INFO | Irradiance Ratio (GTI/MAX_GTI): 0.266
2026-03-26 21:15:27 | INFO | Diffuse Ratio (current): 0.266
2026-03-26 21:15:27 | INFO | Irradiance State: CLOUD_TRANSIENT
2026-03-26 21:15:27 | INFO | Temp @ 2m: 35.51 C
2026-03-26 21:15:27 | INFO | Wind @ 10m: 8.21 m/s
2026-03-26 21:15:27 | INFO | Weather State: NORMAL
2026-03-26 21:15:27 | INFO | Dynamic Thresholds: cloud_thr=0.0000, shift_thr=0.0000
2026-03-26 21:15:27 | INFO | Multipliers: irradiance=0.32x, temp=0.78x, wind=0.95x
2026-03-26 21:15:27 | INFO | Weather Multiplier (combined): 0.24x
2026-03-26 21:15:27 | INFO | Abrupt Weather Change Detected: False
2026-03-26 21:15:27 | INFO | --- TREND ANALYSIS ---
2026-03-26 21:15:27 | INFO | Trend series (oldest -> latest):
2026-03-26 21:15:27 | INFO |   Block 69: 0.808 MW (source: INTRADAY_FALLBACK)
2026-03-26 21:15:27 | INFO |   Block 68: 0.984 MW (source: INTRADAY_FALLBACK)
2026-03-26 21:15:27 | INFO |   Block 67: 1.160 MW (source: INTRADAY_FALLBACK)
2026-03-26 21:15:27 | INFO |   Block 66: 1.336 MW (source: INTRADAY_FALLBACK)
2026-03-26 21:15:27 | INFO | Trend values used for slope calc: B69=0.808(INTRADAY_FALLBACK), B68=0.984(INTRADAY_FALLBACK), B67=1.160(INTRADAY_FALLBACK), B66=1.336(INTRADAY_FALLBACK)
2026-03-26 21:15:27 | INFO | Detected Trend Type: DECREASING
2026-03-26 21:15:27 | INFO | Trend Slope Percentage: -39.52%
2026-03-26 21:15:27 | INFO | Trend EPS Threshold: 1.50%
2026-03-26 21:15:27 | INFO | --- SCHEDULE CALCULATION ---
2026-03-26 21:15:27 | INFO | Condition Applied: CONDITION_3
2026-03-26 21:15:27 | INFO | Effective Base Forecast Used for Adjustments: 0.551 MW
2026-03-26 21:15:27 | INFO | Condition-3 (Phase-6) Applied:
2026-03-26 21:15:27 | INFO |   Forecast Mismatch: Intraday (0.648) != Day-ahead (0.840)
2026-03-26 21:15:27 | INFO |   Operation: SUBTRACT
2026-03-26 21:15:27 | INFO |   Base Adjustment %: 3.00%
2026-03-26 21:15:27 | INFO |   Irradiance Multiplier: 0.32x
2026-03-26 21:15:27 | INFO |   Temp Multiplier: 0.78x
2026-03-26 21:15:27 | INFO |   Wind Multiplier: 0.95x
2026-03-26 21:15:27 | INFO |   Weather Multiplier: 0.24x
2026-03-26 21:15:27 | INFO |   Final Adjustment %: -0.71%
2026-03-26 21:15:27 | INFO |   Calculation: 0.551 MW * (1 + -0.71% / 100)
2026-03-26 21:15:27 | INFO |   Formula (expanded): raw=0.5508*(1+-0.7114/100)=0.5469
2026-03-26 21:15:27 | INFO | --- FINAL RESULT ---
2026-03-26 21:15:27 | INFO | Raw Schedule (before smoothing): 0.547 MW
2026-03-26 21:15:27 | INFO | Final Scheduled MW: 0.547 MW
2026-03-26 21:15:27 | INFO | --------------------------------------------------------------------------------
2026-03-26 21:15:27 | INFO | --------------------------------------------------------------------------------
2026-03-26 21:15:27 | INFO | BLOCK 71
2026-03-26 21:15:27 | INFO | --------------------------------------------------------------------------------
2026-03-26 21:15:27 | INFO | --- FORECAST DATA ---
2026-03-26 21:15:27 | INFO | Intraday Forecast (Enercast Raw): 0.610 MW
2026-03-26 21:15:27 | INFO | Intraday Forecast (Enercast, Scaled): 0.488 MW
2026-03-26 21:15:27 | INFO | Day-ahead Forecast (Enercast): 0.620 MW
2026-03-26 21:15:27 | INFO | Base Forecast (raw, before curtailment/shutdown): 0.415 MW
2026-03-26 21:15:27 | INFO | Base Forecast (used for schedule): 0.415 MW
2026-03-26 21:15:27 | INFO | Effective Base Forecast (after curtailment/shutdown): 0.415 MW
2026-03-26 21:15:27 | INFO | Plant Status: NORMAL
2026-03-26 21:15:27 | INFO | Effective Base Forecast = Base Forecast (raw) = 0.415 MW
2026-03-26 21:15:27 | INFO | --- WEATHER PARAMETERS ---
2026-03-26 21:15:27 | INFO | GTI: 172.0 W/m^2
2026-03-26 21:15:27 | INFO | DHI: 51.0 W/m^2
2026-03-26 21:15:27 | INFO | DNI: 0.0 W/m^2
2026-03-26 21:15:27 | INFO | Irradiance Ratio (GTI/MAX_GTI): 0.171
2026-03-26 21:15:27 | INFO | Diffuse Ratio (current): 0.297
2026-03-26 21:15:27 | INFO | Irradiance State: OVERCAST
2026-03-26 21:15:27 | INFO | Temp @ 2m: 35.31 C
2026-03-26 21:15:27 | INFO | Wind @ 10m: 7.93 m/s
2026-03-26 21:15:27 | INFO | Weather State: NORMAL
2026-03-26 21:15:27 | INFO | Dynamic Thresholds: cloud_thr=0.0000, shift_thr=0.0000
2026-03-26 21:15:27 | INFO | Multipliers: irradiance=0.22x, temp=0.78x, wind=0.95x
2026-03-26 21:15:27 | INFO | Weather Multiplier (combined): 0.16x
2026-03-26 21:15:27 | INFO | Abrupt Weather Change Detected: False
2026-03-26 21:15:27 | INFO | --- TREND ANALYSIS ---
2026-03-26 21:15:27 | INFO | Trend series (oldest -> latest):
2026-03-26 21:15:27 | INFO |   Block 70: 0.648 MW (source: INTRADAY_FALLBACK)
2026-03-26 21:15:27 | INFO |   Block 69: 0.808 MW (source: INTRADAY_FALLBACK)
2026-03-26 21:15:27 | INFO |   Block 68: 0.984 MW (source: INTRADAY_FALLBACK)
2026-03-26 21:15:27 | INFO |   Block 67: 1.160 MW (source: INTRADAY_FALLBACK)
2026-03-26 21:15:27 | INFO | Trend values used for slope calc: B70=0.648(INTRADAY_FALLBACK), B69=0.808(INTRADAY_FALLBACK), B68=0.984(INTRADAY_FALLBACK), B67=1.160(INTRADAY_FALLBACK)
2026-03-26 21:15:27 | INFO | Detected Trend Type: DECREASING
2026-03-26 21:15:27 | INFO | Trend Slope Percentage: -44.40%
2026-03-26 21:15:27 | INFO | Trend EPS Threshold: 1.50%
2026-03-26 21:15:27 | INFO | --- SCHEDULE CALCULATION ---
2026-03-26 21:15:27 | INFO | Condition Applied: CONDITION_3
2026-03-26 21:15:27 | INFO | Effective Base Forecast Used for Adjustments: 0.415 MW
2026-03-26 21:15:27 | INFO | Condition-3 (Phase-6) Applied:
2026-03-26 21:15:27 | INFO |   Forecast Mismatch: Intraday (0.488) != Day-ahead (0.620)
2026-03-26 21:15:27 | INFO |   Operation: SUBTRACT
2026-03-26 21:15:27 | INFO |   Base Adjustment %: 3.00%
2026-03-26 21:15:27 | INFO |   Irradiance Multiplier: 0.22x
2026-03-26 21:15:27 | INFO |   Temp Multiplier: 0.78x
2026-03-26 21:15:27 | INFO |   Wind Multiplier: 0.95x
2026-03-26 21:15:27 | INFO |   Weather Multiplier: 0.16x
2026-03-26 21:15:27 | INFO |   Final Adjustment %: -0.49%
2026-03-26 21:15:27 | INFO |   Calculation: 0.415 MW * (1 + -0.49% / 100)
2026-03-26 21:15:27 | INFO |   Formula (expanded): raw=0.4148*(1+-0.4891/100)=0.4128
2026-03-26 21:15:27 | INFO | --- FINAL RESULT ---
2026-03-26 21:15:27 | INFO | Raw Schedule (before smoothing): 0.413 MW
2026-03-26 21:15:27 | INFO | Final Scheduled MW: 0.413 MW
2026-03-26 21:15:27 | INFO | --------------------------------------------------------------------------------
2026-03-26 21:15:27 | INFO | Low GTI ratio (0.092) -> base_forecast damped by 0.85
2026-03-26 21:15:27 | INFO | --------------------------------------------------------------------------------
2026-03-26 21:15:27 | INFO | BLOCK 72
2026-03-26 21:15:27 | INFO | --------------------------------------------------------------------------------
2026-03-26 21:15:27 | INFO | --- FORECAST DATA ---
2026-03-26 21:15:27 | INFO | Intraday Forecast (Enercast Raw): 0.430 MW
2026-03-26 21:15:27 | INFO | Intraday Forecast (Enercast, Scaled): 0.344 MW
2026-03-26 21:15:27 | INFO | Day-ahead Forecast (Enercast): 0.420 MW
2026-03-26 21:15:27 | INFO | Base Forecast (raw, before curtailment/shutdown): 0.292 MW
2026-03-26 21:15:27 | INFO | Base Forecast (used for schedule): 0.249 MW
2026-03-26 21:15:27 | INFO | Effective Base Forecast (after curtailment/shutdown): 0.249 MW
2026-03-26 21:15:27 | INFO | Plant Status: NORMAL
2026-03-26 21:15:27 | INFO | Effective Base Forecast = Base Forecast (raw) = 0.249 MW
2026-03-26 21:15:27 | INFO | --- WEATHER PARAMETERS ---
2026-03-26 21:15:27 | INFO | GTI: 92.0 W/m^2
2026-03-26 21:15:27 | INFO | DHI: 33.0 W/m^2
2026-03-26 21:15:27 | INFO | DNI: 0.0 W/m^2
2026-03-26 21:15:27 | INFO | Irradiance Ratio (GTI/MAX_GTI): 0.092
2026-03-26 21:15:27 | INFO | Diffuse Ratio (current): 0.359
2026-03-26 21:15:27 | INFO | Irradiance State: OVERCAST
2026-03-26 21:15:27 | INFO | Temp @ 2m: 35.21 C
2026-03-26 21:15:27 | INFO | Wind @ 10m: 7.65 m/s
2026-03-26 21:15:27 | INFO | Weather State: NORMAL
2026-03-26 21:15:27 | INFO | Dynamic Thresholds: cloud_thr=0.0000, shift_thr=0.0000
2026-03-26 21:15:27 | INFO | Multipliers: irradiance=0.22x, temp=0.78x, wind=0.95x
2026-03-26 21:15:27 | INFO | Weather Multiplier (combined): 0.16x
2026-03-26 21:15:27 | INFO | Abrupt Weather Change Detected: False
2026-03-26 21:15:27 | INFO | --- TREND ANALYSIS ---
2026-03-26 21:15:27 | INFO | Trend series (oldest -> latest):
2026-03-26 21:15:27 | INFO |   Block 71: 0.488 MW (source: INTRADAY_FALLBACK)
2026-03-26 21:15:27 | INFO |   Block 70: 0.648 MW (source: INTRADAY_FALLBACK)
2026-03-26 21:15:27 | INFO |   Block 69: 0.808 MW (source: INTRADAY_FALLBACK)
2026-03-26 21:15:27 | INFO |   Block 68: 0.984 MW (source: INTRADAY_FALLBACK)
2026-03-26 21:15:27 | INFO | Trend values used for slope calc: B71=0.488(INTRADAY_FALLBACK), B70=0.648(INTRADAY_FALLBACK), B69=0.808(INTRADAY_FALLBACK), B68=0.984(INTRADAY_FALLBACK)
2026-03-26 21:15:27 | INFO | Detected Trend Type: DECREASING
2026-03-26 21:15:27 | INFO | Trend Slope Percentage: -50.49%
2026-03-26 21:15:27 | INFO | Trend EPS Threshold: 1.50%
2026-03-26 21:15:27 | INFO | --- SCHEDULE CALCULATION ---
2026-03-26 21:15:27 | INFO | Condition Applied: CONDITION_3
2026-03-26 21:15:27 | INFO | Effective Base Forecast Used for Adjustments: 0.249 MW
2026-03-26 21:15:27 | INFO | Condition-3 (Phase-6) Applied:
2026-03-26 21:15:27 | INFO |   Forecast Mismatch: Intraday (0.344) != Day-ahead (0.420)
2026-03-26 21:15:27 | INFO |   Operation: SUBTRACT
2026-03-26 21:15:27 | INFO |   Base Adjustment %: 3.00%
2026-03-26 21:15:27 | INFO |   Irradiance Multiplier: 0.22x
2026-03-26 21:15:27 | INFO |   Temp Multiplier: 0.78x
2026-03-26 21:15:27 | INFO |   Wind Multiplier: 0.95x
2026-03-26 21:15:27 | INFO |   Weather Multiplier: 1.00x
2026-03-26 21:15:27 | INFO |   Final Adjustment %: -3.00%
2026-03-26 21:15:27 | INFO |   Calculation: 0.249 MW * (1 + -3.00% / 100)
2026-03-26 21:15:27 | INFO |   Formula (expanded): raw=0.2485*(1+-3.0000/100)=0.2411
2026-03-26 21:15:27 | INFO | --- FINAL RESULT ---
2026-03-26 21:15:27 | INFO | Raw Schedule (before smoothing): 0.241 MW
2026-03-26 21:15:27 | INFO | Final Scheduled MW: 0.241 MW
2026-03-26 21:15:27 | INFO | --------------------------------------------------------------------------------
2026-03-26 21:15:27 | INFO | Low GTI ratio (0.038) -> base_forecast damped by 0.85
2026-03-26 21:15:27 | INFO | --------------------------------------------------------------------------------
2026-03-26 21:15:27 | INFO | BLOCK 73
2026-03-26 21:15:27 | INFO | --------------------------------------------------------------------------------
2026-03-26 21:15:27 | INFO | --- FORECAST DATA ---
2026-03-26 21:15:27 | INFO | Intraday Forecast (Enercast Raw): 0.250 MW
2026-03-26 21:15:27 | INFO | Intraday Forecast (Enercast, Scaled): 0.200 MW
2026-03-26 21:15:27 | INFO | Day-ahead Forecast (Enercast): 0.250 MW
2026-03-26 21:15:27 | INFO | Base Forecast (raw, before curtailment/shutdown): 0.170 MW
2026-03-26 21:15:27 | INFO | Base Forecast (used for schedule): 0.145 MW
2026-03-26 21:15:27 | INFO | Effective Base Forecast (after curtailment/shutdown): 0.145 MW
2026-03-26 21:15:27 | INFO | Plant Status: NORMAL
2026-03-26 21:15:27 | INFO | Effective Base Forecast = Base Forecast (raw) = 0.145 MW
2026-03-26 21:15:27 | INFO | --- WEATHER PARAMETERS ---
2026-03-26 21:15:27 | INFO | GTI: 38.0 W/m^2
2026-03-26 21:15:27 | INFO | DHI: 18.0 W/m^2
2026-03-26 21:15:27 | INFO | DNI: 0.0 W/m^2
2026-03-26 21:15:27 | INFO | Irradiance Ratio (GTI/MAX_GTI): 0.038
2026-03-26 21:15:27 | INFO | Diffuse Ratio (current): 0.360
2026-03-26 21:15:27 | INFO | Irradiance State: OVERCAST
2026-03-26 21:15:27 | INFO | Temp @ 2m: 35.11 C
2026-03-26 21:15:27 | INFO | Wind @ 10m: 7.65 m/s
2026-03-26 21:15:27 | INFO | Weather State: NORMAL
2026-03-26 21:15:27 | INFO | Dynamic Thresholds: cloud_thr=0.0000, shift_thr=0.0000
2026-03-26 21:15:27 | INFO | Multipliers: irradiance=0.22x, temp=0.78x, wind=0.95x
2026-03-26 21:15:27 | INFO | Weather Multiplier (combined): 0.16x
2026-03-26 21:15:27 | INFO | Abrupt Weather Change Detected: False
2026-03-26 21:15:27 | INFO | --- TREND ANALYSIS ---
2026-03-26 21:15:27 | INFO | Trend series (oldest -> latest):
2026-03-26 21:15:27 | INFO |   Block 72: 0.344 MW (source: INTRADAY_FALLBACK)
2026-03-26 21:15:27 | INFO |   Block 71: 0.488 MW (source: INTRADAY_FALLBACK)
2026-03-26 21:15:27 | INFO |   Block 70: 0.648 MW (source: INTRADAY_FALLBACK)
2026-03-26 21:15:27 | INFO |   Block 69: 0.808 MW (source: INTRADAY_FALLBACK)
2026-03-26 21:15:27 | INFO | Trend values used for slope calc: B72=0.344(INTRADAY_FALLBACK), B71=0.488(INTRADAY_FALLBACK), B70=0.648(INTRADAY_FALLBACK), B69=0.808(INTRADAY_FALLBACK)
2026-03-26 21:15:27 | INFO | Detected Trend Type: DECREASING
2026-03-26 21:15:27 | INFO | Trend Slope Percentage: -57.85%
2026-03-26 21:15:27 | INFO | Trend EPS Threshold: 1.50%
2026-03-26 21:15:27 | INFO | --- SCHEDULE CALCULATION ---
2026-03-26 21:15:27 | INFO | Condition Applied: CONDITION_3
2026-03-26 21:15:27 | INFO | Effective Base Forecast Used for Adjustments: 0.145 MW
2026-03-26 21:15:27 | INFO | Condition-3 (Phase-6) Applied:
2026-03-26 21:15:27 | INFO |   Forecast Mismatch: Intraday (0.200) != Day-ahead (0.250)
2026-03-26 21:15:27 | INFO |   Operation: SUBTRACT
2026-03-26 21:15:27 | INFO |   Base Adjustment %: 3.00%
2026-03-26 21:15:27 | INFO |   Irradiance Multiplier: 0.22x
2026-03-26 21:15:27 | INFO |   Temp Multiplier: 0.78x
2026-03-26 21:15:27 | INFO |   Wind Multiplier: 0.95x
2026-03-26 21:15:27 | INFO |   Weather Multiplier: 1.00x
2026-03-26 21:15:27 | INFO |   Final Adjustment %: -3.00%
2026-03-26 21:15:27 | INFO |   Calculation: 0.145 MW * (1 + -3.00% / 100)
2026-03-26 21:15:27 | INFO |   Formula (expanded): raw=0.1445*(1+-3.0000/100)=0.1402
2026-03-26 21:15:27 | INFO | --- FINAL RESULT ---
2026-03-26 21:15:27 | INFO | Raw Schedule (before smoothing): 0.140 MW
2026-03-26 21:15:27 | INFO | Final Scheduled MW: 0.140 MW
2026-03-26 21:15:27 | INFO | --------------------------------------------------------------------------------
2026-03-26 21:15:27 | INFO | --------------------------------------------------------------------------------
2026-03-26 21:15:27 | INFO | BLOCK 74
2026-03-26 21:15:27 | INFO | --------------------------------------------------------------------------------
2026-03-26 21:15:27 | INFO | --- FORECAST DATA ---
2026-03-26 21:15:27 | INFO | Intraday Forecast (Enercast Raw): 0.110 MW
2026-03-26 21:15:27 | INFO | Intraday Forecast (Enercast, Scaled): 0.088 MW
2026-03-26 21:15:27 | INFO | Day-ahead Forecast (Enercast): 0.100 MW
2026-03-26 21:15:27 | INFO | Base Forecast (raw, before curtailment/shutdown): 0.075 MW
2026-03-26 21:15:27 | INFO | Base Forecast (used for schedule): 0.075 MW
2026-03-26 21:15:27 | INFO | Effective Base Forecast (after curtailment/shutdown): 0.075 MW
2026-03-26 21:15:27 | INFO | Plant Status: NORMAL
2026-03-26 21:15:27 | INFO | Effective Base Forecast = Base Forecast (raw) = 0.075 MW
2026-03-26 21:15:27 | INFO | --- WEATHER PARAMETERS ---
2026-03-26 21:15:27 | INFO | GTI: 12.0 W/m^2
2026-03-26 21:15:27 | INFO | DHI: 9.0 W/m^2
2026-03-26 21:15:27 | INFO | DNI: 0.0 W/m^2
2026-03-26 21:15:27 | INFO | Irradiance Ratio (GTI/MAX_GTI): 0.012
2026-03-26 21:15:27 | INFO | Diffuse Ratio (current): 0.180
2026-03-26 21:15:27 | INFO | Irradiance State: OVERCAST
2026-03-26 21:15:27 | INFO | Temp @ 2m: 35.01 C
2026-03-26 21:15:27 | INFO | Wind @ 10m: 7.42 m/s
2026-03-26 21:15:27 | INFO | Weather State: NORMAL
2026-03-26 21:15:27 | INFO | Dynamic Thresholds: cloud_thr=0.0000, shift_thr=0.0000
2026-03-26 21:15:27 | INFO | Multipliers: irradiance=0.22x, temp=0.78x, wind=0.95x
2026-03-26 21:15:27 | INFO | Weather Multiplier (combined): 0.16x
2026-03-26 21:15:27 | INFO | Abrupt Weather Change Detected: False
2026-03-26 21:15:27 | INFO | --- TREND ANALYSIS ---
2026-03-26 21:15:27 | INFO | Trend series: INSUFFICIENT DATA
2026-03-26 21:15:27 | INFO | Detected Trend Type: FLAT
2026-03-26 21:15:27 | INFO | Trend Slope Percentage: 0.00%
2026-03-26 21:15:27 | INFO | Trend EPS Threshold: 1.50%
2026-03-26 21:15:27 | INFO | --- SCHEDULE CALCULATION ---
2026-03-26 21:15:27 | INFO | Condition Applied: SUNSET_CLAMP
2026-03-26 21:15:27 | INFO | Effective Base Forecast Used for Adjustments: 0.075 MW
2026-03-26 21:15:27 | INFO | Condition-3: NOT APPLIED for this block path
2026-03-26 21:15:27 | INFO |   Final Adjustment %: 0.00%
2026-03-26 21:15:27 | INFO |   Formula (expanded): SUNSET_CLAMP: GTI=12.000 < 0.02*MAX_GTI=20.080 => raw=0
2026-03-26 21:15:27 | INFO | --- FINAL RESULT ---
2026-03-26 21:15:27 | INFO | Raw Schedule (before smoothing): 0.000 MW
2026-03-26 21:15:27 | INFO | Final Scheduled MW: 0.000 MW
2026-03-26 21:15:27 | INFO | --------------------------------------------------------------------------------
2026-03-26 21:15:27 | INFO | --------------------------------------------------------------------------------
2026-03-26 21:15:27 | INFO | BLOCK 75
2026-03-26 21:15:27 | INFO | --------------------------------------------------------------------------------
2026-03-26 21:15:27 | INFO | --- FORECAST DATA ---
2026-03-26 21:15:27 | INFO | Intraday Forecast (Enercast Raw): 0.000 MW
2026-03-26 21:15:27 | INFO | Intraday Forecast (Enercast, Scaled): 0.000 MW
2026-03-26 21:15:27 | INFO | Day-ahead Forecast (Enercast): 0.000 MW
2026-03-26 21:15:27 | INFO | Base Forecast (raw, before curtailment/shutdown): 0.000 MW
2026-03-26 21:15:27 | INFO | Base Forecast (used for schedule): 0.000 MW
2026-03-26 21:15:27 | INFO | Effective Base Forecast (after curtailment/shutdown): 0.000 MW
2026-03-26 21:15:27 | INFO | Plant Status: NORMAL
2026-03-26 21:15:27 | INFO | Effective Base Forecast = Base Forecast (raw) = 0.000 MW
2026-03-26 21:15:27 | INFO | --- WEATHER PARAMETERS ---
2026-03-26 21:15:27 | INFO | GTI: 3.0 W/m^2
2026-03-26 21:15:27 | INFO | DHI: 3.0 W/m^2
2026-03-26 21:15:27 | INFO | DNI: 0.0 W/m^2
2026-03-26 21:15:27 | INFO | Irradiance Ratio (GTI/MAX_GTI): 0.003
2026-03-26 21:15:27 | INFO | Diffuse Ratio (current): 0.060
2026-03-26 21:15:27 | INFO | Irradiance State: OVERCAST
2026-03-26 21:15:27 | INFO | Temp @ 2m: 34.91 C
2026-03-26 21:15:27 | INFO | Wind @ 10m: 6.79 m/s
2026-03-26 21:15:27 | INFO | Weather State: NORMAL
2026-03-26 21:15:27 | INFO | Dynamic Thresholds: cloud_thr=0.0000, shift_thr=0.0000
2026-03-26 21:15:27 | INFO | Multipliers: irradiance=0.22x, temp=0.92x, wind=0.95x
2026-03-26 21:15:27 | INFO | Weather Multiplier (combined): 0.19x
2026-03-26 21:15:27 | INFO | Abrupt Weather Change Detected: False
2026-03-26 21:15:27 | INFO | --- TREND ANALYSIS ---
2026-03-26 21:15:27 | INFO | Trend series: INSUFFICIENT DATA
2026-03-26 21:15:27 | INFO | Detected Trend Type: FLAT
2026-03-26 21:15:27 | INFO | Trend Slope Percentage: 0.00%
2026-03-26 21:15:27 | INFO | Trend EPS Threshold: 1.50%
2026-03-26 21:15:27 | INFO | --- SCHEDULE CALCULATION ---
2026-03-26 21:15:27 | INFO | Condition Applied: SUNSET_CLAMP
2026-03-26 21:15:27 | INFO | Effective Base Forecast Used for Adjustments: 0.000 MW
2026-03-26 21:15:27 | INFO | Condition-3: NOT APPLIED for this block path
2026-03-26 21:15:27 | INFO |   Final Adjustment %: 0.00%
2026-03-26 21:15:27 | INFO |   Formula (expanded): SUNSET_CLAMP: GTI=3.000 < 0.02*MAX_GTI=20.080 => raw=0
2026-03-26 21:15:27 | INFO | --- FINAL RESULT ---
2026-03-26 21:15:27 | INFO | Raw Schedule (before smoothing): 0.000 MW
2026-03-26 21:15:27 | INFO | Final Scheduled MW: 0.000 MW
2026-03-26 21:15:27 | INFO | --------------------------------------------------------------------------------
2026-03-26 21:15:27 | INFO | --------------------------------------------------------------------------------
2026-03-26 21:15:27 | INFO | BLOCK 76
2026-03-26 21:15:27 | INFO | --------------------------------------------------------------------------------
2026-03-26 21:15:27 | INFO | --- FORECAST DATA ---
2026-03-26 21:15:27 | INFO | Intraday Forecast (Enercast Raw): 0.000 MW
2026-03-26 21:15:27 | INFO | Intraday Forecast (Enercast, Scaled): 0.000 MW
2026-03-26 21:15:27 | INFO | Day-ahead Forecast (Enercast): 0.000 MW
2026-03-26 21:15:27 | INFO | Base Forecast (raw, before curtailment/shutdown): 0.000 MW
2026-03-26 21:15:27 | INFO | Base Forecast (used for schedule): 0.000 MW
2026-03-26 21:15:27 | INFO | Effective Base Forecast (after curtailment/shutdown): 0.000 MW
2026-03-26 21:15:27 | INFO | Plant Status: NORMAL
2026-03-26 21:15:27 | INFO | Effective Base Forecast = Base Forecast (raw) = 0.000 MW
2026-03-26 21:15:27 | INFO | --- WEATHER PARAMETERS ---
2026-03-26 21:15:27 | INFO | GTI: 0.0 W/m^2
2026-03-26 21:15:27 | INFO | DHI: 0.0 W/m^2
2026-03-26 21:15:27 | INFO | DNI: 0.0 W/m^2
2026-03-26 21:15:27 | INFO | Irradiance Ratio (GTI/MAX_GTI): 0.000
2026-03-26 21:15:27 | INFO | Diffuse Ratio (current): 0.000
2026-03-26 21:15:27 | INFO | Irradiance State: OVERCAST
2026-03-26 21:15:27 | INFO | Temp @ 2m: 34.81 C
2026-03-26 21:15:27 | INFO | Wind @ 10m: 6.29 m/s
2026-03-26 21:15:27 | INFO | Weather State: NORMAL
2026-03-26 21:15:27 | INFO | Dynamic Thresholds: cloud_thr=0.0000, shift_thr=0.0000
2026-03-26 21:15:27 | INFO | Multipliers: irradiance=0.22x, temp=0.92x, wind=0.95x
2026-03-26 21:15:27 | INFO | Weather Multiplier (combined): 0.19x
2026-03-26 21:15:27 | INFO | Abrupt Weather Change Detected: False
2026-03-26 21:15:27 | INFO | --- TREND ANALYSIS ---
2026-03-26 21:15:27 | INFO | Trend series: INSUFFICIENT DATA
2026-03-26 21:15:27 | INFO | Detected Trend Type: FLAT
2026-03-26 21:15:27 | INFO | Trend Slope Percentage: 0.00%
2026-03-26 21:15:27 | INFO | Trend EPS Threshold: 1.50%
2026-03-26 21:15:27 | INFO | --- SCHEDULE CALCULATION ---
2026-03-26 21:15:27 | INFO | Condition Applied: SUNSET_CLAMP
2026-03-26 21:15:27 | INFO | Effective Base Forecast Used for Adjustments: 0.000 MW
2026-03-26 21:15:27 | INFO | Condition-3: NOT APPLIED for this block path
2026-03-26 21:15:27 | INFO |   Final Adjustment %: 0.00%
2026-03-26 21:15:27 | INFO |   Formula (expanded): SUNSET_CLAMP: GTI=0.000 < 0.02*MAX_GTI=20.080 => raw=0
2026-03-26 21:15:27 | INFO | --- FINAL RESULT ---
2026-03-26 21:15:27 | INFO | Raw Schedule (before smoothing): 0.000 MW
2026-03-26 21:15:27 | INFO | Final Scheduled MW: 0.000 MW
2026-03-26 21:15:27 | INFO | --------------------------------------------------------------------------------
2026-03-26 21:15:27 | INFO | --------------------------------------------------------------------------------
2026-03-26 21:15:27 | INFO | BLOCK 77
2026-03-26 21:15:27 | INFO | --------------------------------------------------------------------------------
2026-03-26 21:15:27 | INFO | --- FORECAST DATA ---
2026-03-26 21:15:27 | INFO | Intraday Forecast (Enercast Raw): 0.000 MW
2026-03-26 21:15:27 | INFO | Intraday Forecast (Enercast, Scaled): 0.000 MW
2026-03-26 21:15:27 | INFO | Day-ahead Forecast (Enercast): 0.000 MW
2026-03-26 21:15:27 | INFO | Base Forecast (raw, before curtailment/shutdown): 0.000 MW
2026-03-26 21:15:27 | INFO | Base Forecast (used for schedule): 0.000 MW
2026-03-26 21:15:27 | INFO | Effective Base Forecast (after curtailment/shutdown): 0.000 MW
2026-03-26 21:15:27 | INFO | Plant Status: NORMAL
2026-03-26 21:15:27 | INFO | Effective Base Forecast = Base Forecast (raw) = 0.000 MW
2026-03-26 21:15:27 | INFO | --- WEATHER PARAMETERS ---
2026-03-26 21:15:27 | INFO | GTI: 0.0 W/m^2
2026-03-26 21:15:27 | INFO | DHI: 0.0 W/m^2
2026-03-26 21:15:27 | INFO | DNI: 0.0 W/m^2
2026-03-26 21:15:27 | INFO | Irradiance Ratio (GTI/MAX_GTI): 0.000
2026-03-26 21:15:27 | INFO | Diffuse Ratio (current): 0.000
2026-03-26 21:15:27 | INFO | Irradiance State: OVERCAST
2026-03-26 21:15:27 | INFO | Temp @ 2m: 34.71 C
2026-03-26 21:15:27 | INFO | Wind @ 10m: 7.07 m/s
2026-03-26 21:15:27 | INFO | Weather State: NORMAL
2026-03-26 21:15:27 | INFO | Dynamic Thresholds: cloud_thr=0.0000, shift_thr=0.0000
2026-03-26 21:15:27 | INFO | Multipliers: irradiance=0.22x, temp=0.92x, wind=0.95x
2026-03-26 21:15:27 | INFO | Weather Multiplier (combined): 0.19x
2026-03-26 21:15:27 | INFO | Abrupt Weather Change Detected: False
2026-03-26 21:15:27 | INFO | --- TREND ANALYSIS ---
2026-03-26 21:15:27 | INFO | Trend series: INSUFFICIENT DATA
2026-03-26 21:15:27 | INFO | Detected Trend Type: FLAT
2026-03-26 21:15:27 | INFO | Trend Slope Percentage: 0.00%
2026-03-26 21:15:27 | INFO | Trend EPS Threshold: 1.50%
2026-03-26 21:15:27 | INFO | --- SCHEDULE CALCULATION ---
2026-03-26 21:15:27 | INFO | Condition Applied: SUNSET_CLAMP
2026-03-26 21:15:27 | INFO | Effective Base Forecast Used for Adjustments: 0.000 MW
2026-03-26 21:15:27 | INFO | Condition-3: NOT APPLIED for this block path
2026-03-26 21:15:27 | INFO |   Final Adjustment %: 0.00%
2026-03-26 21:15:27 | INFO |   Formula (expanded): SUNSET_CLAMP: GTI=0.000 < 0.02*MAX_GTI=20.080 => raw=0
2026-03-26 21:15:27 | INFO | --- FINAL RESULT ---
2026-03-26 21:15:27 | INFO | Raw Schedule (before smoothing): 0.000 MW
2026-03-26 21:15:27 | INFO | Final Scheduled MW: 0.000 MW
2026-03-26 21:15:27 | INFO | --------------------------------------------------------------------------------
2026-03-26 21:15:27 | INFO | --------------------------------------------------------------------------------
2026-03-26 21:15:27 | INFO | BLOCK 78
2026-03-26 21:15:27 | INFO | --------------------------------------------------------------------------------
2026-03-26 21:15:27 | INFO | --- FORECAST DATA ---
2026-03-26 21:15:27 | INFO | Intraday Forecast (Enercast Raw): 0.000 MW
2026-03-26 21:15:27 | INFO | Intraday Forecast (Enercast, Scaled): 0.000 MW
2026-03-26 21:15:27 | INFO | Day-ahead Forecast (Enercast): 0.000 MW
2026-03-26 21:15:27 | INFO | Base Forecast (raw, before curtailment/shutdown): 0.000 MW
2026-03-26 21:15:27 | INFO | Base Forecast (used for schedule): 0.000 MW
2026-03-26 21:15:27 | INFO | Effective Base Forecast (after curtailment/shutdown): 0.000 MW
2026-03-26 21:15:27 | INFO | Plant Status: NORMAL
2026-03-26 21:15:27 | INFO | Effective Base Forecast = Base Forecast (raw) = 0.000 MW
2026-03-26 21:15:27 | INFO | --- WEATHER PARAMETERS ---
2026-03-26 21:15:27 | INFO | GTI: 0.0 W/m^2
2026-03-26 21:15:27 | INFO | DHI: 0.0 W/m^2
2026-03-26 21:15:27 | INFO | DNI: 0.0 W/m^2
2026-03-26 21:15:27 | INFO | Irradiance Ratio (GTI/MAX_GTI): 0.000
2026-03-26 21:15:27 | INFO | Diffuse Ratio (current): 0.000
2026-03-26 21:15:27 | INFO | Irradiance State: OVERCAST
2026-03-26 21:15:27 | INFO | Temp @ 2m: 34.56 C
2026-03-26 21:15:27 | INFO | Wind @ 10m: 9.09 m/s
2026-03-26 21:15:27 | INFO | Weather State: NORMAL
2026-03-26 21:15:27 | INFO | Dynamic Thresholds: cloud_thr=0.0000, shift_thr=0.0000
2026-03-26 21:15:27 | INFO | Multipliers: irradiance=0.22x, temp=0.92x, wind=0.95x
2026-03-26 21:15:27 | INFO | Weather Multiplier (combined): 0.19x
2026-03-26 21:15:27 | INFO | Abrupt Weather Change Detected: False
2026-03-26 21:15:27 | INFO | --- TREND ANALYSIS ---
2026-03-26 21:15:27 | INFO | Trend series: INSUFFICIENT DATA
2026-03-26 21:15:27 | INFO | Detected Trend Type: FLAT
2026-03-26 21:15:27 | INFO | Trend Slope Percentage: 0.00%
2026-03-26 21:15:27 | INFO | Trend EPS Threshold: 1.50%
2026-03-26 21:15:27 | INFO | --- SCHEDULE CALCULATION ---
2026-03-26 21:15:27 | INFO | Condition Applied: SUNSET_CLAMP
2026-03-26 21:15:27 | INFO | Effective Base Forecast Used for Adjustments: 0.000 MW
2026-03-26 21:15:27 | INFO | Condition-3: NOT APPLIED for this block path
2026-03-26 21:15:27 | INFO |   Final Adjustment %: 0.00%
2026-03-26 21:15:27 | INFO |   Formula (expanded): SUNSET_CLAMP: GTI=0.000 < 0.02*MAX_GTI=20.080 => raw=0
2026-03-26 21:15:27 | INFO | --- FINAL RESULT ---
2026-03-26 21:15:27 | INFO | Raw Schedule (before smoothing): 0.000 MW
2026-03-26 21:15:27 | INFO | Final Scheduled MW: 0.000 MW
2026-03-26 21:15:27 | INFO | --------------------------------------------------------------------------------
2026-03-26 21:15:27 | INFO | --------------------------------------------------------------------------------
2026-03-26 21:15:27 | INFO | BLOCK 79
2026-03-26 21:15:27 | INFO | --------------------------------------------------------------------------------
2026-03-26 21:15:27 | INFO | --- FORECAST DATA ---
2026-03-26 21:15:27 | INFO | Intraday Forecast (Enercast Raw): 0.000 MW
2026-03-26 21:15:27 | INFO | Intraday Forecast (Enercast, Scaled): 0.000 MW
2026-03-26 21:15:27 | INFO | Day-ahead Forecast (Enercast): 0.000 MW
2026-03-26 21:15:27 | INFO | Base Forecast (raw, before curtailment/shutdown): 0.000 MW
2026-03-26 21:15:27 | INFO | Base Forecast (used for schedule): 0.000 MW
2026-03-26 21:15:27 | INFO | Effective Base Forecast (after curtailment/shutdown): 0.000 MW
2026-03-26 21:15:27 | INFO | Plant Status: NORMAL
2026-03-26 21:15:27 | INFO | Effective Base Forecast = Base Forecast (raw) = 0.000 MW
2026-03-26 21:15:27 | INFO | --- WEATHER PARAMETERS ---
2026-03-26 21:15:27 | INFO | GTI: 0.0 W/m^2
2026-03-26 21:15:27 | INFO | DHI: 0.0 W/m^2
2026-03-26 21:15:27 | INFO | DNI: 0.0 W/m^2
2026-03-26 21:15:27 | INFO | Irradiance Ratio (GTI/MAX_GTI): 0.000
2026-03-26 21:15:27 | INFO | Diffuse Ratio (current): 0.000
2026-03-26 21:15:27 | INFO | Irradiance State: OVERCAST
2026-03-26 21:15:27 | INFO | Temp @ 2m: 34.31 C
2026-03-26 21:15:27 | INFO | Wind @ 10m: 11.20 m/s
2026-03-26 21:15:27 | INFO | Weather State: NORMAL
2026-03-26 21:15:27 | INFO | Dynamic Thresholds: cloud_thr=0.0000, shift_thr=0.0000
2026-03-26 21:15:27 | INFO | Multipliers: irradiance=0.22x, temp=0.92x, wind=0.95x
2026-03-26 21:15:27 | INFO | Weather Multiplier (combined): 0.19x
2026-03-26 21:15:27 | INFO | Abrupt Weather Change Detected: False
2026-03-26 21:15:27 | INFO | --- TREND ANALYSIS ---
2026-03-26 21:15:27 | INFO | Trend series: INSUFFICIENT DATA
2026-03-26 21:15:27 | INFO | Detected Trend Type: FLAT
2026-03-26 21:15:27 | INFO | Trend Slope Percentage: 0.00%
2026-03-26 21:15:27 | INFO | Trend EPS Threshold: 1.50%
2026-03-26 21:15:27 | INFO | --- SCHEDULE CALCULATION ---
2026-03-26 21:15:27 | INFO | Condition Applied: SUNSET_CLAMP
2026-03-26 21:15:27 | INFO | Effective Base Forecast Used for Adjustments: 0.000 MW
2026-03-26 21:15:27 | INFO | Condition-3: NOT APPLIED for this block path
2026-03-26 21:15:27 | INFO |   Final Adjustment %: 0.00%
2026-03-26 21:15:27 | INFO |   Formula (expanded): SUNSET_CLAMP: GTI=0.000 < 0.02*MAX_GTI=20.080 => raw=0
2026-03-26 21:15:27 | INFO | --- FINAL RESULT ---
2026-03-26 21:15:27 | INFO | Raw Schedule (before smoothing): 0.000 MW
2026-03-26 21:15:27 | INFO | Final Scheduled MW: 0.000 MW
2026-03-26 21:15:27 | INFO | --------------------------------------------------------------------------------
2026-03-26 21:15:27 | INFO | --------------------------------------------------------------------------------
2026-03-26 21:15:27 | INFO | BLOCK 80
2026-03-26 21:15:27 | INFO | --------------------------------------------------------------------------------
2026-03-26 21:15:27 | INFO | --- FORECAST DATA ---
2026-03-26 21:15:27 | INFO | Intraday Forecast (Enercast Raw): 0.000 MW
2026-03-26 21:15:27 | INFO | Intraday Forecast (Enercast, Scaled): 0.000 MW
2026-03-26 21:15:27 | INFO | Day-ahead Forecast (Enercast): 0.000 MW
2026-03-26 21:15:27 | INFO | Base Forecast (raw, before curtailment/shutdown): 0.000 MW
2026-03-26 21:15:27 | INFO | Base Forecast (used for schedule): 0.000 MW
2026-03-26 21:15:27 | INFO | Effective Base Forecast (after curtailment/shutdown): 0.000 MW
2026-03-26 21:15:27 | INFO | Plant Status: NORMAL
2026-03-26 21:15:27 | INFO | Effective Base Forecast = Base Forecast (raw) = 0.000 MW
2026-03-26 21:15:27 | INFO | --- WEATHER PARAMETERS ---
2026-03-26 21:15:27 | INFO | GTI: 0.0 W/m^2
2026-03-26 21:15:27 | INFO | DHI: 0.0 W/m^2
2026-03-26 21:15:27 | INFO | DNI: 0.0 W/m^2
2026-03-26 21:15:27 | INFO | Irradiance Ratio (GTI/MAX_GTI): 0.000
2026-03-26 21:15:27 | INFO | Diffuse Ratio (current): 0.000
2026-03-26 21:15:27 | INFO | Irradiance State: OVERCAST
2026-03-26 21:15:27 | INFO | Temp @ 2m: 33.96 C
2026-03-26 21:15:27 | INFO | Wind @ 10m: 13.04 m/s
2026-03-26 21:15:27 | INFO | Weather State: NORMAL
2026-03-26 21:15:27 | INFO | Dynamic Thresholds: cloud_thr=0.0000, shift_thr=0.0000
2026-03-26 21:15:27 | INFO | Multipliers: irradiance=0.22x, temp=0.92x, wind=0.95x
2026-03-26 21:15:27 | INFO | Weather Multiplier (combined): 0.19x
2026-03-26 21:15:27 | INFO | Abrupt Weather Change Detected: False
2026-03-26 21:15:27 | INFO | --- TREND ANALYSIS ---
2026-03-26 21:15:27 | INFO | Trend series: INSUFFICIENT DATA
2026-03-26 21:15:27 | INFO | Detected Trend Type: FLAT
2026-03-26 21:15:27 | INFO | Trend Slope Percentage: 0.00%
2026-03-26 21:15:27 | INFO | Trend EPS Threshold: 1.50%
2026-03-26 21:15:27 | INFO | --- SCHEDULE CALCULATION ---
2026-03-26 21:15:27 | INFO | Condition Applied: SUNSET_CLAMP
2026-03-26 21:15:27 | INFO | Effective Base Forecast Used for Adjustments: 0.000 MW
2026-03-26 21:15:27 | INFO | Condition-3: NOT APPLIED for this block path
2026-03-26 21:15:27 | INFO |   Final Adjustment %: 0.00%
2026-03-26 21:15:27 | INFO |   Formula (expanded): SUNSET_CLAMP: GTI=0.000 < 0.02*MAX_GTI=20.080 => raw=0
2026-03-26 21:15:27 | INFO | --- FINAL RESULT ---
2026-03-26 21:15:27 | INFO | Raw Schedule (before smoothing): 0.000 MW
2026-03-26 21:15:27 | INFO | Final Scheduled MW: 0.000 MW
2026-03-26 21:15:27 | INFO | --------------------------------------------------------------------------------
2026-03-26 21:15:27 | INFO | --------------------------------------------------------------------------------
2026-03-26 21:15:27 | INFO | BLOCK 81
2026-03-26 21:15:27 | INFO | --------------------------------------------------------------------------------
2026-03-26 21:15:27 | INFO | --- FORECAST DATA ---
2026-03-26 21:15:27 | INFO | Intraday Forecast (Enercast Raw): 0.000 MW
2026-03-26 21:15:27 | INFO | Intraday Forecast (Enercast, Scaled): 0.000 MW
2026-03-26 21:15:27 | INFO | Day-ahead Forecast (Enercast): 0.000 MW
2026-03-26 21:15:27 | INFO | Base Forecast (raw, before curtailment/shutdown): 0.000 MW
2026-03-26 21:15:27 | INFO | Base Forecast (used for schedule): 0.000 MW
2026-03-26 21:15:27 | INFO | Effective Base Forecast (after curtailment/shutdown): 0.000 MW
2026-03-26 21:15:27 | INFO | Plant Status: NORMAL
2026-03-26 21:15:27 | INFO | Effective Base Forecast = Base Forecast (raw) = 0.000 MW
2026-03-26 21:15:27 | INFO | --- WEATHER PARAMETERS ---
2026-03-26 21:15:27 | INFO | GTI: 0.0 W/m^2
2026-03-26 21:15:27 | INFO | DHI: 0.0 W/m^2
2026-03-26 21:15:27 | INFO | DNI: 0.0 W/m^2
2026-03-26 21:15:27 | INFO | Irradiance Ratio (GTI/MAX_GTI): 0.000
2026-03-26 21:15:27 | INFO | Diffuse Ratio (current): 0.000
2026-03-26 21:15:27 | INFO | Irradiance State: OVERCAST
2026-03-26 21:15:27 | INFO | Temp @ 2m: 33.51 C
2026-03-26 21:15:27 | INFO | Wind @ 10m: 14.48 m/s
2026-03-26 21:15:27 | INFO | Weather State: NORMAL
2026-03-26 21:15:27 | INFO | Dynamic Thresholds: cloud_thr=0.0000, shift_thr=0.0000
2026-03-26 21:15:27 | INFO | Multipliers: irradiance=0.22x, temp=0.92x, wind=0.95x
2026-03-26 21:15:27 | INFO | Weather Multiplier (combined): 0.19x
2026-03-26 21:15:27 | INFO | Abrupt Weather Change Detected: False
2026-03-26 21:15:27 | INFO | --- TREND ANALYSIS ---
2026-03-26 21:15:27 | INFO | Trend series: INSUFFICIENT DATA
2026-03-26 21:15:27 | INFO | Detected Trend Type: FLAT
2026-03-26 21:15:27 | INFO | Trend Slope Percentage: 0.00%
2026-03-26 21:15:27 | INFO | Trend EPS Threshold: 1.50%
2026-03-26 21:15:27 | INFO | --- SCHEDULE CALCULATION ---
2026-03-26 21:15:27 | INFO | Condition Applied: SUNSET_CLAMP
2026-03-26 21:15:27 | INFO | Effective Base Forecast Used for Adjustments: 0.000 MW
2026-03-26 21:15:27 | INFO | Condition-3: NOT APPLIED for this block path
2026-03-26 21:15:27 | INFO |   Final Adjustment %: 0.00%
2026-03-26 21:15:27 | INFO |   Formula (expanded): SUNSET_CLAMP: GTI=0.000 < 0.02*MAX_GTI=20.080 => raw=0
2026-03-26 21:15:27 | INFO | --- FINAL RESULT ---
2026-03-26 21:15:27 | INFO | Raw Schedule (before smoothing): 0.000 MW
2026-03-26 21:15:27 | INFO | Final Scheduled MW: 0.000 MW
2026-03-26 21:15:27 | INFO | --------------------------------------------------------------------------------
2026-03-26 21:15:27 | INFO | --------------------------------------------------------------------------------
2026-03-26 21:15:27 | INFO | BLOCK 82
2026-03-26 21:15:27 | INFO | --------------------------------------------------------------------------------
2026-03-26 21:15:27 | INFO | --- FORECAST DATA ---
2026-03-26 21:15:27 | INFO | Intraday Forecast (Enercast Raw): 0.000 MW
2026-03-26 21:15:27 | INFO | Intraday Forecast (Enercast, Scaled): 0.000 MW
2026-03-26 21:15:27 | INFO | Day-ahead Forecast (Enercast): 0.000 MW
2026-03-26 21:15:27 | INFO | Base Forecast (raw, before curtailment/shutdown): 0.000 MW
2026-03-26 21:15:27 | INFO | Base Forecast (used for schedule): 0.000 MW
2026-03-26 21:15:27 | INFO | Effective Base Forecast (after curtailment/shutdown): 0.000 MW
2026-03-26 21:15:27 | INFO | Plant Status: NORMAL
2026-03-26 21:15:27 | INFO | Effective Base Forecast = Base Forecast (raw) = 0.000 MW
2026-03-26 21:15:27 | INFO | --- WEATHER PARAMETERS ---
2026-03-26 21:15:27 | INFO | GTI: 0.0 W/m^2
2026-03-26 21:15:27 | INFO | DHI: 0.0 W/m^2
2026-03-26 21:15:27 | INFO | DNI: 0.0 W/m^2
2026-03-26 21:15:27 | INFO | Irradiance Ratio (GTI/MAX_GTI): 0.000
2026-03-26 21:15:27 | INFO | Diffuse Ratio (current): 0.000
2026-03-26 21:15:27 | INFO | Irradiance State: OVERCAST
2026-03-26 21:15:27 | INFO | Temp @ 2m: 33.01 C
2026-03-26 21:15:27 | INFO | Wind @ 10m: 15.88 m/s
2026-03-26 21:15:27 | INFO | Weather State: NORMAL
2026-03-26 21:15:27 | INFO | Dynamic Thresholds: cloud_thr=0.0000, shift_thr=0.0000
2026-03-26 21:15:27 | INFO | Multipliers: irradiance=0.22x, temp=0.92x, wind=0.95x
2026-03-26 21:15:27 | INFO | Weather Multiplier (combined): 0.19x
2026-03-26 21:15:27 | INFO | Abrupt Weather Change Detected: False
2026-03-26 21:15:27 | INFO | --- TREND ANALYSIS ---
2026-03-26 21:15:27 | INFO | Trend series: INSUFFICIENT DATA
2026-03-26 21:15:27 | INFO | Detected Trend Type: FLAT
2026-03-26 21:15:27 | INFO | Trend Slope Percentage: 0.00%
2026-03-26 21:15:27 | INFO | Trend EPS Threshold: 1.50%
2026-03-26 21:15:27 | INFO | --- SCHEDULE CALCULATION ---
2026-03-26 21:15:27 | INFO | Condition Applied: SUNSET_CLAMP
2026-03-26 21:15:27 | INFO | Effective Base Forecast Used for Adjustments: 0.000 MW
2026-03-26 21:15:27 | INFO | Condition-3: NOT APPLIED for this block path
2026-03-26 21:15:27 | INFO |   Final Adjustment %: 0.00%
2026-03-26 21:15:27 | INFO |   Formula (expanded): SUNSET_CLAMP: GTI=0.000 < 0.02*MAX_GTI=20.080 => raw=0
2026-03-26 21:15:27 | INFO | --- FINAL RESULT ---
2026-03-26 21:15:27 | INFO | Raw Schedule (before smoothing): 0.000 MW
2026-03-26 21:15:27 | INFO | Final Scheduled MW: 0.000 MW
2026-03-26 21:15:27 | INFO | --------------------------------------------------------------------------------
2026-03-26 21:15:27 | INFO | --------------------------------------------------------------------------------
2026-03-26 21:15:27 | INFO | BLOCK 83
2026-03-26 21:15:27 | INFO | --------------------------------------------------------------------------------
2026-03-26 21:15:27 | INFO | --- FORECAST DATA ---
2026-03-26 21:15:27 | INFO | Intraday Forecast (Enercast Raw): 0.000 MW
2026-03-26 21:15:27 | INFO | Intraday Forecast (Enercast, Scaled): 0.000 MW
2026-03-26 21:15:27 | INFO | Day-ahead Forecast (Enercast): 0.000 MW
2026-03-26 21:15:27 | INFO | Base Forecast (raw, before curtailment/shutdown): 0.000 MW
2026-03-26 21:15:27 | INFO | Base Forecast (used for schedule): 0.000 MW
2026-03-26 21:15:27 | INFO | Effective Base Forecast (after curtailment/shutdown): 0.000 MW
2026-03-26 21:15:27 | INFO | Plant Status: NORMAL
2026-03-26 21:15:27 | INFO | Effective Base Forecast = Base Forecast (raw) = 0.000 MW
2026-03-26 21:15:27 | INFO | --- WEATHER PARAMETERS ---
2026-03-26 21:15:27 | INFO | GTI: 0.0 W/m^2
2026-03-26 21:15:27 | INFO | DHI: 0.0 W/m^2
2026-03-26 21:15:27 | INFO | DNI: 0.0 W/m^2
2026-03-26 21:15:27 | INFO | Irradiance Ratio (GTI/MAX_GTI): 0.000
2026-03-26 21:15:27 | INFO | Diffuse Ratio (current): 0.000
2026-03-26 21:15:27 | INFO | Irradiance State: OVERCAST
2026-03-26 21:15:27 | INFO | Temp @ 2m: 32.61 C
2026-03-26 21:15:27 | INFO | Wind @ 10m: 16.98 m/s
2026-03-26 21:15:27 | INFO | Weather State: NORMAL
2026-03-26 21:15:27 | INFO | Dynamic Thresholds: cloud_thr=0.0000, shift_thr=0.0000
2026-03-26 21:15:27 | INFO | Multipliers: irradiance=0.22x, temp=0.92x, wind=0.95x
2026-03-26 21:15:27 | INFO | Weather Multiplier (combined): 0.19x
2026-03-26 21:15:27 | INFO | Abrupt Weather Change Detected: False
2026-03-26 21:15:27 | INFO | --- TREND ANALYSIS ---
2026-03-26 21:15:27 | INFO | Trend series: INSUFFICIENT DATA
2026-03-26 21:15:27 | INFO | Detected Trend Type: FLAT
2026-03-26 21:15:27 | INFO | Trend Slope Percentage: 0.00%
2026-03-26 21:15:27 | INFO | Trend EPS Threshold: 1.50%
2026-03-26 21:15:27 | INFO | --- SCHEDULE CALCULATION ---
2026-03-26 21:15:27 | INFO | Condition Applied: SUNSET_CLAMP
2026-03-26 21:15:27 | INFO | Effective Base Forecast Used for Adjustments: 0.000 MW
2026-03-26 21:15:27 | INFO | Condition-3: NOT APPLIED for this block path
2026-03-26 21:15:27 | INFO |   Final Adjustment %: 0.00%
2026-03-26 21:15:27 | INFO |   Formula (expanded): SUNSET_CLAMP: GTI=0.000 < 0.02*MAX_GTI=20.080 => raw=0
2026-03-26 21:15:27 | INFO | --- FINAL RESULT ---
2026-03-26 21:15:27 | INFO | Raw Schedule (before smoothing): 0.000 MW
2026-03-26 21:15:27 | INFO | Final Scheduled MW: 0.000 MW
2026-03-26 21:15:27 | INFO | --------------------------------------------------------------------------------
2026-03-26 21:15:27 | INFO | --------------------------------------------------------------------------------
2026-03-26 21:15:27 | INFO | BLOCK 84
2026-03-26 21:15:27 | INFO | --------------------------------------------------------------------------------
2026-03-26 21:15:27 | INFO | --- FORECAST DATA ---
2026-03-26 21:15:27 | INFO | Intraday Forecast (Enercast Raw): 0.000 MW
2026-03-26 21:15:27 | INFO | Intraday Forecast (Enercast, Scaled): 0.000 MW
2026-03-26 21:15:27 | INFO | Day-ahead Forecast (Enercast): 0.000 MW
2026-03-26 21:15:27 | INFO | Base Forecast (raw, before curtailment/shutdown): 0.000 MW
2026-03-26 21:15:27 | INFO | Base Forecast (used for schedule): 0.000 MW
2026-03-26 21:15:27 | INFO | Effective Base Forecast (after curtailment/shutdown): 0.000 MW
2026-03-26 21:15:27 | INFO | Plant Status: NORMAL
2026-03-26 21:15:27 | INFO | Effective Base Forecast = Base Forecast (raw) = 0.000 MW
2026-03-26 21:15:27 | INFO | --- WEATHER PARAMETERS ---
2026-03-26 21:15:27 | INFO | GTI: 0.0 W/m^2
2026-03-26 21:15:27 | INFO | DHI: 0.0 W/m^2
2026-03-26 21:15:27 | INFO | DNI: 0.0 W/m^2
2026-03-26 21:15:27 | INFO | Irradiance Ratio (GTI/MAX_GTI): 0.000
2026-03-26 21:15:27 | INFO | Diffuse Ratio (current): 0.000
2026-03-26 21:15:27 | INFO | Irradiance State: OVERCAST
2026-03-26 21:15:27 | INFO | Temp @ 2m: 32.26 C
2026-03-26 21:15:27 | INFO | Wind @ 10m: 17.67 m/s
2026-03-26 21:15:27 | INFO | Weather State: NORMAL
2026-03-26 21:15:27 | INFO | Dynamic Thresholds: cloud_thr=0.0000, shift_thr=0.0000
2026-03-26 21:15:27 | INFO | Multipliers: irradiance=0.22x, temp=0.92x, wind=0.95x
2026-03-26 21:15:27 | INFO | Weather Multiplier (combined): 0.19x
2026-03-26 21:15:27 | INFO | Abrupt Weather Change Detected: False
2026-03-26 21:15:27 | INFO | --- TREND ANALYSIS ---
2026-03-26 21:15:27 | INFO | Trend series: INSUFFICIENT DATA
2026-03-26 21:15:27 | INFO | Detected Trend Type: FLAT
2026-03-26 21:15:27 | INFO | Trend Slope Percentage: 0.00%
2026-03-26 21:15:27 | INFO | Trend EPS Threshold: 1.50%
2026-03-26 21:15:27 | INFO | --- SCHEDULE CALCULATION ---
2026-03-26 21:15:27 | INFO | Condition Applied: SUNSET_CLAMP
2026-03-26 21:15:27 | INFO | Effective Base Forecast Used for Adjustments: 0.000 MW
2026-03-26 21:15:27 | INFO | Condition-3: NOT APPLIED for this block path
2026-03-26 21:15:27 | INFO |   Final Adjustment %: 0.00%
2026-03-26 21:15:27 | INFO |   Formula (expanded): SUNSET_CLAMP: GTI=0.000 < 0.02*MAX_GTI=20.080 => raw=0
2026-03-26 21:15:27 | INFO | --- FINAL RESULT ---
2026-03-26 21:15:27 | INFO | Raw Schedule (before smoothing): 0.000 MW
2026-03-26 21:15:27 | INFO | Final Scheduled MW: 0.000 MW
2026-03-26 21:15:27 | INFO | --------------------------------------------------------------------------------
2026-03-26 21:15:27 | INFO | --------------------------------------------------------------------------------
2026-03-26 21:15:27 | INFO | BLOCK 85
2026-03-26 21:15:27 | INFO | --------------------------------------------------------------------------------
2026-03-26 21:15:27 | INFO | --- FORECAST DATA ---
2026-03-26 21:15:27 | INFO | Intraday Forecast (Enercast Raw): 0.000 MW
2026-03-26 21:15:27 | INFO | Intraday Forecast (Enercast, Scaled): 0.000 MW
2026-03-26 21:15:27 | INFO | Day-ahead Forecast (Enercast): 0.000 MW
2026-03-26 21:15:27 | INFO | Base Forecast (raw, before curtailment/shutdown): 0.000 MW
2026-03-26 21:15:27 | INFO | Base Forecast (used for schedule): 0.000 MW
2026-03-26 21:15:27 | INFO | Effective Base Forecast (after curtailment/shutdown): 0.000 MW
2026-03-26 21:15:27 | INFO | Plant Status: NORMAL
2026-03-26 21:15:27 | INFO | Effective Base Forecast = Base Forecast (raw) = 0.000 MW
2026-03-26 21:15:27 | INFO | --- WEATHER PARAMETERS ---
2026-03-26 21:15:27 | INFO | GTI: 0.0 W/m^2
2026-03-26 21:15:27 | INFO | DHI: 0.0 W/m^2
2026-03-26 21:15:27 | INFO | DNI: 0.0 W/m^2
2026-03-26 21:15:27 | INFO | Irradiance Ratio (GTI/MAX_GTI): 0.000
2026-03-26 21:15:27 | INFO | Diffuse Ratio (current): 0.000
2026-03-26 21:15:27 | INFO | Irradiance State: OVERCAST
2026-03-26 21:15:27 | INFO | Temp @ 2m: 31.91 C
2026-03-26 21:15:27 | INFO | Wind @ 10m: 18.29 m/s
2026-03-26 21:15:27 | INFO | Weather State: NORMAL
2026-03-26 21:15:27 | INFO | Dynamic Thresholds: cloud_thr=0.0000, shift_thr=0.0000
2026-03-26 21:15:27 | INFO | Multipliers: irradiance=0.22x, temp=0.92x, wind=0.95x
2026-03-26 21:15:27 | INFO | Weather Multiplier (combined): 0.19x
2026-03-26 21:15:27 | INFO | Abrupt Weather Change Detected: False
2026-03-26 21:15:27 | INFO | --- TREND ANALYSIS ---
2026-03-26 21:15:27 | INFO | Trend series: INSUFFICIENT DATA
2026-03-26 21:15:27 | INFO | Detected Trend Type: FLAT
2026-03-26 21:15:27 | INFO | Trend Slope Percentage: 0.00%
2026-03-26 21:15:27 | INFO | Trend EPS Threshold: 1.50%
2026-03-26 21:15:27 | INFO | --- SCHEDULE CALCULATION ---
2026-03-26 21:15:27 | INFO | Condition Applied: SUNSET_CLAMP
2026-03-26 21:15:27 | INFO | Effective Base Forecast Used for Adjustments: 0.000 MW
2026-03-26 21:15:27 | INFO | Condition-3: NOT APPLIED for this block path
2026-03-26 21:15:27 | INFO |   Final Adjustment %: 0.00%
2026-03-26 21:15:27 | INFO |   Formula (expanded): SUNSET_CLAMP: GTI=0.000 < 0.02*MAX_GTI=20.080 => raw=0
2026-03-26 21:15:27 | INFO | --- FINAL RESULT ---
2026-03-26 21:15:27 | INFO | Raw Schedule (before smoothing): 0.000 MW
2026-03-26 21:15:27 | INFO | Final Scheduled MW: 0.000 MW
2026-03-26 21:15:27 | INFO | --------------------------------------------------------------------------------
2026-03-26 21:15:27 | INFO | --------------------------------------------------------------------------------
2026-03-26 21:15:27 | INFO | BLOCK 86
2026-03-26 21:15:27 | INFO | --------------------------------------------------------------------------------
2026-03-26 21:15:27 | INFO | --- FORECAST DATA ---
2026-03-26 21:15:27 | INFO | Intraday Forecast (Enercast Raw): 0.000 MW
2026-03-26 21:15:27 | INFO | Intraday Forecast (Enercast, Scaled): 0.000 MW
2026-03-26 21:15:27 | INFO | Day-ahead Forecast (Enercast): 0.000 MW
2026-03-26 21:15:27 | INFO | Base Forecast (raw, before curtailment/shutdown): 0.000 MW
2026-03-26 21:15:27 | INFO | Base Forecast (used for schedule): 0.000 MW
2026-03-26 21:15:27 | INFO | Effective Base Forecast (after curtailment/shutdown): 0.000 MW
2026-03-26 21:15:27 | INFO | Plant Status: NORMAL
2026-03-26 21:15:27 | INFO | Effective Base Forecast = Base Forecast (raw) = 0.000 MW
2026-03-26 21:15:27 | INFO | --- WEATHER PARAMETERS ---
2026-03-26 21:15:27 | INFO | GTI: 0.0 W/m^2
2026-03-26 21:15:27 | INFO | DHI: 0.0 W/m^2
2026-03-26 21:15:27 | INFO | DNI: 0.0 W/m^2
2026-03-26 21:15:27 | INFO | Irradiance Ratio (GTI/MAX_GTI): 0.000
2026-03-26 21:15:27 | INFO | Diffuse Ratio (current): 0.000
2026-03-26 21:15:27 | INFO | Irradiance State: OVERCAST
2026-03-26 21:15:27 | INFO | Temp @ 2m: 31.61 C
2026-03-26 21:15:27 | INFO | Wind @ 10m: 18.44 m/s
2026-03-26 21:15:27 | INFO | Weather State: NORMAL
2026-03-26 21:15:27 | INFO | Dynamic Thresholds: cloud_thr=0.0000, shift_thr=0.0000
2026-03-26 21:15:27 | INFO | Multipliers: irradiance=0.22x, temp=0.92x, wind=0.95x
2026-03-26 21:15:27 | INFO | Weather Multiplier (combined): 0.19x
2026-03-26 21:15:27 | INFO | Abrupt Weather Change Detected: False
2026-03-26 21:15:27 | INFO | --- TREND ANALYSIS ---
2026-03-26 21:15:27 | INFO | Trend series: INSUFFICIENT DATA
2026-03-26 21:15:27 | INFO | Detected Trend Type: FLAT
2026-03-26 21:15:27 | INFO | Trend Slope Percentage: 0.00%
2026-03-26 21:15:27 | INFO | Trend EPS Threshold: 1.50%
2026-03-26 21:15:27 | INFO | --- SCHEDULE CALCULATION ---
2026-03-26 21:15:27 | INFO | Condition Applied: SUNSET_CLAMP
2026-03-26 21:15:27 | INFO | Effective Base Forecast Used for Adjustments: 0.000 MW
2026-03-26 21:15:27 | INFO | Condition-3: NOT APPLIED for this block path
2026-03-26 21:15:27 | INFO |   Final Adjustment %: 0.00%
2026-03-26 21:15:27 | INFO |   Formula (expanded): SUNSET_CLAMP: GTI=0.000 < 0.02*MAX_GTI=20.080 => raw=0
2026-03-26 21:15:27 | INFO | --- FINAL RESULT ---
2026-03-26 21:15:27 | INFO | Raw Schedule (before smoothing): 0.000 MW
2026-03-26 21:15:27 | INFO | Final Scheduled MW: 0.000 MW
2026-03-26 21:15:27 | INFO | --------------------------------------------------------------------------------
2026-03-26 21:15:27 | INFO | --------------------------------------------------------------------------------
2026-03-26 21:15:27 | INFO | BLOCK 87
2026-03-26 21:15:27 | INFO | --------------------------------------------------------------------------------
2026-03-26 21:15:27 | INFO | --- FORECAST DATA ---
2026-03-26 21:15:27 | INFO | Intraday Forecast (Enercast Raw): 0.000 MW
2026-03-26 21:15:27 | INFO | Intraday Forecast (Enercast, Scaled): 0.000 MW
2026-03-26 21:15:27 | INFO | Day-ahead Forecast (Enercast): 0.000 MW
2026-03-26 21:15:27 | INFO | Base Forecast (raw, before curtailment/shutdown): 0.000 MW
2026-03-26 21:15:27 | INFO | Base Forecast (used for schedule): 0.000 MW
2026-03-26 21:15:27 | INFO | Effective Base Forecast (after curtailment/shutdown): 0.000 MW
2026-03-26 21:15:27 | INFO | Plant Status: NORMAL
2026-03-26 21:15:27 | INFO | Effective Base Forecast = Base Forecast (raw) = 0.000 MW
2026-03-26 21:15:27 | INFO | --- WEATHER PARAMETERS ---
2026-03-26 21:15:27 | INFO | GTI: 0.0 W/m^2
2026-03-26 21:15:27 | INFO | DHI: 0.0 W/m^2
2026-03-26 21:15:27 | INFO | DNI: 0.0 W/m^2
2026-03-26 21:15:27 | INFO | Irradiance Ratio (GTI/MAX_GTI): 0.000
2026-03-26 21:15:27 | INFO | Diffuse Ratio (current): 0.000
2026-03-26 21:15:27 | INFO | Irradiance State: OVERCAST
2026-03-26 21:15:27 | INFO | Temp @ 2m: 31.31 C
2026-03-26 21:15:27 | INFO | Wind @ 10m: 18.44 m/s
2026-03-26 21:15:27 | INFO | Weather State: NORMAL
2026-03-26 21:15:27 | INFO | Dynamic Thresholds: cloud_thr=0.0000, shift_thr=0.0000
2026-03-26 21:15:27 | INFO | Multipliers: irradiance=0.22x, temp=0.92x, wind=0.95x
2026-03-26 21:15:27 | INFO | Weather Multiplier (combined): 0.19x
2026-03-26 21:15:27 | INFO | Abrupt Weather Change Detected: False
2026-03-26 21:15:27 | INFO | --- TREND ANALYSIS ---
2026-03-26 21:15:27 | INFO | Trend series: INSUFFICIENT DATA
2026-03-26 21:15:27 | INFO | Detected Trend Type: FLAT
2026-03-26 21:15:27 | INFO | Trend Slope Percentage: 0.00%
2026-03-26 21:15:27 | INFO | Trend EPS Threshold: 1.50%
2026-03-26 21:15:27 | INFO | --- SCHEDULE CALCULATION ---
2026-03-26 21:15:27 | INFO | Condition Applied: SUNSET_CLAMP
2026-03-26 21:15:27 | INFO | Effective Base Forecast Used for Adjustments: 0.000 MW
2026-03-26 21:15:27 | INFO | Condition-3: NOT APPLIED for this block path
2026-03-26 21:15:27 | INFO |   Final Adjustment %: 0.00%
2026-03-26 21:15:27 | INFO |   Formula (expanded): SUNSET_CLAMP: GTI=0.000 < 0.02*MAX_GTI=20.080 => raw=0
2026-03-26 21:15:27 | INFO | --- FINAL RESULT ---
2026-03-26 21:15:27 | INFO | Raw Schedule (before smoothing): 0.000 MW
2026-03-26 21:15:27 | INFO | Final Scheduled MW: 0.000 MW
2026-03-26 21:15:27 | INFO | --------------------------------------------------------------------------------
2026-03-26 21:15:27 | INFO | --------------------------------------------------------------------------------
2026-03-26 21:15:27 | INFO | BLOCK 88
2026-03-26 21:15:27 | INFO | --------------------------------------------------------------------------------
2026-03-26 21:15:27 | INFO | --- FORECAST DATA ---
2026-03-26 21:15:27 | INFO | Intraday Forecast (Enercast Raw): 0.000 MW
2026-03-26 21:15:27 | INFO | Intraday Forecast (Enercast, Scaled): 0.000 MW
2026-03-26 21:15:27 | INFO | Day-ahead Forecast (Enercast): 0.000 MW
2026-03-26 21:15:27 | INFO | Base Forecast (raw, before curtailment/shutdown): 0.000 MW
2026-03-26 21:15:27 | INFO | Base Forecast (used for schedule): 0.000 MW
2026-03-26 21:15:27 | INFO | Effective Base Forecast (after curtailment/shutdown): 0.000 MW
2026-03-26 21:15:27 | INFO | Plant Status: NORMAL
2026-03-26 21:15:27 | INFO | Effective Base Forecast = Base Forecast (raw) = 0.000 MW
2026-03-26 21:15:27 | INFO | --- WEATHER PARAMETERS ---
2026-03-26 21:15:27 | INFO | GTI: 0.0 W/m^2
2026-03-26 21:15:27 | INFO | DHI: 0.0 W/m^2
2026-03-26 21:15:27 | INFO | DNI: 0.0 W/m^2
2026-03-26 21:15:27 | INFO | Irradiance Ratio (GTI/MAX_GTI): 0.000
2026-03-26 21:15:27 | INFO | Diffuse Ratio (current): 0.000
2026-03-26 21:15:27 | INFO | Irradiance State: OVERCAST
2026-03-26 21:15:27 | INFO | Temp @ 2m: 31.06 C
2026-03-26 21:15:27 | INFO | Wind @ 10m: 17.79 m/s
2026-03-26 21:15:27 | INFO | Weather State: NORMAL
2026-03-26 21:15:27 | INFO | Dynamic Thresholds: cloud_thr=0.0000, shift_thr=0.0000
2026-03-26 21:15:27 | INFO | Multipliers: irradiance=0.22x, temp=0.92x, wind=0.95x
2026-03-26 21:15:27 | INFO | Weather Multiplier (combined): 0.19x
2026-03-26 21:15:27 | INFO | Abrupt Weather Change Detected: False
2026-03-26 21:15:27 | INFO | --- TREND ANALYSIS ---
2026-03-26 21:15:27 | INFO | Trend series: INSUFFICIENT DATA
2026-03-26 21:15:27 | INFO | Detected Trend Type: FLAT
2026-03-26 21:15:27 | INFO | Trend Slope Percentage: 0.00%
2026-03-26 21:15:27 | INFO | Trend EPS Threshold: 1.50%
2026-03-26 21:15:27 | INFO | --- SCHEDULE CALCULATION ---
2026-03-26 21:15:27 | INFO | Condition Applied: SUNSET_CLAMP
2026-03-26 21:15:27 | INFO | Effective Base Forecast Used for Adjustments: 0.000 MW
2026-03-26 21:15:27 | INFO | Condition-3: NOT APPLIED for this block path
2026-03-26 21:15:27 | INFO |   Final Adjustment %: 0.00%
2026-03-26 21:15:27 | INFO |   Formula (expanded): SUNSET_CLAMP: GTI=0.000 < 0.02*MAX_GTI=20.080 => raw=0
2026-03-26 21:15:27 | INFO | --- FINAL RESULT ---
2026-03-26 21:15:27 | INFO | Raw Schedule (before smoothing): 0.000 MW
2026-03-26 21:15:27 | INFO | Final Scheduled MW: 0.000 MW
2026-03-26 21:15:27 | INFO | --------------------------------------------------------------------------------
2026-03-26 21:15:27 | INFO | --------------------------------------------------------------------------------
2026-03-26 21:15:27 | INFO | BLOCK 89
2026-03-26 21:15:27 | INFO | --------------------------------------------------------------------------------
2026-03-26 21:15:27 | INFO | --- FORECAST DATA ---
2026-03-26 21:15:27 | INFO | Intraday Forecast (Enercast Raw): 0.000 MW
2026-03-26 21:15:27 | INFO | Intraday Forecast (Enercast, Scaled): 0.000 MW
2026-03-26 21:15:27 | INFO | Day-ahead Forecast (Enercast): 0.000 MW
2026-03-26 21:15:27 | INFO | Base Forecast (raw, before curtailment/shutdown): 0.000 MW
2026-03-26 21:15:27 | INFO | Base Forecast (used for schedule): 0.000 MW
2026-03-26 21:15:27 | INFO | Effective Base Forecast (after curtailment/shutdown): 0.000 MW
2026-03-26 21:15:27 | INFO | Plant Status: NORMAL
2026-03-26 21:15:27 | INFO | Effective Base Forecast = Base Forecast (raw) = 0.000 MW
2026-03-26 21:15:27 | INFO | --- WEATHER PARAMETERS ---
2026-03-26 21:15:27 | INFO | GTI: 0.0 W/m^2
2026-03-26 21:15:27 | INFO | DHI: 0.0 W/m^2
2026-03-26 21:15:27 | INFO | DNI: 0.0 W/m^2
2026-03-26 21:15:27 | INFO | Irradiance Ratio (GTI/MAX_GTI): 0.000
2026-03-26 21:15:27 | INFO | Diffuse Ratio (current): 0.000
2026-03-26 21:15:27 | INFO | Irradiance State: OVERCAST
2026-03-26 21:15:27 | INFO | Temp @ 2m: 30.86 C
2026-03-26 21:15:27 | INFO | Wind @ 10m: 16.92 m/s
2026-03-26 21:15:27 | INFO | Weather State: NORMAL
2026-03-26 21:15:27 | INFO | Dynamic Thresholds: cloud_thr=0.0000, shift_thr=0.0000
2026-03-26 21:15:27 | INFO | Multipliers: irradiance=0.22x, temp=0.92x, wind=0.95x
2026-03-26 21:15:27 | INFO | Weather Multiplier (combined): 0.19x
2026-03-26 21:15:27 | INFO | Abrupt Weather Change Detected: False
2026-03-26 21:15:27 | INFO | --- TREND ANALYSIS ---
2026-03-26 21:15:27 | INFO | Trend series: INSUFFICIENT DATA
2026-03-26 21:15:27 | INFO | Detected Trend Type: FLAT
2026-03-26 21:15:27 | INFO | Trend Slope Percentage: 0.00%
2026-03-26 21:15:27 | INFO | Trend EPS Threshold: 1.50%
2026-03-26 21:15:27 | INFO | --- SCHEDULE CALCULATION ---
2026-03-26 21:15:27 | INFO | Condition Applied: SUNSET_CLAMP
2026-03-26 21:15:27 | INFO | Effective Base Forecast Used for Adjustments: 0.000 MW
2026-03-26 21:15:27 | INFO | Condition-3: NOT APPLIED for this block path
2026-03-26 21:15:27 | INFO |   Final Adjustment %: 0.00%
2026-03-26 21:15:27 | INFO |   Formula (expanded): SUNSET_CLAMP: GTI=0.000 < 0.02*MAX_GTI=20.080 => raw=0
2026-03-26 21:15:27 | INFO | --- FINAL RESULT ---
2026-03-26 21:15:27 | INFO | Raw Schedule (before smoothing): 0.000 MW
2026-03-26 21:15:27 | INFO | Final Scheduled MW: 0.000 MW
2026-03-26 21:15:27 | INFO | --------------------------------------------------------------------------------
2026-03-26 21:15:27 | INFO | --------------------------------------------------------------------------------
2026-03-26 21:15:27 | INFO | BLOCK 90
2026-03-26 21:15:27 | INFO | --------------------------------------------------------------------------------
2026-03-26 21:15:27 | INFO | --- FORECAST DATA ---
2026-03-26 21:15:27 | INFO | Intraday Forecast (Enercast Raw): 0.000 MW
2026-03-26 21:15:27 | INFO | Intraday Forecast (Enercast, Scaled): 0.000 MW
2026-03-26 21:15:27 | INFO | Day-ahead Forecast (Enercast): 0.000 MW
2026-03-26 21:15:27 | INFO | Base Forecast (raw, before curtailment/shutdown): 0.000 MW
2026-03-26 21:15:27 | INFO | Base Forecast (used for schedule): 0.000 MW
2026-03-26 21:15:27 | INFO | Effective Base Forecast (after curtailment/shutdown): 0.000 MW
2026-03-26 21:15:27 | INFO | Plant Status: NORMAL
2026-03-26 21:15:27 | INFO | Effective Base Forecast = Base Forecast (raw) = 0.000 MW
2026-03-26 21:15:27 | INFO | --- WEATHER PARAMETERS ---
2026-03-26 21:15:27 | INFO | GTI: 0.0 W/m^2
2026-03-26 21:15:27 | INFO | DHI: 0.0 W/m^2
2026-03-26 21:15:27 | INFO | DNI: 0.0 W/m^2
2026-03-26 21:15:27 | INFO | Irradiance Ratio (GTI/MAX_GTI): 0.000
2026-03-26 21:15:27 | INFO | Diffuse Ratio (current): 0.000
2026-03-26 21:15:27 | INFO | Irradiance State: OVERCAST
2026-03-26 21:15:27 | INFO | Temp @ 2m: 30.66 C
2026-03-26 21:15:27 | INFO | Wind @ 10m: 16.45 m/s
2026-03-26 21:15:27 | INFO | Weather State: NORMAL
2026-03-26 21:15:27 | INFO | Dynamic Thresholds: cloud_thr=0.0000, shift_thr=0.0000
2026-03-26 21:15:27 | INFO | Multipliers: irradiance=0.22x, temp=0.92x, wind=0.95x
2026-03-26 21:15:27 | INFO | Weather Multiplier (combined): 0.19x
2026-03-26 21:15:27 | INFO | Abrupt Weather Change Detected: False
2026-03-26 21:15:27 | INFO | --- TREND ANALYSIS ---
2026-03-26 21:15:27 | INFO | Trend series: INSUFFICIENT DATA
2026-03-26 21:15:27 | INFO | Detected Trend Type: FLAT
2026-03-26 21:15:27 | INFO | Trend Slope Percentage: 0.00%
2026-03-26 21:15:27 | INFO | Trend EPS Threshold: 1.50%
2026-03-26 21:15:27 | INFO | --- SCHEDULE CALCULATION ---
2026-03-26 21:15:27 | INFO | Condition Applied: SUNSET_CLAMP
2026-03-26 21:15:27 | INFO | Effective Base Forecast Used for Adjustments: 0.000 MW
2026-03-26 21:15:27 | INFO | Condition-3: NOT APPLIED for this block path
2026-03-26 21:15:27 | INFO |   Final Adjustment %: 0.00%
2026-03-26 21:15:27 | INFO |   Formula (expanded): SUNSET_CLAMP: GTI=0.000 < 0.02*MAX_GTI=20.080 => raw=0
2026-03-26 21:15:27 | INFO | --- FINAL RESULT ---
2026-03-26 21:15:27 | INFO | Raw Schedule (before smoothing): 0.000 MW
2026-03-26 21:15:27 | INFO | Final Scheduled MW: 0.000 MW
2026-03-26 21:15:27 | INFO | --------------------------------------------------------------------------------
2026-03-26 21:15:27 | INFO | --------------------------------------------------------------------------------
2026-03-26 21:15:27 | INFO | BLOCK 91
2026-03-26 21:15:27 | INFO | --------------------------------------------------------------------------------
2026-03-26 21:15:27 | INFO | --- FORECAST DATA ---
2026-03-26 21:15:27 | INFO | Intraday Forecast (Enercast Raw): 0.000 MW
2026-03-26 21:15:27 | INFO | Intraday Forecast (Enercast, Scaled): 0.000 MW
2026-03-26 21:15:27 | INFO | Day-ahead Forecast (Enercast): 0.000 MW
2026-03-26 21:15:27 | INFO | Base Forecast (raw, before curtailment/shutdown): 0.000 MW
2026-03-26 21:15:27 | INFO | Base Forecast (used for schedule): 0.000 MW
2026-03-26 21:15:27 | INFO | Effective Base Forecast (after curtailment/shutdown): 0.000 MW
2026-03-26 21:15:27 | INFO | Plant Status: NORMAL
2026-03-26 21:15:27 | INFO | Effective Base Forecast = Base Forecast (raw) = 0.000 MW
2026-03-26 21:15:27 | INFO | --- WEATHER PARAMETERS ---
2026-03-26 21:15:27 | INFO | GTI: 0.0 W/m^2
2026-03-26 21:15:27 | INFO | DHI: 0.0 W/m^2
2026-03-26 21:15:27 | INFO | DNI: 0.0 W/m^2
2026-03-26 21:15:27 | INFO | Irradiance Ratio (GTI/MAX_GTI): 0.000
2026-03-26 21:15:27 | INFO | Diffuse Ratio (current): 0.000
2026-03-26 21:15:27 | INFO | Irradiance State: OVERCAST
2026-03-26 21:15:27 | INFO | Temp @ 2m: 30.51 C
2026-03-26 21:15:27 | INFO | Wind @ 10m: 15.60 m/s
2026-03-26 21:15:27 | INFO | Weather State: NORMAL
2026-03-26 21:15:27 | INFO | Dynamic Thresholds: cloud_thr=0.0000, shift_thr=0.0000
2026-03-26 21:15:27 | INFO | Multipliers: irradiance=0.22x, temp=0.92x, wind=0.95x
2026-03-26 21:15:27 | INFO | Weather Multiplier (combined): 0.19x
2026-03-26 21:15:27 | INFO | Abrupt Weather Change Detected: False
2026-03-26 21:15:27 | INFO | --- TREND ANALYSIS ---
2026-03-26 21:15:27 | INFO | Trend series: INSUFFICIENT DATA
2026-03-26 21:15:27 | INFO | Detected Trend Type: FLAT
2026-03-26 21:15:27 | INFO | Trend Slope Percentage: 0.00%
2026-03-26 21:15:27 | INFO | Trend EPS Threshold: 1.50%
2026-03-26 21:15:27 | INFO | --- SCHEDULE CALCULATION ---
2026-03-26 21:15:27 | INFO | Condition Applied: SUNSET_CLAMP
2026-03-26 21:15:27 | INFO | Effective Base Forecast Used for Adjustments: 0.000 MW
2026-03-26 21:15:27 | INFO | Condition-3: NOT APPLIED for this block path
2026-03-26 21:15:27 | INFO |   Final Adjustment %: 0.00%
2026-03-26 21:15:27 | INFO |   Formula (expanded): SUNSET_CLAMP: GTI=0.000 < 0.02*MAX_GTI=20.080 => raw=0
2026-03-26 21:15:27 | INFO | --- FINAL RESULT ---
2026-03-26 21:15:27 | INFO | Raw Schedule (before smoothing): 0.000 MW
2026-03-26 21:15:27 | INFO | Final Scheduled MW: 0.000 MW
2026-03-26 21:15:27 | INFO | --------------------------------------------------------------------------------
2026-03-26 21:15:27 | INFO | --------------------------------------------------------------------------------
2026-03-26 21:15:27 | INFO | BLOCK 92
2026-03-26 21:15:27 | INFO | --------------------------------------------------------------------------------
2026-03-26 21:15:27 | INFO | --- FORECAST DATA ---
2026-03-26 21:15:27 | INFO | Intraday Forecast (Enercast Raw): 0.000 MW
2026-03-26 21:15:27 | INFO | Intraday Forecast (Enercast, Scaled): 0.000 MW
2026-03-26 21:15:27 | INFO | Day-ahead Forecast (Enercast): 0.000 MW
2026-03-26 21:15:27 | INFO | Base Forecast (raw, before curtailment/shutdown): 0.000 MW
2026-03-26 21:15:27 | INFO | Base Forecast (used for schedule): 0.000 MW
2026-03-26 21:15:27 | INFO | Effective Base Forecast (after curtailment/shutdown): 0.000 MW
2026-03-26 21:15:27 | INFO | Plant Status: NORMAL
2026-03-26 21:15:27 | INFO | Effective Base Forecast = Base Forecast (raw) = 0.000 MW
2026-03-26 21:15:27 | INFO | --- WEATHER PARAMETERS ---
2026-03-26 21:15:27 | INFO | GTI: 0.0 W/m^2
2026-03-26 21:15:27 | INFO | DHI: 0.0 W/m^2
2026-03-26 21:15:27 | INFO | DNI: 0.0 W/m^2
2026-03-26 21:15:27 | INFO | Irradiance Ratio (GTI/MAX_GTI): 0.000
2026-03-26 21:15:27 | INFO | Diffuse Ratio (current): 0.000
2026-03-26 21:15:27 | INFO | Irradiance State: OVERCAST
2026-03-26 21:15:27 | INFO | Temp @ 2m: 30.41 C
2026-03-26 21:15:27 | INFO | Wind @ 10m: 14.92 m/s
2026-03-26 21:15:27 | INFO | Weather State: NORMAL
2026-03-26 21:15:27 | INFO | Dynamic Thresholds: cloud_thr=0.0000, shift_thr=0.0000
2026-03-26 21:15:27 | INFO | Multipliers: irradiance=0.22x, temp=0.92x, wind=0.95x
2026-03-26 21:15:27 | INFO | Weather Multiplier (combined): 0.19x
2026-03-26 21:15:27 | INFO | Abrupt Weather Change Detected: False
2026-03-26 21:15:27 | INFO | --- TREND ANALYSIS ---
2026-03-26 21:15:27 | INFO | Trend series: INSUFFICIENT DATA
2026-03-26 21:15:27 | INFO | Detected Trend Type: FLAT
2026-03-26 21:15:27 | INFO | Trend Slope Percentage: 0.00%
2026-03-26 21:15:27 | INFO | Trend EPS Threshold: 1.50%
2026-03-26 21:15:27 | INFO | --- SCHEDULE CALCULATION ---
2026-03-26 21:15:27 | INFO | Condition Applied: SUNSET_CLAMP
2026-03-26 21:15:27 | INFO | Effective Base Forecast Used for Adjustments: 0.000 MW
2026-03-26 21:15:27 | INFO | Condition-3: NOT APPLIED for this block path
2026-03-26 21:15:27 | INFO |   Final Adjustment %: 0.00%
2026-03-26 21:15:27 | INFO |   Formula (expanded): SUNSET_CLAMP: GTI=0.000 < 0.02*MAX_GTI=20.080 => raw=0
2026-03-26 21:15:27 | INFO | --- FINAL RESULT ---
2026-03-26 21:15:27 | INFO | Raw Schedule (before smoothing): 0.000 MW
2026-03-26 21:15:27 | INFO | Final Scheduled MW: 0.000 MW
2026-03-26 21:15:27 | INFO | --------------------------------------------------------------------------------
2026-03-26 21:15:27 | INFO | --------------------------------------------------------------------------------
2026-03-26 21:15:27 | INFO | BLOCK 93
2026-03-26 21:15:27 | INFO | --------------------------------------------------------------------------------
2026-03-26 21:15:27 | INFO | --- FORECAST DATA ---
2026-03-26 21:15:27 | INFO | Intraday Forecast (Enercast Raw): 0.000 MW
2026-03-26 21:15:27 | INFO | Intraday Forecast (Enercast, Scaled): 0.000 MW
2026-03-26 21:15:27 | INFO | Day-ahead Forecast (Enercast): 0.000 MW
2026-03-26 21:15:27 | INFO | Base Forecast (raw, before curtailment/shutdown): 0.000 MW
2026-03-26 21:15:27 | INFO | Base Forecast (used for schedule): 0.000 MW
2026-03-26 21:15:27 | INFO | Effective Base Forecast (after curtailment/shutdown): 0.000 MW
2026-03-26 21:15:27 | INFO | Plant Status: NORMAL
2026-03-26 21:15:27 | INFO | Effective Base Forecast = Base Forecast (raw) = 0.000 MW
2026-03-26 21:15:27 | INFO | --- WEATHER PARAMETERS ---
2026-03-26 21:15:27 | INFO | GTI: 0.0 W/m^2
2026-03-26 21:15:27 | INFO | DHI: 0.0 W/m^2
2026-03-26 21:15:27 | INFO | DNI: 0.0 W/m^2
2026-03-26 21:15:27 | INFO | Irradiance Ratio (GTI/MAX_GTI): 0.000
2026-03-26 21:15:27 | INFO | Diffuse Ratio (current): 0.000
2026-03-26 21:15:27 | INFO | Irradiance State: OVERCAST
2026-03-26 21:15:27 | INFO | Temp @ 2m: 30.36 C
2026-03-26 21:15:27 | INFO | Wind @ 10m: 14.04 m/s
2026-03-26 21:15:27 | INFO | Weather State: NORMAL
2026-03-26 21:15:27 | INFO | Dynamic Thresholds: cloud_thr=0.0000, shift_thr=0.0000
2026-03-26 21:15:27 | INFO | Multipliers: irradiance=0.22x, temp=0.92x, wind=0.95x
2026-03-26 21:15:27 | INFO | Weather Multiplier (combined): 0.19x
2026-03-26 21:15:27 | INFO | Abrupt Weather Change Detected: False
2026-03-26 21:15:27 | INFO | --- TREND ANALYSIS ---
2026-03-26 21:15:27 | INFO | Trend series: INSUFFICIENT DATA
2026-03-26 21:15:27 | INFO | Detected Trend Type: FLAT
2026-03-26 21:15:27 | INFO | Trend Slope Percentage: 0.00%
2026-03-26 21:15:27 | INFO | Trend EPS Threshold: 1.50%
2026-03-26 21:15:27 | INFO | --- SCHEDULE CALCULATION ---
2026-03-26 21:15:27 | INFO | Condition Applied: SUNSET_CLAMP
2026-03-26 21:15:27 | INFO | Effective Base Forecast Used for Adjustments: 0.000 MW
2026-03-26 21:15:27 | INFO | Condition-3: NOT APPLIED for this block path
2026-03-26 21:15:27 | INFO |   Final Adjustment %: 0.00%
2026-03-26 21:15:27 | INFO |   Formula (expanded): SUNSET_CLAMP: GTI=0.000 < 0.02*MAX_GTI=20.080 => raw=0
2026-03-26 21:15:27 | INFO | --- FINAL RESULT ---
2026-03-26 21:15:27 | INFO | Raw Schedule (before smoothing): 0.000 MW
2026-03-26 21:15:27 | INFO | Final Scheduled MW: 0.000 MW
2026-03-26 21:15:27 | INFO | --------------------------------------------------------------------------------
2026-03-26 21:15:27 | INFO | --------------------------------------------------------------------------------
2026-03-26 21:15:27 | INFO | BLOCK 94
2026-03-26 21:15:27 | INFO | --------------------------------------------------------------------------------
2026-03-26 21:15:27 | INFO | --- FORECAST DATA ---
2026-03-26 21:15:27 | INFO | Intraday Forecast (Enercast Raw): 0.000 MW
2026-03-26 21:15:27 | INFO | Intraday Forecast (Enercast, Scaled): 0.000 MW
2026-03-26 21:15:27 | INFO | Day-ahead Forecast (Enercast): 0.000 MW
2026-03-26 21:15:27 | INFO | Base Forecast (raw, before curtailment/shutdown): 0.000 MW
2026-03-26 21:15:27 | INFO | Base Forecast (used for schedule): 0.000 MW
2026-03-26 21:15:27 | INFO | Effective Base Forecast (after curtailment/shutdown): 0.000 MW
2026-03-26 21:15:27 | INFO | Plant Status: NORMAL
2026-03-26 21:15:27 | INFO | Effective Base Forecast = Base Forecast (raw) = 0.000 MW
2026-03-26 21:15:27 | INFO | --- WEATHER PARAMETERS ---
2026-03-26 21:15:27 | INFO | GTI: 0.0 W/m^2
2026-03-26 21:15:27 | INFO | DHI: 0.0 W/m^2
2026-03-26 21:15:27 | INFO | DNI: 0.0 W/m^2
2026-03-26 21:15:27 | INFO | Irradiance Ratio (GTI/MAX_GTI): 0.000
2026-03-26 21:15:27 | INFO | Diffuse Ratio (current): 0.000
2026-03-26 21:15:27 | INFO | Irradiance State: OVERCAST
2026-03-26 21:15:27 | INFO | Temp @ 2m: 30.31 C
2026-03-26 21:15:27 | INFO | Wind @ 10m: 13.36 m/s
2026-03-26 21:15:27 | INFO | Weather State: NORMAL
2026-03-26 21:15:27 | INFO | Dynamic Thresholds: cloud_thr=0.0000, shift_thr=0.0000
2026-03-26 21:15:27 | INFO | Multipliers: irradiance=0.22x, temp=0.92x, wind=0.95x
2026-03-26 21:15:27 | INFO | Weather Multiplier (combined): 0.19x
2026-03-26 21:15:27 | INFO | Abrupt Weather Change Detected: False
2026-03-26 21:15:27 | INFO | --- TREND ANALYSIS ---
2026-03-26 21:15:27 | INFO | Trend series: INSUFFICIENT DATA
2026-03-26 21:15:27 | INFO | Detected Trend Type: FLAT
2026-03-26 21:15:27 | INFO | Trend Slope Percentage: 0.00%
2026-03-26 21:15:27 | INFO | Trend EPS Threshold: 1.50%
2026-03-26 21:15:27 | INFO | --- SCHEDULE CALCULATION ---
2026-03-26 21:15:27 | INFO | Condition Applied: SUNSET_CLAMP
2026-03-26 21:15:27 | INFO | Effective Base Forecast Used for Adjustments: 0.000 MW
2026-03-26 21:15:27 | INFO | Condition-3: NOT APPLIED for this block path
2026-03-26 21:15:27 | INFO |   Final Adjustment %: 0.00%
2026-03-26 21:15:27 | INFO |   Formula (expanded): SUNSET_CLAMP: GTI=0.000 < 0.02*MAX_GTI=20.080 => raw=0
2026-03-26 21:15:27 | INFO | --- FINAL RESULT ---
2026-03-26 21:15:27 | INFO | Raw Schedule (before smoothing): 0.000 MW
2026-03-26 21:15:27 | INFO | Final Scheduled MW: 0.000 MW
2026-03-26 21:15:27 | INFO | --------------------------------------------------------------------------------
2026-03-26 21:15:27 | INFO | --------------------------------------------------------------------------------
2026-03-26 21:15:27 | INFO | BLOCK 95
2026-03-26 21:15:27 | INFO | --------------------------------------------------------------------------------
2026-03-26 21:15:27 | INFO | --- FORECAST DATA ---
2026-03-26 21:15:27 | INFO | Intraday Forecast (Enercast Raw): 0.000 MW
2026-03-26 21:15:27 | INFO | Intraday Forecast (Enercast, Scaled): 0.000 MW
2026-03-26 21:15:27 | INFO | Day-ahead Forecast (Enercast): 0.000 MW
2026-03-26 21:15:27 | INFO | Base Forecast (raw, before curtailment/shutdown): 0.000 MW
2026-03-26 21:15:27 | INFO | Base Forecast (used for schedule): 0.000 MW
2026-03-26 21:15:27 | INFO | Effective Base Forecast (after curtailment/shutdown): 0.000 MW
2026-03-26 21:15:27 | INFO | Plant Status: NORMAL
2026-03-26 21:15:27 | INFO | Effective Base Forecast = Base Forecast (raw) = 0.000 MW
2026-03-26 21:15:27 | INFO | --- WEATHER PARAMETERS ---
2026-03-26 21:15:27 | INFO | GTI: 0.0 W/m^2
2026-03-26 21:15:27 | INFO | DHI: 0.0 W/m^2
2026-03-26 21:15:27 | INFO | DNI: 0.0 W/m^2
2026-03-26 21:15:27 | INFO | Irradiance Ratio (GTI/MAX_GTI): 0.000
2026-03-26 21:15:27 | INFO | Diffuse Ratio (current): 0.000
2026-03-26 21:15:27 | INFO | Irradiance State: OVERCAST
2026-03-26 21:15:27 | INFO | Temp @ 2m: 30.21 C
2026-03-26 21:15:27 | INFO | Wind @ 10m: 12.90 m/s
2026-03-26 21:15:27 | INFO | Weather State: NORMAL
2026-03-26 21:15:27 | INFO | Dynamic Thresholds: cloud_thr=0.0000, shift_thr=0.0000
2026-03-26 21:15:27 | INFO | Multipliers: irradiance=0.22x, temp=0.92x, wind=0.95x
2026-03-26 21:15:27 | INFO | Weather Multiplier (combined): 0.19x
2026-03-26 21:15:27 | INFO | Abrupt Weather Change Detected: False
2026-03-26 21:15:27 | INFO | --- TREND ANALYSIS ---
2026-03-26 21:15:27 | INFO | Trend series: INSUFFICIENT DATA
2026-03-26 21:15:27 | INFO | Detected Trend Type: FLAT
2026-03-26 21:15:27 | INFO | Trend Slope Percentage: 0.00%
2026-03-26 21:15:27 | INFO | Trend EPS Threshold: 1.50%
2026-03-26 21:15:27 | INFO | --- SCHEDULE CALCULATION ---
2026-03-26 21:15:27 | INFO | Condition Applied: SUNSET_CLAMP
2026-03-26 21:15:27 | INFO | Effective Base Forecast Used for Adjustments: 0.000 MW
2026-03-26 21:15:27 | INFO | Condition-3: NOT APPLIED for this block path
2026-03-26 21:15:27 | INFO |   Final Adjustment %: 0.00%
2026-03-26 21:15:27 | INFO |   Formula (expanded): SUNSET_CLAMP: GTI=0.000 < 0.02*MAX_GTI=20.080 => raw=0
2026-03-26 21:15:27 | INFO | --- FINAL RESULT ---
2026-03-26 21:15:27 | INFO | Raw Schedule (before smoothing): 0.000 MW
2026-03-26 21:15:27 | INFO | Final Scheduled MW: 0.000 MW
2026-03-26 21:15:27 | INFO | --------------------------------------------------------------------------------
2026-03-26 21:15:27 | INFO | --------------------------------------------------------------------------------
2026-03-26 21:15:27 | INFO | BLOCK 96
2026-03-26 21:15:27 | INFO | --------------------------------------------------------------------------------
2026-03-26 21:15:27 | INFO | --- FORECAST DATA ---
2026-03-26 21:15:27 | INFO | Intraday Forecast (Enercast Raw): 0.000 MW
2026-03-26 21:15:27 | INFO | Intraday Forecast (Enercast, Scaled): 0.000 MW
2026-03-26 21:15:27 | INFO | Day-ahead Forecast (Enercast): 0.000 MW
2026-03-26 21:15:27 | INFO | Base Forecast (raw, before curtailment/shutdown): 0.000 MW
2026-03-26 21:15:27 | INFO | Base Forecast (used for schedule): 0.000 MW
2026-03-26 21:15:27 | INFO | Effective Base Forecast (after curtailment/shutdown): 0.000 MW
2026-03-26 21:15:27 | INFO | Plant Status: NORMAL
2026-03-26 21:15:27 | INFO | Effective Base Forecast = Base Forecast (raw) = 0.000 MW
2026-03-26 21:15:27 | INFO | --- WEATHER PARAMETERS ---
2026-03-26 21:15:27 | INFO | GTI: 0.0 W/m^2
2026-03-26 21:15:27 | INFO | DHI: 0.0 W/m^2
2026-03-26 21:15:27 | INFO | DNI: 0.0 W/m^2
2026-03-26 21:15:27 | INFO | Irradiance Ratio (GTI/MAX_GTI): 0.000
2026-03-26 21:15:27 | INFO | Diffuse Ratio (current): 0.000
2026-03-26 21:15:27 | INFO | Irradiance State: OVERCAST
2026-03-26 21:15:27 | INFO | Temp @ 2m: 30.01 C
2026-03-26 21:15:27 | INFO | Wind @ 10m: 12.59 m/s
2026-03-26 21:15:27 | INFO | Weather State: NORMAL
2026-03-26 21:15:27 | INFO | Dynamic Thresholds: cloud_thr=0.0000, shift_thr=0.0000
2026-03-26 21:15:27 | INFO | Multipliers: irradiance=0.22x, temp=0.92x, wind=0.95x
2026-03-26 21:15:27 | INFO | Weather Multiplier (combined): 0.19x
2026-03-26 21:15:27 | INFO | Abrupt Weather Change Detected: False
2026-03-26 21:15:27 | INFO | --- TREND ANALYSIS ---
2026-03-26 21:15:27 | INFO | Trend series: INSUFFICIENT DATA
2026-03-26 21:15:27 | INFO | Detected Trend Type: FLAT
2026-03-26 21:15:27 | INFO | Trend Slope Percentage: 0.00%
2026-03-26 21:15:27 | INFO | Trend EPS Threshold: 1.50%
2026-03-26 21:15:27 | INFO | --- SCHEDULE CALCULATION ---
2026-03-26 21:15:27 | INFO | Condition Applied: SUNSET_CLAMP
2026-03-26 21:15:27 | INFO | Effective Base Forecast Used for Adjustments: 0.000 MW
2026-03-26 21:15:27 | INFO | Condition-3: NOT APPLIED for this block path
2026-03-26 21:15:27 | INFO |   Final Adjustment %: 0.00%
2026-03-26 21:15:27 | INFO |   Formula (expanded): SUNSET_CLAMP: GTI=0.000 < 0.02*MAX_GTI=20.080 => raw=0
2026-03-26 21:15:27 | INFO | --- FINAL RESULT ---
2026-03-26 21:15:27 | INFO | Raw Schedule (before smoothing): 0.000 MW
2026-03-26 21:15:27 | INFO | Final Scheduled MW: 0.000 MW
2026-03-26 21:15:27 | INFO | --------------------------------------------------------------------------------
