2026-03-13 08:05:07 | INFO | ================================================================================
2026-03-13 08:05:07 | INFO | SCHEDULE FILE: schedule_from_33.csv
2026-03-13 08:05:07 | INFO | DATE: 2026-03-13
2026-03-13 08:05:07 | INFO | ENGINE BLOCK (Start Block): 33
2026-03-13 08:05:07 | INFO | DYNAMIC START BLOCK: 29
2026-03-13 08:05:07 | INFO | SCHEDULE REASON: abrupt_weather
2026-03-13 08:05:07 | INFO | Generated: 2026-03-13 08:05:07
2026-03-13 08:05:07 | INFO | ================================================================================
2026-03-13 08:05:07 | INFO | BLOCK-WISE WEATHER STATE OVERVIEW
2026-03-13 08:05:07 | INFO | Block | Weather State
2026-03-13 08:05:07 | INFO | 33    | ABRUPT
2026-03-13 08:05:07 | INFO | 34    | ABRUPT
2026-03-13 08:05:07 | INFO | 35    | NORMAL
2026-03-13 08:05:07 | INFO | 36    | NORMAL
2026-03-13 08:05:07 | INFO | 37    | NORMAL
2026-03-13 08:05:07 | INFO | 38    | NORMAL
2026-03-13 08:05:07 | INFO | 39    | NORMAL
2026-03-13 08:05:07 | INFO | 40    | NORMAL
2026-03-13 08:05:07 | INFO | 41    | NORMAL
2026-03-13 08:05:07 | INFO | 42    | NORMAL
2026-03-13 08:05:07 | INFO | 43    | NORMAL
2026-03-13 08:05:07 | INFO | 44    | NORMAL
2026-03-13 08:05:07 | INFO | 45    | NORMAL
2026-03-13 08:05:07 | INFO | 46    | NORMAL
2026-03-13 08:05:07 | INFO | 47    | NORMAL
2026-03-13 08:05:07 | INFO | 48    | NORMAL
2026-03-13 08:05:07 | INFO | 49    | NORMAL
2026-03-13 08:05:07 | INFO | 50    | NORMAL
2026-03-13 08:05:07 | INFO | 51    | NORMAL
2026-03-13 08:05:07 | INFO | 52    | NORMAL
2026-03-13 08:05:07 | INFO | 53    | NORMAL
2026-03-13 08:05:07 | INFO | 54    | NORMAL
2026-03-13 08:05:07 | INFO | 55    | NORMAL
2026-03-13 08:05:07 | INFO | 56    | NORMAL
2026-03-13 08:05:07 | INFO | 57    | NORMAL
2026-03-13 08:05:07 | INFO | 58    | NORMAL
2026-03-13 08:05:07 | INFO | 59    | NORMAL
2026-03-13 08:05:07 | INFO | 60    | NORMAL
2026-03-13 08:05:07 | INFO | 61    | NORMAL
2026-03-13 08:05:07 | INFO | 62    | NORMAL
2026-03-13 08:05:07 | INFO | 63    | NORMAL
2026-03-13 08:05:07 | INFO | 64    | NORMAL
2026-03-13 08:05:07 | INFO | 65    | NORMAL
2026-03-13 08:05:07 | INFO | 66    | NORMAL
2026-03-13 08:05:07 | INFO | 67    | NORMAL
2026-03-13 08:05:07 | INFO | 68    | NORMAL
2026-03-13 08:05:07 | INFO | 69    | NORMAL
2026-03-13 08:05:07 | INFO | 70    | NORMAL
2026-03-13 08:05:07 | INFO | 71    | NORMAL
2026-03-13 08:05:07 | INFO | 72    | NORMAL
2026-03-13 08:05:07 | INFO | 73    | NORMAL
2026-03-13 08:05:07 | INFO | 74    | NORMAL
2026-03-13 08:05:07 | INFO | 75    | NORMAL
2026-03-13 08:05:07 | INFO | 76    | NORMAL
2026-03-13 08:05:07 | INFO | 77    | NORMAL
2026-03-13 08:05:07 | INFO | 78    | NORMAL
2026-03-13 08:05:07 | INFO | 79    | NORMAL
2026-03-13 08:05:07 | INFO | 80    | NORMAL
2026-03-13 08:05:07 | INFO | 81    | NORMAL
2026-03-13 08:05:07 | INFO | 82    | NORMAL
2026-03-13 08:05:07 | INFO | 83    | NORMAL
2026-03-13 08:05:07 | INFO | 84    | NORMAL
2026-03-13 08:05:07 | INFO | 85    | NORMAL
2026-03-13 08:05:07 | INFO | 86    | NORMAL
2026-03-13 08:05:07 | INFO | 87    | NORMAL
2026-03-13 08:05:07 | INFO | 88    | NORMAL
2026-03-13 08:05:07 | INFO | 89    | NORMAL
2026-03-13 08:05:07 | INFO | 90    | NORMAL
2026-03-13 08:05:07 | INFO | 91    | NORMAL
2026-03-13 08:05:07 | INFO | 92    | NORMAL
2026-03-13 08:05:07 | INFO | 93    | NORMAL
2026-03-13 08:05:07 | INFO | 94    | NORMAL
2026-03-13 08:05:07 | INFO | 95    | NORMAL
2026-03-13 08:05:07 | INFO | 96    | NORMAL
2026-03-13 08:05:07 | INFO | --------------------------------------------------------------------------------
2026-03-13 08:05:07 | INFO | ITERATION FORECAST CONTEXT | reason=abrupt_weather | intraday_T=4.3600
2026-03-13 08:05:07 | INFO | --------------------------------------------------------------------------------
2026-03-13 08:05:07 | INFO | BLOCK 01
2026-03-13 08:05:07 | INFO | --------------------------------------------------------------------------------
2026-03-13 08:05:07 | INFO | STATUS: FROZEN (Value from previous schedule)
2026-03-13 08:05:07 | INFO | FROZEN ALGO SCHEDULE: 0.000 MW
2026-03-13 08:05:07 | INFO | --------------------------------------------------------------------------------
2026-03-13 08:05:07 | INFO | --------------------------------------------------------------------------------
2026-03-13 08:05:07 | INFO | BLOCK 02
2026-03-13 08:05:07 | INFO | --------------------------------------------------------------------------------
2026-03-13 08:05:07 | INFO | STATUS: FROZEN (Value from previous schedule)
2026-03-13 08:05:07 | INFO | FROZEN ALGO SCHEDULE: 0.000 MW
2026-03-13 08:05:07 | INFO | --------------------------------------------------------------------------------
2026-03-13 08:05:07 | INFO | --------------------------------------------------------------------------------
2026-03-13 08:05:07 | INFO | BLOCK 03
2026-03-13 08:05:07 | INFO | --------------------------------------------------------------------------------
2026-03-13 08:05:07 | INFO | STATUS: FROZEN (Value from previous schedule)
2026-03-13 08:05:07 | INFO | FROZEN ALGO SCHEDULE: 0.000 MW
2026-03-13 08:05:07 | INFO | --------------------------------------------------------------------------------
2026-03-13 08:05:07 | INFO | --------------------------------------------------------------------------------
2026-03-13 08:05:07 | INFO | BLOCK 04
2026-03-13 08:05:07 | INFO | --------------------------------------------------------------------------------
2026-03-13 08:05:07 | INFO | STATUS: FROZEN (Value from previous schedule)
2026-03-13 08:05:07 | INFO | FROZEN ALGO SCHEDULE: 0.000 MW
2026-03-13 08:05:07 | INFO | --------------------------------------------------------------------------------
2026-03-13 08:05:07 | INFO | --------------------------------------------------------------------------------
2026-03-13 08:05:07 | INFO | BLOCK 05
2026-03-13 08:05:07 | INFO | --------------------------------------------------------------------------------
2026-03-13 08:05:07 | INFO | STATUS: FROZEN (Value from previous schedule)
2026-03-13 08:05:07 | INFO | FROZEN ALGO SCHEDULE: 0.000 MW
2026-03-13 08:05:07 | INFO | --------------------------------------------------------------------------------
2026-03-13 08:05:07 | INFO | --------------------------------------------------------------------------------
2026-03-13 08:05:07 | INFO | BLOCK 06
2026-03-13 08:05:07 | INFO | --------------------------------------------------------------------------------
2026-03-13 08:05:07 | INFO | STATUS: FROZEN (Value from previous schedule)
2026-03-13 08:05:07 | INFO | FROZEN ALGO SCHEDULE: 0.000 MW
2026-03-13 08:05:07 | INFO | --------------------------------------------------------------------------------
2026-03-13 08:05:07 | INFO | --------------------------------------------------------------------------------
2026-03-13 08:05:07 | INFO | BLOCK 07
2026-03-13 08:05:07 | INFO | --------------------------------------------------------------------------------
2026-03-13 08:05:07 | INFO | STATUS: FROZEN (Value from previous schedule)
2026-03-13 08:05:07 | INFO | FROZEN ALGO SCHEDULE: 0.000 MW
2026-03-13 08:05:07 | INFO | --------------------------------------------------------------------------------
2026-03-13 08:05:07 | INFO | --------------------------------------------------------------------------------
2026-03-13 08:05:07 | INFO | BLOCK 08
2026-03-13 08:05:07 | INFO | --------------------------------------------------------------------------------
2026-03-13 08:05:07 | INFO | STATUS: FROZEN (Value from previous schedule)
2026-03-13 08:05:07 | INFO | FROZEN ALGO SCHEDULE: 0.000 MW
2026-03-13 08:05:07 | INFO | --------------------------------------------------------------------------------
2026-03-13 08:05:07 | INFO | --------------------------------------------------------------------------------
2026-03-13 08:05:07 | INFO | BLOCK 09
2026-03-13 08:05:07 | INFO | --------------------------------------------------------------------------------
2026-03-13 08:05:07 | INFO | STATUS: FROZEN (Value from previous schedule)
2026-03-13 08:05:07 | INFO | FROZEN ALGO SCHEDULE: 0.000 MW
2026-03-13 08:05:07 | INFO | --------------------------------------------------------------------------------
2026-03-13 08:05:07 | INFO | --------------------------------------------------------------------------------
2026-03-13 08:05:07 | INFO | BLOCK 10
2026-03-13 08:05:07 | INFO | --------------------------------------------------------------------------------
2026-03-13 08:05:07 | INFO | STATUS: FROZEN (Value from previous schedule)
2026-03-13 08:05:07 | INFO | FROZEN ALGO SCHEDULE: 0.000 MW
2026-03-13 08:05:07 | INFO | --------------------------------------------------------------------------------
2026-03-13 08:05:07 | INFO | --------------------------------------------------------------------------------
2026-03-13 08:05:07 | INFO | BLOCK 11
2026-03-13 08:05:07 | INFO | --------------------------------------------------------------------------------
2026-03-13 08:05:07 | INFO | STATUS: FROZEN (Value from previous schedule)
2026-03-13 08:05:07 | INFO | FROZEN ALGO SCHEDULE: 0.000 MW
2026-03-13 08:05:07 | INFO | --------------------------------------------------------------------------------
2026-03-13 08:05:07 | INFO | --------------------------------------------------------------------------------
2026-03-13 08:05:07 | INFO | BLOCK 12
2026-03-13 08:05:07 | INFO | --------------------------------------------------------------------------------
2026-03-13 08:05:07 | INFO | STATUS: FROZEN (Value from previous schedule)
2026-03-13 08:05:07 | INFO | FROZEN ALGO SCHEDULE: 0.000 MW
2026-03-13 08:05:07 | INFO | --------------------------------------------------------------------------------
2026-03-13 08:05:07 | INFO | --------------------------------------------------------------------------------
2026-03-13 08:05:07 | INFO | BLOCK 13
2026-03-13 08:05:07 | INFO | --------------------------------------------------------------------------------
2026-03-13 08:05:07 | INFO | STATUS: FROZEN (Value from previous schedule)
2026-03-13 08:05:07 | INFO | FROZEN ALGO SCHEDULE: 0.000 MW
2026-03-13 08:05:07 | INFO | --------------------------------------------------------------------------------
2026-03-13 08:05:07 | INFO | --------------------------------------------------------------------------------
2026-03-13 08:05:07 | INFO | BLOCK 14
2026-03-13 08:05:07 | INFO | --------------------------------------------------------------------------------
2026-03-13 08:05:07 | INFO | STATUS: FROZEN (Value from previous schedule)
2026-03-13 08:05:07 | INFO | FROZEN ALGO SCHEDULE: 0.000 MW
2026-03-13 08:05:07 | INFO | --------------------------------------------------------------------------------
2026-03-13 08:05:07 | INFO | --------------------------------------------------------------------------------
2026-03-13 08:05:07 | INFO | BLOCK 15
2026-03-13 08:05:07 | INFO | --------------------------------------------------------------------------------
2026-03-13 08:05:07 | INFO | STATUS: FROZEN (Value from previous schedule)
2026-03-13 08:05:07 | INFO | FROZEN ALGO SCHEDULE: 0.000 MW
2026-03-13 08:05:07 | INFO | --------------------------------------------------------------------------------
2026-03-13 08:05:07 | INFO | --------------------------------------------------------------------------------
2026-03-13 08:05:07 | INFO | BLOCK 16
2026-03-13 08:05:07 | INFO | --------------------------------------------------------------------------------
2026-03-13 08:05:07 | INFO | STATUS: FROZEN (Value from previous schedule)
2026-03-13 08:05:07 | INFO | FROZEN ALGO SCHEDULE: 0.000 MW
2026-03-13 08:05:07 | INFO | --------------------------------------------------------------------------------
2026-03-13 08:05:07 | INFO | --------------------------------------------------------------------------------
2026-03-13 08:05:07 | INFO | BLOCK 17
2026-03-13 08:05:07 | INFO | --------------------------------------------------------------------------------
2026-03-13 08:05:07 | INFO | STATUS: FROZEN (Value from previous schedule)
2026-03-13 08:05:07 | INFO | FROZEN ALGO SCHEDULE: 0.000 MW
2026-03-13 08:05:07 | INFO | --------------------------------------------------------------------------------
2026-03-13 08:05:07 | INFO | --------------------------------------------------------------------------------
2026-03-13 08:05:07 | INFO | BLOCK 18
2026-03-13 08:05:07 | INFO | --------------------------------------------------------------------------------
2026-03-13 08:05:07 | INFO | STATUS: FROZEN (Value from previous schedule)
2026-03-13 08:05:07 | INFO | FROZEN ALGO SCHEDULE: 0.000 MW
2026-03-13 08:05:07 | INFO | --------------------------------------------------------------------------------
2026-03-13 08:05:07 | INFO | --------------------------------------------------------------------------------
2026-03-13 08:05:07 | INFO | BLOCK 19
2026-03-13 08:05:07 | INFO | --------------------------------------------------------------------------------
2026-03-13 08:05:07 | INFO | STATUS: FROZEN (Value from previous schedule)
2026-03-13 08:05:07 | INFO | FROZEN ALGO SCHEDULE: 0.000 MW
2026-03-13 08:05:07 | INFO | --------------------------------------------------------------------------------
2026-03-13 08:05:07 | INFO | --------------------------------------------------------------------------------
2026-03-13 08:05:07 | INFO | BLOCK 20
2026-03-13 08:05:07 | INFO | --------------------------------------------------------------------------------
2026-03-13 08:05:07 | INFO | STATUS: FROZEN (Value from previous schedule)
2026-03-13 08:05:07 | INFO | FROZEN ALGO SCHEDULE: 0.000 MW
2026-03-13 08:05:07 | INFO | --------------------------------------------------------------------------------
2026-03-13 08:05:07 | INFO | --------------------------------------------------------------------------------
2026-03-13 08:05:07 | INFO | BLOCK 21
2026-03-13 08:05:07 | INFO | --------------------------------------------------------------------------------
2026-03-13 08:05:07 | INFO | STATUS: FROZEN (Value from previous schedule)
2026-03-13 08:05:07 | INFO | FROZEN ALGO SCHEDULE: 0.000 MW
2026-03-13 08:05:07 | INFO | --------------------------------------------------------------------------------
2026-03-13 08:05:07 | INFO | --------------------------------------------------------------------------------
2026-03-13 08:05:07 | INFO | BLOCK 22
2026-03-13 08:05:07 | INFO | --------------------------------------------------------------------------------
2026-03-13 08:05:07 | INFO | STATUS: FROZEN (Value from previous schedule)
2026-03-13 08:05:07 | INFO | FROZEN ALGO SCHEDULE: 0.000 MW
2026-03-13 08:05:07 | INFO | --------------------------------------------------------------------------------
2026-03-13 08:05:07 | INFO | --------------------------------------------------------------------------------
2026-03-13 08:05:07 | INFO | BLOCK 23
2026-03-13 08:05:07 | INFO | --------------------------------------------------------------------------------
2026-03-13 08:05:07 | INFO | STATUS: FROZEN (Value from previous schedule)
2026-03-13 08:05:07 | INFO | FROZEN ALGO SCHEDULE: 0.000 MW
2026-03-13 08:05:07 | INFO | --------------------------------------------------------------------------------
2026-03-13 08:05:07 | INFO | --------------------------------------------------------------------------------
2026-03-13 08:05:07 | INFO | BLOCK 24
2026-03-13 08:05:07 | INFO | --------------------------------------------------------------------------------
2026-03-13 08:05:07 | INFO | STATUS: FROZEN (Value from previous schedule)
2026-03-13 08:05:07 | INFO | FROZEN ALGO SCHEDULE: 0.000 MW
2026-03-13 08:05:07 | INFO | --------------------------------------------------------------------------------
2026-03-13 08:05:07 | INFO | --------------------------------------------------------------------------------
2026-03-13 08:05:07 | INFO | BLOCK 25
2026-03-13 08:05:07 | INFO | --------------------------------------------------------------------------------
2026-03-13 08:05:07 | INFO | STATUS: FROZEN (Value from previous schedule)
2026-03-13 08:05:07 | INFO | FROZEN ALGO SCHEDULE: 0.000 MW
2026-03-13 08:05:07 | INFO | --------------------------------------------------------------------------------
2026-03-13 08:05:07 | INFO | --------------------------------------------------------------------------------
2026-03-13 08:05:07 | INFO | BLOCK 26
2026-03-13 08:05:07 | INFO | --------------------------------------------------------------------------------
2026-03-13 08:05:07 | INFO | STATUS: FROZEN (Value from previous schedule)
2026-03-13 08:05:07 | INFO | FROZEN ALGO SCHEDULE: 0.000 MW
2026-03-13 08:05:07 | INFO | --------------------------------------------------------------------------------
2026-03-13 08:05:07 | INFO | --------------------------------------------------------------------------------
2026-03-13 08:05:07 | INFO | BLOCK 27
2026-03-13 08:05:07 | INFO | --------------------------------------------------------------------------------
2026-03-13 08:05:07 | INFO | STATUS: FROZEN (Value from previous schedule)
2026-03-13 08:05:07 | INFO | FROZEN ALGO SCHEDULE: 0.000 MW
2026-03-13 08:05:07 | INFO | --------------------------------------------------------------------------------
2026-03-13 08:05:07 | INFO | --------------------------------------------------------------------------------
2026-03-13 08:05:07 | INFO | BLOCK 28
2026-03-13 08:05:07 | INFO | --------------------------------------------------------------------------------
2026-03-13 08:05:07 | INFO | STATUS: FROZEN (Value from previous schedule)
2026-03-13 08:05:07 | INFO | FROZEN ALGO SCHEDULE: 0.000 MW
2026-03-13 08:05:07 | INFO | --------------------------------------------------------------------------------
2026-03-13 08:05:07 | INFO | --------------------------------------------------------------------------------
2026-03-13 08:05:07 | INFO | BLOCK 29
2026-03-13 08:05:07 | INFO | --------------------------------------------------------------------------------
2026-03-13 08:05:07 | INFO | STATUS: FROZEN (Value from previous schedule)
2026-03-13 08:05:07 | INFO | FROZEN ALGO SCHEDULE: 0.000 MW
2026-03-13 08:05:07 | INFO | --------------------------------------------------------------------------------
2026-03-13 08:05:07 | INFO | --------------------------------------------------------------------------------
2026-03-13 08:05:07 | INFO | BLOCK 30
2026-03-13 08:05:07 | INFO | --------------------------------------------------------------------------------
2026-03-13 08:05:07 | INFO | STATUS: FROZEN (Value from previous schedule)
2026-03-13 08:05:07 | INFO | FROZEN ALGO SCHEDULE: 1.040 MW
2026-03-13 08:05:07 | INFO | --------------------------------------------------------------------------------
2026-03-13 08:05:07 | INFO | --------------------------------------------------------------------------------
2026-03-13 08:05:07 | INFO | BLOCK 31
2026-03-13 08:05:07 | INFO | --------------------------------------------------------------------------------
2026-03-13 08:05:07 | INFO | STATUS: FROZEN (Value from previous schedule)
2026-03-13 08:05:07 | INFO | FROZEN ALGO SCHEDULE: 1.675 MW
2026-03-13 08:05:07 | INFO | --------------------------------------------------------------------------------
2026-03-13 08:05:07 | INFO | --------------------------------------------------------------------------------
2026-03-13 08:05:07 | INFO | BLOCK 32
2026-03-13 08:05:07 | INFO | --------------------------------------------------------------------------------
2026-03-13 08:05:07 | INFO | STATUS: FROZEN (Value from previous schedule)
2026-03-13 08:05:07 | INFO | FROZEN ALGO SCHEDULE: 2.529 MW
2026-03-13 08:05:07 | INFO | --------------------------------------------------------------------------------
2026-03-13 08:05:07 | INFO | --------------------------------------------------------------------------------
2026-03-13 08:05:07 | INFO | BLOCK 33
2026-03-13 08:05:07 | INFO | --------------------------------------------------------------------------------
2026-03-13 08:05:07 | INFO | --- FORECAST DATA ---
2026-03-13 08:05:07 | INFO | Intraday Forecast (Enercast): 4.360 MW
2026-03-13 08:05:07 | INFO | Day-ahead Forecast (Enercast): 4.090 MW
2026-03-13 08:05:07 | INFO | Base Forecast (raw, before curtailment/shutdown): 3.924 MW
2026-03-13 08:05:07 | INFO | Base Forecast (used for schedule): 3.924 MW
2026-03-13 08:05:07 | INFO | Effective Base Forecast (after curtailment/shutdown): 3.924 MW
2026-03-13 08:05:07 | INFO | Plant Status: NORMAL
2026-03-13 08:05:07 | INFO | Effective Base Forecast = Base Forecast (raw) = 3.924 MW
2026-03-13 08:05:07 | INFO | --- WEATHER PARAMETERS ---
2026-03-13 08:05:07 | INFO | GTI: 199.0 W/m^2
2026-03-13 08:05:07 | INFO | DHI: 71.0 W/m^2
2026-03-13 08:05:07 | INFO | DNI: 0.0 W/m^2
2026-03-13 08:05:07 | INFO | Irradiance Ratio (GTI/MAX_GTI): 0.211
2026-03-13 08:05:07 | INFO | Diffuse Ratio (current): 0.357
2026-03-13 08:05:07 | INFO | Irradiance State: CLOUD_TRANSIENT
2026-03-13 08:05:07 | INFO | Temp @ 2m: 25.02 C
2026-03-13 08:05:07 | INFO | Wind @ 10m: 3.55 m/s
2026-03-13 08:05:07 | INFO | Weather State: ABRUPT
2026-03-13 08:05:07 | INFO | Dynamic Thresholds: cloud_thr=0.1016, shift_thr=0.1053
2026-03-13 08:05:07 | INFO | Multipliers: irradiance=0.35x, temp=0.90x, wind=0.90x
2026-03-13 08:05:07 | INFO | Weather Multiplier (combined): 0.28x
2026-03-13 08:05:07 | INFO | Abrupt Weather Change Detected: True
2026-03-13 08:05:07 | INFO | --- TREND ANALYSIS ---
2026-03-13 08:05:07 | INFO | Trend series (oldest -> latest):
2026-03-13 08:05:07 | INFO |   Block 32: 3.210 MW (source: INTRADAY_FALLBACK)
2026-03-13 08:05:07 | INFO |   Block 31: 2.190 MW (source: INTRADAY_FALLBACK)
2026-03-13 08:05:07 | INFO |   Block 30: 1.360 MW (source: INTRADAY_FALLBACK)
2026-03-13 08:05:07 | INFO |   Block 29: 0.630 MW (source: INTRADAY_FALLBACK)
2026-03-13 08:05:07 | INFO | Trend values used for slope calc: B32=3.210(INTRADAY_FALLBACK), B31=2.190(INTRADAY_FALLBACK), B30=1.360(INTRADAY_FALLBACK), B29=0.630(INTRADAY_FALLBACK)
2026-03-13 08:05:07 | INFO | Detected Trend Type: ABRUPT
2026-03-13 08:05:07 | INFO | Trend Slope Percentage: 0.00%
2026-03-13 08:05:07 | INFO | Trend EPS Threshold: 1.50%
2026-03-13 08:05:07 | INFO | --- SCHEDULE CALCULATION ---
2026-03-13 08:05:07 | INFO | Condition Applied: ABRUPT_DECREASE
2026-03-13 08:05:07 | INFO | Effective Base Forecast Used for Adjustments: 3.924 MW
2026-03-13 08:05:07 | INFO | Condition-3: NOT APPLIED for this block path
2026-03-13 08:05:07 | INFO |   Final Adjustment %: -10.00%
2026-03-13 08:05:07 | INFO |   Formula (expanded): raw=base*(0.9000)
2026-03-13 08:05:07 | INFO | --- FINAL RESULT ---
2026-03-13 08:05:07 | INFO | Raw Schedule (before smoothing): 3.532 MW
2026-03-13 08:05:07 | INFO | Final Scheduled MW: 3.532 MW
2026-03-13 08:05:07 | INFO | Previous Schedule Value: 3.957 MW
2026-03-13 08:05:07 | INFO | --------------------------------------------------------------------------------
2026-03-13 08:05:07 | INFO | --------------------------------------------------------------------------------
2026-03-13 08:05:07 | INFO | BLOCK 34
2026-03-13 08:05:07 | INFO | --------------------------------------------------------------------------------
2026-03-13 08:05:07 | INFO | --- FORECAST DATA ---
2026-03-13 08:05:07 | INFO | Intraday Forecast (Enercast): 5.570 MW
2026-03-13 08:05:07 | INFO | Day-ahead Forecast (Enercast): 5.220 MW
2026-03-13 08:05:07 | INFO | Base Forecast (raw, before curtailment/shutdown): 5.013 MW
2026-03-13 08:05:07 | INFO | Base Forecast (used for schedule): 5.013 MW
2026-03-13 08:05:07 | INFO | Effective Base Forecast (after curtailment/shutdown): 5.013 MW
2026-03-13 08:05:07 | INFO | Plant Status: NORMAL
2026-03-13 08:05:07 | INFO | Effective Base Forecast = Base Forecast (raw) = 5.013 MW
2026-03-13 08:05:07 | INFO | --- WEATHER PARAMETERS ---
2026-03-13 08:05:07 | INFO | GTI: 261.0 W/m^2
2026-03-13 08:05:07 | INFO | DHI: 89.0 W/m^2
2026-03-13 08:05:07 | INFO | DNI: 0.0 W/m^2
2026-03-13 08:05:07 | INFO | Irradiance Ratio (GTI/MAX_GTI): 0.276
2026-03-13 08:05:07 | INFO | Diffuse Ratio (current): 0.341
2026-03-13 08:05:07 | INFO | Irradiance State: CLOUD_TRANSIENT
2026-03-13 08:05:07 | INFO | Temp @ 2m: 25.77 C
2026-03-13 08:05:07 | INFO | Wind @ 10m: 4.02 m/s
2026-03-13 08:05:07 | INFO | Weather State: ABRUPT
2026-03-13 08:05:07 | INFO | Dynamic Thresholds: cloud_thr=0.1016, shift_thr=0.1053
2026-03-13 08:05:07 | INFO | Multipliers: irradiance=0.35x, temp=0.90x, wind=0.90x
2026-03-13 08:05:07 | INFO | Weather Multiplier (combined): 0.28x
2026-03-13 08:05:07 | INFO | Abrupt Weather Change Detected: True
2026-03-13 08:05:07 | INFO | --- TREND ANALYSIS ---
2026-03-13 08:05:07 | INFO | Trend series (oldest -> latest):
2026-03-13 08:05:07 | INFO |   Block 33: 4.360 MW (source: INTRADAY_FALLBACK)
2026-03-13 08:05:07 | INFO |   Block 32: 3.210 MW (source: INTRADAY_FALLBACK)
2026-03-13 08:05:07 | INFO |   Block 31: 2.190 MW (source: INTRADAY_FALLBACK)
2026-03-13 08:05:07 | INFO |   Block 30: 1.360 MW (source: INTRADAY_FALLBACK)
2026-03-13 08:05:07 | INFO | Trend values used for slope calc: B33=4.360(INTRADAY_FALLBACK), B32=3.210(INTRADAY_FALLBACK), B31=2.190(INTRADAY_FALLBACK), B30=1.360(INTRADAY_FALLBACK)
2026-03-13 08:05:07 | INFO | Detected Trend Type: ABRUPT
2026-03-13 08:05:07 | INFO | Trend Slope Percentage: 0.00%
2026-03-13 08:05:07 | INFO | Trend EPS Threshold: 1.50%
2026-03-13 08:05:07 | INFO | --- SCHEDULE CALCULATION ---
2026-03-13 08:05:07 | INFO | Condition Applied: ABRUPT_DECREASE
2026-03-13 08:05:07 | INFO | Effective Base Forecast Used for Adjustments: 5.013 MW
2026-03-13 08:05:07 | INFO | Condition-3: NOT APPLIED for this block path
2026-03-13 08:05:07 | INFO |   Final Adjustment %: -10.00%
2026-03-13 08:05:07 | INFO |   Formula (expanded): raw=base*(0.9000)
2026-03-13 08:05:07 | INFO | --- FINAL RESULT ---
2026-03-13 08:05:07 | INFO | Raw Schedule (before smoothing): 4.512 MW
2026-03-13 08:05:07 | INFO | Final Scheduled MW: 4.512 MW
2026-03-13 08:05:07 | INFO | Previous Schedule Value: 5.056 MW
2026-03-13 08:05:07 | INFO | --------------------------------------------------------------------------------
2026-03-13 08:05:07 | INFO | --------------------------------------------------------------------------------
2026-03-13 08:05:07 | INFO | BLOCK 35
2026-03-13 08:05:07 | INFO | --------------------------------------------------------------------------------
2026-03-13 08:05:07 | INFO | --- FORECAST DATA ---
2026-03-13 08:05:07 | INFO | Intraday Forecast (Enercast): 6.730 MW
2026-03-13 08:05:07 | INFO | Day-ahead Forecast (Enercast): 6.320 MW
2026-03-13 08:05:07 | INFO | Base Forecast (raw, before curtailment/shutdown): 6.057 MW
2026-03-13 08:05:07 | INFO | Base Forecast (used for schedule): 6.057 MW
2026-03-13 08:05:07 | INFO | Effective Base Forecast (after curtailment/shutdown): 6.057 MW
2026-03-13 08:05:07 | INFO | Plant Status: NORMAL
2026-03-13 08:05:07 | INFO | Effective Base Forecast = Base Forecast (raw) = 6.057 MW
2026-03-13 08:05:07 | INFO | --- WEATHER PARAMETERS ---
2026-03-13 08:05:07 | INFO | GTI: 321.0 W/m^2
2026-03-13 08:05:07 | INFO | DHI: 104.0 W/m^2
2026-03-13 08:05:07 | INFO | DNI: 0.0 W/m^2
2026-03-13 08:05:07 | INFO | Irradiance Ratio (GTI/MAX_GTI): 0.340
2026-03-13 08:05:07 | INFO | Diffuse Ratio (current): 0.324
2026-03-13 08:05:07 | INFO | Irradiance State: CLOUD_TRANSIENT
2026-03-13 08:05:07 | INFO | Temp @ 2m: 26.52 C
2026-03-13 08:05:07 | INFO | Wind @ 10m: 4.20 m/s
2026-03-13 08:05:07 | INFO | Weather State: NORMAL
2026-03-13 08:05:07 | INFO | Dynamic Thresholds: cloud_thr=0.1016, shift_thr=0.1053
2026-03-13 08:05:07 | INFO | Multipliers: irradiance=0.35x, temp=0.90x, wind=0.90x
2026-03-13 08:05:07 | INFO | Weather Multiplier (combined): 0.28x
2026-03-13 08:05:07 | INFO | Abrupt Weather Change Detected: False
2026-03-13 08:05:07 | INFO | --- TREND ANALYSIS ---
2026-03-13 08:05:07 | INFO | Trend series (oldest -> latest):
2026-03-13 08:05:07 | INFO |   Block 34: 5.570 MW (source: INTRADAY_FALLBACK)
2026-03-13 08:05:07 | INFO |   Block 33: 4.360 MW (source: INTRADAY_FALLBACK)
2026-03-13 08:05:07 | INFO |   Block 32: 3.210 MW (source: INTRADAY_FALLBACK)
2026-03-13 08:05:07 | INFO |   Block 31: 2.190 MW (source: INTRADAY_FALLBACK)
2026-03-13 08:05:07 | INFO | Trend values used for slope calc: B34=5.570(INTRADAY_FALLBACK), B33=4.360(INTRADAY_FALLBACK), B32=3.210(INTRADAY_FALLBACK), B31=2.190(INTRADAY_FALLBACK)
2026-03-13 08:05:07 | INFO | Detected Trend Type: INCREASING
2026-03-13 08:05:07 | INFO | Trend Slope Percentage: 158.35%
2026-03-13 08:05:07 | INFO | Trend EPS Threshold: 1.50%
2026-03-13 08:05:07 | INFO | --- SCHEDULE CALCULATION ---
2026-03-13 08:05:07 | INFO | Condition Applied: CONDITION_3
2026-03-13 08:05:07 | INFO | Effective Base Forecast Used for Adjustments: 6.057 MW
2026-03-13 08:05:07 | INFO | Condition-3 (Phase-6) Applied:
2026-03-13 08:05:07 | INFO |   Forecast Mismatch: Intraday (6.730) != Day-ahead (6.320)
2026-03-13 08:05:07 | INFO |   Operation: ADD
2026-03-13 08:05:07 | INFO |   Base Adjustment %: 3.00%
2026-03-13 08:05:07 | INFO |   Irradiance Multiplier: 0.35x
2026-03-13 08:05:07 | INFO |   Temp Multiplier: 0.90x
2026-03-13 08:05:07 | INFO |   Wind Multiplier: 0.90x
2026-03-13 08:05:07 | INFO |   Weather Multiplier: 0.28x
2026-03-13 08:05:07 | INFO |   Final Adjustment %: 0.85%
2026-03-13 08:05:07 | INFO |   Calculation: 6.057 MW * (1 + 0.85% / 100)
2026-03-13 08:05:07 | INFO |   Formula (expanded): raw=6.0570*(1+0.8505/100)=6.1085
2026-03-13 08:05:07 | INFO | --- FINAL RESULT ---
2026-03-13 08:05:07 | INFO | Raw Schedule (before smoothing): 6.109 MW
2026-03-13 08:05:07 | INFO | Final Scheduled MW: 6.109 MW
2026-03-13 08:05:07 | INFO | Previous Schedule Value: 6.109 MW
2026-03-13 08:05:07 | INFO | --------------------------------------------------------------------------------
2026-03-13 08:05:07 | INFO | --------------------------------------------------------------------------------
2026-03-13 08:05:07 | INFO | BLOCK 36
2026-03-13 08:05:07 | INFO | --------------------------------------------------------------------------------
2026-03-13 08:05:07 | INFO | --- FORECAST DATA ---
2026-03-13 08:05:07 | INFO | Intraday Forecast (Enercast): 7.870 MW
2026-03-13 08:05:07 | INFO | Day-ahead Forecast (Enercast): 7.390 MW
2026-03-13 08:05:07 | INFO | Base Forecast (raw, before curtailment/shutdown): 7.083 MW
2026-03-13 08:05:07 | INFO | Base Forecast (used for schedule): 7.083 MW
2026-03-13 08:05:07 | INFO | Effective Base Forecast (after curtailment/shutdown): 7.083 MW
2026-03-13 08:05:07 | INFO | Plant Status: NORMAL
2026-03-13 08:05:07 | INFO | Effective Base Forecast = Base Forecast (raw) = 7.083 MW
2026-03-13 08:05:07 | INFO | --- WEATHER PARAMETERS ---
2026-03-13 08:05:07 | INFO | GTI: 378.0 W/m^2
2026-03-13 08:05:07 | INFO | DHI: 116.0 W/m^2
2026-03-13 08:05:07 | INFO | DNI: 0.0 W/m^2
2026-03-13 08:05:07 | INFO | Irradiance Ratio (GTI/MAX_GTI): 0.400
2026-03-13 08:05:07 | INFO | Diffuse Ratio (current): 0.307
2026-03-13 08:05:07 | INFO | Irradiance State: CLOUD_TRANSIENT
2026-03-13 08:05:07 | INFO | Temp @ 2m: 27.17 C
2026-03-13 08:05:07 | INFO | Wind @ 10m: 3.60 m/s
2026-03-13 08:05:07 | INFO | Weather State: NORMAL
2026-03-13 08:05:07 | INFO | Dynamic Thresholds: cloud_thr=0.1016, shift_thr=0.1053
2026-03-13 08:05:07 | INFO | Multipliers: irradiance=0.35x, temp=0.90x, wind=0.90x
2026-03-13 08:05:07 | INFO | Weather Multiplier (combined): 0.28x
2026-03-13 08:05:07 | INFO | Abrupt Weather Change Detected: False
2026-03-13 08:05:07 | INFO | --- TREND ANALYSIS ---
2026-03-13 08:05:07 | INFO | Trend series (oldest -> latest):
2026-03-13 08:05:07 | INFO |   Block 35: 6.730 MW (source: INTRADAY_FALLBACK)
2026-03-13 08:05:07 | INFO |   Block 34: 5.570 MW (source: INTRADAY_FALLBACK)
2026-03-13 08:05:07 | INFO |   Block 33: 4.360 MW (source: INTRADAY_FALLBACK)
2026-03-13 08:05:07 | INFO |   Block 32: 3.210 MW (source: INTRADAY_FALLBACK)
2026-03-13 08:05:07 | INFO | Trend values used for slope calc: B35=6.730(INTRADAY_FALLBACK), B34=5.570(INTRADAY_FALLBACK), B33=4.360(INTRADAY_FALLBACK), B32=3.210(INTRADAY_FALLBACK)
2026-03-13 08:05:07 | INFO | Detected Trend Type: INCREASING
2026-03-13 08:05:07 | INFO | Trend Slope Percentage: 110.27%
2026-03-13 08:05:07 | INFO | Trend EPS Threshold: 1.50%
2026-03-13 08:05:07 | INFO | --- SCHEDULE CALCULATION ---
2026-03-13 08:05:07 | INFO | Condition Applied: CONDITION_3
2026-03-13 08:05:07 | INFO | Effective Base Forecast Used for Adjustments: 7.083 MW
2026-03-13 08:05:07 | INFO | Condition-3 (Phase-6) Applied:
2026-03-13 08:05:07 | INFO |   Forecast Mismatch: Intraday (7.870) != Day-ahead (7.390)
2026-03-13 08:05:07 | INFO |   Operation: ADD
2026-03-13 08:05:07 | INFO |   Base Adjustment %: 3.00%
2026-03-13 08:05:07 | INFO |   Irradiance Multiplier: 0.35x
2026-03-13 08:05:07 | INFO |   Temp Multiplier: 0.90x
2026-03-13 08:05:07 | INFO |   Wind Multiplier: 0.90x
2026-03-13 08:05:07 | INFO |   Weather Multiplier: 0.28x
2026-03-13 08:05:07 | INFO |   Final Adjustment %: 0.85%
2026-03-13 08:05:07 | INFO |   Calculation: 7.083 MW * (1 + 0.85% / 100)
2026-03-13 08:05:07 | INFO |   Formula (expanded): raw=7.0830*(1+0.8505/100)=7.1432
2026-03-13 08:05:07 | INFO | --- FINAL RESULT ---
2026-03-13 08:05:07 | INFO | Raw Schedule (before smoothing): 7.143 MW
2026-03-13 08:05:07 | INFO | Final Scheduled MW: 7.143 MW
2026-03-13 08:05:07 | INFO | Previous Schedule Value: 7.143 MW
2026-03-13 08:05:07 | INFO | --------------------------------------------------------------------------------
2026-03-13 08:05:07 | INFO | --------------------------------------------------------------------------------
2026-03-13 08:05:07 | INFO | BLOCK 37
2026-03-13 08:05:07 | INFO | --------------------------------------------------------------------------------
2026-03-13 08:05:07 | INFO | --- FORECAST DATA ---
2026-03-13 08:05:07 | INFO | Intraday Forecast (Enercast): 8.970 MW
2026-03-13 08:05:07 | INFO | Day-ahead Forecast (Enercast): 8.440 MW
2026-03-13 08:05:07 | INFO | Base Forecast (raw, before curtailment/shutdown): 8.073 MW
2026-03-13 08:05:07 | INFO | Base Forecast (used for schedule): 8.073 MW
2026-03-13 08:05:07 | INFO | Effective Base Forecast (after curtailment/shutdown): 8.073 MW
2026-03-13 08:05:07 | INFO | Plant Status: NORMAL
2026-03-13 08:05:07 | INFO | Effective Base Forecast = Base Forecast (raw) = 8.073 MW
2026-03-13 08:05:07 | INFO | --- WEATHER PARAMETERS ---
2026-03-13 08:05:07 | INFO | GTI: 434.0 W/m^2
2026-03-13 08:05:07 | INFO | DHI: 129.0 W/m^2
2026-03-13 08:05:07 | INFO | DNI: 0.0 W/m^2
2026-03-13 08:05:07 | INFO | Irradiance Ratio (GTI/MAX_GTI): 0.460
2026-03-13 08:05:07 | INFO | Diffuse Ratio (current): 0.297
2026-03-13 08:05:07 | INFO | Irradiance State: VARIABLE_CLEAR
2026-03-13 08:05:07 | INFO | Temp @ 2m: 27.82 C
2026-03-13 08:05:07 | INFO | Wind @ 10m: 2.60 m/s
2026-03-13 08:05:07 | INFO | Weather State: NORMAL
2026-03-13 08:05:07 | INFO | Dynamic Thresholds: cloud_thr=0.1016, shift_thr=0.1053
2026-03-13 08:05:07 | INFO | Multipliers: irradiance=0.65x, temp=0.90x, wind=0.85x
2026-03-13 08:05:07 | INFO | Weather Multiplier (combined): 0.50x
2026-03-13 08:05:07 | INFO | Abrupt Weather Change Detected: False
2026-03-13 08:05:07 | INFO | --- TREND ANALYSIS ---
2026-03-13 08:05:07 | INFO | Trend series (oldest -> latest):
2026-03-13 08:05:07 | INFO |   Block 36: 7.870 MW (source: INTRADAY_FALLBACK)
2026-03-13 08:05:07 | INFO |   Block 35: 6.730 MW (source: INTRADAY_FALLBACK)
2026-03-13 08:05:07 | INFO |   Block 34: 5.570 MW (source: INTRADAY_FALLBACK)
2026-03-13 08:05:07 | INFO |   Block 33: 4.360 MW (source: INTRADAY_FALLBACK)
2026-03-13 08:05:07 | INFO | Trend values used for slope calc: B36=7.870(INTRADAY_FALLBACK), B35=6.730(INTRADAY_FALLBACK), B34=5.570(INTRADAY_FALLBACK), B33=4.360(INTRADAY_FALLBACK)
2026-03-13 08:05:07 | INFO | Detected Trend Type: INCREASING
2026-03-13 08:05:07 | INFO | Trend Slope Percentage: 80.09%
2026-03-13 08:05:07 | INFO | Trend EPS Threshold: 1.50%
2026-03-13 08:05:07 | INFO | --- SCHEDULE CALCULATION ---
2026-03-13 08:05:07 | INFO | Condition Applied: CONDITION_3
2026-03-13 08:05:07 | INFO | Effective Base Forecast Used for Adjustments: 8.073 MW
2026-03-13 08:05:07 | INFO | Condition-3 (Phase-6) Applied:
2026-03-13 08:05:07 | INFO |   Forecast Mismatch: Intraday (8.970) != Day-ahead (8.440)
2026-03-13 08:05:07 | INFO |   Operation: ADD
2026-03-13 08:05:07 | INFO |   Base Adjustment %: 3.00%
2026-03-13 08:05:07 | INFO |   Irradiance Multiplier: 0.65x
2026-03-13 08:05:07 | INFO |   Temp Multiplier: 0.90x
2026-03-13 08:05:07 | INFO |   Wind Multiplier: 0.85x
2026-03-13 08:05:07 | INFO |   Weather Multiplier: 0.50x
2026-03-13 08:05:07 | INFO |   Final Adjustment %: 1.49%
2026-03-13 08:05:07 | INFO |   Calculation: 8.073 MW * (1 + 1.49% / 100)
2026-03-13 08:05:07 | INFO |   Formula (expanded): raw=8.0730*(1+1.4918/100)=8.1934
2026-03-13 08:05:07 | INFO | --- FINAL RESULT ---
2026-03-13 08:05:07 | INFO | Raw Schedule (before smoothing): 8.193 MW
2026-03-13 08:05:07 | INFO | Final Scheduled MW: 8.193 MW
2026-03-13 08:05:07 | INFO | Previous Schedule Value: 8.193 MW
2026-03-13 08:05:07 | INFO | --------------------------------------------------------------------------------
2026-03-13 08:05:07 | INFO | --------------------------------------------------------------------------------
2026-03-13 08:05:07 | INFO | BLOCK 38
2026-03-13 08:05:07 | INFO | --------------------------------------------------------------------------------
2026-03-13 08:05:07 | INFO | --- FORECAST DATA ---
2026-03-13 08:05:07 | INFO | Intraday Forecast (Enercast): 9.970 MW
2026-03-13 08:05:07 | INFO | Day-ahead Forecast (Enercast): 9.450 MW
2026-03-13 08:05:07 | INFO | Base Forecast (raw, before curtailment/shutdown): 8.973 MW
2026-03-13 08:05:07 | INFO | Base Forecast (used for schedule): 8.973 MW
2026-03-13 08:05:07 | INFO | Effective Base Forecast (after curtailment/shutdown): 8.973 MW
2026-03-13 08:05:07 | INFO | Plant Status: NORMAL
2026-03-13 08:05:07 | INFO | Effective Base Forecast = Base Forecast (raw) = 8.973 MW
2026-03-13 08:05:07 | INFO | --- WEATHER PARAMETERS ---
2026-03-13 08:05:07 | INFO | GTI: 490.0 W/m^2
2026-03-13 08:05:07 | INFO | DHI: 143.0 W/m^2
2026-03-13 08:05:07 | INFO | DNI: 0.0 W/m^2
2026-03-13 08:05:07 | INFO | Irradiance Ratio (GTI/MAX_GTI): 0.519
2026-03-13 08:05:07 | INFO | Diffuse Ratio (current): 0.292
2026-03-13 08:05:07 | INFO | Irradiance State: VARIABLE_CLEAR
2026-03-13 08:05:07 | INFO | Temp @ 2m: 28.37 C
2026-03-13 08:05:07 | INFO | Wind @ 10m: 2.52 m/s
2026-03-13 08:05:07 | INFO | Weather State: NORMAL
2026-03-13 08:05:07 | INFO | Dynamic Thresholds: cloud_thr=0.1016, shift_thr=0.1053
2026-03-13 08:05:07 | INFO | Multipliers: irradiance=0.65x, temp=0.90x, wind=0.85x
2026-03-13 08:05:07 | INFO | Weather Multiplier (combined): 0.50x
2026-03-13 08:05:07 | INFO | Abrupt Weather Change Detected: False
2026-03-13 08:05:07 | INFO | --- TREND ANALYSIS ---
2026-03-13 08:05:07 | INFO | Trend series (oldest -> latest):
2026-03-13 08:05:07 | INFO |   Block 37: 8.970 MW (source: INTRADAY_FALLBACK)
2026-03-13 08:05:07 | INFO |   Block 36: 7.870 MW (source: INTRADAY_FALLBACK)
2026-03-13 08:05:07 | INFO |   Block 35: 6.730 MW (source: INTRADAY_FALLBACK)
2026-03-13 08:05:07 | INFO |   Block 34: 5.570 MW (source: INTRADAY_FALLBACK)
2026-03-13 08:05:07 | INFO | Trend values used for slope calc: B37=8.970(INTRADAY_FALLBACK), B36=7.870(INTRADAY_FALLBACK), B35=6.730(INTRADAY_FALLBACK), B34=5.570(INTRADAY_FALLBACK)
2026-03-13 08:05:07 | INFO | Detected Trend Type: INCREASING
2026-03-13 08:05:07 | INFO | Trend Slope Percentage: 60.92%
2026-03-13 08:05:07 | INFO | Trend EPS Threshold: 1.50%
2026-03-13 08:05:07 | INFO | --- SCHEDULE CALCULATION ---
2026-03-13 08:05:07 | INFO | Condition Applied: CONDITION_3
2026-03-13 08:05:07 | INFO | Effective Base Forecast Used for Adjustments: 8.973 MW
2026-03-13 08:05:07 | INFO | Condition-3 (Phase-6) Applied:
2026-03-13 08:05:07 | INFO |   Forecast Mismatch: Intraday (9.970) != Day-ahead (9.450)
2026-03-13 08:05:07 | INFO |   Operation: ADD
2026-03-13 08:05:07 | INFO |   Base Adjustment %: 3.00%
2026-03-13 08:05:07 | INFO |   Irradiance Multiplier: 0.65x
2026-03-13 08:05:07 | INFO |   Temp Multiplier: 0.90x
2026-03-13 08:05:07 | INFO |   Wind Multiplier: 0.85x
2026-03-13 08:05:07 | INFO |   Weather Multiplier: 0.50x
2026-03-13 08:05:07 | INFO |   Final Adjustment %: 1.49%
2026-03-13 08:05:07 | INFO |   Calculation: 8.973 MW * (1 + 1.49% / 100)
2026-03-13 08:05:07 | INFO |   Formula (expanded): raw=8.9730*(1+1.4918/100)=9.1069
2026-03-13 08:05:07 | INFO | --- FINAL RESULT ---
2026-03-13 08:05:07 | INFO | Raw Schedule (before smoothing): 9.107 MW
2026-03-13 08:05:07 | INFO | Final Scheduled MW: 9.107 MW
2026-03-13 08:05:07 | INFO | Previous Schedule Value: 9.107 MW
2026-03-13 08:05:07 | INFO | --------------------------------------------------------------------------------
2026-03-13 08:05:07 | INFO | --------------------------------------------------------------------------------
2026-03-13 08:05:07 | INFO | BLOCK 39
2026-03-13 08:05:07 | INFO | --------------------------------------------------------------------------------
2026-03-13 08:05:07 | INFO | --- FORECAST DATA ---
2026-03-13 08:05:07 | INFO | Intraday Forecast (Enercast): 10.900 MW
2026-03-13 08:05:07 | INFO | Day-ahead Forecast (Enercast): 10.390 MW
2026-03-13 08:05:07 | INFO | Base Forecast (raw, before curtailment/shutdown): 9.810 MW
2026-03-13 08:05:07 | INFO | Base Forecast (used for schedule): 9.810 MW
2026-03-13 08:05:07 | INFO | Effective Base Forecast (after curtailment/shutdown): 9.810 MW
2026-03-13 08:05:07 | INFO | Plant Status: NORMAL
2026-03-13 08:05:07 | INFO | Effective Base Forecast = Base Forecast (raw) = 9.810 MW
2026-03-13 08:05:07 | INFO | --- WEATHER PARAMETERS ---
2026-03-13 08:05:07 | INFO | GTI: 540.0 W/m^2
2026-03-13 08:05:07 | INFO | DHI: 160.0 W/m^2
2026-03-13 08:05:07 | INFO | DNI: 0.0 W/m^2
2026-03-13 08:05:07 | INFO | Irradiance Ratio (GTI/MAX_GTI): 0.572
2026-03-13 08:05:07 | INFO | Diffuse Ratio (current): 0.296
2026-03-13 08:05:07 | INFO | Irradiance State: VARIABLE_CLEAR
2026-03-13 08:05:07 | INFO | Temp @ 2m: 28.97 C
2026-03-13 08:05:07 | INFO | Wind @ 10m: 2.97 m/s
2026-03-13 08:05:07 | INFO | Weather State: NORMAL
2026-03-13 08:05:07 | INFO | Dynamic Thresholds: cloud_thr=0.1016, shift_thr=0.1053
2026-03-13 08:05:07 | INFO | Multipliers: irradiance=0.65x, temp=0.90x, wind=0.85x
2026-03-13 08:05:07 | INFO | Weather Multiplier (combined): 0.50x
2026-03-13 08:05:07 | INFO | Abrupt Weather Change Detected: False
2026-03-13 08:05:07 | INFO | --- TREND ANALYSIS ---
2026-03-13 08:05:07 | INFO | Trend series (oldest -> latest):
2026-03-13 08:05:07 | INFO |   Block 38: 9.970 MW (source: INTRADAY_FALLBACK)
2026-03-13 08:05:07 | INFO |   Block 37: 8.970 MW (source: INTRADAY_FALLBACK)
2026-03-13 08:05:07 | INFO |   Block 36: 7.870 MW (source: INTRADAY_FALLBACK)
2026-03-13 08:05:07 | INFO |   Block 35: 6.730 MW (source: INTRADAY_FALLBACK)
2026-03-13 08:05:07 | INFO | Trend values used for slope calc: B38=9.970(INTRADAY_FALLBACK), B37=8.970(INTRADAY_FALLBACK), B36=7.870(INTRADAY_FALLBACK), B35=6.730(INTRADAY_FALLBACK)
2026-03-13 08:05:07 | INFO | Detected Trend Type: INCREASING
2026-03-13 08:05:07 | INFO | Trend Slope Percentage: 48.00%
2026-03-13 08:05:07 | INFO | Trend EPS Threshold: 1.50%
2026-03-13 08:05:07 | INFO | --- SCHEDULE CALCULATION ---
2026-03-13 08:05:07 | INFO | Condition Applied: CONDITION_3
2026-03-13 08:05:07 | INFO | Effective Base Forecast Used for Adjustments: 9.810 MW
2026-03-13 08:05:07 | INFO | Condition-3 (Phase-6) Applied:
2026-03-13 08:05:07 | INFO |   Forecast Mismatch: Intraday (10.900) != Day-ahead (10.390)
2026-03-13 08:05:07 | INFO |   Operation: ADD
2026-03-13 08:05:07 | INFO |   Base Adjustment %: 3.00%
2026-03-13 08:05:07 | INFO |   Irradiance Multiplier: 0.65x
2026-03-13 08:05:07 | INFO |   Temp Multiplier: 0.90x
2026-03-13 08:05:07 | INFO |   Wind Multiplier: 0.85x
2026-03-13 08:05:07 | INFO |   Weather Multiplier: 0.50x
2026-03-13 08:05:07 | INFO |   Final Adjustment %: 1.49%
2026-03-13 08:05:07 | INFO |   Calculation: 9.810 MW * (1 + 1.49% / 100)
2026-03-13 08:05:07 | INFO |   Formula (expanded): raw=9.8100*(1+1.4918/100)=9.9563
2026-03-13 08:05:07 | INFO | --- FINAL RESULT ---
2026-03-13 08:05:07 | INFO | Raw Schedule (before smoothing): 9.956 MW
2026-03-13 08:05:07 | INFO | Final Scheduled MW: 9.956 MW
2026-03-13 08:05:07 | INFO | Previous Schedule Value: 9.956 MW
2026-03-13 08:05:07 | INFO | --------------------------------------------------------------------------------
2026-03-13 08:05:07 | INFO | --------------------------------------------------------------------------------
2026-03-13 08:05:07 | INFO | BLOCK 40
2026-03-13 08:05:07 | INFO | --------------------------------------------------------------------------------
2026-03-13 08:05:07 | INFO | --- FORECAST DATA ---
2026-03-13 08:05:07 | INFO | Intraday Forecast (Enercast): 11.780 MW
2026-03-13 08:05:07 | INFO | Day-ahead Forecast (Enercast): 11.310 MW
2026-03-13 08:05:07 | INFO | Base Forecast (raw, before curtailment/shutdown): 10.602 MW
2026-03-13 08:05:07 | INFO | Base Forecast (used for schedule): 10.602 MW
2026-03-13 08:05:07 | INFO | Effective Base Forecast (after curtailment/shutdown): 10.602 MW
2026-03-13 08:05:07 | INFO | Plant Status: NORMAL
2026-03-13 08:05:07 | INFO | Effective Base Forecast = Base Forecast (raw) = 10.602 MW
2026-03-13 08:05:07 | INFO | --- WEATHER PARAMETERS ---
2026-03-13 08:05:07 | INFO | GTI: 587.0 W/m^2
2026-03-13 08:05:07 | INFO | DHI: 179.0 W/m^2
2026-03-13 08:05:07 | INFO | DNI: 0.0 W/m^2
2026-03-13 08:05:07 | INFO | Irradiance Ratio (GTI/MAX_GTI): 0.622
2026-03-13 08:05:07 | INFO | Diffuse Ratio (current): 0.305
2026-03-13 08:05:07 | INFO | Irradiance State: VARIABLE_CLEAR
2026-03-13 08:05:07 | INFO | Temp @ 2m: 29.52 C
2026-03-13 08:05:07 | INFO | Wind @ 10m: 4.02 m/s
2026-03-13 08:05:07 | INFO | Weather State: NORMAL
2026-03-13 08:05:07 | INFO | Dynamic Thresholds: cloud_thr=0.1016, shift_thr=0.1053
2026-03-13 08:05:07 | INFO | Multipliers: irradiance=0.65x, temp=0.90x, wind=0.90x
2026-03-13 08:05:07 | INFO | Weather Multiplier (combined): 0.53x
2026-03-13 08:05:07 | INFO | Abrupt Weather Change Detected: False
2026-03-13 08:05:07 | INFO | --- TREND ANALYSIS ---
2026-03-13 08:05:07 | INFO | Trend series (oldest -> latest):
2026-03-13 08:05:07 | INFO |   Block 39: 10.900 MW (source: INTRADAY_FALLBACK)
2026-03-13 08:05:07 | INFO |   Block 38: 9.970 MW (source: INTRADAY_FALLBACK)
2026-03-13 08:05:07 | INFO |   Block 37: 8.970 MW (source: INTRADAY_FALLBACK)
2026-03-13 08:05:07 | INFO |   Block 36: 7.870 MW (source: INTRADAY_FALLBACK)
2026-03-13 08:05:07 | INFO | Trend values used for slope calc: B39=10.900(INTRADAY_FALLBACK), B38=9.970(INTRADAY_FALLBACK), B37=8.970(INTRADAY_FALLBACK), B36=7.870(INTRADAY_FALLBACK)
2026-03-13 08:05:07 | INFO | Detected Trend Type: INCREASING
2026-03-13 08:05:07 | INFO | Trend Slope Percentage: 38.25%
2026-03-13 08:05:07 | INFO | Trend EPS Threshold: 1.50%
2026-03-13 08:05:07 | INFO | --- SCHEDULE CALCULATION ---
2026-03-13 08:05:07 | INFO | Condition Applied: CONDITION_3
2026-03-13 08:05:07 | INFO | Effective Base Forecast Used for Adjustments: 10.602 MW
2026-03-13 08:05:07 | INFO | Condition-3 (Phase-6) Applied:
2026-03-13 08:05:07 | INFO |   Forecast Mismatch: Intraday (11.780) != Day-ahead (11.310)
2026-03-13 08:05:07 | INFO |   Operation: ADD
2026-03-13 08:05:07 | INFO |   Base Adjustment %: 3.00%
2026-03-13 08:05:07 | INFO |   Irradiance Multiplier: 0.65x
2026-03-13 08:05:07 | INFO |   Temp Multiplier: 0.90x
2026-03-13 08:05:07 | INFO |   Wind Multiplier: 0.90x
2026-03-13 08:05:07 | INFO |   Weather Multiplier: 0.53x
2026-03-13 08:05:07 | INFO |   Final Adjustment %: 1.58%
2026-03-13 08:05:07 | INFO |   Calculation: 10.602 MW * (1 + 1.58% / 100)
2026-03-13 08:05:07 | INFO |   Formula (expanded): raw=10.6020*(1+1.5795/100)=10.7695
2026-03-13 08:05:07 | INFO | --- FINAL RESULT ---
2026-03-13 08:05:07 | INFO | Raw Schedule (before smoothing): 10.769 MW
2026-03-13 08:05:07 | INFO | Final Scheduled MW: 10.769 MW
2026-03-13 08:05:07 | INFO | Previous Schedule Value: 10.769 MW
2026-03-13 08:05:07 | INFO | --------------------------------------------------------------------------------
2026-03-13 08:05:07 | INFO | --------------------------------------------------------------------------------
2026-03-13 08:05:07 | INFO | BLOCK 41
2026-03-13 08:05:07 | INFO | --------------------------------------------------------------------------------
2026-03-13 08:05:07 | INFO | --- FORECAST DATA ---
2026-03-13 08:05:07 | INFO | Intraday Forecast (Enercast): 12.550 MW
2026-03-13 08:05:07 | INFO | Day-ahead Forecast (Enercast): 12.130 MW
2026-03-13 08:05:07 | INFO | Base Forecast (raw, before curtailment/shutdown): 11.295 MW
2026-03-13 08:05:07 | INFO | Base Forecast (used for schedule): 11.295 MW
2026-03-13 08:05:07 | INFO | Effective Base Forecast (after curtailment/shutdown): 11.295 MW
2026-03-13 08:05:07 | INFO | Plant Status: NORMAL
2026-03-13 08:05:07 | INFO | Effective Base Forecast = Base Forecast (raw) = 11.295 MW
2026-03-13 08:05:07 | INFO | --- WEATHER PARAMETERS ---
2026-03-13 08:05:07 | INFO | GTI: 633.0 W/m^2
2026-03-13 08:05:07 | INFO | DHI: 194.0 W/m^2
2026-03-13 08:05:07 | INFO | DNI: 0.0 W/m^2
2026-03-13 08:05:07 | INFO | Irradiance Ratio (GTI/MAX_GTI): 0.671
2026-03-13 08:05:07 | INFO | Diffuse Ratio (current): 0.306
2026-03-13 08:05:07 | INFO | Irradiance State: VARIABLE_CLEAR
2026-03-13 08:05:07 | INFO | Temp @ 2m: 30.02 C
2026-03-13 08:05:07 | INFO | Wind @ 10m: 5.41 m/s
2026-03-13 08:05:07 | INFO | Weather State: NORMAL
2026-03-13 08:05:07 | INFO | Dynamic Thresholds: cloud_thr=0.1016, shift_thr=0.1053
2026-03-13 08:05:07 | INFO | Multipliers: irradiance=0.65x, temp=0.90x, wind=0.95x
2026-03-13 08:05:07 | INFO | Weather Multiplier (combined): 0.56x
2026-03-13 08:05:07 | INFO | Abrupt Weather Change Detected: False
2026-03-13 08:05:07 | INFO | --- TREND ANALYSIS ---
2026-03-13 08:05:07 | INFO | Trend series (oldest -> latest):
2026-03-13 08:05:07 | INFO |   Block 40: 11.780 MW (source: INTRADAY_FALLBACK)
2026-03-13 08:05:07 | INFO |   Block 39: 10.900 MW (source: INTRADAY_FALLBACK)
2026-03-13 08:05:07 | INFO |   Block 38: 9.970 MW (source: INTRADAY_FALLBACK)
2026-03-13 08:05:07 | INFO |   Block 37: 8.970 MW (source: INTRADAY_FALLBACK)
2026-03-13 08:05:07 | INFO | Trend values used for slope calc: B40=11.780(INTRADAY_FALLBACK), B39=10.900(INTRADAY_FALLBACK), B38=9.970(INTRADAY_FALLBACK), B37=8.970(INTRADAY_FALLBACK)
2026-03-13 08:05:07 | INFO | Detected Trend Type: INCREASING
2026-03-13 08:05:07 | INFO | Trend Slope Percentage: 31.20%
2026-03-13 08:05:07 | INFO | Trend EPS Threshold: 1.50%
2026-03-13 08:05:07 | INFO | --- SCHEDULE CALCULATION ---
2026-03-13 08:05:07 | INFO | Condition Applied: CONDITION_3
2026-03-13 08:05:07 | INFO | Effective Base Forecast Used for Adjustments: 11.295 MW
2026-03-13 08:05:07 | INFO | Condition-3 (Phase-6) Applied:
2026-03-13 08:05:07 | INFO |   Forecast Mismatch: Intraday (12.550) != Day-ahead (12.130)
2026-03-13 08:05:07 | INFO |   Operation: ADD
2026-03-13 08:05:07 | INFO |   Base Adjustment %: 3.00%
2026-03-13 08:05:07 | INFO |   Irradiance Multiplier: 0.65x
2026-03-13 08:05:07 | INFO |   Temp Multiplier: 0.90x
2026-03-13 08:05:07 | INFO |   Wind Multiplier: 0.95x
2026-03-13 08:05:07 | INFO |   Weather Multiplier: 0.56x
2026-03-13 08:05:07 | INFO |   Final Adjustment %: 1.67%
2026-03-13 08:05:07 | INFO |   Calculation: 11.295 MW * (1 + 1.67% / 100)
2026-03-13 08:05:07 | INFO |   Formula (expanded): raw=11.2950*(1+1.6673/100)=11.4833
2026-03-13 08:05:07 | INFO | --- FINAL RESULT ---
2026-03-13 08:05:07 | INFO | Raw Schedule (before smoothing): 11.483 MW
2026-03-13 08:05:07 | INFO | Final Scheduled MW: 11.483 MW
2026-03-13 08:05:07 | INFO | Previous Schedule Value: 11.483 MW
2026-03-13 08:05:07 | INFO | --------------------------------------------------------------------------------
2026-03-13 08:05:07 | INFO | --------------------------------------------------------------------------------
2026-03-13 08:05:07 | INFO | BLOCK 42
2026-03-13 08:05:07 | INFO | --------------------------------------------------------------------------------
2026-03-13 08:05:07 | INFO | --- FORECAST DATA ---
2026-03-13 08:05:07 | INFO | Intraday Forecast (Enercast): 13.190 MW
2026-03-13 08:05:07 | INFO | Day-ahead Forecast (Enercast): 12.840 MW
2026-03-13 08:05:07 | INFO | Base Forecast (raw, before curtailment/shutdown): 11.871 MW
2026-03-13 08:05:07 | INFO | Base Forecast (used for schedule): 11.871 MW
2026-03-13 08:05:07 | INFO | Effective Base Forecast (after curtailment/shutdown): 11.871 MW
2026-03-13 08:05:07 | INFO | Plant Status: NORMAL
2026-03-13 08:05:07 | INFO | Effective Base Forecast = Base Forecast (raw) = 11.871 MW
2026-03-13 08:05:07 | INFO | --- WEATHER PARAMETERS ---
2026-03-13 08:05:07 | INFO | GTI: 679.0 W/m^2
2026-03-13 08:05:07 | INFO | DHI: 203.0 W/m^2
2026-03-13 08:05:07 | INFO | DNI: 0.0 W/m^2
2026-03-13 08:05:07 | INFO | Irradiance Ratio (GTI/MAX_GTI): 0.719
2026-03-13 08:05:07 | INFO | Diffuse Ratio (current): 0.299
2026-03-13 08:05:07 | INFO | Irradiance State: VARIABLE_CLEAR
2026-03-13 08:05:07 | INFO | Temp @ 2m: 30.57 C
2026-03-13 08:05:07 | INFO | Wind @ 10m: 6.84 m/s
2026-03-13 08:05:07 | INFO | Weather State: NORMAL
2026-03-13 08:05:07 | INFO | Dynamic Thresholds: cloud_thr=0.1016, shift_thr=0.1053
2026-03-13 08:05:07 | INFO | Multipliers: irradiance=0.65x, temp=0.90x, wind=0.95x
2026-03-13 08:05:07 | INFO | Weather Multiplier (combined): 0.56x
2026-03-13 08:05:07 | INFO | Abrupt Weather Change Detected: False
2026-03-13 08:05:07 | INFO | --- TREND ANALYSIS ---
2026-03-13 08:05:07 | INFO | Trend series (oldest -> latest):
2026-03-13 08:05:07 | INFO |   Block 41: 12.550 MW (source: INTRADAY_FALLBACK)
2026-03-13 08:05:07 | INFO |   Block 40: 11.780 MW (source: INTRADAY_FALLBACK)
2026-03-13 08:05:07 | INFO |   Block 39: 10.900 MW (source: INTRADAY_FALLBACK)
2026-03-13 08:05:07 | INFO |   Block 38: 9.970 MW (source: INTRADAY_FALLBACK)
2026-03-13 08:05:07 | INFO | Trend values used for slope calc: B41=12.550(INTRADAY_FALLBACK), B40=11.780(INTRADAY_FALLBACK), B39=10.900(INTRADAY_FALLBACK), B38=9.970(INTRADAY_FALLBACK)
2026-03-13 08:05:07 | INFO | Detected Trend Type: INCREASING
2026-03-13 08:05:07 | INFO | Trend Slope Percentage: 25.84%
2026-03-13 08:05:07 | INFO | Trend EPS Threshold: 1.50%
2026-03-13 08:05:07 | INFO | --- SCHEDULE CALCULATION ---
2026-03-13 08:05:07 | INFO | Condition Applied: CONDITION_3
2026-03-13 08:05:07 | INFO | Effective Base Forecast Used for Adjustments: 11.871 MW
2026-03-13 08:05:07 | INFO | Condition-3 (Phase-6) Applied:
2026-03-13 08:05:07 | INFO |   Forecast Mismatch: Intraday (13.190) != Day-ahead (12.840)
2026-03-13 08:05:07 | INFO |   Operation: ADD
2026-03-13 08:05:07 | INFO |   Base Adjustment %: 3.00%
2026-03-13 08:05:07 | INFO |   Irradiance Multiplier: 0.65x
2026-03-13 08:05:07 | INFO |   Temp Multiplier: 0.90x
2026-03-13 08:05:07 | INFO |   Wind Multiplier: 0.95x
2026-03-13 08:05:07 | INFO |   Weather Multiplier: 0.56x
2026-03-13 08:05:07 | INFO |   Final Adjustment %: 1.67%
2026-03-13 08:05:07 | INFO |   Calculation: 11.871 MW * (1 + 1.67% / 100)
2026-03-13 08:05:07 | INFO |   Formula (expanded): raw=11.8710*(1+1.6673/100)=12.0689
2026-03-13 08:05:07 | INFO | --- FINAL RESULT ---
2026-03-13 08:05:07 | INFO | Raw Schedule (before smoothing): 12.069 MW
2026-03-13 08:05:07 | INFO | Final Scheduled MW: 12.069 MW
2026-03-13 08:05:07 | INFO | Previous Schedule Value: 12.069 MW
2026-03-13 08:05:07 | INFO | --------------------------------------------------------------------------------
2026-03-13 08:05:07 | INFO | --------------------------------------------------------------------------------
2026-03-13 08:05:07 | INFO | BLOCK 43
2026-03-13 08:05:07 | INFO | --------------------------------------------------------------------------------
2026-03-13 08:05:07 | INFO | --- FORECAST DATA ---
2026-03-13 08:05:07 | INFO | Intraday Forecast (Enercast): 13.780 MW
2026-03-13 08:05:07 | INFO | Day-ahead Forecast (Enercast): 13.470 MW
2026-03-13 08:05:07 | INFO | Base Forecast (raw, before curtailment/shutdown): 12.402 MW
2026-03-13 08:05:07 | INFO | Base Forecast (used for schedule): 12.402 MW
2026-03-13 08:05:07 | INFO | Effective Base Forecast (after curtailment/shutdown): 12.402 MW
2026-03-13 08:05:07 | INFO | Plant Status: NORMAL
2026-03-13 08:05:07 | INFO | Effective Base Forecast = Base Forecast (raw) = 12.402 MW
2026-03-13 08:05:07 | INFO | --- WEATHER PARAMETERS ---
2026-03-13 08:05:07 | INFO | GTI: 726.0 W/m^2
2026-03-13 08:05:07 | INFO | DHI: 204.0 W/m^2
2026-03-13 08:05:07 | INFO | DNI: 0.0 W/m^2
2026-03-13 08:05:07 | INFO | Irradiance Ratio (GTI/MAX_GTI): 0.769
2026-03-13 08:05:07 | INFO | Diffuse Ratio (current): 0.281
2026-03-13 08:05:07 | INFO | Irradiance State: STABLE_CLEAR
2026-03-13 08:05:07 | INFO | Temp @ 2m: 31.07 C
2026-03-13 08:05:07 | INFO | Wind @ 10m: 8.29 m/s
2026-03-13 08:05:07 | INFO | Weather State: NORMAL
2026-03-13 08:05:07 | INFO | Dynamic Thresholds: cloud_thr=0.1016, shift_thr=0.1053
2026-03-13 08:05:07 | INFO | Multipliers: irradiance=0.85x, temp=0.90x, wind=0.95x
2026-03-13 08:05:07 | INFO | Weather Multiplier (combined): 0.73x
2026-03-13 08:05:07 | INFO | Abrupt Weather Change Detected: False
2026-03-13 08:05:07 | INFO | --- TREND ANALYSIS ---
2026-03-13 08:05:07 | INFO | Trend series (oldest -> latest):
2026-03-13 08:05:07 | INFO |   Block 42: 13.190 MW (source: INTRADAY_FALLBACK)
2026-03-13 08:05:07 | INFO |   Block 41: 12.550 MW (source: INTRADAY_FALLBACK)
2026-03-13 08:05:07 | INFO |   Block 40: 11.780 MW (source: INTRADAY_FALLBACK)
2026-03-13 08:05:07 | INFO |   Block 39: 10.900 MW (source: INTRADAY_FALLBACK)
2026-03-13 08:05:07 | INFO | Trend values used for slope calc: B42=13.190(INTRADAY_FALLBACK), B41=12.550(INTRADAY_FALLBACK), B40=11.780(INTRADAY_FALLBACK), B39=10.900(INTRADAY_FALLBACK)
2026-03-13 08:05:07 | INFO | Detected Trend Type: INCREASING
2026-03-13 08:05:07 | INFO | Trend Slope Percentage: 20.91%
2026-03-13 08:05:07 | INFO | Trend EPS Threshold: 1.50%
2026-03-13 08:05:07 | INFO | --- SCHEDULE CALCULATION ---
2026-03-13 08:05:07 | INFO | Condition Applied: CONDITION_3
2026-03-13 08:05:07 | INFO | Effective Base Forecast Used for Adjustments: 12.402 MW
2026-03-13 08:05:07 | INFO | Condition-3 (Phase-6) Applied:
2026-03-13 08:05:07 | INFO |   Forecast Mismatch: Intraday (13.780) != Day-ahead (13.470)
2026-03-13 08:05:07 | INFO |   Operation: ADD
2026-03-13 08:05:07 | INFO |   Base Adjustment %: 3.00%
2026-03-13 08:05:07 | INFO |   Irradiance Multiplier: 0.85x
2026-03-13 08:05:07 | INFO |   Temp Multiplier: 0.90x
2026-03-13 08:05:07 | INFO |   Wind Multiplier: 0.95x
2026-03-13 08:05:07 | INFO |   Weather Multiplier: 0.73x
2026-03-13 08:05:07 | INFO |   Final Adjustment %: 2.18%
2026-03-13 08:05:07 | INFO |   Calculation: 12.402 MW * (1 + 2.18% / 100)
2026-03-13 08:05:07 | INFO |   Formula (expanded): raw=12.4020*(1+2.1803/100)=12.6724
2026-03-13 08:05:07 | INFO | --- FINAL RESULT ---
2026-03-13 08:05:07 | INFO | Raw Schedule (before smoothing): 12.672 MW
2026-03-13 08:05:07 | INFO | Final Scheduled MW: 12.672 MW
2026-03-13 08:05:07 | INFO | Previous Schedule Value: 12.672 MW
2026-03-13 08:05:07 | INFO | --------------------------------------------------------------------------------
2026-03-13 08:05:07 | INFO | --------------------------------------------------------------------------------
2026-03-13 08:05:07 | INFO | BLOCK 44
2026-03-13 08:05:07 | INFO | --------------------------------------------------------------------------------
2026-03-13 08:05:07 | INFO | --- FORECAST DATA ---
2026-03-13 08:05:07 | INFO | Intraday Forecast (Enercast): 14.270 MW
2026-03-13 08:05:07 | INFO | Day-ahead Forecast (Enercast): 13.980 MW
2026-03-13 08:05:07 | INFO | Base Forecast (raw, before curtailment/shutdown): 12.843 MW
2026-03-13 08:05:07 | INFO | Base Forecast (used for schedule): 12.843 MW
2026-03-13 08:05:07 | INFO | Effective Base Forecast (after curtailment/shutdown): 12.843 MW
2026-03-13 08:05:07 | INFO | Plant Status: NORMAL
2026-03-13 08:05:07 | INFO | Effective Base Forecast = Base Forecast (raw) = 12.843 MW
2026-03-13 08:05:07 | INFO | --- WEATHER PARAMETERS ---
2026-03-13 08:05:07 | INFO | GTI: 771.0 W/m^2
2026-03-13 08:05:07 | INFO | DHI: 200.0 W/m^2
2026-03-13 08:05:07 | INFO | DNI: 0.0 W/m^2
2026-03-13 08:05:07 | INFO | Irradiance Ratio (GTI/MAX_GTI): 0.817
2026-03-13 08:05:07 | INFO | Diffuse Ratio (current): 0.259
2026-03-13 08:05:07 | INFO | Irradiance State: STABLE_CLEAR
2026-03-13 08:05:07 | INFO | Temp @ 2m: 31.62 C
2026-03-13 08:05:07 | INFO | Wind @ 10m: 9.00 m/s
2026-03-13 08:05:07 | INFO | Weather State: NORMAL
2026-03-13 08:05:07 | INFO | Dynamic Thresholds: cloud_thr=0.1016, shift_thr=0.1053
2026-03-13 08:05:07 | INFO | Multipliers: irradiance=0.85x, temp=0.90x, wind=0.95x
2026-03-13 08:05:07 | INFO | Weather Multiplier (combined): 0.73x
2026-03-13 08:05:07 | INFO | Abrupt Weather Change Detected: False
2026-03-13 08:05:07 | INFO | --- TREND ANALYSIS ---
2026-03-13 08:05:07 | INFO | Trend series (oldest -> latest):
2026-03-13 08:05:07 | INFO |   Block 43: 13.780 MW (source: INTRADAY_FALLBACK)
2026-03-13 08:05:07 | INFO |   Block 42: 13.190 MW (source: INTRADAY_FALLBACK)
2026-03-13 08:05:07 | INFO |   Block 41: 12.550 MW (source: INTRADAY_FALLBACK)
2026-03-13 08:05:07 | INFO |   Block 40: 11.780 MW (source: INTRADAY_FALLBACK)
2026-03-13 08:05:07 | INFO | Trend values used for slope calc: B43=13.780(INTRADAY_FALLBACK), B42=13.190(INTRADAY_FALLBACK), B41=12.550(INTRADAY_FALLBACK), B40=11.780(INTRADAY_FALLBACK)
2026-03-13 08:05:07 | INFO | Detected Trend Type: INCREASING
2026-03-13 08:05:07 | INFO | Trend Slope Percentage: 16.84%
2026-03-13 08:05:07 | INFO | Trend EPS Threshold: 1.50%
2026-03-13 08:05:07 | INFO | --- SCHEDULE CALCULATION ---
2026-03-13 08:05:07 | INFO | Condition Applied: CONDITION_3
2026-03-13 08:05:07 | INFO | Effective Base Forecast Used for Adjustments: 12.843 MW
2026-03-13 08:05:07 | INFO | Condition-3 (Phase-6) Applied:
2026-03-13 08:05:07 | INFO |   Forecast Mismatch: Intraday (14.270) != Day-ahead (13.980)
2026-03-13 08:05:07 | INFO |   Operation: ADD
2026-03-13 08:05:07 | INFO |   Base Adjustment %: 3.00%
2026-03-13 08:05:07 | INFO |   Irradiance Multiplier: 0.85x
2026-03-13 08:05:07 | INFO |   Temp Multiplier: 0.90x
2026-03-13 08:05:07 | INFO |   Wind Multiplier: 0.95x
2026-03-13 08:05:07 | INFO |   Weather Multiplier: 0.73x
2026-03-13 08:05:07 | INFO |   Final Adjustment %: 2.18%
2026-03-13 08:05:07 | INFO |   Calculation: 12.843 MW * (1 + 2.18% / 100)
2026-03-13 08:05:07 | INFO |   Formula (expanded): raw=12.8430*(1+2.1803/100)=13.1230
2026-03-13 08:05:07 | INFO | --- FINAL RESULT ---
2026-03-13 08:05:07 | INFO | Raw Schedule (before smoothing): 13.123 MW
2026-03-13 08:05:07 | INFO | Final Scheduled MW: 13.123 MW
2026-03-13 08:05:07 | INFO | Previous Schedule Value: 13.123 MW
2026-03-13 08:05:07 | INFO | --------------------------------------------------------------------------------
2026-03-13 08:05:07 | INFO | --------------------------------------------------------------------------------
2026-03-13 08:05:07 | INFO | BLOCK 45
2026-03-13 08:05:07 | INFO | --------------------------------------------------------------------------------
2026-03-13 08:05:07 | INFO | --- FORECAST DATA ---
2026-03-13 08:05:07 | INFO | Intraday Forecast (Enercast): 14.690 MW
2026-03-13 08:05:07 | INFO | Day-ahead Forecast (Enercast): 14.440 MW
2026-03-13 08:05:07 | INFO | Base Forecast (raw, before curtailment/shutdown): 13.221 MW
2026-03-13 08:05:07 | INFO | Base Forecast (used for schedule): 13.221 MW
2026-03-13 08:05:07 | INFO | Effective Base Forecast (after curtailment/shutdown): 13.221 MW
2026-03-13 08:05:07 | INFO | Plant Status: NORMAL
2026-03-13 08:05:07 | INFO | Effective Base Forecast = Base Forecast (raw) = 13.221 MW
2026-03-13 08:05:07 | INFO | --- WEATHER PARAMETERS ---
2026-03-13 08:05:07 | INFO | GTI: 812.0 W/m^2
2026-03-13 08:05:07 | INFO | DHI: 195.0 W/m^2
2026-03-13 08:05:07 | INFO | DNI: 0.0 W/m^2
2026-03-13 08:05:07 | INFO | Irradiance Ratio (GTI/MAX_GTI): 0.860
2026-03-13 08:05:07 | INFO | Diffuse Ratio (current): 0.240
2026-03-13 08:05:07 | INFO | Irradiance State: STABLE_CLEAR
2026-03-13 08:05:07 | INFO | Temp @ 2m: 32.17 C
2026-03-13 08:05:07 | INFO | Wind @ 10m: 9.73 m/s
2026-03-13 08:05:07 | INFO | Weather State: NORMAL
2026-03-13 08:05:07 | INFO | Dynamic Thresholds: cloud_thr=0.1016, shift_thr=0.1053
2026-03-13 08:05:07 | INFO | Multipliers: irradiance=0.85x, temp=0.90x, wind=0.95x
2026-03-13 08:05:07 | INFO | Weather Multiplier (combined): 0.73x
2026-03-13 08:05:07 | INFO | Abrupt Weather Change Detected: False
2026-03-13 08:05:07 | INFO | --- TREND ANALYSIS ---
2026-03-13 08:05:07 | INFO | Trend series (oldest -> latest):
2026-03-13 08:05:07 | INFO |   Block 44: 14.270 MW (source: INTRADAY_FALLBACK)
2026-03-13 08:05:07 | INFO |   Block 43: 13.780 MW (source: INTRADAY_FALLBACK)
2026-03-13 08:05:07 | INFO |   Block 42: 13.190 MW (source: INTRADAY_FALLBACK)
2026-03-13 08:05:07 | INFO |   Block 41: 12.550 MW (source: INTRADAY_FALLBACK)
2026-03-13 08:05:07 | INFO | Trend values used for slope calc: B44=14.270(INTRADAY_FALLBACK), B43=13.780(INTRADAY_FALLBACK), B42=13.190(INTRADAY_FALLBACK), B41=12.550(INTRADAY_FALLBACK)
2026-03-13 08:05:07 | INFO | Detected Trend Type: INCREASING
2026-03-13 08:05:07 | INFO | Trend Slope Percentage: 13.71%
2026-03-13 08:05:07 | INFO | Trend EPS Threshold: 1.50%
2026-03-13 08:05:07 | INFO | --- SCHEDULE CALCULATION ---
2026-03-13 08:05:07 | INFO | Condition Applied: CONDITION_3
2026-03-13 08:05:07 | INFO | Effective Base Forecast Used for Adjustments: 13.221 MW
2026-03-13 08:05:07 | INFO | Condition-3 (Phase-6) Applied:
2026-03-13 08:05:07 | INFO |   Forecast Mismatch: Intraday (14.690) != Day-ahead (14.440)
2026-03-13 08:05:07 | INFO |   Operation: ADD
2026-03-13 08:05:07 | INFO |   Base Adjustment %: 3.00%
2026-03-13 08:05:07 | INFO |   Irradiance Multiplier: 0.85x
2026-03-13 08:05:07 | INFO |   Temp Multiplier: 0.90x
2026-03-13 08:05:07 | INFO |   Wind Multiplier: 0.95x
2026-03-13 08:05:07 | INFO |   Weather Multiplier: 0.73x
2026-03-13 08:05:07 | INFO |   Final Adjustment %: 2.18%
2026-03-13 08:05:07 | INFO |   Calculation: 13.221 MW * (1 + 2.18% / 100)
2026-03-13 08:05:07 | INFO |   Formula (expanded): raw=13.2210*(1+2.1803/100)=13.5093
2026-03-13 08:05:07 | INFO | --- FINAL RESULT ---
2026-03-13 08:05:07 | INFO | Raw Schedule (before smoothing): 13.509 MW
2026-03-13 08:05:07 | INFO | Final Scheduled MW: 13.509 MW
2026-03-13 08:05:07 | INFO | Previous Schedule Value: 13.509 MW
2026-03-13 08:05:07 | INFO | --------------------------------------------------------------------------------
2026-03-13 08:05:07 | INFO | --------------------------------------------------------------------------------
2026-03-13 08:05:07 | INFO | BLOCK 46
2026-03-13 08:05:07 | INFO | --------------------------------------------------------------------------------
2026-03-13 08:05:07 | INFO | --- FORECAST DATA ---
2026-03-13 08:05:07 | INFO | Intraday Forecast (Enercast): 15.060 MW
2026-03-13 08:05:07 | INFO | Day-ahead Forecast (Enercast): 14.840 MW
2026-03-13 08:05:07 | INFO | Base Forecast (raw, before curtailment/shutdown): 13.554 MW
2026-03-13 08:05:07 | INFO | Base Forecast (used for schedule): 13.554 MW
2026-03-13 08:05:07 | INFO | Effective Base Forecast (after curtailment/shutdown): 13.554 MW
2026-03-13 08:05:07 | INFO | Plant Status: NORMAL
2026-03-13 08:05:07 | INFO | Effective Base Forecast = Base Forecast (raw) = 13.554 MW
2026-03-13 08:05:07 | INFO | --- WEATHER PARAMETERS ---
2026-03-13 08:05:07 | INFO | GTI: 847.0 W/m^2
2026-03-13 08:05:07 | INFO | DHI: 193.0 W/m^2
2026-03-13 08:05:07 | INFO | DNI: 0.0 W/m^2
2026-03-13 08:05:07 | INFO | Irradiance Ratio (GTI/MAX_GTI): 0.897
2026-03-13 08:05:07 | INFO | Diffuse Ratio (current): 0.228
2026-03-13 08:05:07 | INFO | Irradiance State: STABLE_CLEAR
2026-03-13 08:05:07 | INFO | Temp @ 2m: 32.67 C
2026-03-13 08:05:07 | INFO | Wind @ 10m: 10.50 m/s
2026-03-13 08:05:07 | INFO | Weather State: NORMAL
2026-03-13 08:05:07 | INFO | Dynamic Thresholds: cloud_thr=0.1016, shift_thr=0.1053
2026-03-13 08:05:07 | INFO | Multipliers: irradiance=0.85x, temp=0.90x, wind=0.95x
2026-03-13 08:05:07 | INFO | Weather Multiplier (combined): 0.73x
2026-03-13 08:05:07 | INFO | Abrupt Weather Change Detected: False
2026-03-13 08:05:07 | INFO | --- TREND ANALYSIS ---
2026-03-13 08:05:07 | INFO | Trend series (oldest -> latest):
2026-03-13 08:05:07 | INFO |   Block 45: 14.690 MW (source: INTRADAY_FALLBACK)
2026-03-13 08:05:07 | INFO |   Block 44: 14.270 MW (source: INTRADAY_FALLBACK)
2026-03-13 08:05:07 | INFO |   Block 43: 13.780 MW (source: INTRADAY_FALLBACK)
2026-03-13 08:05:07 | INFO |   Block 42: 13.190 MW (source: INTRADAY_FALLBACK)
2026-03-13 08:05:07 | INFO | Trend values used for slope calc: B45=14.690(INTRADAY_FALLBACK), B44=14.270(INTRADAY_FALLBACK), B43=13.780(INTRADAY_FALLBACK), B42=13.190(INTRADAY_FALLBACK)
2026-03-13 08:05:07 | INFO | Detected Trend Type: INCREASING
2026-03-13 08:05:07 | INFO | Trend Slope Percentage: 11.31%
2026-03-13 08:05:07 | INFO | Trend EPS Threshold: 1.50%
2026-03-13 08:05:07 | INFO | --- SCHEDULE CALCULATION ---
2026-03-13 08:05:07 | INFO | Condition Applied: CONDITION_3
2026-03-13 08:05:07 | INFO | Effective Base Forecast Used for Adjustments: 13.554 MW
2026-03-13 08:05:07 | INFO | Condition-3 (Phase-6) Applied:
2026-03-13 08:05:07 | INFO |   Forecast Mismatch: Intraday (15.060) != Day-ahead (14.840)
2026-03-13 08:05:07 | INFO |   Operation: ADD
2026-03-13 08:05:07 | INFO |   Base Adjustment %: 3.00%
2026-03-13 08:05:07 | INFO |   Irradiance Multiplier: 0.85x
2026-03-13 08:05:07 | INFO |   Temp Multiplier: 0.90x
2026-03-13 08:05:07 | INFO |   Wind Multiplier: 0.95x
2026-03-13 08:05:07 | INFO |   Weather Multiplier: 0.73x
2026-03-13 08:05:07 | INFO |   Final Adjustment %: 2.18%
2026-03-13 08:05:07 | INFO |   Calculation: 13.554 MW * (1 + 2.18% / 100)
2026-03-13 08:05:07 | INFO |   Formula (expanded): raw=13.5540*(1+2.1803/100)=13.8495
2026-03-13 08:05:07 | INFO | --- FINAL RESULT ---
2026-03-13 08:05:07 | INFO | Raw Schedule (before smoothing): 13.850 MW
2026-03-13 08:05:07 | INFO | Final Scheduled MW: 13.850 MW
2026-03-13 08:05:07 | INFO | Previous Schedule Value: 13.850 MW
2026-03-13 08:05:07 | INFO | --------------------------------------------------------------------------------
2026-03-13 08:05:07 | INFO | --------------------------------------------------------------------------------
2026-03-13 08:05:07 | INFO | BLOCK 47
2026-03-13 08:05:07 | INFO | --------------------------------------------------------------------------------
2026-03-13 08:05:07 | INFO | --- FORECAST DATA ---
2026-03-13 08:05:07 | INFO | Intraday Forecast (Enercast): 15.360 MW
2026-03-13 08:05:07 | INFO | Day-ahead Forecast (Enercast): 15.160 MW
2026-03-13 08:05:07 | INFO | Base Forecast (raw, before curtailment/shutdown): 13.824 MW
2026-03-13 08:05:07 | INFO | Base Forecast (used for schedule): 13.824 MW
2026-03-13 08:05:07 | INFO | Effective Base Forecast (after curtailment/shutdown): 13.824 MW
2026-03-13 08:05:07 | INFO | Plant Status: NORMAL
2026-03-13 08:05:07 | INFO | Effective Base Forecast = Base Forecast (raw) = 13.824 MW
2026-03-13 08:05:07 | INFO | --- WEATHER PARAMETERS ---
2026-03-13 08:05:07 | INFO | GTI: 874.0 W/m^2
2026-03-13 08:05:07 | INFO | DHI: 192.0 W/m^2
2026-03-13 08:05:07 | INFO | DNI: 0.0 W/m^2
2026-03-13 08:05:07 | INFO | Irradiance Ratio (GTI/MAX_GTI): 0.926
2026-03-13 08:05:07 | INFO | Diffuse Ratio (current): 0.220
2026-03-13 08:05:07 | INFO | Irradiance State: STABLE_CLEAR
2026-03-13 08:05:07 | INFO | Temp @ 2m: 33.17 C
2026-03-13 08:05:07 | INFO | Wind @ 10m: 11.25 m/s
2026-03-13 08:05:07 | INFO | Weather State: NORMAL
2026-03-13 08:05:07 | INFO | Dynamic Thresholds: cloud_thr=0.1016, shift_thr=0.1053
2026-03-13 08:05:07 | INFO | Multipliers: irradiance=0.85x, temp=0.90x, wind=0.95x
2026-03-13 08:05:07 | INFO | Weather Multiplier (combined): 0.73x
2026-03-13 08:05:07 | INFO | Abrupt Weather Change Detected: False
2026-03-13 08:05:07 | INFO | --- TREND ANALYSIS ---
2026-03-13 08:05:07 | INFO | Trend series (oldest -> latest):
2026-03-13 08:05:07 | INFO |   Block 46: 15.060 MW (source: INTRADAY_FALLBACK)
2026-03-13 08:05:07 | INFO |   Block 45: 14.690 MW (source: INTRADAY_FALLBACK)
2026-03-13 08:05:07 | INFO |   Block 44: 14.270 MW (source: INTRADAY_FALLBACK)
2026-03-13 08:05:07 | INFO |   Block 43: 13.780 MW (source: INTRADAY_FALLBACK)
2026-03-13 08:05:07 | INFO | Trend values used for slope calc: B46=15.060(INTRADAY_FALLBACK), B45=14.690(INTRADAY_FALLBACK), B44=14.270(INTRADAY_FALLBACK), B43=13.780(INTRADAY_FALLBACK)
2026-03-13 08:05:07 | INFO | Detected Trend Type: INCREASING
2026-03-13 08:05:07 | INFO | Trend Slope Percentage: 9.25%
2026-03-13 08:05:07 | INFO | Trend EPS Threshold: 1.50%
2026-03-13 08:05:07 | INFO | --- SCHEDULE CALCULATION ---
2026-03-13 08:05:07 | INFO | Condition Applied: CONDITION_3
2026-03-13 08:05:07 | INFO | Effective Base Forecast Used for Adjustments: 13.824 MW
2026-03-13 08:05:07 | INFO | Condition-3 (Phase-6) Applied:
2026-03-13 08:05:07 | INFO |   Forecast Mismatch: Intraday (15.360) != Day-ahead (15.160)
2026-03-13 08:05:07 | INFO |   Operation: ADD
2026-03-13 08:05:07 | INFO |   Base Adjustment %: 3.00%
2026-03-13 08:05:07 | INFO |   Irradiance Multiplier: 0.85x
2026-03-13 08:05:07 | INFO |   Temp Multiplier: 0.90x
2026-03-13 08:05:07 | INFO |   Wind Multiplier: 0.95x
2026-03-13 08:05:07 | INFO |   Weather Multiplier: 0.73x
2026-03-13 08:05:07 | INFO |   Final Adjustment %: 2.18%
2026-03-13 08:05:07 | INFO |   Calculation: 13.824 MW * (1 + 2.18% / 100)
2026-03-13 08:05:07 | INFO |   Formula (expanded): raw=13.8240*(1+2.1803/100)=14.1254
2026-03-13 08:05:07 | INFO | --- FINAL RESULT ---
2026-03-13 08:05:07 | INFO | Raw Schedule (before smoothing): 14.125 MW
2026-03-13 08:05:07 | INFO | Final Scheduled MW: 14.125 MW
2026-03-13 08:05:07 | INFO | Previous Schedule Value: 14.125 MW
2026-03-13 08:05:07 | INFO | --------------------------------------------------------------------------------
2026-03-13 08:05:07 | INFO | --------------------------------------------------------------------------------
2026-03-13 08:05:07 | INFO | BLOCK 48
2026-03-13 08:05:07 | INFO | --------------------------------------------------------------------------------
2026-03-13 08:05:07 | INFO | --- FORECAST DATA ---
2026-03-13 08:05:07 | INFO | Intraday Forecast (Enercast): 15.620 MW
2026-03-13 08:05:07 | INFO | Day-ahead Forecast (Enercast): 15.440 MW
2026-03-13 08:05:07 | INFO | Base Forecast (raw, before curtailment/shutdown): 14.058 MW
2026-03-13 08:05:07 | INFO | Base Forecast (used for schedule): 14.058 MW
2026-03-13 08:05:07 | INFO | Effective Base Forecast (after curtailment/shutdown): 14.058 MW
2026-03-13 08:05:07 | INFO | Plant Status: NORMAL
2026-03-13 08:05:07 | INFO | Effective Base Forecast = Base Forecast (raw) = 14.058 MW
2026-03-13 08:05:07 | INFO | --- WEATHER PARAMETERS ---
2026-03-13 08:05:07 | INFO | GTI: 896.0 W/m^2
2026-03-13 08:05:07 | INFO | DHI: 192.0 W/m^2
2026-03-13 08:05:07 | INFO | DNI: 0.0 W/m^2
2026-03-13 08:05:07 | INFO | Irradiance Ratio (GTI/MAX_GTI): 0.949
2026-03-13 08:05:07 | INFO | Diffuse Ratio (current): 0.214
2026-03-13 08:05:07 | INFO | Irradiance State: STABLE_CLEAR
2026-03-13 08:05:07 | INFO | Temp @ 2m: 33.57 C
2026-03-13 08:05:07 | INFO | Wind @ 10m: 11.97 m/s
2026-03-13 08:05:07 | INFO | Weather State: NORMAL
2026-03-13 08:05:07 | INFO | Dynamic Thresholds: cloud_thr=0.1016, shift_thr=0.1053
2026-03-13 08:05:07 | INFO | Multipliers: irradiance=0.85x, temp=0.90x, wind=0.95x
2026-03-13 08:05:07 | INFO | Weather Multiplier (combined): 0.73x
2026-03-13 08:05:07 | INFO | Abrupt Weather Change Detected: False
2026-03-13 08:05:07 | INFO | --- TREND ANALYSIS ---
2026-03-13 08:05:07 | INFO | Trend series (oldest -> latest):
2026-03-13 08:05:07 | INFO |   Block 47: 15.360 MW (source: INTRADAY_FALLBACK)
2026-03-13 08:05:07 | INFO |   Block 46: 15.060 MW (source: INTRADAY_FALLBACK)
2026-03-13 08:05:07 | INFO |   Block 45: 14.690 MW (source: INTRADAY_FALLBACK)
2026-03-13 08:05:07 | INFO |   Block 44: 14.270 MW (source: INTRADAY_FALLBACK)
2026-03-13 08:05:07 | INFO | Trend values used for slope calc: B47=15.360(INTRADAY_FALLBACK), B46=15.060(INTRADAY_FALLBACK), B45=14.690(INTRADAY_FALLBACK), B44=14.270(INTRADAY_FALLBACK)
2026-03-13 08:05:07 | INFO | Detected Trend Type: INCREASING
2026-03-13 08:05:07 | INFO | Trend Slope Percentage: 7.64%
2026-03-13 08:05:07 | INFO | Trend EPS Threshold: 1.50%
2026-03-13 08:05:07 | INFO | --- SCHEDULE CALCULATION ---
2026-03-13 08:05:07 | INFO | Condition Applied: CONDITION_3
2026-03-13 08:05:07 | INFO | Effective Base Forecast Used for Adjustments: 14.058 MW
2026-03-13 08:05:07 | INFO | Condition-3 (Phase-6) Applied:
2026-03-13 08:05:07 | INFO |   Forecast Mismatch: Intraday (15.620) != Day-ahead (15.440)
2026-03-13 08:05:07 | INFO |   Operation: ADD
2026-03-13 08:05:07 | INFO |   Base Adjustment %: 3.00%
2026-03-13 08:05:07 | INFO |   Irradiance Multiplier: 0.85x
2026-03-13 08:05:07 | INFO |   Temp Multiplier: 0.90x
2026-03-13 08:05:07 | INFO |   Wind Multiplier: 0.95x
2026-03-13 08:05:07 | INFO |   Weather Multiplier: 0.73x
2026-03-13 08:05:07 | INFO |   Final Adjustment %: 2.18%
2026-03-13 08:05:07 | INFO |   Calculation: 14.058 MW * (1 + 2.18% / 100)
2026-03-13 08:05:07 | INFO |   Formula (expanded): raw=14.0580*(1+2.1803/100)=14.3645
2026-03-13 08:05:07 | INFO | --- FINAL RESULT ---
2026-03-13 08:05:07 | INFO | Raw Schedule (before smoothing): 14.364 MW
2026-03-13 08:05:07 | INFO | Final Scheduled MW: 14.364 MW
2026-03-13 08:05:07 | INFO | Previous Schedule Value: 14.364 MW
2026-03-13 08:05:07 | INFO | --------------------------------------------------------------------------------
2026-03-13 08:05:07 | INFO | --------------------------------------------------------------------------------
2026-03-13 08:05:07 | INFO | BLOCK 49
2026-03-13 08:05:07 | INFO | --------------------------------------------------------------------------------
2026-03-13 08:05:07 | INFO | --- FORECAST DATA ---
2026-03-13 08:05:07 | INFO | Intraday Forecast (Enercast): 15.820 MW
2026-03-13 08:05:07 | INFO | Day-ahead Forecast (Enercast): 15.670 MW
2026-03-13 08:05:07 | INFO | Base Forecast (raw, before curtailment/shutdown): 14.238 MW
2026-03-13 08:05:07 | INFO | Base Forecast (used for schedule): 14.238 MW
2026-03-13 08:05:07 | INFO | Effective Base Forecast (after curtailment/shutdown): 14.238 MW
2026-03-13 08:05:07 | INFO | Plant Status: NORMAL
2026-03-13 08:05:07 | INFO | Effective Base Forecast = Base Forecast (raw) = 14.238 MW
2026-03-13 08:05:07 | INFO | --- WEATHER PARAMETERS ---
2026-03-13 08:05:07 | INFO | GTI: 914.0 W/m^2
2026-03-13 08:05:07 | INFO | DHI: 191.0 W/m^2
2026-03-13 08:05:07 | INFO | DNI: 0.0 W/m^2
2026-03-13 08:05:07 | INFO | Irradiance Ratio (GTI/MAX_GTI): 0.968
2026-03-13 08:05:07 | INFO | Diffuse Ratio (current): 0.209
2026-03-13 08:05:07 | INFO | Irradiance State: STABLE_CLEAR
2026-03-13 08:05:07 | INFO | Temp @ 2m: 33.97 C
2026-03-13 08:05:07 | INFO | Wind @ 10m: 12.73 m/s
2026-03-13 08:05:07 | INFO | Weather State: NORMAL
2026-03-13 08:05:07 | INFO | Dynamic Thresholds: cloud_thr=0.1016, shift_thr=0.1053
2026-03-13 08:05:07 | INFO | Multipliers: irradiance=0.85x, temp=0.90x, wind=0.95x
2026-03-13 08:05:07 | INFO | Weather Multiplier (combined): 0.73x
2026-03-13 08:05:07 | INFO | Abrupt Weather Change Detected: False
2026-03-13 08:05:07 | INFO | --- TREND ANALYSIS ---
2026-03-13 08:05:07 | INFO | Trend series (oldest -> latest):
2026-03-13 08:05:07 | INFO |   Block 48: 15.620 MW (source: INTRADAY_FALLBACK)
2026-03-13 08:05:07 | INFO |   Block 47: 15.360 MW (source: INTRADAY_FALLBACK)
2026-03-13 08:05:07 | INFO |   Block 46: 15.060 MW (source: INTRADAY_FALLBACK)
2026-03-13 08:05:07 | INFO |   Block 45: 14.690 MW (source: INTRADAY_FALLBACK)
2026-03-13 08:05:07 | INFO | Trend values used for slope calc: B48=15.620(INTRADAY_FALLBACK), B47=15.360(INTRADAY_FALLBACK), B46=15.060(INTRADAY_FALLBACK), B45=14.690(INTRADAY_FALLBACK)
2026-03-13 08:05:07 | INFO | Detected Trend Type: INCREASING
2026-03-13 08:05:07 | INFO | Trend Slope Percentage: 6.30%
2026-03-13 08:05:07 | INFO | Trend EPS Threshold: 1.50%
2026-03-13 08:05:07 | INFO | --- SCHEDULE CALCULATION ---
2026-03-13 08:05:07 | INFO | Condition Applied: CONDITION_3
2026-03-13 08:05:07 | INFO | Effective Base Forecast Used for Adjustments: 14.238 MW
2026-03-13 08:05:07 | INFO | Condition-3 (Phase-6) Applied:
2026-03-13 08:05:07 | INFO |   Forecast Mismatch: Intraday (15.820) != Day-ahead (15.670)
2026-03-13 08:05:07 | INFO |   Operation: ADD
2026-03-13 08:05:07 | INFO |   Base Adjustment %: 3.00%
2026-03-13 08:05:07 | INFO |   Irradiance Multiplier: 0.85x
2026-03-13 08:05:07 | INFO |   Temp Multiplier: 0.90x
2026-03-13 08:05:07 | INFO |   Wind Multiplier: 0.95x
2026-03-13 08:05:07 | INFO |   Weather Multiplier: 0.73x
2026-03-13 08:05:07 | INFO |   Final Adjustment %: 2.18%
2026-03-13 08:05:07 | INFO |   Calculation: 14.238 MW * (1 + 2.18% / 100)
2026-03-13 08:05:07 | INFO |   Formula (expanded): raw=14.2380*(1+2.1803/100)=14.5484
2026-03-13 08:05:07 | INFO | --- FINAL RESULT ---
2026-03-13 08:05:07 | INFO | Raw Schedule (before smoothing): 14.548 MW
2026-03-13 08:05:07 | INFO | Final Scheduled MW: 14.548 MW
2026-03-13 08:05:07 | INFO | Previous Schedule Value: 14.548 MW
2026-03-13 08:05:07 | INFO | --------------------------------------------------------------------------------
2026-03-13 08:05:07 | INFO | --------------------------------------------------------------------------------
2026-03-13 08:05:07 | INFO | BLOCK 50
2026-03-13 08:05:07 | INFO | --------------------------------------------------------------------------------
2026-03-13 08:05:07 | INFO | --- FORECAST DATA ---
2026-03-13 08:05:07 | INFO | Intraday Forecast (Enercast): 15.930 MW
2026-03-13 08:05:07 | INFO | Day-ahead Forecast (Enercast): 15.780 MW
2026-03-13 08:05:07 | INFO | Base Forecast (raw, before curtailment/shutdown): 14.337 MW
2026-03-13 08:05:07 | INFO | Base Forecast (used for schedule): 14.337 MW
2026-03-13 08:05:07 | INFO | Effective Base Forecast (after curtailment/shutdown): 14.337 MW
2026-03-13 08:05:07 | INFO | Plant Status: NORMAL
2026-03-13 08:05:07 | INFO | Effective Base Forecast = Base Forecast (raw) = 14.337 MW
2026-03-13 08:05:07 | INFO | --- WEATHER PARAMETERS ---
2026-03-13 08:05:07 | INFO | GTI: 928.0 W/m^2
2026-03-13 08:05:07 | INFO | DHI: 188.0 W/m^2
2026-03-13 08:05:07 | INFO | DNI: 0.0 W/m^2
2026-03-13 08:05:07 | INFO | Irradiance Ratio (GTI/MAX_GTI): 0.983
2026-03-13 08:05:07 | INFO | Diffuse Ratio (current): 0.203
2026-03-13 08:05:07 | INFO | Irradiance State: STABLE_CLEAR
2026-03-13 08:05:07 | INFO | Temp @ 2m: 34.32 C
2026-03-13 08:05:07 | INFO | Wind @ 10m: 13.44 m/s
2026-03-13 08:05:07 | INFO | Weather State: NORMAL
2026-03-13 08:05:07 | INFO | Dynamic Thresholds: cloud_thr=0.1016, shift_thr=0.1053
2026-03-13 08:05:07 | INFO | Multipliers: irradiance=0.85x, temp=0.90x, wind=0.95x
2026-03-13 08:05:07 | INFO | Weather Multiplier (combined): 0.73x
2026-03-13 08:05:07 | INFO | Abrupt Weather Change Detected: False
2026-03-13 08:05:07 | INFO | --- TREND ANALYSIS ---
2026-03-13 08:05:07 | INFO | Trend series (oldest -> latest):
2026-03-13 08:05:07 | INFO |   Block 49: 15.820 MW (source: INTRADAY_FALLBACK)
2026-03-13 08:05:07 | INFO |   Block 48: 15.620 MW (source: INTRADAY_FALLBACK)
2026-03-13 08:05:07 | INFO |   Block 47: 15.360 MW (source: INTRADAY_FALLBACK)
2026-03-13 08:05:07 | INFO |   Block 46: 15.060 MW (source: INTRADAY_FALLBACK)
2026-03-13 08:05:07 | INFO | Trend values used for slope calc: B49=15.820(INTRADAY_FALLBACK), B48=15.620(INTRADAY_FALLBACK), B47=15.360(INTRADAY_FALLBACK), B46=15.060(INTRADAY_FALLBACK)
2026-03-13 08:05:07 | INFO | Detected Trend Type: INCREASING
2026-03-13 08:05:07 | INFO | Trend Slope Percentage: 5.05%
2026-03-13 08:05:07 | INFO | Trend EPS Threshold: 1.50%
2026-03-13 08:05:07 | INFO | --- SCHEDULE CALCULATION ---
2026-03-13 08:05:07 | INFO | Condition Applied: CONDITION_3
2026-03-13 08:05:07 | INFO | Effective Base Forecast Used for Adjustments: 14.337 MW
2026-03-13 08:05:07 | INFO | Condition-3 (Phase-6) Applied:
2026-03-13 08:05:07 | INFO |   Forecast Mismatch: Intraday (15.930) != Day-ahead (15.780)
2026-03-13 08:05:07 | INFO |   Operation: ADD
2026-03-13 08:05:07 | INFO |   Base Adjustment %: 2.00%
2026-03-13 08:05:07 | INFO |   Irradiance Multiplier: 0.85x
2026-03-13 08:05:07 | INFO |   Temp Multiplier: 0.90x
2026-03-13 08:05:07 | INFO |   Wind Multiplier: 0.95x
2026-03-13 08:05:07 | INFO |   Weather Multiplier: 0.73x
2026-03-13 08:05:07 | INFO |   Final Adjustment %: 1.45%
2026-03-13 08:05:07 | INFO |   Calculation: 14.337 MW * (1 + 1.45% / 100)
2026-03-13 08:05:07 | INFO |   Formula (expanded): raw=14.3370*(1+1.4535/100)=14.5454
2026-03-13 08:05:07 | INFO | --- FINAL RESULT ---
2026-03-13 08:05:07 | INFO | Raw Schedule (before smoothing): 14.545 MW
2026-03-13 08:05:07 | INFO | Final Scheduled MW: 14.545 MW
2026-03-13 08:05:07 | INFO | Previous Schedule Value: 14.545 MW
2026-03-13 08:05:07 | INFO | --------------------------------------------------------------------------------
2026-03-13 08:05:07 | INFO | --------------------------------------------------------------------------------
2026-03-13 08:05:07 | INFO | BLOCK 51
2026-03-13 08:05:07 | INFO | --------------------------------------------------------------------------------
2026-03-13 08:05:07 | INFO | --- FORECAST DATA ---
2026-03-13 08:05:07 | INFO | Intraday Forecast (Enercast): 15.980 MW
2026-03-13 08:05:07 | INFO | Day-ahead Forecast (Enercast): 15.840 MW
2026-03-13 08:05:07 | INFO | Base Forecast (raw, before curtailment/shutdown): 14.382 MW
2026-03-13 08:05:07 | INFO | Base Forecast (used for schedule): 14.382 MW
2026-03-13 08:05:07 | INFO | Effective Base Forecast (after curtailment/shutdown): 14.382 MW
2026-03-13 08:05:07 | INFO | Plant Status: NORMAL
2026-03-13 08:05:07 | INFO | Effective Base Forecast = Base Forecast (raw) = 14.382 MW
2026-03-13 08:05:07 | INFO | --- WEATHER PARAMETERS ---
2026-03-13 08:05:07 | INFO | GTI: 938.0 W/m^2
2026-03-13 08:05:07 | INFO | DHI: 186.0 W/m^2
2026-03-13 08:05:07 | INFO | DNI: 0.0 W/m^2
2026-03-13 08:05:07 | INFO | Irradiance Ratio (GTI/MAX_GTI): 0.994
2026-03-13 08:05:07 | INFO | Diffuse Ratio (current): 0.198
2026-03-13 08:05:07 | INFO | Irradiance State: STABLE_CLEAR
2026-03-13 08:05:07 | INFO | Temp @ 2m: 34.62 C
2026-03-13 08:05:07 | INFO | Wind @ 10m: 14.51 m/s
2026-03-13 08:05:07 | INFO | Weather State: NORMAL
2026-03-13 08:05:07 | INFO | Dynamic Thresholds: cloud_thr=0.1016, shift_thr=0.1053
2026-03-13 08:05:07 | INFO | Multipliers: irradiance=0.85x, temp=0.90x, wind=0.95x
2026-03-13 08:05:07 | INFO | Weather Multiplier (combined): 0.73x
2026-03-13 08:05:07 | INFO | Abrupt Weather Change Detected: False
2026-03-13 08:05:07 | INFO | --- TREND ANALYSIS ---
2026-03-13 08:05:07 | INFO | Trend series (oldest -> latest):
2026-03-13 08:05:07 | INFO |   Block 50: 15.930 MW (source: INTRADAY_FALLBACK)
2026-03-13 08:05:07 | INFO |   Block 49: 15.820 MW (source: INTRADAY_FALLBACK)
2026-03-13 08:05:07 | INFO |   Block 48: 15.620 MW (source: INTRADAY_FALLBACK)
2026-03-13 08:05:07 | INFO |   Block 47: 15.360 MW (source: INTRADAY_FALLBACK)
2026-03-13 08:05:07 | INFO | Trend values used for slope calc: B50=15.930(INTRADAY_FALLBACK), B49=15.820(INTRADAY_FALLBACK), B48=15.620(INTRADAY_FALLBACK), B47=15.360(INTRADAY_FALLBACK)
2026-03-13 08:05:07 | INFO | Detected Trend Type: INCREASING
2026-03-13 08:05:07 | INFO | Trend Slope Percentage: 3.72%
2026-03-13 08:05:07 | INFO | Trend EPS Threshold: 1.50%
2026-03-13 08:05:07 | INFO | --- SCHEDULE CALCULATION ---
2026-03-13 08:05:07 | INFO | Condition Applied: CONDITION_3
2026-03-13 08:05:07 | INFO | Effective Base Forecast Used for Adjustments: 14.382 MW
2026-03-13 08:05:07 | INFO | Condition-3 (Phase-6) Applied:
2026-03-13 08:05:07 | INFO |   Forecast Mismatch: Intraday (15.980) != Day-ahead (15.840)
2026-03-13 08:05:07 | INFO |   Operation: ADD
2026-03-13 08:05:07 | INFO |   Base Adjustment %: 1.00%
2026-03-13 08:05:07 | INFO |   Irradiance Multiplier: 0.85x
2026-03-13 08:05:07 | INFO |   Temp Multiplier: 0.90x
2026-03-13 08:05:07 | INFO |   Wind Multiplier: 0.95x
2026-03-13 08:05:07 | INFO |   Weather Multiplier: 0.73x
2026-03-13 08:05:07 | INFO |   Final Adjustment %: 0.73%
2026-03-13 08:05:07 | INFO |   Calculation: 14.382 MW * (1 + 0.73% / 100)
2026-03-13 08:05:07 | INFO |   Formula (expanded): raw=14.3820*(1+0.7268/100)=14.4865
2026-03-13 08:05:07 | INFO | --- FINAL RESULT ---
2026-03-13 08:05:07 | INFO | Raw Schedule (before smoothing): 14.487 MW
2026-03-13 08:05:07 | INFO | Final Scheduled MW: 14.487 MW
2026-03-13 08:05:07 | INFO | Previous Schedule Value: 14.487 MW
2026-03-13 08:05:07 | INFO | --------------------------------------------------------------------------------
2026-03-13 08:05:07 | INFO | --------------------------------------------------------------------------------
2026-03-13 08:05:07 | INFO | BLOCK 52
2026-03-13 08:05:07 | INFO | --------------------------------------------------------------------------------
2026-03-13 08:05:07 | INFO | --- FORECAST DATA ---
2026-03-13 08:05:07 | INFO | Intraday Forecast (Enercast): 16.000 MW
2026-03-13 08:05:07 | INFO | Day-ahead Forecast (Enercast): 15.850 MW
2026-03-13 08:05:07 | INFO | Base Forecast (raw, before curtailment/shutdown): 14.400 MW
2026-03-13 08:05:07 | INFO | Base Forecast (used for schedule): 14.400 MW
2026-03-13 08:05:07 | INFO | Effective Base Forecast (after curtailment/shutdown): 14.400 MW
2026-03-13 08:05:07 | INFO | Plant Status: NORMAL
2026-03-13 08:05:07 | INFO | Effective Base Forecast = Base Forecast (raw) = 14.400 MW
2026-03-13 08:05:07 | INFO | --- WEATHER PARAMETERS ---
2026-03-13 08:05:07 | INFO | GTI: 943.0 W/m^2
2026-03-13 08:05:07 | INFO | DHI: 183.0 W/m^2
2026-03-13 08:05:07 | INFO | DNI: 0.0 W/m^2
2026-03-13 08:05:07 | INFO | Irradiance Ratio (GTI/MAX_GTI): 0.999
2026-03-13 08:05:07 | INFO | Diffuse Ratio (current): 0.194
2026-03-13 08:05:07 | INFO | Irradiance State: STABLE_CLEAR
2026-03-13 08:05:07 | INFO | Temp @ 2m: 34.87 C
2026-03-13 08:05:07 | INFO | Wind @ 10m: 15.63 m/s
2026-03-13 08:05:07 | INFO | Weather State: NORMAL
2026-03-13 08:05:07 | INFO | Dynamic Thresholds: cloud_thr=0.1016, shift_thr=0.1053
2026-03-13 08:05:07 | INFO | Multipliers: irradiance=0.85x, temp=0.90x, wind=0.95x
2026-03-13 08:05:07 | INFO | Weather Multiplier (combined): 0.73x
2026-03-13 08:05:07 | INFO | Abrupt Weather Change Detected: False
2026-03-13 08:05:07 | INFO | --- TREND ANALYSIS ---
2026-03-13 08:05:07 | INFO | Trend series (oldest -> latest):
2026-03-13 08:05:07 | INFO |   Block 51: 15.980 MW (source: INTRADAY_FALLBACK)
2026-03-13 08:05:07 | INFO |   Block 50: 15.930 MW (source: INTRADAY_FALLBACK)
2026-03-13 08:05:07 | INFO |   Block 49: 15.820 MW (source: INTRADAY_FALLBACK)
2026-03-13 08:05:07 | INFO |   Block 48: 15.620 MW (source: INTRADAY_FALLBACK)
2026-03-13 08:05:07 | INFO | Trend values used for slope calc: B51=15.980(INTRADAY_FALLBACK), B50=15.930(INTRADAY_FALLBACK), B49=15.820(INTRADAY_FALLBACK), B48=15.620(INTRADAY_FALLBACK)
2026-03-13 08:05:07 | INFO | Detected Trend Type: INCREASING
2026-03-13 08:05:07 | INFO | Trend Slope Percentage: 2.28%
2026-03-13 08:05:07 | INFO | Trend EPS Threshold: 1.50%
2026-03-13 08:05:07 | INFO | --- SCHEDULE CALCULATION ---
2026-03-13 08:05:07 | INFO | Condition Applied: CONDITION_3
2026-03-13 08:05:07 | INFO | Effective Base Forecast Used for Adjustments: 14.400 MW
2026-03-13 08:05:07 | INFO | Condition-3 (Phase-6) Applied:
2026-03-13 08:05:07 | INFO |   Forecast Mismatch: Intraday (16.000) != Day-ahead (15.850)
2026-03-13 08:05:07 | INFO |   Operation: ADD
2026-03-13 08:05:07 | INFO |   Base Adjustment %: 1.00%
2026-03-13 08:05:07 | INFO |   Irradiance Multiplier: 0.85x
2026-03-13 08:05:07 | INFO |   Temp Multiplier: 0.90x
2026-03-13 08:05:07 | INFO |   Wind Multiplier: 0.95x
2026-03-13 08:05:07 | INFO |   Weather Multiplier: 0.73x
2026-03-13 08:05:07 | INFO |   Final Adjustment %: 0.73%
2026-03-13 08:05:07 | INFO |   Calculation: 14.400 MW * (1 + 0.73% / 100)
2026-03-13 08:05:07 | INFO |   Formula (expanded): raw=14.4000*(1+0.7268/100)=14.5047
2026-03-13 08:05:07 | INFO | --- FINAL RESULT ---
2026-03-13 08:05:07 | INFO | Raw Schedule (before smoothing): 14.505 MW
2026-03-13 08:05:07 | INFO | Final Scheduled MW: 14.505 MW
2026-03-13 08:05:07 | INFO | Previous Schedule Value: 14.505 MW
2026-03-13 08:05:07 | INFO | --------------------------------------------------------------------------------
2026-03-13 08:05:07 | INFO | --------------------------------------------------------------------------------
2026-03-13 08:05:07 | INFO | BLOCK 53
2026-03-13 08:05:07 | INFO | --------------------------------------------------------------------------------
2026-03-13 08:05:07 | INFO | --- FORECAST DATA ---
2026-03-13 08:05:07 | INFO | Intraday Forecast (Enercast): 15.910 MW
2026-03-13 08:05:07 | INFO | Day-ahead Forecast (Enercast): 15.770 MW
2026-03-13 08:05:07 | INFO | Base Forecast (raw, before curtailment/shutdown): 14.319 MW
2026-03-13 08:05:07 | INFO | Base Forecast (used for schedule): 14.319 MW
2026-03-13 08:05:07 | INFO | Effective Base Forecast (after curtailment/shutdown): 14.319 MW
2026-03-13 08:05:07 | INFO | Plant Status: NORMAL
2026-03-13 08:05:07 | INFO | Effective Base Forecast = Base Forecast (raw) = 14.319 MW
2026-03-13 08:05:07 | INFO | --- WEATHER PARAMETERS ---
2026-03-13 08:05:07 | INFO | GTI: 944.0 W/m^2
2026-03-13 08:05:07 | INFO | DHI: 177.0 W/m^2
2026-03-13 08:05:07 | INFO | DNI: 0.0 W/m^2
2026-03-13 08:05:07 | INFO | Irradiance Ratio (GTI/MAX_GTI): 1.000
2026-03-13 08:05:07 | INFO | Diffuse Ratio (current): 0.188
2026-03-13 08:05:07 | INFO | Irradiance State: STABLE_CLEAR
2026-03-13 08:05:07 | INFO | Temp @ 2m: 35.12 C
2026-03-13 08:05:07 | INFO | Wind @ 10m: 17.11 m/s
2026-03-13 08:05:07 | INFO | Weather State: NORMAL
2026-03-13 08:05:07 | INFO | Dynamic Thresholds: cloud_thr=0.1016, shift_thr=0.1053
2026-03-13 08:05:07 | INFO | Multipliers: irradiance=0.85x, temp=0.77x, wind=0.95x
2026-03-13 08:05:07 | INFO | Weather Multiplier (combined): 0.62x
2026-03-13 08:05:07 | INFO | Abrupt Weather Change Detected: False
2026-03-13 08:05:07 | INFO | --- TREND ANALYSIS ---
2026-03-13 08:05:07 | INFO | Trend series (oldest -> latest):
2026-03-13 08:05:07 | INFO |   Block 52: 16.000 MW (source: INTRADAY_FALLBACK)
2026-03-13 08:05:07 | INFO |   Block 51: 15.980 MW (source: INTRADAY_FALLBACK)
2026-03-13 08:05:07 | INFO |   Block 50: 15.930 MW (source: INTRADAY_FALLBACK)
2026-03-13 08:05:07 | INFO |   Block 49: 15.820 MW (source: INTRADAY_FALLBACK)
2026-03-13 08:05:07 | INFO | Trend values used for slope calc: B52=16.000(INTRADAY_FALLBACK), B51=15.980(INTRADAY_FALLBACK), B50=15.930(INTRADAY_FALLBACK), B49=15.820(INTRADAY_FALLBACK)
2026-03-13 08:05:07 | INFO | Detected Trend Type: FLAT
2026-03-13 08:05:07 | INFO | Trend Slope Percentage: 1.12%
2026-03-13 08:05:07 | INFO | Trend EPS Threshold: 1.50%
2026-03-13 08:05:07 | INFO | --- SCHEDULE CALCULATION ---
2026-03-13 08:05:07 | INFO | Condition Applied: CONDITION_3
2026-03-13 08:05:07 | INFO | Effective Base Forecast Used for Adjustments: 14.319 MW
2026-03-13 08:05:07 | INFO | Condition-3 (Phase-6) Applied:
2026-03-13 08:05:07 | INFO |   Forecast Mismatch: Intraday (15.910) != Day-ahead (15.770)
2026-03-13 08:05:07 | INFO |   Operation: ADD
2026-03-13 08:05:07 | INFO |   Base Adjustment %: 0.00%
2026-03-13 08:05:07 | INFO |   Irradiance Multiplier: 0.85x
2026-03-13 08:05:07 | INFO |   Temp Multiplier: 0.77x
2026-03-13 08:05:07 | INFO |   Wind Multiplier: 0.95x
2026-03-13 08:05:07 | INFO |   Weather Multiplier: 0.62x
2026-03-13 08:05:07 | INFO |   Final Adjustment %: 0.00%
2026-03-13 08:05:07 | INFO |   Calculation: 14.319 MW * (1 + 0.00% / 100)
2026-03-13 08:05:07 | INFO |   Formula (expanded): raw=14.3190*(1+0.0000/100)=14.3190
2026-03-13 08:05:07 | INFO | --- FINAL RESULT ---
2026-03-13 08:05:07 | INFO | Raw Schedule (before smoothing): 14.319 MW
2026-03-13 08:05:07 | INFO | Final Scheduled MW: 14.319 MW
2026-03-13 08:05:07 | INFO | Previous Schedule Value: 14.319 MW
2026-03-13 08:05:07 | INFO | --------------------------------------------------------------------------------
2026-03-13 08:05:07 | INFO | --------------------------------------------------------------------------------
2026-03-13 08:05:07 | INFO | BLOCK 54
2026-03-13 08:05:07 | INFO | --------------------------------------------------------------------------------
2026-03-13 08:05:07 | INFO | --- FORECAST DATA ---
2026-03-13 08:05:07 | INFO | Intraday Forecast (Enercast): 15.730 MW
2026-03-13 08:05:07 | INFO | Day-ahead Forecast (Enercast): 15.600 MW
2026-03-13 08:05:07 | INFO | Base Forecast (raw, before curtailment/shutdown): 14.157 MW
2026-03-13 08:05:07 | INFO | Base Forecast (used for schedule): 14.157 MW
2026-03-13 08:05:07 | INFO | Effective Base Forecast (after curtailment/shutdown): 14.157 MW
2026-03-13 08:05:07 | INFO | Plant Status: NORMAL
2026-03-13 08:05:07 | INFO | Effective Base Forecast = Base Forecast (raw) = 14.157 MW
2026-03-13 08:05:07 | INFO | --- WEATHER PARAMETERS ---
2026-03-13 08:05:07 | INFO | GTI: 940.0 W/m^2
2026-03-13 08:05:07 | INFO | DHI: 166.0 W/m^2
2026-03-13 08:05:07 | INFO | DNI: 0.0 W/m^2
2026-03-13 08:05:07 | INFO | Irradiance Ratio (GTI/MAX_GTI): 0.996
2026-03-13 08:05:07 | INFO | Diffuse Ratio (current): 0.177
2026-03-13 08:05:07 | INFO | Irradiance State: STABLE_CLEAR
2026-03-13 08:05:07 | INFO | Temp @ 2m: 35.32 C
2026-03-13 08:05:07 | INFO | Wind @ 10m: 18.18 m/s
2026-03-13 08:05:07 | INFO | Weather State: NORMAL
2026-03-13 08:05:07 | INFO | Dynamic Thresholds: cloud_thr=0.1016, shift_thr=0.1053
2026-03-13 08:05:07 | INFO | Multipliers: irradiance=0.85x, temp=0.77x, wind=0.95x
2026-03-13 08:05:07 | INFO | Weather Multiplier (combined): 0.62x
2026-03-13 08:05:07 | INFO | Abrupt Weather Change Detected: False
2026-03-13 08:05:07 | INFO | --- TREND ANALYSIS ---
2026-03-13 08:05:07 | INFO | Trend series (oldest -> latest):
2026-03-13 08:05:07 | INFO |   Block 53: 15.910 MW (source: INTRADAY_FALLBACK)
2026-03-13 08:05:07 | INFO |   Block 52: 16.000 MW (source: INTRADAY_FALLBACK)
2026-03-13 08:05:07 | INFO |   Block 51: 15.980 MW (source: INTRADAY_FALLBACK)
2026-03-13 08:05:07 | INFO |   Block 50: 15.930 MW (source: INTRADAY_FALLBACK)
2026-03-13 08:05:07 | INFO | Trend values used for slope calc: B53=15.910(INTRADAY_FALLBACK), B52=16.000(INTRADAY_FALLBACK), B51=15.980(INTRADAY_FALLBACK), B50=15.930(INTRADAY_FALLBACK)
2026-03-13 08:05:07 | INFO | Detected Trend Type: FLAT
2026-03-13 08:05:07 | INFO | Trend Slope Percentage: -0.08%
2026-03-13 08:05:07 | INFO | Trend EPS Threshold: 1.50%
2026-03-13 08:05:07 | INFO | --- SCHEDULE CALCULATION ---
2026-03-13 08:05:07 | INFO | Condition Applied: CONDITION_3
2026-03-13 08:05:07 | INFO | Effective Base Forecast Used for Adjustments: 14.157 MW
2026-03-13 08:05:07 | INFO | Condition-3 (Phase-6) Applied:
2026-03-13 08:05:07 | INFO |   Forecast Mismatch: Intraday (15.730) != Day-ahead (15.600)
2026-03-13 08:05:07 | INFO |   Operation: ADD
2026-03-13 08:05:07 | INFO |   Base Adjustment %: 0.00%
2026-03-13 08:05:07 | INFO |   Irradiance Multiplier: 0.85x
2026-03-13 08:05:07 | INFO |   Temp Multiplier: 0.77x
2026-03-13 08:05:07 | INFO |   Wind Multiplier: 0.95x
2026-03-13 08:05:07 | INFO |   Weather Multiplier: 0.62x
2026-03-13 08:05:07 | INFO |   Final Adjustment %: 0.00%
2026-03-13 08:05:07 | INFO |   Calculation: 14.157 MW * (1 + 0.00% / 100)
2026-03-13 08:05:07 | INFO |   Formula (expanded): raw=14.1570*(1+0.0000/100)=14.1570
2026-03-13 08:05:07 | INFO | --- FINAL RESULT ---
2026-03-13 08:05:07 | INFO | Raw Schedule (before smoothing): 14.157 MW
2026-03-13 08:05:07 | INFO | Final Scheduled MW: 14.157 MW
2026-03-13 08:05:07 | INFO | Previous Schedule Value: 14.157 MW
2026-03-13 08:05:07 | INFO | --------------------------------------------------------------------------------
2026-03-13 08:05:07 | INFO | --------------------------------------------------------------------------------
2026-03-13 08:05:07 | INFO | BLOCK 55
2026-03-13 08:05:07 | INFO | --------------------------------------------------------------------------------
2026-03-13 08:05:07 | INFO | --- FORECAST DATA ---
2026-03-13 08:05:07 | INFO | Intraday Forecast (Enercast): 15.500 MW
2026-03-13 08:05:07 | INFO | Day-ahead Forecast (Enercast): 15.360 MW
2026-03-13 08:05:07 | INFO | Base Forecast (raw, before curtailment/shutdown): 13.950 MW
2026-03-13 08:05:07 | INFO | Base Forecast (used for schedule): 13.950 MW
2026-03-13 08:05:07 | INFO | Effective Base Forecast (after curtailment/shutdown): 13.950 MW
2026-03-13 08:05:07 | INFO | Plant Status: NORMAL
2026-03-13 08:05:07 | INFO | Effective Base Forecast = Base Forecast (raw) = 13.950 MW
2026-03-13 08:05:07 | INFO | --- WEATHER PARAMETERS ---
2026-03-13 08:05:07 | INFO | GTI: 934.0 W/m^2
2026-03-13 08:05:07 | INFO | DHI: 150.0 W/m^2
2026-03-13 08:05:07 | INFO | DNI: 0.0 W/m^2
2026-03-13 08:05:07 | INFO | Irradiance Ratio (GTI/MAX_GTI): 0.989
2026-03-13 08:05:07 | INFO | Diffuse Ratio (current): 0.161
2026-03-13 08:05:07 | INFO | Irradiance State: STABLE_CLEAR
2026-03-13 08:05:07 | INFO | Temp @ 2m: 35.47 C
2026-03-13 08:05:07 | INFO | Wind @ 10m: 19.30 m/s
2026-03-13 08:05:07 | INFO | Weather State: NORMAL
2026-03-13 08:05:07 | INFO | Dynamic Thresholds: cloud_thr=0.1016, shift_thr=0.1053
2026-03-13 08:05:07 | INFO | Multipliers: irradiance=0.85x, temp=0.77x, wind=0.95x
2026-03-13 08:05:07 | INFO | Weather Multiplier (combined): 0.62x
2026-03-13 08:05:07 | INFO | Abrupt Weather Change Detected: False
2026-03-13 08:05:07 | INFO | --- TREND ANALYSIS ---
2026-03-13 08:05:07 | INFO | Trend series (oldest -> latest):
2026-03-13 08:05:07 | INFO |   Block 54: 15.730 MW (source: INTRADAY_FALLBACK)
2026-03-13 08:05:07 | INFO |   Block 53: 15.910 MW (source: INTRADAY_FALLBACK)
2026-03-13 08:05:07 | INFO |   Block 52: 16.000 MW (source: INTRADAY_FALLBACK)
2026-03-13 08:05:07 | INFO |   Block 51: 15.980 MW (source: INTRADAY_FALLBACK)
2026-03-13 08:05:07 | INFO | Trend values used for slope calc: B54=15.730(INTRADAY_FALLBACK), B53=15.910(INTRADAY_FALLBACK), B52=16.000(INTRADAY_FALLBACK), B51=15.980(INTRADAY_FALLBACK)
2026-03-13 08:05:07 | INFO | Detected Trend Type: DECREASING
2026-03-13 08:05:07 | INFO | Trend Slope Percentage: -1.57%
2026-03-13 08:05:07 | INFO | Trend EPS Threshold: 1.50%
2026-03-13 08:05:07 | INFO | --- SCHEDULE CALCULATION ---
2026-03-13 08:05:07 | INFO | Condition Applied: CONDITION_3
2026-03-13 08:05:07 | INFO | Effective Base Forecast Used for Adjustments: 13.950 MW
2026-03-13 08:05:07 | INFO | Condition-3 (Phase-6) Applied:
2026-03-13 08:05:07 | INFO |   Forecast Mismatch: Intraday (15.500) != Day-ahead (15.360)
2026-03-13 08:05:07 | INFO |   Operation: SUBTRACT
2026-03-13 08:05:07 | INFO |   Base Adjustment %: 0.00%
2026-03-13 08:05:07 | INFO |   Irradiance Multiplier: 0.85x
2026-03-13 08:05:07 | INFO |   Temp Multiplier: 0.77x
2026-03-13 08:05:07 | INFO |   Wind Multiplier: 0.95x
2026-03-13 08:05:07 | INFO |   Weather Multiplier: 0.62x
2026-03-13 08:05:07 | INFO |   Final Adjustment %: -0.00%
2026-03-13 08:05:07 | INFO |   Calculation: 13.950 MW * (1 + -0.00% / 100)
2026-03-13 08:05:07 | INFO |   Formula (expanded): raw=13.9500*(1+-0.0000/100)=13.9500
2026-03-13 08:05:07 | INFO | --- FINAL RESULT ---
2026-03-13 08:05:07 | INFO | Raw Schedule (before smoothing): 13.950 MW
2026-03-13 08:05:07 | INFO | Final Scheduled MW: 13.950 MW
2026-03-13 08:05:07 | INFO | Previous Schedule Value: 13.950 MW
2026-03-13 08:05:07 | INFO | --------------------------------------------------------------------------------
2026-03-13 08:05:07 | INFO | --------------------------------------------------------------------------------
2026-03-13 08:05:07 | INFO | BLOCK 56
2026-03-13 08:05:07 | INFO | --------------------------------------------------------------------------------
2026-03-13 08:05:07 | INFO | --- FORECAST DATA ---
2026-03-13 08:05:07 | INFO | Intraday Forecast (Enercast): 15.160 MW
2026-03-13 08:05:07 | INFO | Day-ahead Forecast (Enercast): 15.020 MW
2026-03-13 08:05:07 | INFO | Base Forecast (raw, before curtailment/shutdown): 13.644 MW
2026-03-13 08:05:07 | INFO | Base Forecast (used for schedule): 13.644 MW
2026-03-13 08:05:07 | INFO | Effective Base Forecast (after curtailment/shutdown): 13.644 MW
2026-03-13 08:05:07 | INFO | Plant Status: NORMAL
2026-03-13 08:05:07 | INFO | Effective Base Forecast = Base Forecast (raw) = 13.644 MW
2026-03-13 08:05:07 | INFO | --- WEATHER PARAMETERS ---
2026-03-13 08:05:07 | INFO | GTI: 922.0 W/m^2
2026-03-13 08:05:07 | INFO | DHI: 133.0 W/m^2
2026-03-13 08:05:07 | INFO | DNI: 0.0 W/m^2
2026-03-13 08:05:07 | INFO | Irradiance Ratio (GTI/MAX_GTI): 0.977
2026-03-13 08:05:07 | INFO | Diffuse Ratio (current): 0.144
2026-03-13 08:05:07 | INFO | Irradiance State: STABLE_CLEAR
2026-03-13 08:05:07 | INFO | Temp @ 2m: 35.57 C
2026-03-13 08:05:07 | INFO | Wind @ 10m: 20.36 m/s
2026-03-13 08:05:07 | INFO | Weather State: NORMAL
2026-03-13 08:05:07 | INFO | Dynamic Thresholds: cloud_thr=0.1016, shift_thr=0.1053
2026-03-13 08:05:07 | INFO | Multipliers: irradiance=0.85x, temp=0.77x, wind=0.95x
2026-03-13 08:05:07 | INFO | Weather Multiplier (combined): 0.62x
2026-03-13 08:05:07 | INFO | Abrupt Weather Change Detected: False
2026-03-13 08:05:07 | INFO | --- TREND ANALYSIS ---
2026-03-13 08:05:07 | INFO | Trend series (oldest -> latest):
2026-03-13 08:05:07 | INFO |   Block 55: 15.500 MW (source: INTRADAY_FALLBACK)
2026-03-13 08:05:07 | INFO |   Block 54: 15.730 MW (source: INTRADAY_FALLBACK)
2026-03-13 08:05:07 | INFO |   Block 53: 15.910 MW (source: INTRADAY_FALLBACK)
2026-03-13 08:05:07 | INFO |   Block 52: 16.000 MW (source: INTRADAY_FALLBACK)
2026-03-13 08:05:07 | INFO | Trend values used for slope calc: B55=15.500(INTRADAY_FALLBACK), B54=15.730(INTRADAY_FALLBACK), B53=15.910(INTRADAY_FALLBACK), B52=16.000(INTRADAY_FALLBACK)
2026-03-13 08:05:07 | INFO | Detected Trend Type: DECREASING
2026-03-13 08:05:07 | INFO | Trend Slope Percentage: -3.14%
2026-03-13 08:05:07 | INFO | Trend EPS Threshold: 1.50%
2026-03-13 08:05:07 | INFO | --- SCHEDULE CALCULATION ---
2026-03-13 08:05:07 | INFO | Condition Applied: CONDITION_3
2026-03-13 08:05:07 | INFO | Effective Base Forecast Used for Adjustments: 13.644 MW
2026-03-13 08:05:07 | INFO | Condition-3 (Phase-6) Applied:
2026-03-13 08:05:07 | INFO |   Forecast Mismatch: Intraday (15.160) != Day-ahead (15.020)
2026-03-13 08:05:07 | INFO |   Operation: SUBTRACT
2026-03-13 08:05:07 | INFO |   Base Adjustment %: 1.00%
2026-03-13 08:05:07 | INFO |   Irradiance Multiplier: 0.85x
2026-03-13 08:05:07 | INFO |   Temp Multiplier: 0.77x
2026-03-13 08:05:07 | INFO |   Wind Multiplier: 0.95x
2026-03-13 08:05:07 | INFO |   Weather Multiplier: 0.62x
2026-03-13 08:05:07 | INFO |   Final Adjustment %: -0.62%
2026-03-13 08:05:07 | INFO |   Calculation: 13.644 MW * (1 + -0.62% / 100)
2026-03-13 08:05:07 | INFO |   Formula (expanded): raw=13.6440*(1+-0.6218/100)=13.5592
2026-03-13 08:05:07 | INFO | --- FINAL RESULT ---
2026-03-13 08:05:07 | INFO | Raw Schedule (before smoothing): 13.559 MW
2026-03-13 08:05:07 | INFO | Final Scheduled MW: 13.559 MW
2026-03-13 08:05:07 | INFO | Previous Schedule Value: 13.559 MW
2026-03-13 08:05:07 | INFO | --------------------------------------------------------------------------------
2026-03-13 08:05:07 | INFO | --------------------------------------------------------------------------------
2026-03-13 08:05:07 | INFO | BLOCK 57
2026-03-13 08:05:07 | INFO | --------------------------------------------------------------------------------
2026-03-13 08:05:07 | INFO | --- FORECAST DATA ---
2026-03-13 08:05:07 | INFO | Intraday Forecast (Enercast): 14.770 MW
2026-03-13 08:05:07 | INFO | Day-ahead Forecast (Enercast): 14.630 MW
2026-03-13 08:05:07 | INFO | Base Forecast (raw, before curtailment/shutdown): 13.293 MW
2026-03-13 08:05:07 | INFO | Base Forecast (used for schedule): 13.293 MW
2026-03-13 08:05:07 | INFO | Effective Base Forecast (after curtailment/shutdown): 13.293 MW
2026-03-13 08:05:07 | INFO | Plant Status: NORMAL
2026-03-13 08:05:07 | INFO | Effective Base Forecast = Base Forecast (raw) = 13.293 MW
2026-03-13 08:05:07 | INFO | --- WEATHER PARAMETERS ---
2026-03-13 08:05:07 | INFO | GTI: 905.0 W/m^2
2026-03-13 08:05:07 | INFO | DHI: 118.0 W/m^2
2026-03-13 08:05:07 | INFO | DNI: 0.0 W/m^2
2026-03-13 08:05:07 | INFO | Irradiance Ratio (GTI/MAX_GTI): 0.959
2026-03-13 08:05:07 | INFO | Diffuse Ratio (current): 0.130
2026-03-13 08:05:07 | INFO | Irradiance State: STABLE_CLEAR
2026-03-13 08:05:07 | INFO | Temp @ 2m: 35.67 C
2026-03-13 08:05:07 | INFO | Wind @ 10m: 21.13 m/s
2026-03-13 08:05:07 | INFO | Weather State: NORMAL
2026-03-13 08:05:07 | INFO | Dynamic Thresholds: cloud_thr=0.1016, shift_thr=0.1053
2026-03-13 08:05:07 | INFO | Multipliers: irradiance=0.85x, temp=0.77x, wind=0.95x
2026-03-13 08:05:07 | INFO | Weather Multiplier (combined): 0.62x
2026-03-13 08:05:07 | INFO | Abrupt Weather Change Detected: False
2026-03-13 08:05:07 | INFO | --- TREND ANALYSIS ---
2026-03-13 08:05:07 | INFO | Trend series (oldest -> latest):
2026-03-13 08:05:07 | INFO |   Block 56: 15.160 MW (source: INTRADAY_FALLBACK)
2026-03-13 08:05:07 | INFO |   Block 55: 15.500 MW (source: INTRADAY_FALLBACK)
2026-03-13 08:05:07 | INFO |   Block 54: 15.730 MW (source: INTRADAY_FALLBACK)
2026-03-13 08:05:07 | INFO |   Block 53: 15.910 MW (source: INTRADAY_FALLBACK)
2026-03-13 08:05:07 | INFO | Trend values used for slope calc: B56=15.160(INTRADAY_FALLBACK), B55=15.500(INTRADAY_FALLBACK), B54=15.730(INTRADAY_FALLBACK), B53=15.910(INTRADAY_FALLBACK)
2026-03-13 08:05:07 | INFO | Detected Trend Type: DECREASING
2026-03-13 08:05:07 | INFO | Trend Slope Percentage: -4.67%
2026-03-13 08:05:07 | INFO | Trend EPS Threshold: 1.50%
2026-03-13 08:05:07 | INFO | --- SCHEDULE CALCULATION ---
2026-03-13 08:05:07 | INFO | Condition Applied: CONDITION_3
2026-03-13 08:05:07 | INFO | Effective Base Forecast Used for Adjustments: 13.293 MW
2026-03-13 08:05:07 | INFO | Condition-3 (Phase-6) Applied:
2026-03-13 08:05:07 | INFO |   Forecast Mismatch: Intraday (14.770) != Day-ahead (14.630)
2026-03-13 08:05:07 | INFO |   Operation: SUBTRACT
2026-03-13 08:05:07 | INFO |   Base Adjustment %: 2.00%
2026-03-13 08:05:07 | INFO |   Irradiance Multiplier: 0.85x
2026-03-13 08:05:07 | INFO |   Temp Multiplier: 0.77x
2026-03-13 08:05:07 | INFO |   Wind Multiplier: 0.95x
2026-03-13 08:05:07 | INFO |   Weather Multiplier: 0.62x
2026-03-13 08:05:07 | INFO |   Final Adjustment %: -1.24%
2026-03-13 08:05:07 | INFO |   Calculation: 13.293 MW * (1 + -1.24% / 100)
2026-03-13 08:05:07 | INFO |   Formula (expanded): raw=13.2930*(1+-1.2435/100)=13.1277
2026-03-13 08:05:07 | INFO | --- FINAL RESULT ---
2026-03-13 08:05:07 | INFO | Raw Schedule (before smoothing): 13.128 MW
2026-03-13 08:05:07 | INFO | Final Scheduled MW: 13.128 MW
2026-03-13 08:05:07 | INFO | Previous Schedule Value: 13.128 MW
2026-03-13 08:05:07 | INFO | --------------------------------------------------------------------------------
2026-03-13 08:05:07 | INFO | --------------------------------------------------------------------------------
2026-03-13 08:05:07 | INFO | BLOCK 58
2026-03-13 08:05:07 | INFO | --------------------------------------------------------------------------------
2026-03-13 08:05:07 | INFO | --- FORECAST DATA ---
2026-03-13 08:05:07 | INFO | Intraday Forecast (Enercast): 14.310 MW
2026-03-13 08:05:07 | INFO | Day-ahead Forecast (Enercast): 14.180 MW
2026-03-13 08:05:07 | INFO | Base Forecast (raw, before curtailment/shutdown): 12.879 MW
2026-03-13 08:05:07 | INFO | Base Forecast (used for schedule): 12.879 MW
2026-03-13 08:05:07 | INFO | Effective Base Forecast (after curtailment/shutdown): 12.879 MW
2026-03-13 08:05:07 | INFO | Plant Status: NORMAL
2026-03-13 08:05:07 | INFO | Effective Base Forecast = Base Forecast (raw) = 12.879 MW
2026-03-13 08:05:07 | INFO | --- WEATHER PARAMETERS ---
2026-03-13 08:05:07 | INFO | GTI: 882.0 W/m^2
2026-03-13 08:05:07 | INFO | DHI: 109.0 W/m^2
2026-03-13 08:05:07 | INFO | DNI: 0.0 W/m^2
2026-03-13 08:05:07 | INFO | Irradiance Ratio (GTI/MAX_GTI): 0.934
2026-03-13 08:05:07 | INFO | Diffuse Ratio (current): 0.124
2026-03-13 08:05:07 | INFO | Irradiance State: STABLE_CLEAR
2026-03-13 08:05:07 | INFO | Temp @ 2m: 35.72 C
2026-03-13 08:05:07 | INFO | Wind @ 10m: 21.84 m/s
2026-03-13 08:05:07 | INFO | Weather State: NORMAL
2026-03-13 08:05:07 | INFO | Dynamic Thresholds: cloud_thr=0.1016, shift_thr=0.1053
2026-03-13 08:05:07 | INFO | Multipliers: irradiance=0.85x, temp=0.77x, wind=0.95x
2026-03-13 08:05:07 | INFO | Weather Multiplier (combined): 0.62x
2026-03-13 08:05:07 | INFO | Abrupt Weather Change Detected: False
2026-03-13 08:05:07 | INFO | --- TREND ANALYSIS ---
2026-03-13 08:05:07 | INFO | Trend series (oldest -> latest):
2026-03-13 08:05:07 | INFO |   Block 57: 14.770 MW (source: INTRADAY_FALLBACK)
2026-03-13 08:05:07 | INFO |   Block 56: 15.160 MW (source: INTRADAY_FALLBACK)
2026-03-13 08:05:07 | INFO |   Block 55: 15.500 MW (source: INTRADAY_FALLBACK)
2026-03-13 08:05:07 | INFO |   Block 54: 15.730 MW (source: INTRADAY_FALLBACK)
2026-03-13 08:05:07 | INFO | Trend values used for slope calc: B57=14.770(INTRADAY_FALLBACK), B56=15.160(INTRADAY_FALLBACK), B55=15.500(INTRADAY_FALLBACK), B54=15.730(INTRADAY_FALLBACK)
2026-03-13 08:05:07 | INFO | Detected Trend Type: DECREASING
2026-03-13 08:05:07 | INFO | Trend Slope Percentage: -6.12%
2026-03-13 08:05:07 | INFO | Trend EPS Threshold: 1.50%
2026-03-13 08:05:07 | INFO | --- SCHEDULE CALCULATION ---
2026-03-13 08:05:07 | INFO | Condition Applied: CONDITION_3
2026-03-13 08:05:07 | INFO | Effective Base Forecast Used for Adjustments: 12.879 MW
2026-03-13 08:05:07 | INFO | Condition-3 (Phase-6) Applied:
2026-03-13 08:05:07 | INFO |   Forecast Mismatch: Intraday (14.310) != Day-ahead (14.180)
2026-03-13 08:05:07 | INFO |   Operation: SUBTRACT
2026-03-13 08:05:07 | INFO |   Base Adjustment %: 3.00%
2026-03-13 08:05:07 | INFO |   Irradiance Multiplier: 0.85x
2026-03-13 08:05:07 | INFO |   Temp Multiplier: 0.77x
2026-03-13 08:05:07 | INFO |   Wind Multiplier: 0.95x
2026-03-13 08:05:07 | INFO |   Weather Multiplier: 0.62x
2026-03-13 08:05:07 | INFO |   Final Adjustment %: -1.87%
2026-03-13 08:05:07 | INFO |   Calculation: 12.879 MW * (1 + -1.87% / 100)
2026-03-13 08:05:07 | INFO |   Formula (expanded): raw=12.8790*(1+-1.8653/100)=12.6388
2026-03-13 08:05:07 | INFO | --- FINAL RESULT ---
2026-03-13 08:05:07 | INFO | Raw Schedule (before smoothing): 12.639 MW
2026-03-13 08:05:07 | INFO | Final Scheduled MW: 12.639 MW
2026-03-13 08:05:07 | INFO | Previous Schedule Value: 12.639 MW
2026-03-13 08:05:07 | INFO | --------------------------------------------------------------------------------
2026-03-13 08:05:07 | INFO | --------------------------------------------------------------------------------
2026-03-13 08:05:07 | INFO | BLOCK 59
2026-03-13 08:05:07 | INFO | --------------------------------------------------------------------------------
2026-03-13 08:05:07 | INFO | --- FORECAST DATA ---
2026-03-13 08:05:07 | INFO | Intraday Forecast (Enercast): 13.790 MW
2026-03-13 08:05:07 | INFO | Day-ahead Forecast (Enercast): 13.710 MW
2026-03-13 08:05:07 | INFO | Base Forecast (raw, before curtailment/shutdown): 12.411 MW
2026-03-13 08:05:07 | INFO | Base Forecast (used for schedule): 12.411 MW
2026-03-13 08:05:07 | INFO | Effective Base Forecast (after curtailment/shutdown): 12.411 MW
2026-03-13 08:05:07 | INFO | Plant Status: NORMAL
2026-03-13 08:05:07 | INFO | Effective Base Forecast = Base Forecast (raw) = 12.411 MW
2026-03-13 08:05:07 | INFO | --- WEATHER PARAMETERS ---
2026-03-13 08:05:07 | INFO | GTI: 853.0 W/m^2
2026-03-13 08:05:07 | INFO | DHI: 104.0 W/m^2
2026-03-13 08:05:07 | INFO | DNI: 0.0 W/m^2
2026-03-13 08:05:07 | INFO | Irradiance Ratio (GTI/MAX_GTI): 0.904
2026-03-13 08:05:07 | INFO | Diffuse Ratio (current): 0.122
2026-03-13 08:05:07 | INFO | Irradiance State: STABLE_CLEAR
2026-03-13 08:05:07 | INFO | Temp @ 2m: 35.77 C
2026-03-13 08:05:07 | INFO | Wind @ 10m: 22.55 m/s
2026-03-13 08:05:07 | INFO | Weather State: NORMAL
2026-03-13 08:05:07 | INFO | Dynamic Thresholds: cloud_thr=0.1016, shift_thr=0.1053
2026-03-13 08:05:07 | INFO | Multipliers: irradiance=0.85x, temp=0.77x, wind=0.95x
2026-03-13 08:05:07 | INFO | Weather Multiplier (combined): 0.62x
2026-03-13 08:05:07 | INFO | Abrupt Weather Change Detected: False
2026-03-13 08:05:07 | INFO | --- TREND ANALYSIS ---
2026-03-13 08:05:07 | INFO | Trend series (oldest -> latest):
2026-03-13 08:05:07 | INFO |   Block 58: 14.310 MW (source: INTRADAY_FALLBACK)
2026-03-13 08:05:07 | INFO |   Block 57: 14.770 MW (source: INTRADAY_FALLBACK)
2026-03-13 08:05:07 | INFO |   Block 56: 15.160 MW (source: INTRADAY_FALLBACK)
2026-03-13 08:05:07 | INFO |   Block 55: 15.500 MW (source: INTRADAY_FALLBACK)
2026-03-13 08:05:07 | INFO | Trend values used for slope calc: B58=14.310(INTRADAY_FALLBACK), B57=14.770(INTRADAY_FALLBACK), B56=15.160(INTRADAY_FALLBACK), B55=15.500(INTRADAY_FALLBACK)
2026-03-13 08:05:07 | INFO | Detected Trend Type: DECREASING
2026-03-13 08:05:07 | INFO | Trend Slope Percentage: -7.65%
2026-03-13 08:05:07 | INFO | Trend EPS Threshold: 1.50%
2026-03-13 08:05:07 | INFO | --- SCHEDULE CALCULATION ---
2026-03-13 08:05:07 | INFO | Condition Applied: CONDITION_3
2026-03-13 08:05:07 | INFO | Effective Base Forecast Used for Adjustments: 12.411 MW
2026-03-13 08:05:07 | INFO | Condition-3 (Phase-6) Applied:
2026-03-13 08:05:07 | INFO |   Forecast Mismatch: Intraday (13.790) != Day-ahead (13.710)
2026-03-13 08:05:07 | INFO |   Operation: SUBTRACT
2026-03-13 08:05:07 | INFO |   Base Adjustment %: 3.00%
2026-03-13 08:05:07 | INFO |   Irradiance Multiplier: 0.85x
2026-03-13 08:05:07 | INFO |   Temp Multiplier: 0.77x
2026-03-13 08:05:07 | INFO |   Wind Multiplier: 0.95x
2026-03-13 08:05:07 | INFO |   Weather Multiplier: 0.62x
2026-03-13 08:05:07 | INFO |   Final Adjustment %: -1.87%
2026-03-13 08:05:07 | INFO |   Calculation: 12.411 MW * (1 + -1.87% / 100)
2026-03-13 08:05:07 | INFO |   Formula (expanded): raw=12.4110*(1+-1.8653/100)=12.1795
2026-03-13 08:05:07 | INFO | --- FINAL RESULT ---
2026-03-13 08:05:07 | INFO | Raw Schedule (before smoothing): 12.179 MW
2026-03-13 08:05:07 | INFO | Final Scheduled MW: 12.179 MW
2026-03-13 08:05:07 | INFO | Previous Schedule Value: 12.179 MW
2026-03-13 08:05:07 | INFO | --------------------------------------------------------------------------------
2026-03-13 08:05:07 | INFO | --------------------------------------------------------------------------------
2026-03-13 08:05:07 | INFO | BLOCK 60
2026-03-13 08:05:07 | INFO | --------------------------------------------------------------------------------
2026-03-13 08:05:07 | INFO | --- FORECAST DATA ---
2026-03-13 08:05:07 | INFO | Intraday Forecast (Enercast): 13.220 MW
2026-03-13 08:05:07 | INFO | Day-ahead Forecast (Enercast): 13.140 MW
2026-03-13 08:05:07 | INFO | Base Forecast (raw, before curtailment/shutdown): 11.898 MW
2026-03-13 08:05:07 | INFO | Base Forecast (used for schedule): 11.898 MW
2026-03-13 08:05:07 | INFO | Effective Base Forecast (after curtailment/shutdown): 11.898 MW
2026-03-13 08:05:07 | INFO | Plant Status: NORMAL
2026-03-13 08:05:07 | INFO | Effective Base Forecast = Base Forecast (raw) = 11.898 MW
2026-03-13 08:05:07 | INFO | --- WEATHER PARAMETERS ---
2026-03-13 08:05:07 | INFO | GTI: 818.0 W/m^2
2026-03-13 08:05:07 | INFO | DHI: 103.0 W/m^2
2026-03-13 08:05:07 | INFO | DNI: 0.0 W/m^2
2026-03-13 08:05:07 | INFO | Irradiance Ratio (GTI/MAX_GTI): 0.867
2026-03-13 08:05:07 | INFO | Diffuse Ratio (current): 0.126
2026-03-13 08:05:07 | INFO | Irradiance State: STABLE_CLEAR
2026-03-13 08:05:07 | INFO | Temp @ 2m: 35.77 C
2026-03-13 08:05:07 | INFO | Wind @ 10m: 22.91 m/s
2026-03-13 08:05:07 | INFO | Weather State: NORMAL
2026-03-13 08:05:07 | INFO | Dynamic Thresholds: cloud_thr=0.1016, shift_thr=0.1053
2026-03-13 08:05:07 | INFO | Multipliers: irradiance=0.85x, temp=0.77x, wind=0.95x
2026-03-13 08:05:07 | INFO | Weather Multiplier (combined): 0.62x
2026-03-13 08:05:07 | INFO | Abrupt Weather Change Detected: False
2026-03-13 08:05:07 | INFO | --- TREND ANALYSIS ---
2026-03-13 08:05:07 | INFO | Trend series (oldest -> latest):
2026-03-13 08:05:07 | INFO |   Block 59: 13.790 MW (source: INTRADAY_FALLBACK)
2026-03-13 08:05:07 | INFO |   Block 58: 14.310 MW (source: INTRADAY_FALLBACK)
2026-03-13 08:05:07 | INFO |   Block 57: 14.770 MW (source: INTRADAY_FALLBACK)
2026-03-13 08:05:07 | INFO |   Block 56: 15.160 MW (source: INTRADAY_FALLBACK)
2026-03-13 08:05:07 | INFO | Trend values used for slope calc: B59=13.790(INTRADAY_FALLBACK), B58=14.310(INTRADAY_FALLBACK), B57=14.770(INTRADAY_FALLBACK), B56=15.160(INTRADAY_FALLBACK)
2026-03-13 08:05:07 | INFO | Detected Trend Type: DECREASING
2026-03-13 08:05:07 | INFO | Trend Slope Percentage: -9.02%
2026-03-13 08:05:07 | INFO | Trend EPS Threshold: 1.50%
2026-03-13 08:05:07 | INFO | --- SCHEDULE CALCULATION ---
2026-03-13 08:05:07 | INFO | Condition Applied: CONDITION_3
2026-03-13 08:05:07 | INFO | Effective Base Forecast Used for Adjustments: 11.898 MW
2026-03-13 08:05:07 | INFO | Condition-3 (Phase-6) Applied:
2026-03-13 08:05:07 | INFO |   Forecast Mismatch: Intraday (13.220) != Day-ahead (13.140)
2026-03-13 08:05:07 | INFO |   Operation: SUBTRACT
2026-03-13 08:05:07 | INFO |   Base Adjustment %: 3.00%
2026-03-13 08:05:07 | INFO |   Irradiance Multiplier: 0.85x
2026-03-13 08:05:07 | INFO |   Temp Multiplier: 0.77x
2026-03-13 08:05:07 | INFO |   Wind Multiplier: 0.95x
2026-03-13 08:05:07 | INFO |   Weather Multiplier: 0.62x
2026-03-13 08:05:07 | INFO |   Final Adjustment %: -1.87%
2026-03-13 08:05:07 | INFO |   Calculation: 11.898 MW * (1 + -1.87% / 100)
2026-03-13 08:05:07 | INFO |   Formula (expanded): raw=11.8980*(1+-1.8653/100)=11.6761
2026-03-13 08:05:07 | INFO | --- FINAL RESULT ---
2026-03-13 08:05:07 | INFO | Raw Schedule (before smoothing): 11.676 MW
2026-03-13 08:05:07 | INFO | Final Scheduled MW: 11.676 MW
2026-03-13 08:05:07 | INFO | Previous Schedule Value: 11.676 MW
2026-03-13 08:05:07 | INFO | --------------------------------------------------------------------------------
2026-03-13 08:05:07 | INFO | --------------------------------------------------------------------------------
2026-03-13 08:05:07 | INFO | BLOCK 61
2026-03-13 08:05:07 | INFO | --------------------------------------------------------------------------------
2026-03-13 08:05:07 | INFO | --- FORECAST DATA ---
2026-03-13 08:05:07 | INFO | Intraday Forecast (Enercast): 12.640 MW
2026-03-13 08:05:07 | INFO | Day-ahead Forecast (Enercast): 12.530 MW
2026-03-13 08:05:07 | INFO | Base Forecast (raw, before curtailment/shutdown): 11.376 MW
2026-03-13 08:05:07 | INFO | Base Forecast (used for schedule): 11.376 MW
2026-03-13 08:05:07 | INFO | Effective Base Forecast (after curtailment/shutdown): 11.376 MW
2026-03-13 08:05:07 | INFO | Plant Status: NORMAL
2026-03-13 08:05:07 | INFO | Effective Base Forecast = Base Forecast (raw) = 11.376 MW
2026-03-13 08:05:07 | INFO | --- WEATHER PARAMETERS ---
2026-03-13 08:05:07 | INFO | GTI: 779.0 W/m^2
2026-03-13 08:05:07 | INFO | DHI: 101.0 W/m^2
2026-03-13 08:05:07 | INFO | DNI: 0.0 W/m^2
2026-03-13 08:05:07 | INFO | Irradiance Ratio (GTI/MAX_GTI): 0.825
2026-03-13 08:05:07 | INFO | Diffuse Ratio (current): 0.130
2026-03-13 08:05:07 | INFO | Irradiance State: STABLE_CLEAR
2026-03-13 08:05:07 | INFO | Temp @ 2m: 35.77 C
2026-03-13 08:05:07 | INFO | Wind @ 10m: 23.27 m/s
2026-03-13 08:05:07 | INFO | Weather State: NORMAL
2026-03-13 08:05:07 | INFO | Dynamic Thresholds: cloud_thr=0.1016, shift_thr=0.1053
2026-03-13 08:05:07 | INFO | Multipliers: irradiance=0.85x, temp=0.77x, wind=0.95x
2026-03-13 08:05:07 | INFO | Weather Multiplier (combined): 0.62x
2026-03-13 08:05:07 | INFO | Abrupt Weather Change Detected: False
2026-03-13 08:05:07 | INFO | --- TREND ANALYSIS ---
2026-03-13 08:05:07 | INFO | Trend series (oldest -> latest):
2026-03-13 08:05:07 | INFO |   Block 60: 13.220 MW (source: INTRADAY_FALLBACK)
2026-03-13 08:05:07 | INFO |   Block 59: 13.790 MW (source: INTRADAY_FALLBACK)
2026-03-13 08:05:07 | INFO |   Block 58: 14.310 MW (source: INTRADAY_FALLBACK)
2026-03-13 08:05:07 | INFO |   Block 57: 14.770 MW (source: INTRADAY_FALLBACK)
2026-03-13 08:05:07 | INFO | Trend values used for slope calc: B60=13.220(INTRADAY_FALLBACK), B59=13.790(INTRADAY_FALLBACK), B58=14.310(INTRADAY_FALLBACK), B57=14.770(INTRADAY_FALLBACK)
2026-03-13 08:05:07 | INFO | Detected Trend Type: DECREASING
2026-03-13 08:05:07 | INFO | Trend Slope Percentage: -10.48%
2026-03-13 08:05:07 | INFO | Trend EPS Threshold: 1.50%
2026-03-13 08:05:07 | INFO | --- SCHEDULE CALCULATION ---
2026-03-13 08:05:07 | INFO | Condition Applied: CONDITION_3
2026-03-13 08:05:07 | INFO | Effective Base Forecast Used for Adjustments: 11.376 MW
2026-03-13 08:05:07 | INFO | Condition-3 (Phase-6) Applied:
2026-03-13 08:05:07 | INFO |   Forecast Mismatch: Intraday (12.640) != Day-ahead (12.530)
2026-03-13 08:05:07 | INFO |   Operation: SUBTRACT
2026-03-13 08:05:07 | INFO |   Base Adjustment %: 3.00%
2026-03-13 08:05:07 | INFO |   Irradiance Multiplier: 0.85x
2026-03-13 08:05:07 | INFO |   Temp Multiplier: 0.77x
2026-03-13 08:05:07 | INFO |   Wind Multiplier: 0.95x
2026-03-13 08:05:07 | INFO |   Weather Multiplier: 0.62x
2026-03-13 08:05:07 | INFO |   Final Adjustment %: -1.87%
2026-03-13 08:05:07 | INFO |   Calculation: 11.376 MW * (1 + -1.87% / 100)
2026-03-13 08:05:07 | INFO |   Formula (expanded): raw=11.3760*(1+-1.8653/100)=11.1638
2026-03-13 08:05:07 | INFO | --- FINAL RESULT ---
2026-03-13 08:05:07 | INFO | Raw Schedule (before smoothing): 11.164 MW
2026-03-13 08:05:07 | INFO | Final Scheduled MW: 11.164 MW
2026-03-13 08:05:07 | INFO | Previous Schedule Value: 11.164 MW
2026-03-13 08:05:07 | INFO | --------------------------------------------------------------------------------
2026-03-13 08:05:07 | INFO | --------------------------------------------------------------------------------
2026-03-13 08:05:07 | INFO | BLOCK 62
2026-03-13 08:05:07 | INFO | --------------------------------------------------------------------------------
2026-03-13 08:05:07 | INFO | --- FORECAST DATA ---
2026-03-13 08:05:07 | INFO | Intraday Forecast (Enercast): 11.930 MW
2026-03-13 08:05:07 | INFO | Day-ahead Forecast (Enercast): 11.820 MW
2026-03-13 08:05:07 | INFO | Base Forecast (raw, before curtailment/shutdown): 10.737 MW
2026-03-13 08:05:07 | INFO | Base Forecast (used for schedule): 10.737 MW
2026-03-13 08:05:07 | INFO | Effective Base Forecast (after curtailment/shutdown): 10.737 MW
2026-03-13 08:05:07 | INFO | Plant Status: NORMAL
2026-03-13 08:05:07 | INFO | Effective Base Forecast = Base Forecast (raw) = 10.737 MW
2026-03-13 08:05:07 | INFO | --- WEATHER PARAMETERS ---
2026-03-13 08:05:07 | INFO | GTI: 736.0 W/m^2
2026-03-13 08:05:07 | INFO | DHI: 99.0 W/m^2
2026-03-13 08:05:07 | INFO | DNI: 0.0 W/m^2
2026-03-13 08:05:07 | INFO | Irradiance Ratio (GTI/MAX_GTI): 0.780
2026-03-13 08:05:07 | INFO | Diffuse Ratio (current): 0.135
2026-03-13 08:05:07 | INFO | Irradiance State: STABLE_CLEAR
2026-03-13 08:05:07 | INFO | Temp @ 2m: 35.72 C
2026-03-13 08:05:07 | INFO | Wind @ 10m: 23.62 m/s
2026-03-13 08:05:07 | INFO | Weather State: NORMAL
2026-03-13 08:05:07 | INFO | Dynamic Thresholds: cloud_thr=0.1016, shift_thr=0.1053
2026-03-13 08:05:07 | INFO | Multipliers: irradiance=0.85x, temp=0.77x, wind=0.95x
2026-03-13 08:05:07 | INFO | Weather Multiplier (combined): 0.62x
2026-03-13 08:05:07 | INFO | Abrupt Weather Change Detected: False
2026-03-13 08:05:07 | INFO | --- TREND ANALYSIS ---
2026-03-13 08:05:07 | INFO | Trend series (oldest -> latest):
2026-03-13 08:05:07 | INFO |   Block 61: 12.640 MW (source: INTRADAY_FALLBACK)
2026-03-13 08:05:07 | INFO |   Block 60: 13.220 MW (source: INTRADAY_FALLBACK)
2026-03-13 08:05:07 | INFO |   Block 59: 13.790 MW (source: INTRADAY_FALLBACK)
2026-03-13 08:05:07 | INFO |   Block 58: 14.310 MW (source: INTRADAY_FALLBACK)
2026-03-13 08:05:07 | INFO | Trend values used for slope calc: B61=12.640(INTRADAY_FALLBACK), B60=13.220(INTRADAY_FALLBACK), B59=13.790(INTRADAY_FALLBACK), B58=14.310(INTRADAY_FALLBACK)
2026-03-13 08:05:07 | INFO | Detected Trend Type: DECREASING
2026-03-13 08:05:07 | INFO | Trend Slope Percentage: -11.68%
2026-03-13 08:05:07 | INFO | Trend EPS Threshold: 1.50%
2026-03-13 08:05:07 | INFO | --- SCHEDULE CALCULATION ---
2026-03-13 08:05:07 | INFO | Condition Applied: CONDITION_3
2026-03-13 08:05:07 | INFO | Effective Base Forecast Used for Adjustments: 10.737 MW
2026-03-13 08:05:07 | INFO | Condition-3 (Phase-6) Applied:
2026-03-13 08:05:07 | INFO |   Forecast Mismatch: Intraday (11.930) != Day-ahead (11.820)
2026-03-13 08:05:07 | INFO |   Operation: SUBTRACT
2026-03-13 08:05:07 | INFO |   Base Adjustment %: 3.00%
2026-03-13 08:05:07 | INFO |   Irradiance Multiplier: 0.85x
2026-03-13 08:05:07 | INFO |   Temp Multiplier: 0.77x
2026-03-13 08:05:07 | INFO |   Wind Multiplier: 0.95x
2026-03-13 08:05:07 | INFO |   Weather Multiplier: 0.62x
2026-03-13 08:05:07 | INFO |   Final Adjustment %: -1.87%
2026-03-13 08:05:07 | INFO |   Calculation: 10.737 MW * (1 + -1.87% / 100)
2026-03-13 08:05:07 | INFO |   Formula (expanded): raw=10.7370*(1+-1.8653/100)=10.5367
2026-03-13 08:05:07 | INFO | --- FINAL RESULT ---
2026-03-13 08:05:07 | INFO | Raw Schedule (before smoothing): 10.537 MW
2026-03-13 08:05:07 | INFO | Final Scheduled MW: 10.537 MW
2026-03-13 08:05:07 | INFO | Previous Schedule Value: 10.537 MW
2026-03-13 08:05:07 | INFO | --------------------------------------------------------------------------------
2026-03-13 08:05:07 | INFO | --------------------------------------------------------------------------------
2026-03-13 08:05:07 | INFO | BLOCK 63
2026-03-13 08:05:07 | INFO | --------------------------------------------------------------------------------
2026-03-13 08:05:07 | INFO | --- FORECAST DATA ---
2026-03-13 08:05:07 | INFO | Intraday Forecast (Enercast): 11.150 MW
2026-03-13 08:05:07 | INFO | Day-ahead Forecast (Enercast): 11.060 MW
2026-03-13 08:05:07 | INFO | Base Forecast (raw, before curtailment/shutdown): 10.035 MW
2026-03-13 08:05:07 | INFO | Base Forecast (used for schedule): 10.035 MW
2026-03-13 08:05:07 | INFO | Effective Base Forecast (after curtailment/shutdown): 10.035 MW
2026-03-13 08:05:07 | INFO | Plant Status: NORMAL
2026-03-13 08:05:07 | INFO | Effective Base Forecast = Base Forecast (raw) = 10.035 MW
2026-03-13 08:05:07 | INFO | --- WEATHER PARAMETERS ---
2026-03-13 08:05:07 | INFO | GTI: 690.0 W/m^2
2026-03-13 08:05:07 | INFO | DHI: 97.0 W/m^2
2026-03-13 08:05:07 | INFO | DNI: 0.0 W/m^2
2026-03-13 08:05:07 | INFO | Irradiance Ratio (GTI/MAX_GTI): 0.731
2026-03-13 08:05:07 | INFO | Diffuse Ratio (current): 0.141
2026-03-13 08:05:07 | INFO | Irradiance State: VARIABLE_CLEAR
2026-03-13 08:05:07 | INFO | Temp @ 2m: 35.67 C
2026-03-13 08:05:07 | INFO | Wind @ 10m: 23.62 m/s
2026-03-13 08:05:07 | INFO | Weather State: NORMAL
2026-03-13 08:05:07 | INFO | Dynamic Thresholds: cloud_thr=0.1016, shift_thr=0.1053
2026-03-13 08:05:07 | INFO | Multipliers: irradiance=0.65x, temp=0.77x, wind=0.95x
2026-03-13 08:05:07 | INFO | Weather Multiplier (combined): 0.48x
2026-03-13 08:05:07 | INFO | Abrupt Weather Change Detected: False
2026-03-13 08:05:07 | INFO | --- TREND ANALYSIS ---
2026-03-13 08:05:07 | INFO | Trend series (oldest -> latest):
2026-03-13 08:05:07 | INFO |   Block 62: 11.930 MW (source: INTRADAY_FALLBACK)
2026-03-13 08:05:07 | INFO |   Block 61: 12.640 MW (source: INTRADAY_FALLBACK)
2026-03-13 08:05:07 | INFO |   Block 60: 13.220 MW (source: INTRADAY_FALLBACK)
2026-03-13 08:05:07 | INFO |   Block 59: 13.790 MW (source: INTRADAY_FALLBACK)
2026-03-13 08:05:07 | INFO | Trend values used for slope calc: B62=11.930(INTRADAY_FALLBACK), B61=12.640(INTRADAY_FALLBACK), B60=13.220(INTRADAY_FALLBACK), B59=13.790(INTRADAY_FALLBACK)
2026-03-13 08:05:07 | INFO | Detected Trend Type: DECREASING
2026-03-13 08:05:07 | INFO | Trend Slope Percentage: -13.37%
2026-03-13 08:05:07 | INFO | Trend EPS Threshold: 1.50%
2026-03-13 08:05:07 | INFO | --- SCHEDULE CALCULATION ---
2026-03-13 08:05:07 | INFO | Condition Applied: CONDITION_3
2026-03-13 08:05:07 | INFO | Effective Base Forecast Used for Adjustments: 10.035 MW
2026-03-13 08:05:07 | INFO | Condition-3 (Phase-6) Applied:
2026-03-13 08:05:07 | INFO |   Forecast Mismatch: Intraday (11.150) != Day-ahead (11.060)
2026-03-13 08:05:07 | INFO |   Operation: SUBTRACT
2026-03-13 08:05:07 | INFO |   Base Adjustment %: 3.00%
2026-03-13 08:05:07 | INFO |   Irradiance Multiplier: 0.65x
2026-03-13 08:05:07 | INFO |   Temp Multiplier: 0.77x
2026-03-13 08:05:07 | INFO |   Wind Multiplier: 0.95x
2026-03-13 08:05:07 | INFO |   Weather Multiplier: 0.48x
2026-03-13 08:05:07 | INFO |   Final Adjustment %: -1.43%
2026-03-13 08:05:07 | INFO |   Calculation: 10.035 MW * (1 + -1.43% / 100)
2026-03-13 08:05:07 | INFO |   Formula (expanded): raw=10.0350*(1+-1.4264/100)=9.8919
2026-03-13 08:05:07 | INFO | --- FINAL RESULT ---
2026-03-13 08:05:07 | INFO | Raw Schedule (before smoothing): 9.892 MW
2026-03-13 08:05:07 | INFO | Final Scheduled MW: 9.892 MW
2026-03-13 08:05:07 | INFO | Previous Schedule Value: 9.892 MW
2026-03-13 08:05:07 | INFO | --------------------------------------------------------------------------------
2026-03-13 08:05:07 | INFO | --------------------------------------------------------------------------------
2026-03-13 08:05:07 | INFO | BLOCK 64
2026-03-13 08:05:07 | INFO | --------------------------------------------------------------------------------
2026-03-13 08:05:07 | INFO | --- FORECAST DATA ---
2026-03-13 08:05:07 | INFO | Intraday Forecast (Enercast): 10.340 MW
2026-03-13 08:05:07 | INFO | Day-ahead Forecast (Enercast): 10.250 MW
2026-03-13 08:05:07 | INFO | Base Forecast (raw, before curtailment/shutdown): 9.306 MW
2026-03-13 08:05:07 | INFO | Base Forecast (used for schedule): 9.306 MW
2026-03-13 08:05:07 | INFO | Effective Base Forecast (after curtailment/shutdown): 9.306 MW
2026-03-13 08:05:07 | INFO | Plant Status: NORMAL
2026-03-13 08:05:07 | INFO | Effective Base Forecast = Base Forecast (raw) = 9.306 MW
2026-03-13 08:05:07 | INFO | --- WEATHER PARAMETERS ---
2026-03-13 08:05:07 | INFO | GTI: 641.0 W/m^2
2026-03-13 08:05:07 | INFO | DHI: 94.0 W/m^2
2026-03-13 08:05:07 | INFO | DNI: 0.0 W/m^2
2026-03-13 08:05:07 | INFO | Irradiance Ratio (GTI/MAX_GTI): 0.679
2026-03-13 08:05:07 | INFO | Diffuse Ratio (current): 0.147
2026-03-13 08:05:07 | INFO | Irradiance State: VARIABLE_CLEAR
2026-03-13 08:05:07 | INFO | Temp @ 2m: 35.57 C
2026-03-13 08:05:07 | INFO | Wind @ 10m: 23.32 m/s
2026-03-13 08:05:07 | INFO | Weather State: NORMAL
2026-03-13 08:05:07 | INFO | Dynamic Thresholds: cloud_thr=0.1016, shift_thr=0.1053
2026-03-13 08:05:07 | INFO | Multipliers: irradiance=0.65x, temp=0.77x, wind=0.95x
2026-03-13 08:05:07 | INFO | Weather Multiplier (combined): 0.48x
2026-03-13 08:05:07 | INFO | Abrupt Weather Change Detected: False
2026-03-13 08:05:07 | INFO | --- TREND ANALYSIS ---
2026-03-13 08:05:07 | INFO | Trend series (oldest -> latest):
2026-03-13 08:05:07 | INFO |   Block 63: 11.150 MW (source: INTRADAY_FALLBACK)
2026-03-13 08:05:07 | INFO |   Block 62: 11.930 MW (source: INTRADAY_FALLBACK)
2026-03-13 08:05:07 | INFO |   Block 61: 12.640 MW (source: INTRADAY_FALLBACK)
2026-03-13 08:05:07 | INFO |   Block 60: 13.220 MW (source: INTRADAY_FALLBACK)
2026-03-13 08:05:07 | INFO | Trend values used for slope calc: B63=11.150(INTRADAY_FALLBACK), B62=11.930(INTRADAY_FALLBACK), B61=12.640(INTRADAY_FALLBACK), B60=13.220(INTRADAY_FALLBACK)
2026-03-13 08:05:07 | INFO | Detected Trend Type: DECREASING
2026-03-13 08:05:07 | INFO | Trend Slope Percentage: -15.64%
2026-03-13 08:05:07 | INFO | Trend EPS Threshold: 1.50%
2026-03-13 08:05:07 | INFO | --- SCHEDULE CALCULATION ---
2026-03-13 08:05:07 | INFO | Condition Applied: CONDITION_3
2026-03-13 08:05:07 | INFO | Effective Base Forecast Used for Adjustments: 9.306 MW
2026-03-13 08:05:07 | INFO | Condition-3 (Phase-6) Applied:
2026-03-13 08:05:07 | INFO |   Forecast Mismatch: Intraday (10.340) != Day-ahead (10.250)
2026-03-13 08:05:07 | INFO |   Operation: SUBTRACT
2026-03-13 08:05:07 | INFO |   Base Adjustment %: 3.00%
2026-03-13 08:05:07 | INFO |   Irradiance Multiplier: 0.65x
2026-03-13 08:05:07 | INFO |   Temp Multiplier: 0.77x
2026-03-13 08:05:07 | INFO |   Wind Multiplier: 0.95x
2026-03-13 08:05:07 | INFO |   Weather Multiplier: 0.48x
2026-03-13 08:05:07 | INFO |   Final Adjustment %: -1.43%
2026-03-13 08:05:07 | INFO |   Calculation: 9.306 MW * (1 + -1.43% / 100)
2026-03-13 08:05:07 | INFO |   Formula (expanded): raw=9.3060*(1+-1.4264/100)=9.1733
2026-03-13 08:05:07 | INFO | --- FINAL RESULT ---
2026-03-13 08:05:07 | INFO | Raw Schedule (before smoothing): 9.173 MW
2026-03-13 08:05:07 | INFO | Final Scheduled MW: 9.173 MW
2026-03-13 08:05:07 | INFO | Previous Schedule Value: 9.173 MW
2026-03-13 08:05:07 | INFO | --------------------------------------------------------------------------------
2026-03-13 08:05:08 | INFO | --------------------------------------------------------------------------------
2026-03-13 08:05:08 | INFO | BLOCK 65
2026-03-13 08:05:08 | INFO | --------------------------------------------------------------------------------
2026-03-13 08:05:08 | INFO | --- FORECAST DATA ---
2026-03-13 08:05:08 | INFO | Intraday Forecast (Enercast): 9.410 MW
2026-03-13 08:05:08 | INFO | Day-ahead Forecast (Enercast): 9.330 MW
2026-03-13 08:05:08 | INFO | Base Forecast (raw, before curtailment/shutdown): 8.469 MW
2026-03-13 08:05:08 | INFO | Base Forecast (used for schedule): 8.469 MW
2026-03-13 08:05:08 | INFO | Effective Base Forecast (after curtailment/shutdown): 8.469 MW
2026-03-13 08:05:08 | INFO | Plant Status: NORMAL
2026-03-13 08:05:08 | INFO | Effective Base Forecast = Base Forecast (raw) = 8.469 MW
2026-03-13 08:05:08 | INFO | --- WEATHER PARAMETERS ---
2026-03-13 08:05:08 | INFO | GTI: 587.0 W/m^2
2026-03-13 08:05:08 | INFO | DHI: 91.0 W/m^2
2026-03-13 08:05:08 | INFO | DNI: 0.0 W/m^2
2026-03-13 08:05:08 | INFO | Irradiance Ratio (GTI/MAX_GTI): 0.622
2026-03-13 08:05:08 | INFO | Diffuse Ratio (current): 0.155
2026-03-13 08:05:08 | INFO | Irradiance State: VARIABLE_CLEAR
2026-03-13 08:05:08 | INFO | Temp @ 2m: 35.42 C
2026-03-13 08:05:08 | INFO | Wind @ 10m: 23.02 m/s
2026-03-13 08:05:08 | INFO | Weather State: NORMAL
2026-03-13 08:05:08 | INFO | Dynamic Thresholds: cloud_thr=0.1016, shift_thr=0.1053
2026-03-13 08:05:08 | INFO | Multipliers: irradiance=0.65x, temp=0.77x, wind=0.95x
2026-03-13 08:05:08 | INFO | Weather Multiplier (combined): 0.48x
2026-03-13 08:05:08 | INFO | Abrupt Weather Change Detected: False
2026-03-13 08:05:08 | INFO | --- TREND ANALYSIS ---
2026-03-13 08:05:08 | INFO | Trend series (oldest -> latest):
2026-03-13 08:05:08 | INFO |   Block 64: 10.340 MW (source: INTRADAY_FALLBACK)
2026-03-13 08:05:08 | INFO |   Block 63: 11.150 MW (source: INTRADAY_FALLBACK)
2026-03-13 08:05:08 | INFO |   Block 62: 11.930 MW (source: INTRADAY_FALLBACK)
2026-03-13 08:05:08 | INFO |   Block 61: 12.640 MW (source: INTRADAY_FALLBACK)
2026-03-13 08:05:08 | INFO | Trend values used for slope calc: B64=10.340(INTRADAY_FALLBACK), B63=11.150(INTRADAY_FALLBACK), B62=11.930(INTRADAY_FALLBACK), B61=12.640(INTRADAY_FALLBACK)
2026-03-13 08:05:08 | INFO | Detected Trend Type: DECREASING
2026-03-13 08:05:08 | INFO | Trend Slope Percentage: -18.19%
2026-03-13 08:05:08 | INFO | Trend EPS Threshold: 1.50%
2026-03-13 08:05:08 | INFO | --- SCHEDULE CALCULATION ---
2026-03-13 08:05:08 | INFO | Condition Applied: CONDITION_3
2026-03-13 08:05:08 | INFO | Effective Base Forecast Used for Adjustments: 8.469 MW
2026-03-13 08:05:08 | INFO | Condition-3 (Phase-6) Applied:
2026-03-13 08:05:08 | INFO |   Forecast Mismatch: Intraday (9.410) != Day-ahead (9.330)
2026-03-13 08:05:08 | INFO |   Operation: SUBTRACT
2026-03-13 08:05:08 | INFO |   Base Adjustment %: 3.00%
2026-03-13 08:05:08 | INFO |   Irradiance Multiplier: 0.65x
2026-03-13 08:05:08 | INFO |   Temp Multiplier: 0.77x
2026-03-13 08:05:08 | INFO |   Wind Multiplier: 0.95x
2026-03-13 08:05:08 | INFO |   Weather Multiplier: 0.48x
2026-03-13 08:05:08 | INFO |   Final Adjustment %: -1.43%
2026-03-13 08:05:08 | INFO |   Calculation: 8.469 MW * (1 + -1.43% / 100)
2026-03-13 08:05:08 | INFO |   Formula (expanded): raw=8.4690*(1+-1.4264/100)=8.3482
2026-03-13 08:05:08 | INFO | --- FINAL RESULT ---
2026-03-13 08:05:08 | INFO | Raw Schedule (before smoothing): 8.348 MW
2026-03-13 08:05:08 | INFO | Final Scheduled MW: 8.348 MW
2026-03-13 08:05:08 | INFO | Previous Schedule Value: 8.348 MW
2026-03-13 08:05:08 | INFO | --------------------------------------------------------------------------------
2026-03-13 08:05:08 | INFO | --------------------------------------------------------------------------------
2026-03-13 08:05:08 | INFO | BLOCK 66
2026-03-13 08:05:08 | INFO | --------------------------------------------------------------------------------
2026-03-13 08:05:08 | INFO | --- FORECAST DATA ---
2026-03-13 08:05:08 | INFO | Intraday Forecast (Enercast): 8.400 MW
2026-03-13 08:05:08 | INFO | Day-ahead Forecast (Enercast): 8.310 MW
2026-03-13 08:05:08 | INFO | Base Forecast (raw, before curtailment/shutdown): 7.560 MW
2026-03-13 08:05:08 | INFO | Base Forecast (used for schedule): 7.560 MW
2026-03-13 08:05:08 | INFO | Effective Base Forecast (after curtailment/shutdown): 7.560 MW
2026-03-13 08:05:08 | INFO | Plant Status: NORMAL
2026-03-13 08:05:08 | INFO | Effective Base Forecast = Base Forecast (raw) = 7.560 MW
2026-03-13 08:05:08 | INFO | --- WEATHER PARAMETERS ---
2026-03-13 08:05:08 | INFO | GTI: 531.0 W/m^2
2026-03-13 08:05:08 | INFO | DHI: 87.0 W/m^2
2026-03-13 08:05:08 | INFO | DNI: 0.0 W/m^2
2026-03-13 08:05:08 | INFO | Irradiance Ratio (GTI/MAX_GTI): 0.562
2026-03-13 08:05:08 | INFO | Diffuse Ratio (current): 0.164
2026-03-13 08:05:08 | INFO | Irradiance State: VARIABLE_CLEAR
2026-03-13 08:05:08 | INFO | Temp @ 2m: 35.27 C
2026-03-13 08:05:08 | INFO | Wind @ 10m: 22.38 m/s
2026-03-13 08:05:08 | INFO | Weather State: NORMAL
2026-03-13 08:05:08 | INFO | Dynamic Thresholds: cloud_thr=0.1016, shift_thr=0.1053
2026-03-13 08:05:08 | INFO | Multipliers: irradiance=0.65x, temp=0.77x, wind=0.95x
2026-03-13 08:05:08 | INFO | Weather Multiplier (combined): 0.48x
2026-03-13 08:05:08 | INFO | Abrupt Weather Change Detected: False
2026-03-13 08:05:08 | INFO | --- TREND ANALYSIS ---
2026-03-13 08:05:08 | INFO | Trend series (oldest -> latest):
2026-03-13 08:05:08 | INFO |   Block 65: 9.410 MW (source: INTRADAY_FALLBACK)
2026-03-13 08:05:08 | INFO |   Block 64: 10.340 MW (source: INTRADAY_FALLBACK)
2026-03-13 08:05:08 | INFO |   Block 63: 11.150 MW (source: INTRADAY_FALLBACK)
2026-03-13 08:05:08 | INFO |   Block 62: 11.930 MW (source: INTRADAY_FALLBACK)
2026-03-13 08:05:08 | INFO | Trend values used for slope calc: B65=9.410(INTRADAY_FALLBACK), B64=10.340(INTRADAY_FALLBACK), B63=11.150(INTRADAY_FALLBACK), B62=11.930(INTRADAY_FALLBACK)
2026-03-13 08:05:08 | INFO | Detected Trend Type: DECREASING
2026-03-13 08:05:08 | INFO | Trend Slope Percentage: -20.99%
2026-03-13 08:05:08 | INFO | Trend EPS Threshold: 1.50%
2026-03-13 08:05:08 | INFO | --- SCHEDULE CALCULATION ---
2026-03-13 08:05:08 | INFO | Condition Applied: CONDITION_3
2026-03-13 08:05:08 | INFO | Effective Base Forecast Used for Adjustments: 7.560 MW
2026-03-13 08:05:08 | INFO | Condition-3 (Phase-6) Applied:
2026-03-13 08:05:08 | INFO |   Forecast Mismatch: Intraday (8.400) != Day-ahead (8.310)
2026-03-13 08:05:08 | INFO |   Operation: SUBTRACT
2026-03-13 08:05:08 | INFO |   Base Adjustment %: 3.00%
2026-03-13 08:05:08 | INFO |   Irradiance Multiplier: 0.65x
2026-03-13 08:05:08 | INFO |   Temp Multiplier: 0.77x
2026-03-13 08:05:08 | INFO |   Wind Multiplier: 0.95x
2026-03-13 08:05:08 | INFO |   Weather Multiplier: 0.48x
2026-03-13 08:05:08 | INFO |   Final Adjustment %: -1.43%
2026-03-13 08:05:08 | INFO |   Calculation: 7.560 MW * (1 + -1.43% / 100)
2026-03-13 08:05:08 | INFO |   Formula (expanded): raw=7.5600*(1+-1.4264/100)=7.4522
2026-03-13 08:05:08 | INFO | --- FINAL RESULT ---
2026-03-13 08:05:08 | INFO | Raw Schedule (before smoothing): 7.452 MW
2026-03-13 08:05:08 | INFO | Final Scheduled MW: 7.452 MW
2026-03-13 08:05:08 | INFO | Previous Schedule Value: 7.452 MW
2026-03-13 08:05:08 | INFO | --------------------------------------------------------------------------------
2026-03-13 08:05:08 | INFO | --------------------------------------------------------------------------------
2026-03-13 08:05:08 | INFO | BLOCK 67
2026-03-13 08:05:08 | INFO | --------------------------------------------------------------------------------
2026-03-13 08:05:08 | INFO | --- FORECAST DATA ---
2026-03-13 08:05:08 | INFO | Intraday Forecast (Enercast): 7.320 MW
2026-03-13 08:05:08 | INFO | Day-ahead Forecast (Enercast): 7.240 MW
2026-03-13 08:05:08 | INFO | Base Forecast (raw, before curtailment/shutdown): 6.588 MW
2026-03-13 08:05:08 | INFO | Base Forecast (used for schedule): 6.588 MW
2026-03-13 08:05:08 | INFO | Effective Base Forecast (after curtailment/shutdown): 6.588 MW
2026-03-13 08:05:08 | INFO | Plant Status: NORMAL
2026-03-13 08:05:08 | INFO | Effective Base Forecast = Base Forecast (raw) = 6.588 MW
2026-03-13 08:05:08 | INFO | --- WEATHER PARAMETERS ---
2026-03-13 08:05:08 | INFO | GTI: 474.0 W/m^2
2026-03-13 08:05:08 | INFO | DHI: 83.0 W/m^2
2026-03-13 08:05:08 | INFO | DNI: 0.0 W/m^2
2026-03-13 08:05:08 | INFO | Irradiance Ratio (GTI/MAX_GTI): 0.502
2026-03-13 08:05:08 | INFO | Diffuse Ratio (current): 0.175
2026-03-13 08:05:08 | INFO | Irradiance State: VARIABLE_CLEAR
2026-03-13 08:05:08 | INFO | Temp @ 2m: 35.12 C
2026-03-13 08:05:08 | INFO | Wind @ 10m: 21.75 m/s
2026-03-13 08:05:08 | INFO | Weather State: NORMAL
2026-03-13 08:05:08 | INFO | Dynamic Thresholds: cloud_thr=0.1016, shift_thr=0.1053
2026-03-13 08:05:08 | INFO | Multipliers: irradiance=0.65x, temp=0.77x, wind=0.95x
2026-03-13 08:05:08 | INFO | Weather Multiplier (combined): 0.48x
2026-03-13 08:05:08 | INFO | Abrupt Weather Change Detected: False
2026-03-13 08:05:08 | INFO | --- TREND ANALYSIS ---
2026-03-13 08:05:08 | INFO | Trend series (oldest -> latest):
2026-03-13 08:05:08 | INFO |   Block 66: 8.400 MW (source: INTRADAY_FALLBACK)
2026-03-13 08:05:08 | INFO |   Block 65: 9.410 MW (source: INTRADAY_FALLBACK)
2026-03-13 08:05:08 | INFO |   Block 64: 10.340 MW (source: INTRADAY_FALLBACK)
2026-03-13 08:05:08 | INFO |   Block 63: 11.150 MW (source: INTRADAY_FALLBACK)
2026-03-13 08:05:08 | INFO | Trend values used for slope calc: B66=8.400(INTRADAY_FALLBACK), B65=9.410(INTRADAY_FALLBACK), B64=10.340(INTRADAY_FALLBACK), B63=11.150(INTRADAY_FALLBACK)
2026-03-13 08:05:08 | INFO | Detected Trend Type: DECREASING
2026-03-13 08:05:08 | INFO | Trend Slope Percentage: -24.58%
2026-03-13 08:05:08 | INFO | Trend EPS Threshold: 1.50%
2026-03-13 08:05:08 | INFO | --- SCHEDULE CALCULATION ---
2026-03-13 08:05:08 | INFO | Condition Applied: CONDITION_3
2026-03-13 08:05:08 | INFO | Effective Base Forecast Used for Adjustments: 6.588 MW
2026-03-13 08:05:08 | INFO | Condition-3 (Phase-6) Applied:
2026-03-13 08:05:08 | INFO |   Forecast Mismatch: Intraday (7.320) != Day-ahead (7.240)
2026-03-13 08:05:08 | INFO |   Operation: SUBTRACT
2026-03-13 08:05:08 | INFO |   Base Adjustment %: 3.00%
2026-03-13 08:05:08 | INFO |   Irradiance Multiplier: 0.65x
2026-03-13 08:05:08 | INFO |   Temp Multiplier: 0.77x
2026-03-13 08:05:08 | INFO |   Wind Multiplier: 0.95x
2026-03-13 08:05:08 | INFO |   Weather Multiplier: 0.48x
2026-03-13 08:05:08 | INFO |   Final Adjustment %: -1.43%
2026-03-13 08:05:08 | INFO |   Calculation: 6.588 MW * (1 + -1.43% / 100)
2026-03-13 08:05:08 | INFO |   Formula (expanded): raw=6.5880*(1+-1.4264/100)=6.4940
2026-03-13 08:05:08 | INFO | --- FINAL RESULT ---
2026-03-13 08:05:08 | INFO | Raw Schedule (before smoothing): 6.494 MW
2026-03-13 08:05:08 | INFO | Final Scheduled MW: 6.494 MW
2026-03-13 08:05:08 | INFO | Previous Schedule Value: 6.494 MW
2026-03-13 08:05:08 | INFO | --------------------------------------------------------------------------------
2026-03-13 08:05:08 | INFO | --------------------------------------------------------------------------------
2026-03-13 08:05:08 | INFO | BLOCK 68
2026-03-13 08:05:08 | INFO | --------------------------------------------------------------------------------
2026-03-13 08:05:08 | INFO | --- FORECAST DATA ---
2026-03-13 08:05:08 | INFO | Intraday Forecast (Enercast): 6.220 MW
2026-03-13 08:05:08 | INFO | Day-ahead Forecast (Enercast): 6.130 MW
2026-03-13 08:05:08 | INFO | Base Forecast (raw, before curtailment/shutdown): 5.598 MW
2026-03-13 08:05:08 | INFO | Base Forecast (used for schedule): 5.598 MW
2026-03-13 08:05:08 | INFO | Effective Base Forecast (after curtailment/shutdown): 5.598 MW
2026-03-13 08:05:08 | INFO | Plant Status: NORMAL
2026-03-13 08:05:08 | INFO | Effective Base Forecast = Base Forecast (raw) = 5.598 MW
2026-03-13 08:05:08 | INFO | --- WEATHER PARAMETERS ---
2026-03-13 08:05:08 | INFO | GTI: 415.0 W/m^2
2026-03-13 08:05:08 | INFO | DHI: 78.0 W/m^2
2026-03-13 08:05:08 | INFO | DNI: 0.0 W/m^2
2026-03-13 08:05:08 | INFO | Irradiance Ratio (GTI/MAX_GTI): 0.440
2026-03-13 08:05:08 | INFO | Diffuse Ratio (current): 0.188
2026-03-13 08:05:08 | INFO | Irradiance State: CLOUD_TRANSIENT
2026-03-13 08:05:08 | INFO | Temp @ 2m: 35.02 C
2026-03-13 08:05:08 | INFO | Wind @ 10m: 21.05 m/s
2026-03-13 08:05:08 | INFO | Weather State: NORMAL
2026-03-13 08:05:08 | INFO | Dynamic Thresholds: cloud_thr=0.1016, shift_thr=0.1053
2026-03-13 08:05:08 | INFO | Multipliers: irradiance=0.35x, temp=0.77x, wind=0.95x
2026-03-13 08:05:08 | INFO | Weather Multiplier (combined): 0.26x
2026-03-13 08:05:08 | INFO | Abrupt Weather Change Detected: False
2026-03-13 08:05:08 | INFO | --- TREND ANALYSIS ---
2026-03-13 08:05:08 | INFO | Trend series (oldest -> latest):
2026-03-13 08:05:08 | INFO |   Block 67: 7.320 MW (source: INTRADAY_FALLBACK)
2026-03-13 08:05:08 | INFO |   Block 66: 8.400 MW (source: INTRADAY_FALLBACK)
2026-03-13 08:05:08 | INFO |   Block 65: 9.410 MW (source: INTRADAY_FALLBACK)
2026-03-13 08:05:08 | INFO |   Block 64: 10.340 MW (source: INTRADAY_FALLBACK)
2026-03-13 08:05:08 | INFO | Trend values used for slope calc: B67=7.320(INTRADAY_FALLBACK), B66=8.400(INTRADAY_FALLBACK), B65=9.410(INTRADAY_FALLBACK), B64=10.340(INTRADAY_FALLBACK)
2026-03-13 08:05:08 | INFO | Detected Trend Type: DECREASING
2026-03-13 08:05:08 | INFO | Trend Slope Percentage: -29.11%
2026-03-13 08:05:08 | INFO | Trend EPS Threshold: 1.50%
2026-03-13 08:05:08 | INFO | --- SCHEDULE CALCULATION ---
2026-03-13 08:05:08 | INFO | Condition Applied: CONDITION_3
2026-03-13 08:05:08 | INFO | Effective Base Forecast Used for Adjustments: 5.598 MW
2026-03-13 08:05:08 | INFO | Condition-3 (Phase-6) Applied:
2026-03-13 08:05:08 | INFO |   Forecast Mismatch: Intraday (6.220) != Day-ahead (6.130)
2026-03-13 08:05:08 | INFO |   Operation: SUBTRACT
2026-03-13 08:05:08 | INFO |   Base Adjustment %: 3.00%
2026-03-13 08:05:08 | INFO |   Irradiance Multiplier: 0.35x
2026-03-13 08:05:08 | INFO |   Temp Multiplier: 0.77x
2026-03-13 08:05:08 | INFO |   Wind Multiplier: 0.95x
2026-03-13 08:05:08 | INFO |   Weather Multiplier: 0.26x
2026-03-13 08:05:08 | INFO |   Final Adjustment %: -0.77%
2026-03-13 08:05:08 | INFO |   Calculation: 5.598 MW * (1 + -0.77% / 100)
2026-03-13 08:05:08 | INFO |   Formula (expanded): raw=5.5980*(1+-0.7681/100)=5.5550
2026-03-13 08:05:08 | INFO | --- FINAL RESULT ---
2026-03-13 08:05:08 | INFO | Raw Schedule (before smoothing): 5.555 MW
2026-03-13 08:05:08 | INFO | Final Scheduled MW: 5.555 MW
2026-03-13 08:05:08 | INFO | Previous Schedule Value: 5.555 MW
2026-03-13 08:05:08 | INFO | --------------------------------------------------------------------------------
2026-03-13 08:05:08 | INFO | --------------------------------------------------------------------------------
2026-03-13 08:05:08 | INFO | BLOCK 69
2026-03-13 08:05:08 | INFO | --------------------------------------------------------------------------------
2026-03-13 08:05:08 | INFO | --- FORECAST DATA ---
2026-03-13 08:05:08 | INFO | Intraday Forecast (Enercast): 5.100 MW
2026-03-13 08:05:08 | INFO | Day-ahead Forecast (Enercast): 5.020 MW
2026-03-13 08:05:08 | INFO | Base Forecast (raw, before curtailment/shutdown): 4.590 MW
2026-03-13 08:05:08 | INFO | Base Forecast (used for schedule): 4.590 MW
2026-03-13 08:05:08 | INFO | Effective Base Forecast (after curtailment/shutdown): 4.590 MW
2026-03-13 08:05:08 | INFO | Plant Status: NORMAL
2026-03-13 08:05:08 | INFO | Effective Base Forecast = Base Forecast (raw) = 4.590 MW
2026-03-13 08:05:08 | INFO | --- WEATHER PARAMETERS ---
2026-03-13 08:05:08 | INFO | GTI: 353.0 W/m^2
2026-03-13 08:05:08 | INFO | DHI: 73.0 W/m^2
2026-03-13 08:05:08 | INFO | DNI: 0.0 W/m^2
2026-03-13 08:05:08 | INFO | Irradiance Ratio (GTI/MAX_GTI): 0.374
2026-03-13 08:05:08 | INFO | Diffuse Ratio (current): 0.207
2026-03-13 08:05:08 | INFO | Irradiance State: CLOUD_TRANSIENT
2026-03-13 08:05:08 | INFO | Temp @ 2m: 34.92 C
2026-03-13 08:05:08 | INFO | Wind @ 10m: 20.70 m/s
2026-03-13 08:05:08 | INFO | Weather State: NORMAL
2026-03-13 08:05:08 | INFO | Dynamic Thresholds: cloud_thr=0.1016, shift_thr=0.1053
2026-03-13 08:05:08 | INFO | Multipliers: irradiance=0.35x, temp=0.90x, wind=0.95x
2026-03-13 08:05:08 | INFO | Weather Multiplier (combined): 0.30x
2026-03-13 08:05:08 | INFO | Abrupt Weather Change Detected: False
2026-03-13 08:05:08 | INFO | --- TREND ANALYSIS ---
2026-03-13 08:05:08 | INFO | Trend series (oldest -> latest):
2026-03-13 08:05:08 | INFO |   Block 68: 6.220 MW (source: INTRADAY_FALLBACK)
2026-03-13 08:05:08 | INFO |   Block 67: 7.320 MW (source: INTRADAY_FALLBACK)
2026-03-13 08:05:08 | INFO |   Block 66: 8.400 MW (source: INTRADAY_FALLBACK)
2026-03-13 08:05:08 | INFO |   Block 65: 9.410 MW (source: INTRADAY_FALLBACK)
2026-03-13 08:05:08 | INFO | Trend values used for slope calc: B68=6.220(INTRADAY_FALLBACK), B67=7.320(INTRADAY_FALLBACK), B66=8.400(INTRADAY_FALLBACK), B65=9.410(INTRADAY_FALLBACK)
2026-03-13 08:05:08 | INFO | Detected Trend Type: DECREASING
2026-03-13 08:05:08 | INFO | Trend Slope Percentage: -33.86%
2026-03-13 08:05:08 | INFO | Trend EPS Threshold: 1.50%
2026-03-13 08:05:08 | INFO | --- SCHEDULE CALCULATION ---
2026-03-13 08:05:08 | INFO | Condition Applied: CONDITION_3
2026-03-13 08:05:08 | INFO | Effective Base Forecast Used for Adjustments: 4.590 MW
2026-03-13 08:05:08 | INFO | Condition-3 (Phase-6) Applied:
2026-03-13 08:05:08 | INFO |   Forecast Mismatch: Intraday (5.100) != Day-ahead (5.020)
2026-03-13 08:05:08 | INFO |   Operation: SUBTRACT
2026-03-13 08:05:08 | INFO |   Base Adjustment %: 3.00%
2026-03-13 08:05:08 | INFO |   Irradiance Multiplier: 0.35x
2026-03-13 08:05:08 | INFO |   Temp Multiplier: 0.90x
2026-03-13 08:05:08 | INFO |   Wind Multiplier: 0.95x
2026-03-13 08:05:08 | INFO |   Weather Multiplier: 0.30x
2026-03-13 08:05:08 | INFO |   Final Adjustment %: -0.90%
2026-03-13 08:05:08 | INFO |   Calculation: 4.590 MW * (1 + -0.90% / 100)
2026-03-13 08:05:08 | INFO |   Formula (expanded): raw=4.5900*(1+-0.8977/100)=4.5488
2026-03-13 08:05:08 | INFO | --- FINAL RESULT ---
2026-03-13 08:05:08 | INFO | Raw Schedule (before smoothing): 4.549 MW
2026-03-13 08:05:08 | INFO | Final Scheduled MW: 4.549 MW
2026-03-13 08:05:08 | INFO | Previous Schedule Value: 4.549 MW
2026-03-13 08:05:08 | INFO | --------------------------------------------------------------------------------
2026-03-13 08:05:08 | INFO | --------------------------------------------------------------------------------
2026-03-13 08:05:08 | INFO | BLOCK 70
2026-03-13 08:05:08 | INFO | --------------------------------------------------------------------------------
2026-03-13 08:05:08 | INFO | --- FORECAST DATA ---
2026-03-13 08:05:08 | INFO | Intraday Forecast (Enercast): 3.980 MW
2026-03-13 08:05:08 | INFO | Day-ahead Forecast (Enercast): 3.910 MW
2026-03-13 08:05:08 | INFO | Base Forecast (raw, before curtailment/shutdown): 3.582 MW
2026-03-13 08:05:08 | INFO | Base Forecast (used for schedule): 3.582 MW
2026-03-13 08:05:08 | INFO | Effective Base Forecast (after curtailment/shutdown): 3.582 MW
2026-03-13 08:05:08 | INFO | Plant Status: NORMAL
2026-03-13 08:05:08 | INFO | Effective Base Forecast = Base Forecast (raw) = 3.582 MW
2026-03-13 08:05:08 | INFO | --- WEATHER PARAMETERS ---
2026-03-13 08:05:08 | INFO | GTI: 288.0 W/m^2
2026-03-13 08:05:08 | INFO | DHI: 66.0 W/m^2
2026-03-13 08:05:08 | INFO | DNI: 0.0 W/m^2
2026-03-13 08:05:08 | INFO | Irradiance Ratio (GTI/MAX_GTI): 0.305
2026-03-13 08:05:08 | INFO | Diffuse Ratio (current): 0.229
2026-03-13 08:05:08 | INFO | Irradiance State: CLOUD_TRANSIENT
2026-03-13 08:05:08 | INFO | Temp @ 2m: 34.77 C
2026-03-13 08:05:08 | INFO | Wind @ 10m: 20.00 m/s
2026-03-13 08:05:08 | INFO | Weather State: NORMAL
2026-03-13 08:05:08 | INFO | Dynamic Thresholds: cloud_thr=0.1016, shift_thr=0.1053
2026-03-13 08:05:08 | INFO | Multipliers: irradiance=0.35x, temp=0.90x, wind=0.95x
2026-03-13 08:05:08 | INFO | Weather Multiplier (combined): 0.30x
2026-03-13 08:05:08 | INFO | Abrupt Weather Change Detected: False
2026-03-13 08:05:08 | INFO | --- TREND ANALYSIS ---
2026-03-13 08:05:08 | INFO | Trend series (oldest -> latest):
2026-03-13 08:05:08 | INFO |   Block 69: 5.100 MW (source: INTRADAY_FALLBACK)
2026-03-13 08:05:08 | INFO |   Block 68: 6.220 MW (source: INTRADAY_FALLBACK)
2026-03-13 08:05:08 | INFO |   Block 67: 7.320 MW (source: INTRADAY_FALLBACK)
2026-03-13 08:05:08 | INFO |   Block 66: 8.400 MW (source: INTRADAY_FALLBACK)
2026-03-13 08:05:08 | INFO | Trend values used for slope calc: B69=5.100(INTRADAY_FALLBACK), B68=6.220(INTRADAY_FALLBACK), B67=7.320(INTRADAY_FALLBACK), B66=8.400(INTRADAY_FALLBACK)
2026-03-13 08:05:08 | INFO | Detected Trend Type: DECREASING
2026-03-13 08:05:08 | INFO | Trend Slope Percentage: -39.24%
2026-03-13 08:05:08 | INFO | Trend EPS Threshold: 1.50%
2026-03-13 08:05:08 | INFO | --- SCHEDULE CALCULATION ---
2026-03-13 08:05:08 | INFO | Condition Applied: CONDITION_3
2026-03-13 08:05:08 | INFO | Effective Base Forecast Used for Adjustments: 3.582 MW
2026-03-13 08:05:08 | INFO | Condition-3 (Phase-6) Applied:
2026-03-13 08:05:08 | INFO |   Forecast Mismatch: Intraday (3.980) != Day-ahead (3.910)
2026-03-13 08:05:08 | INFO |   Operation: SUBTRACT
2026-03-13 08:05:08 | INFO |   Base Adjustment %: 3.00%
2026-03-13 08:05:08 | INFO |   Irradiance Multiplier: 0.35x
2026-03-13 08:05:08 | INFO |   Temp Multiplier: 0.90x
2026-03-13 08:05:08 | INFO |   Wind Multiplier: 0.95x
2026-03-13 08:05:08 | INFO |   Weather Multiplier: 0.30x
2026-03-13 08:05:08 | INFO |   Final Adjustment %: -0.90%
2026-03-13 08:05:08 | INFO |   Calculation: 3.582 MW * (1 + -0.90% / 100)
2026-03-13 08:05:08 | INFO |   Formula (expanded): raw=3.5820*(1+-0.8977/100)=3.5498
2026-03-13 08:05:08 | INFO | --- FINAL RESULT ---
2026-03-13 08:05:08 | INFO | Raw Schedule (before smoothing): 3.550 MW
2026-03-13 08:05:08 | INFO | Final Scheduled MW: 3.550 MW
2026-03-13 08:05:08 | INFO | Previous Schedule Value: 3.550 MW
2026-03-13 08:05:08 | INFO | --------------------------------------------------------------------------------
2026-03-13 08:05:08 | INFO | --------------------------------------------------------------------------------
2026-03-13 08:05:08 | INFO | BLOCK 71
2026-03-13 08:05:08 | INFO | --------------------------------------------------------------------------------
2026-03-13 08:05:08 | INFO | --- FORECAST DATA ---
2026-03-13 08:05:08 | INFO | Intraday Forecast (Enercast): 2.910 MW
2026-03-13 08:05:08 | INFO | Day-ahead Forecast (Enercast): 2.850 MW
2026-03-13 08:05:08 | INFO | Base Forecast (raw, before curtailment/shutdown): 2.619 MW
2026-03-13 08:05:08 | INFO | Base Forecast (used for schedule): 2.619 MW
2026-03-13 08:05:08 | INFO | Effective Base Forecast (after curtailment/shutdown): 2.619 MW
2026-03-13 08:05:08 | INFO | Plant Status: NORMAL
2026-03-13 08:05:08 | INFO | Effective Base Forecast = Base Forecast (raw) = 2.619 MW
2026-03-13 08:05:08 | INFO | --- WEATHER PARAMETERS ---
2026-03-13 08:05:08 | INFO | GTI: 220.0 W/m^2
2026-03-13 08:05:08 | INFO | DHI: 58.0 W/m^2
2026-03-13 08:05:08 | INFO | DNI: 0.0 W/m^2
2026-03-13 08:05:08 | INFO | Irradiance Ratio (GTI/MAX_GTI): 0.233
2026-03-13 08:05:08 | INFO | Diffuse Ratio (current): 0.264
2026-03-13 08:05:08 | INFO | Irradiance State: CLOUD_TRANSIENT
2026-03-13 08:05:08 | INFO | Temp @ 2m: 34.42 C
2026-03-13 08:05:08 | INFO | Wind @ 10m: 18.69 m/s
2026-03-13 08:05:08 | INFO | Weather State: NORMAL
2026-03-13 08:05:08 | INFO | Dynamic Thresholds: cloud_thr=0.1016, shift_thr=0.1053
2026-03-13 08:05:08 | INFO | Multipliers: irradiance=0.35x, temp=0.90x, wind=0.95x
2026-03-13 08:05:08 | INFO | Weather Multiplier (combined): 0.30x
2026-03-13 08:05:08 | INFO | Abrupt Weather Change Detected: False
2026-03-13 08:05:08 | INFO | --- TREND ANALYSIS ---
2026-03-13 08:05:08 | INFO | Trend series (oldest -> latest):
2026-03-13 08:05:08 | INFO |   Block 70: 3.980 MW (source: INTRADAY_FALLBACK)
2026-03-13 08:05:08 | INFO |   Block 69: 5.100 MW (source: INTRADAY_FALLBACK)
2026-03-13 08:05:08 | INFO |   Block 68: 6.220 MW (source: INTRADAY_FALLBACK)
2026-03-13 08:05:08 | INFO |   Block 67: 7.320 MW (source: INTRADAY_FALLBACK)
2026-03-13 08:05:08 | INFO | Trend values used for slope calc: B70=3.980(INTRADAY_FALLBACK), B69=5.100(INTRADAY_FALLBACK), B68=6.220(INTRADAY_FALLBACK), B67=7.320(INTRADAY_FALLBACK)
2026-03-13 08:05:08 | INFO | Detected Trend Type: DECREASING
2026-03-13 08:05:08 | INFO | Trend Slope Percentage: -45.62%
2026-03-13 08:05:08 | INFO | Trend EPS Threshold: 1.50%
2026-03-13 08:05:08 | INFO | --- SCHEDULE CALCULATION ---
2026-03-13 08:05:08 | INFO | Condition Applied: CONDITION_3
2026-03-13 08:05:08 | INFO | Effective Base Forecast Used for Adjustments: 2.619 MW
2026-03-13 08:05:08 | INFO | Condition-3 (Phase-6) Applied:
2026-03-13 08:05:08 | INFO |   Forecast Mismatch: Intraday (2.910) != Day-ahead (2.850)
2026-03-13 08:05:08 | INFO |   Operation: SUBTRACT
2026-03-13 08:05:08 | INFO |   Base Adjustment %: 3.00%
2026-03-13 08:05:08 | INFO |   Irradiance Multiplier: 0.35x
2026-03-13 08:05:08 | INFO |   Temp Multiplier: 0.90x
2026-03-13 08:05:08 | INFO |   Wind Multiplier: 0.95x
2026-03-13 08:05:08 | INFO |   Weather Multiplier: 0.30x
2026-03-13 08:05:08 | INFO |   Final Adjustment %: -0.90%
2026-03-13 08:05:08 | INFO |   Calculation: 2.619 MW * (1 + -0.90% / 100)
2026-03-13 08:05:08 | INFO |   Formula (expanded): raw=2.6190*(1+-0.8977/100)=2.5955
2026-03-13 08:05:08 | INFO | --- FINAL RESULT ---
2026-03-13 08:05:08 | INFO | Raw Schedule (before smoothing): 2.595 MW
2026-03-13 08:05:08 | INFO | Final Scheduled MW: 2.595 MW
2026-03-13 08:05:08 | INFO | Previous Schedule Value: 2.595 MW
2026-03-13 08:05:08 | INFO | --------------------------------------------------------------------------------
2026-03-13 08:05:08 | INFO | --------------------------------------------------------------------------------
2026-03-13 08:05:08 | INFO | BLOCK 72
2026-03-13 08:05:08 | INFO | --------------------------------------------------------------------------------
2026-03-13 08:05:08 | INFO | --- FORECAST DATA ---
2026-03-13 08:05:08 | INFO | Intraday Forecast (Enercast): 1.900 MW
2026-03-13 08:05:08 | INFO | Day-ahead Forecast (Enercast): 1.840 MW
2026-03-13 08:05:08 | INFO | Base Forecast (raw, before curtailment/shutdown): 1.710 MW
2026-03-13 08:05:08 | INFO | Base Forecast (used for schedule): 1.710 MW
2026-03-13 08:05:08 | INFO | Effective Base Forecast (after curtailment/shutdown): 1.710 MW
2026-03-13 08:05:08 | INFO | Plant Status: NORMAL
2026-03-13 08:05:08 | INFO | Effective Base Forecast = Base Forecast (raw) = 1.710 MW
2026-03-13 08:05:08 | INFO | --- WEATHER PARAMETERS ---
2026-03-13 08:05:08 | INFO | GTI: 158.0 W/m^2
2026-03-13 08:05:08 | INFO | DHI: 49.0 W/m^2
2026-03-13 08:05:08 | INFO | DNI: 0.0 W/m^2
2026-03-13 08:05:08 | INFO | Irradiance Ratio (GTI/MAX_GTI): 0.167
2026-03-13 08:05:08 | INFO | Diffuse Ratio (current): 0.310
2026-03-13 08:05:08 | INFO | Irradiance State: OVERCAST
2026-03-13 08:05:08 | INFO | Temp @ 2m: 33.77 C
2026-03-13 08:05:08 | INFO | Wind @ 10m: 16.85 m/s
2026-03-13 08:05:08 | INFO | Weather State: NORMAL
2026-03-13 08:05:08 | INFO | Dynamic Thresholds: cloud_thr=0.1016, shift_thr=0.1053
2026-03-13 08:05:08 | INFO | Multipliers: irradiance=0.25x, temp=0.90x, wind=0.95x
2026-03-13 08:05:08 | INFO | Weather Multiplier (combined): 0.21x
2026-03-13 08:05:08 | INFO | Abrupt Weather Change Detected: False
2026-03-13 08:05:08 | INFO | --- TREND ANALYSIS ---
2026-03-13 08:05:08 | INFO | Trend series (oldest -> latest):
2026-03-13 08:05:08 | INFO |   Block 71: 2.910 MW (source: INTRADAY_FALLBACK)
2026-03-13 08:05:08 | INFO |   Block 70: 3.980 MW (source: INTRADAY_FALLBACK)
2026-03-13 08:05:08 | INFO |   Block 69: 5.100 MW (source: INTRADAY_FALLBACK)
2026-03-13 08:05:08 | INFO |   Block 68: 6.220 MW (source: INTRADAY_FALLBACK)
2026-03-13 08:05:08 | INFO | Trend values used for slope calc: B71=2.910(INTRADAY_FALLBACK), B70=3.980(INTRADAY_FALLBACK), B69=5.100(INTRADAY_FALLBACK), B68=6.220(INTRADAY_FALLBACK)
2026-03-13 08:05:08 | INFO | Detected Trend Type: DECREASING
2026-03-13 08:05:08 | INFO | Trend Slope Percentage: -53.38%
2026-03-13 08:05:08 | INFO | Trend EPS Threshold: 1.50%
2026-03-13 08:05:08 | INFO | --- SCHEDULE CALCULATION ---
2026-03-13 08:05:08 | INFO | Condition Applied: CONDITION_3
2026-03-13 08:05:08 | INFO | Effective Base Forecast Used for Adjustments: 1.710 MW
2026-03-13 08:05:08 | INFO | Condition-3 (Phase-6) Applied:
2026-03-13 08:05:08 | INFO |   Forecast Mismatch: Intraday (1.900) != Day-ahead (1.840)
2026-03-13 08:05:08 | INFO |   Operation: SUBTRACT
2026-03-13 08:05:08 | INFO |   Base Adjustment %: 3.00%
2026-03-13 08:05:08 | INFO |   Irradiance Multiplier: 0.25x
2026-03-13 08:05:08 | INFO |   Temp Multiplier: 0.90x
2026-03-13 08:05:08 | INFO |   Wind Multiplier: 0.95x
2026-03-13 08:05:08 | INFO |   Weather Multiplier: 0.21x
2026-03-13 08:05:08 | INFO |   Final Adjustment %: -0.64%
2026-03-13 08:05:08 | INFO |   Calculation: 1.710 MW * (1 + -0.64% / 100)
2026-03-13 08:05:08 | INFO |   Formula (expanded): raw=1.7100*(1+-0.6412/100)=1.6990
2026-03-13 08:05:08 | INFO | --- FINAL RESULT ---
2026-03-13 08:05:08 | INFO | Raw Schedule (before smoothing): 1.699 MW
2026-03-13 08:05:08 | INFO | Final Scheduled MW: 1.699 MW
2026-03-13 08:05:08 | INFO | Previous Schedule Value: 1.699 MW
2026-03-13 08:05:08 | INFO | --------------------------------------------------------------------------------
2026-03-13 08:05:08 | INFO | Low GTI ratio (0.112) -> base_forecast damped by 0.85
2026-03-13 08:05:08 | INFO | --------------------------------------------------------------------------------
2026-03-13 08:05:08 | INFO | BLOCK 73
2026-03-13 08:05:08 | INFO | --------------------------------------------------------------------------------
2026-03-13 08:05:08 | INFO | --- FORECAST DATA ---
2026-03-13 08:05:08 | INFO | Intraday Forecast (Enercast): 1.010 MW
2026-03-13 08:05:08 | INFO | Day-ahead Forecast (Enercast): 0.970 MW
2026-03-13 08:05:08 | INFO | Base Forecast (raw, before curtailment/shutdown): 0.909 MW
2026-03-13 08:05:08 | INFO | Base Forecast (used for schedule): 0.773 MW
2026-03-13 08:05:08 | INFO | Effective Base Forecast (after curtailment/shutdown): 0.773 MW
2026-03-13 08:05:08 | INFO | Plant Status: NORMAL
2026-03-13 08:05:08 | INFO | Effective Base Forecast = Base Forecast (raw) = 0.773 MW
2026-03-13 08:05:08 | INFO | --- WEATHER PARAMETERS ---
2026-03-13 08:05:08 | INFO | GTI: 106.0 W/m^2
2026-03-13 08:05:08 | INFO | DHI: 37.0 W/m^2
2026-03-13 08:05:08 | INFO | DNI: 0.0 W/m^2
2026-03-13 08:05:08 | INFO | Irradiance Ratio (GTI/MAX_GTI): 0.112
2026-03-13 08:05:08 | INFO | Diffuse Ratio (current): 0.349
2026-03-13 08:05:08 | INFO | Irradiance State: OVERCAST
2026-03-13 08:05:08 | INFO | Temp @ 2m: 32.87 C
2026-03-13 08:05:08 | INFO | Wind @ 10m: 14.65 m/s
2026-03-13 08:05:08 | INFO | Weather State: NORMAL
2026-03-13 08:05:08 | INFO | Dynamic Thresholds: cloud_thr=0.1016, shift_thr=0.1053
2026-03-13 08:05:08 | INFO | Multipliers: irradiance=0.25x, temp=0.90x, wind=0.95x
2026-03-13 08:05:08 | INFO | Weather Multiplier (combined): 0.21x
2026-03-13 08:05:08 | INFO | Abrupt Weather Change Detected: False
2026-03-13 08:05:08 | INFO | --- TREND ANALYSIS ---
2026-03-13 08:05:08 | INFO | Trend series (oldest -> latest):
2026-03-13 08:05:08 | INFO |   Block 72: 1.900 MW (source: INTRADAY_FALLBACK)
2026-03-13 08:05:08 | INFO |   Block 71: 2.910 MW (source: INTRADAY_FALLBACK)
2026-03-13 08:05:08 | INFO |   Block 70: 3.980 MW (source: INTRADAY_FALLBACK)
2026-03-13 08:05:08 | INFO |   Block 69: 5.100 MW (source: INTRADAY_FALLBACK)
2026-03-13 08:05:08 | INFO | Trend values used for slope calc: B72=1.900(INTRADAY_FALLBACK), B71=2.910(INTRADAY_FALLBACK), B70=3.980(INTRADAY_FALLBACK), B69=5.100(INTRADAY_FALLBACK)
2026-03-13 08:05:08 | INFO | Detected Trend Type: DECREASING
2026-03-13 08:05:08 | INFO | Trend Slope Percentage: -63.10%
2026-03-13 08:05:08 | INFO | Trend EPS Threshold: 1.50%
2026-03-13 08:05:08 | INFO | --- SCHEDULE CALCULATION ---
2026-03-13 08:05:08 | INFO | Condition Applied: CONDITION_3
2026-03-13 08:05:08 | INFO | Effective Base Forecast Used for Adjustments: 0.773 MW
2026-03-13 08:05:08 | INFO | Condition-3 (Phase-6) Applied:
2026-03-13 08:05:08 | INFO |   Forecast Mismatch: Intraday (1.010) != Day-ahead (0.970)
2026-03-13 08:05:08 | INFO |   Operation: SUBTRACT
2026-03-13 08:05:08 | INFO |   Base Adjustment %: 3.00%
2026-03-13 08:05:08 | INFO |   Irradiance Multiplier: 0.25x
2026-03-13 08:05:08 | INFO |   Temp Multiplier: 0.90x
2026-03-13 08:05:08 | INFO |   Wind Multiplier: 0.95x
2026-03-13 08:05:08 | INFO |   Weather Multiplier: 1.00x
2026-03-13 08:05:08 | INFO |   Final Adjustment %: -3.00%
2026-03-13 08:05:08 | INFO |   Calculation: 0.773 MW * (1 + -3.00% / 100)
2026-03-13 08:05:08 | INFO |   Formula (expanded): raw=0.7727*(1+-3.0000/100)=0.7495
2026-03-13 08:05:08 | INFO | --- FINAL RESULT ---
2026-03-13 08:05:08 | INFO | Raw Schedule (before smoothing): 0.749 MW
2026-03-13 08:05:08 | INFO | Final Scheduled MW: 0.749 MW
2026-03-13 08:05:08 | INFO | Previous Schedule Value: 0.749 MW
2026-03-13 08:05:08 | INFO | --------------------------------------------------------------------------------
2026-03-13 08:05:08 | INFO | Low GTI ratio (0.068) -> base_forecast damped by 0.85
2026-03-13 08:05:08 | INFO | --------------------------------------------------------------------------------
2026-03-13 08:05:08 | INFO | BLOCK 74
2026-03-13 08:05:08 | INFO | --------------------------------------------------------------------------------
2026-03-13 08:05:08 | INFO | --- FORECAST DATA ---
2026-03-13 08:05:08 | INFO | Intraday Forecast (Enercast): 0.240 MW
2026-03-13 08:05:08 | INFO | Day-ahead Forecast (Enercast): 0.230 MW
2026-03-13 08:05:08 | INFO | Base Forecast (raw, before curtailment/shutdown): 0.216 MW
2026-03-13 08:05:08 | INFO | Base Forecast (used for schedule): 0.184 MW
2026-03-13 08:05:08 | INFO | Effective Base Forecast (after curtailment/shutdown): 0.184 MW
2026-03-13 08:05:08 | INFO | Plant Status: NORMAL
2026-03-13 08:05:08 | INFO | Effective Base Forecast = Base Forecast (raw) = 0.184 MW
2026-03-13 08:05:08 | INFO | --- WEATHER PARAMETERS ---
2026-03-13 08:05:08 | INFO | GTI: 64.0 W/m^2
2026-03-13 08:05:08 | INFO | DHI: 24.0 W/m^2
2026-03-13 08:05:08 | INFO | DNI: 0.0 W/m^2
2026-03-13 08:05:08 | INFO | Irradiance Ratio (GTI/MAX_GTI): 0.068
2026-03-13 08:05:08 | INFO | Diffuse Ratio (current): 0.375
2026-03-13 08:05:08 | INFO | Irradiance State: OVERCAST
2026-03-13 08:05:08 | INFO | Temp @ 2m: 31.97 C
2026-03-13 08:05:08 | INFO | Wind @ 10m: 12.89 m/s
2026-03-13 08:05:08 | INFO | Weather State: NORMAL
2026-03-13 08:05:08 | INFO | Dynamic Thresholds: cloud_thr=0.1016, shift_thr=0.1053
2026-03-13 08:05:08 | INFO | Multipliers: irradiance=0.25x, temp=0.90x, wind=0.95x
2026-03-13 08:05:08 | INFO | Weather Multiplier (combined): 0.21x
2026-03-13 08:05:08 | INFO | Abrupt Weather Change Detected: False
2026-03-13 08:05:08 | INFO | --- TREND ANALYSIS ---
2026-03-13 08:05:08 | INFO | Trend series (oldest -> latest):
2026-03-13 08:05:08 | INFO |   Block 73: 1.010 MW (source: INTRADAY_FALLBACK)
2026-03-13 08:05:08 | INFO |   Block 72: 1.900 MW (source: INTRADAY_FALLBACK)
2026-03-13 08:05:08 | INFO |   Block 71: 2.910 MW (source: INTRADAY_FALLBACK)
2026-03-13 08:05:08 | INFO |   Block 70: 3.980 MW (source: INTRADAY_FALLBACK)
2026-03-13 08:05:08 | INFO | Trend values used for slope calc: B73=1.010(INTRADAY_FALLBACK), B72=1.900(INTRADAY_FALLBACK), B71=2.910(INTRADAY_FALLBACK), B70=3.980(INTRADAY_FALLBACK)
2026-03-13 08:05:08 | INFO | Detected Trend Type: DECREASING
2026-03-13 08:05:08 | INFO | Trend Slope Percentage: -75.57%
2026-03-13 08:05:08 | INFO | Trend EPS Threshold: 1.50%
2026-03-13 08:05:08 | INFO | --- SCHEDULE CALCULATION ---
2026-03-13 08:05:08 | INFO | Condition Applied: CONDITION_3
2026-03-13 08:05:08 | INFO | Effective Base Forecast Used for Adjustments: 0.184 MW
2026-03-13 08:05:08 | INFO | Condition-3 (Phase-6) Applied:
2026-03-13 08:05:08 | INFO |   Forecast Mismatch: Intraday (0.240) != Day-ahead (0.230)
2026-03-13 08:05:08 | INFO |   Operation: SUBTRACT
2026-03-13 08:05:08 | INFO |   Base Adjustment %: 3.00%
2026-03-13 08:05:08 | INFO |   Irradiance Multiplier: 0.25x
2026-03-13 08:05:08 | INFO |   Temp Multiplier: 0.90x
2026-03-13 08:05:08 | INFO |   Wind Multiplier: 0.95x
2026-03-13 08:05:08 | INFO |   Weather Multiplier: 1.00x
2026-03-13 08:05:08 | INFO |   Final Adjustment %: -3.00%
2026-03-13 08:05:08 | INFO |   Calculation: 0.184 MW * (1 + -3.00% / 100)
2026-03-13 08:05:08 | INFO |   Formula (expanded): raw=0.1836*(1+-3.0000/100)=0.1781
2026-03-13 08:05:08 | INFO | --- FINAL RESULT ---
2026-03-13 08:05:08 | INFO | Raw Schedule (before smoothing): 0.178 MW
2026-03-13 08:05:08 | INFO | Final Scheduled MW: 0.178 MW
2026-03-13 08:05:08 | INFO | Previous Schedule Value: 0.178 MW
2026-03-13 08:05:08 | INFO | --------------------------------------------------------------------------------
2026-03-13 08:05:08 | INFO | Low GTI ratio (0.030) -> base_forecast damped by 0.85
2026-03-13 08:05:08 | INFO | --------------------------------------------------------------------------------
2026-03-13 08:05:08 | INFO | BLOCK 75
2026-03-13 08:05:08 | INFO | --------------------------------------------------------------------------------
2026-03-13 08:05:08 | INFO | --- FORECAST DATA ---
2026-03-13 08:05:08 | INFO | Intraday Forecast (Enercast): 0.000 MW
2026-03-13 08:05:08 | INFO | Day-ahead Forecast (Enercast): 0.000 MW
2026-03-13 08:05:08 | INFO | Base Forecast (raw, before curtailment/shutdown): 0.000 MW
2026-03-13 08:05:08 | INFO | Base Forecast (used for schedule): 0.000 MW
2026-03-13 08:05:08 | INFO | Effective Base Forecast (after curtailment/shutdown): 0.000 MW
2026-03-13 08:05:08 | INFO | Plant Status: NORMAL
2026-03-13 08:05:08 | INFO | Effective Base Forecast = Base Forecast (raw) = 0.000 MW
2026-03-13 08:05:08 | INFO | --- WEATHER PARAMETERS ---
2026-03-13 08:05:08 | INFO | GTI: 28.0 W/m^2
2026-03-13 08:05:08 | INFO | DHI: 11.0 W/m^2
2026-03-13 08:05:08 | INFO | DNI: 0.0 W/m^2
2026-03-13 08:05:08 | INFO | Irradiance Ratio (GTI/MAX_GTI): 0.030
2026-03-13 08:05:08 | INFO | Diffuse Ratio (current): 0.220
2026-03-13 08:05:08 | INFO | Irradiance State: OVERCAST
2026-03-13 08:05:08 | INFO | Temp @ 2m: 31.22 C
2026-03-13 08:05:08 | INFO | Wind @ 10m: 11.97 m/s
2026-03-13 08:05:08 | INFO | Weather State: NORMAL
2026-03-13 08:05:08 | INFO | Dynamic Thresholds: cloud_thr=0.1016, shift_thr=0.1053
2026-03-13 08:05:08 | INFO | Multipliers: irradiance=0.25x, temp=0.90x, wind=0.95x
2026-03-13 08:05:08 | INFO | Weather Multiplier (combined): 0.21x
2026-03-13 08:05:08 | INFO | Abrupt Weather Change Detected: False
2026-03-13 08:05:08 | INFO | --- TREND ANALYSIS ---
2026-03-13 08:05:08 | INFO | Trend series (oldest -> latest):
2026-03-13 08:05:08 | INFO |   Block 74: 0.240 MW (source: INTRADAY_FALLBACK)
2026-03-13 08:05:08 | INFO |   Block 73: 1.010 MW (source: INTRADAY_FALLBACK)
2026-03-13 08:05:08 | INFO |   Block 72: 1.900 MW (source: INTRADAY_FALLBACK)
2026-03-13 08:05:08 | INFO |   Block 71: 2.910 MW (source: INTRADAY_FALLBACK)
2026-03-13 08:05:08 | INFO | Trend values used for slope calc: B74=0.240(INTRADAY_FALLBACK), B73=1.010(INTRADAY_FALLBACK), B72=1.900(INTRADAY_FALLBACK), B71=2.910(INTRADAY_FALLBACK)
2026-03-13 08:05:08 | INFO | Detected Trend Type: DECREASING
2026-03-13 08:05:08 | INFO | Trend Slope Percentage: -93.68%
2026-03-13 08:05:08 | INFO | Trend EPS Threshold: 1.50%
2026-03-13 08:05:08 | INFO | --- SCHEDULE CALCULATION ---
2026-03-13 08:05:08 | INFO | Condition Applied: CONDITION_3
2026-03-13 08:05:08 | INFO | Effective Base Forecast Used for Adjustments: 0.000 MW
2026-03-13 08:05:08 | INFO | Condition-3 (Phase-6) Applied:
2026-03-13 08:05:08 | INFO |   Forecast Mismatch: Intraday (0.000) != Day-ahead (0.000)
2026-03-13 08:05:08 | INFO |   Operation: SUBTRACT
2026-03-13 08:05:08 | INFO |   Base Adjustment %: 3.00%
2026-03-13 08:05:08 | INFO |   Irradiance Multiplier: 0.25x
2026-03-13 08:05:08 | INFO |   Temp Multiplier: 0.90x
2026-03-13 08:05:08 | INFO |   Wind Multiplier: 0.95x
2026-03-13 08:05:08 | INFO |   Weather Multiplier: 1.00x
2026-03-13 08:05:08 | INFO |   Final Adjustment %: -3.00%
2026-03-13 08:05:08 | INFO |   Calculation: 0.000 MW * (1 + -3.00% / 100)
2026-03-13 08:05:08 | INFO |   Formula (expanded): raw=0.0000*(1+-3.0000/100)=0.0000
2026-03-13 08:05:08 | INFO | --- FINAL RESULT ---
2026-03-13 08:05:08 | INFO | Raw Schedule (before smoothing): 0.000 MW
2026-03-13 08:05:08 | INFO | Final Scheduled MW: 0.000 MW
2026-03-13 08:05:08 | INFO | Previous Schedule Value: 0.000 MW
2026-03-13 08:05:08 | INFO | --------------------------------------------------------------------------------
2026-03-13 08:05:08 | INFO | --------------------------------------------------------------------------------
2026-03-13 08:05:08 | INFO | BLOCK 76
2026-03-13 08:05:08 | INFO | --------------------------------------------------------------------------------
2026-03-13 08:05:08 | INFO | --- FORECAST DATA ---
2026-03-13 08:05:08 | INFO | Intraday Forecast (Enercast): 0.000 MW
2026-03-13 08:05:08 | INFO | Day-ahead Forecast (Enercast): 0.000 MW
2026-03-13 08:05:08 | INFO | Base Forecast (raw, before curtailment/shutdown): 0.000 MW
2026-03-13 08:05:08 | INFO | Base Forecast (used for schedule): 0.000 MW
2026-03-13 08:05:08 | INFO | Effective Base Forecast (after curtailment/shutdown): 0.000 MW
2026-03-13 08:05:08 | INFO | Plant Status: NORMAL
2026-03-13 08:05:08 | INFO | Effective Base Forecast = Base Forecast (raw) = 0.000 MW
2026-03-13 08:05:08 | INFO | --- WEATHER PARAMETERS ---
2026-03-13 08:05:08 | INFO | GTI: 0.0 W/m^2
2026-03-13 08:05:08 | INFO | DHI: 0.0 W/m^2
2026-03-13 08:05:08 | INFO | DNI: 0.0 W/m^2
2026-03-13 08:05:08 | INFO | Irradiance Ratio (GTI/MAX_GTI): 0.000
2026-03-13 08:05:08 | INFO | Diffuse Ratio (current): 0.000
2026-03-13 08:05:08 | INFO | Irradiance State: OVERCAST
2026-03-13 08:05:08 | INFO | Temp @ 2m: 30.67 C
2026-03-13 08:05:08 | INFO | Wind @ 10m: 11.81 m/s
2026-03-13 08:05:08 | INFO | Weather State: NORMAL
2026-03-13 08:05:08 | INFO | Dynamic Thresholds: cloud_thr=0.1016, shift_thr=0.1053
2026-03-13 08:05:08 | INFO | Multipliers: irradiance=0.25x, temp=0.90x, wind=0.95x
2026-03-13 08:05:08 | INFO | Weather Multiplier (combined): 0.21x
2026-03-13 08:05:08 | INFO | Abrupt Weather Change Detected: False
2026-03-13 08:05:08 | INFO | --- TREND ANALYSIS ---
2026-03-13 08:05:08 | INFO | Trend series: INSUFFICIENT DATA
2026-03-13 08:05:08 | INFO | Detected Trend Type: FLAT
2026-03-13 08:05:08 | INFO | Trend Slope Percentage: 0.00%
2026-03-13 08:05:08 | INFO | Trend EPS Threshold: 1.50%
2026-03-13 08:05:08 | INFO | --- SCHEDULE CALCULATION ---
2026-03-13 08:05:08 | INFO | Condition Applied: SUNSET_CLAMP
2026-03-13 08:05:08 | INFO | Effective Base Forecast Used for Adjustments: 0.000 MW
2026-03-13 08:05:08 | INFO | Condition-3: NOT APPLIED for this block path
2026-03-13 08:05:08 | INFO |   Final Adjustment %: 0.00%
2026-03-13 08:05:08 | INFO |   Formula (expanded): SUNSET_CLAMP: GTI=0.000 < 0.02*MAX_GTI=18.880 => raw=0
2026-03-13 08:05:08 | INFO | --- FINAL RESULT ---
2026-03-13 08:05:08 | INFO | Raw Schedule (before smoothing): 0.000 MW
2026-03-13 08:05:08 | INFO | Final Scheduled MW: 0.000 MW
2026-03-13 08:05:08 | INFO | Previous Schedule Value: 0.000 MW
2026-03-13 08:05:08 | INFO | --------------------------------------------------------------------------------
2026-03-13 08:05:08 | INFO | --------------------------------------------------------------------------------
2026-03-13 08:05:08 | INFO | BLOCK 77
2026-03-13 08:05:08 | INFO | --------------------------------------------------------------------------------
2026-03-13 08:05:08 | INFO | --- FORECAST DATA ---
2026-03-13 08:05:08 | INFO | Intraday Forecast (Enercast): 0.000 MW
2026-03-13 08:05:08 | INFO | Day-ahead Forecast (Enercast): 0.000 MW
2026-03-13 08:05:08 | INFO | Base Forecast (raw, before curtailment/shutdown): 0.000 MW
2026-03-13 08:05:08 | INFO | Base Forecast (used for schedule): 0.000 MW
2026-03-13 08:05:08 | INFO | Effective Base Forecast (after curtailment/shutdown): 0.000 MW
2026-03-13 08:05:08 | INFO | Plant Status: NORMAL
2026-03-13 08:05:08 | INFO | Effective Base Forecast = Base Forecast (raw) = 0.000 MW
2026-03-13 08:05:08 | INFO | --- WEATHER PARAMETERS ---
2026-03-13 08:05:08 | INFO | GTI: 0.0 W/m^2
2026-03-13 08:05:08 | INFO | DHI: 0.0 W/m^2
2026-03-13 08:05:08 | INFO | DNI: 0.0 W/m^2
2026-03-13 08:05:08 | INFO | Irradiance Ratio (GTI/MAX_GTI): 0.000
2026-03-13 08:05:08 | INFO | Diffuse Ratio (current): 0.000
2026-03-13 08:05:08 | INFO | Irradiance State: OVERCAST
2026-03-13 08:05:08 | INFO | Temp @ 2m: 30.22 C
2026-03-13 08:05:08 | INFO | Wind @ 10m: 12.48 m/s
2026-03-13 08:05:08 | INFO | Weather State: NORMAL
2026-03-13 08:05:08 | INFO | Dynamic Thresholds: cloud_thr=0.1016, shift_thr=0.1053
2026-03-13 08:05:08 | INFO | Multipliers: irradiance=0.25x, temp=0.90x, wind=0.95x
2026-03-13 08:05:08 | INFO | Weather Multiplier (combined): 0.21x
2026-03-13 08:05:08 | INFO | Abrupt Weather Change Detected: False
2026-03-13 08:05:08 | INFO | --- TREND ANALYSIS ---
2026-03-13 08:05:08 | INFO | Trend series: INSUFFICIENT DATA
2026-03-13 08:05:08 | INFO | Detected Trend Type: FLAT
2026-03-13 08:05:08 | INFO | Trend Slope Percentage: 0.00%
2026-03-13 08:05:08 | INFO | Trend EPS Threshold: 1.50%
2026-03-13 08:05:08 | INFO | --- SCHEDULE CALCULATION ---
2026-03-13 08:05:08 | INFO | Condition Applied: SUNSET_CLAMP
2026-03-13 08:05:08 | INFO | Effective Base Forecast Used for Adjustments: 0.000 MW
2026-03-13 08:05:08 | INFO | Condition-3: NOT APPLIED for this block path
2026-03-13 08:05:08 | INFO |   Final Adjustment %: 0.00%
2026-03-13 08:05:08 | INFO |   Formula (expanded): SUNSET_CLAMP: GTI=0.000 < 0.02*MAX_GTI=18.880 => raw=0
2026-03-13 08:05:08 | INFO | --- FINAL RESULT ---
2026-03-13 08:05:08 | INFO | Raw Schedule (before smoothing): 0.000 MW
2026-03-13 08:05:08 | INFO | Final Scheduled MW: 0.000 MW
2026-03-13 08:05:08 | INFO | Previous Schedule Value: 0.000 MW
2026-03-13 08:05:08 | INFO | --------------------------------------------------------------------------------
2026-03-13 08:05:08 | INFO | --------------------------------------------------------------------------------
2026-03-13 08:05:08 | INFO | BLOCK 78
2026-03-13 08:05:08 | INFO | --------------------------------------------------------------------------------
2026-03-13 08:05:08 | INFO | --- FORECAST DATA ---
2026-03-13 08:05:08 | INFO | Intraday Forecast (Enercast): 0.000 MW
2026-03-13 08:05:08 | INFO | Day-ahead Forecast (Enercast): 0.000 MW
2026-03-13 08:05:08 | INFO | Base Forecast (raw, before curtailment/shutdown): 0.000 MW
2026-03-13 08:05:08 | INFO | Base Forecast (used for schedule): 0.000 MW
2026-03-13 08:05:08 | INFO | Effective Base Forecast (after curtailment/shutdown): 0.000 MW
2026-03-13 08:05:08 | INFO | Plant Status: NORMAL
2026-03-13 08:05:08 | INFO | Effective Base Forecast = Base Forecast (raw) = 0.000 MW
2026-03-13 08:05:08 | INFO | --- WEATHER PARAMETERS ---
2026-03-13 08:05:08 | INFO | GTI: 0.0 W/m^2
2026-03-13 08:05:08 | INFO | DHI: 0.0 W/m^2
2026-03-13 08:05:08 | INFO | DNI: 0.0 W/m^2
2026-03-13 08:05:08 | INFO | Irradiance Ratio (GTI/MAX_GTI): 0.000
2026-03-13 08:05:08 | INFO | Diffuse Ratio (current): 0.000
2026-03-13 08:05:08 | INFO | Irradiance State: OVERCAST
2026-03-13 08:05:08 | INFO | Temp @ 2m: 29.87 C
2026-03-13 08:05:08 | INFO | Wind @ 10m: 13.09 m/s
2026-03-13 08:05:08 | INFO | Weather State: NORMAL
2026-03-13 08:05:08 | INFO | Dynamic Thresholds: cloud_thr=0.1016, shift_thr=0.1053
2026-03-13 08:05:08 | INFO | Multipliers: irradiance=0.25x, temp=0.90x, wind=0.95x
2026-03-13 08:05:08 | INFO | Weather Multiplier (combined): 0.21x
2026-03-13 08:05:08 | INFO | Abrupt Weather Change Detected: False
2026-03-13 08:05:08 | INFO | --- TREND ANALYSIS ---
2026-03-13 08:05:08 | INFO | Trend series: INSUFFICIENT DATA
2026-03-13 08:05:08 | INFO | Detected Trend Type: FLAT
2026-03-13 08:05:08 | INFO | Trend Slope Percentage: 0.00%
2026-03-13 08:05:08 | INFO | Trend EPS Threshold: 1.50%
2026-03-13 08:05:08 | INFO | --- SCHEDULE CALCULATION ---
2026-03-13 08:05:08 | INFO | Condition Applied: SUNSET_CLAMP
2026-03-13 08:05:08 | INFO | Effective Base Forecast Used for Adjustments: 0.000 MW
2026-03-13 08:05:08 | INFO | Condition-3: NOT APPLIED for this block path
2026-03-13 08:05:08 | INFO |   Final Adjustment %: 0.00%
2026-03-13 08:05:08 | INFO |   Formula (expanded): SUNSET_CLAMP: GTI=0.000 < 0.02*MAX_GTI=18.880 => raw=0
2026-03-13 08:05:08 | INFO | --- FINAL RESULT ---
2026-03-13 08:05:08 | INFO | Raw Schedule (before smoothing): 0.000 MW
2026-03-13 08:05:08 | INFO | Final Scheduled MW: 0.000 MW
2026-03-13 08:05:08 | INFO | Previous Schedule Value: 0.000 MW
2026-03-13 08:05:08 | INFO | --------------------------------------------------------------------------------
2026-03-13 08:05:08 | INFO | --------------------------------------------------------------------------------
2026-03-13 08:05:08 | INFO | BLOCK 79
2026-03-13 08:05:08 | INFO | --------------------------------------------------------------------------------
2026-03-13 08:05:08 | INFO | --- FORECAST DATA ---
2026-03-13 08:05:08 | INFO | Intraday Forecast (Enercast): 0.000 MW
2026-03-13 08:05:08 | INFO | Day-ahead Forecast (Enercast): 0.000 MW
2026-03-13 08:05:08 | INFO | Base Forecast (raw, before curtailment/shutdown): 0.000 MW
2026-03-13 08:05:08 | INFO | Base Forecast (used for schedule): 0.000 MW
2026-03-13 08:05:08 | INFO | Effective Base Forecast (after curtailment/shutdown): 0.000 MW
2026-03-13 08:05:08 | INFO | Plant Status: NORMAL
2026-03-13 08:05:08 | INFO | Effective Base Forecast = Base Forecast (raw) = 0.000 MW
2026-03-13 08:05:08 | INFO | --- WEATHER PARAMETERS ---
2026-03-13 08:05:08 | INFO | GTI: 0.0 W/m^2
2026-03-13 08:05:08 | INFO | DHI: 0.0 W/m^2
2026-03-13 08:05:08 | INFO | DNI: 0.0 W/m^2
2026-03-13 08:05:08 | INFO | Irradiance Ratio (GTI/MAX_GTI): 0.000
2026-03-13 08:05:08 | INFO | Diffuse Ratio (current): 0.000
2026-03-13 08:05:08 | INFO | Irradiance State: OVERCAST
2026-03-13 08:05:08 | INFO | Temp @ 2m: 29.52 C
2026-03-13 08:05:08 | INFO | Wind @ 10m: 13.40 m/s
2026-03-13 08:05:08 | INFO | Weather State: NORMAL
2026-03-13 08:05:08 | INFO | Dynamic Thresholds: cloud_thr=0.1016, shift_thr=0.1053
2026-03-13 08:05:08 | INFO | Multipliers: irradiance=0.25x, temp=0.90x, wind=0.95x
2026-03-13 08:05:08 | INFO | Weather Multiplier (combined): 0.21x
2026-03-13 08:05:08 | INFO | Abrupt Weather Change Detected: False
2026-03-13 08:05:08 | INFO | --- TREND ANALYSIS ---
2026-03-13 08:05:08 | INFO | Trend series: INSUFFICIENT DATA
2026-03-13 08:05:08 | INFO | Detected Trend Type: FLAT
2026-03-13 08:05:08 | INFO | Trend Slope Percentage: 0.00%
2026-03-13 08:05:08 | INFO | Trend EPS Threshold: 1.50%
2026-03-13 08:05:08 | INFO | --- SCHEDULE CALCULATION ---
2026-03-13 08:05:08 | INFO | Condition Applied: SUNSET_CLAMP
2026-03-13 08:05:08 | INFO | Effective Base Forecast Used for Adjustments: 0.000 MW
2026-03-13 08:05:08 | INFO | Condition-3: NOT APPLIED for this block path
2026-03-13 08:05:08 | INFO |   Final Adjustment %: 0.00%
2026-03-13 08:05:08 | INFO |   Formula (expanded): SUNSET_CLAMP: GTI=0.000 < 0.02*MAX_GTI=18.880 => raw=0
2026-03-13 08:05:08 | INFO | --- FINAL RESULT ---
2026-03-13 08:05:08 | INFO | Raw Schedule (before smoothing): 0.000 MW
2026-03-13 08:05:08 | INFO | Final Scheduled MW: 0.000 MW
2026-03-13 08:05:08 | INFO | Previous Schedule Value: 0.000 MW
2026-03-13 08:05:08 | INFO | --------------------------------------------------------------------------------
2026-03-13 08:05:08 | INFO | --------------------------------------------------------------------------------
2026-03-13 08:05:08 | INFO | BLOCK 80
2026-03-13 08:05:08 | INFO | --------------------------------------------------------------------------------
2026-03-13 08:05:08 | INFO | --- FORECAST DATA ---
2026-03-13 08:05:08 | INFO | Intraday Forecast (Enercast): 0.000 MW
2026-03-13 08:05:08 | INFO | Day-ahead Forecast (Enercast): 0.000 MW
2026-03-13 08:05:08 | INFO | Base Forecast (raw, before curtailment/shutdown): 0.000 MW
2026-03-13 08:05:08 | INFO | Base Forecast (used for schedule): 0.000 MW
2026-03-13 08:05:08 | INFO | Effective Base Forecast (after curtailment/shutdown): 0.000 MW
2026-03-13 08:05:08 | INFO | Plant Status: NORMAL
2026-03-13 08:05:08 | INFO | Effective Base Forecast = Base Forecast (raw) = 0.000 MW
2026-03-13 08:05:08 | INFO | --- WEATHER PARAMETERS ---
2026-03-13 08:05:08 | INFO | GTI: 0.0 W/m^2
2026-03-13 08:05:08 | INFO | DHI: 0.0 W/m^2
2026-03-13 08:05:08 | INFO | DNI: 0.0 W/m^2
2026-03-13 08:05:08 | INFO | Irradiance Ratio (GTI/MAX_GTI): 0.000
2026-03-13 08:05:08 | INFO | Diffuse Ratio (current): 0.000
2026-03-13 08:05:08 | INFO | Irradiance State: OVERCAST
2026-03-13 08:05:08 | INFO | Temp @ 2m: 29.22 C
2026-03-13 08:05:08 | INFO | Wind @ 10m: 13.58 m/s
2026-03-13 08:05:08 | INFO | Weather State: NORMAL
2026-03-13 08:05:08 | INFO | Dynamic Thresholds: cloud_thr=0.1016, shift_thr=0.1053
2026-03-13 08:05:08 | INFO | Multipliers: irradiance=0.25x, temp=0.90x, wind=0.95x
2026-03-13 08:05:08 | INFO | Weather Multiplier (combined): 0.21x
2026-03-13 08:05:08 | INFO | Abrupt Weather Change Detected: False
2026-03-13 08:05:08 | INFO | --- TREND ANALYSIS ---
2026-03-13 08:05:08 | INFO | Trend series: INSUFFICIENT DATA
2026-03-13 08:05:08 | INFO | Detected Trend Type: FLAT
2026-03-13 08:05:08 | INFO | Trend Slope Percentage: 0.00%
2026-03-13 08:05:08 | INFO | Trend EPS Threshold: 1.50%
2026-03-13 08:05:08 | INFO | --- SCHEDULE CALCULATION ---
2026-03-13 08:05:08 | INFO | Condition Applied: SUNSET_CLAMP
2026-03-13 08:05:08 | INFO | Effective Base Forecast Used for Adjustments: 0.000 MW
2026-03-13 08:05:08 | INFO | Condition-3: NOT APPLIED for this block path
2026-03-13 08:05:08 | INFO |   Final Adjustment %: 0.00%
2026-03-13 08:05:08 | INFO |   Formula (expanded): SUNSET_CLAMP: GTI=0.000 < 0.02*MAX_GTI=18.880 => raw=0
2026-03-13 08:05:08 | INFO | --- FINAL RESULT ---
2026-03-13 08:05:08 | INFO | Raw Schedule (before smoothing): 0.000 MW
2026-03-13 08:05:08 | INFO | Final Scheduled MW: 0.000 MW
2026-03-13 08:05:08 | INFO | Previous Schedule Value: 0.000 MW
2026-03-13 08:05:08 | INFO | --------------------------------------------------------------------------------
2026-03-13 08:05:08 | INFO | --------------------------------------------------------------------------------
2026-03-13 08:05:08 | INFO | BLOCK 81
2026-03-13 08:05:08 | INFO | --------------------------------------------------------------------------------
2026-03-13 08:05:08 | INFO | --- FORECAST DATA ---
2026-03-13 08:05:08 | INFO | Intraday Forecast (Enercast): 0.000 MW
2026-03-13 08:05:08 | INFO | Day-ahead Forecast (Enercast): 0.000 MW
2026-03-13 08:05:08 | INFO | Base Forecast (raw, before curtailment/shutdown): 0.000 MW
2026-03-13 08:05:08 | INFO | Base Forecast (used for schedule): 0.000 MW
2026-03-13 08:05:08 | INFO | Effective Base Forecast (after curtailment/shutdown): 0.000 MW
2026-03-13 08:05:08 | INFO | Plant Status: NORMAL
2026-03-13 08:05:08 | INFO | Effective Base Forecast = Base Forecast (raw) = 0.000 MW
2026-03-13 08:05:08 | INFO | --- WEATHER PARAMETERS ---
2026-03-13 08:05:08 | INFO | GTI: 0.0 W/m^2
2026-03-13 08:05:08 | INFO | DHI: 0.0 W/m^2
2026-03-13 08:05:08 | INFO | DNI: 0.0 W/m^2
2026-03-13 08:05:08 | INFO | Irradiance Ratio (GTI/MAX_GTI): 0.000
2026-03-13 08:05:08 | INFO | Diffuse Ratio (current): 0.000
2026-03-13 08:05:08 | INFO | Irradiance State: OVERCAST
2026-03-13 08:05:08 | INFO | Temp @ 2m: 28.97 C
2026-03-13 08:05:08 | INFO | Wind @ 10m: 13.78 m/s
2026-03-13 08:05:08 | INFO | Weather State: NORMAL
2026-03-13 08:05:08 | INFO | Dynamic Thresholds: cloud_thr=0.1016, shift_thr=0.1053
2026-03-13 08:05:08 | INFO | Multipliers: irradiance=0.25x, temp=0.90x, wind=0.95x
2026-03-13 08:05:08 | INFO | Weather Multiplier (combined): 0.21x
2026-03-13 08:05:08 | INFO | Abrupt Weather Change Detected: False
2026-03-13 08:05:08 | INFO | --- TREND ANALYSIS ---
2026-03-13 08:05:08 | INFO | Trend series: INSUFFICIENT DATA
2026-03-13 08:05:08 | INFO | Detected Trend Type: FLAT
2026-03-13 08:05:08 | INFO | Trend Slope Percentage: 0.00%
2026-03-13 08:05:08 | INFO | Trend EPS Threshold: 1.50%
2026-03-13 08:05:08 | INFO | --- SCHEDULE CALCULATION ---
2026-03-13 08:05:08 | INFO | Condition Applied: SUNSET_CLAMP
2026-03-13 08:05:08 | INFO | Effective Base Forecast Used for Adjustments: 0.000 MW
2026-03-13 08:05:08 | INFO | Condition-3: NOT APPLIED for this block path
2026-03-13 08:05:08 | INFO |   Final Adjustment %: 0.00%
2026-03-13 08:05:08 | INFO |   Formula (expanded): SUNSET_CLAMP: GTI=0.000 < 0.02*MAX_GTI=18.880 => raw=0
2026-03-13 08:05:08 | INFO | --- FINAL RESULT ---
2026-03-13 08:05:08 | INFO | Raw Schedule (before smoothing): 0.000 MW
2026-03-13 08:05:08 | INFO | Final Scheduled MW: 0.000 MW
2026-03-13 08:05:08 | INFO | Previous Schedule Value: 0.000 MW
2026-03-13 08:05:08 | INFO | --------------------------------------------------------------------------------
2026-03-13 08:05:08 | INFO | --------------------------------------------------------------------------------
2026-03-13 08:05:08 | INFO | BLOCK 82
2026-03-13 08:05:08 | INFO | --------------------------------------------------------------------------------
2026-03-13 08:05:08 | INFO | --- FORECAST DATA ---
2026-03-13 08:05:08 | INFO | Intraday Forecast (Enercast): 0.000 MW
2026-03-13 08:05:08 | INFO | Day-ahead Forecast (Enercast): 0.000 MW
2026-03-13 08:05:08 | INFO | Base Forecast (raw, before curtailment/shutdown): 0.000 MW
2026-03-13 08:05:08 | INFO | Base Forecast (used for schedule): 0.000 MW
2026-03-13 08:05:08 | INFO | Effective Base Forecast (after curtailment/shutdown): 0.000 MW
2026-03-13 08:05:08 | INFO | Plant Status: NORMAL
2026-03-13 08:05:08 | INFO | Effective Base Forecast = Base Forecast (raw) = 0.000 MW
2026-03-13 08:05:08 | INFO | --- WEATHER PARAMETERS ---
2026-03-13 08:05:08 | INFO | GTI: 0.0 W/m^2
2026-03-13 08:05:08 | INFO | DHI: 0.0 W/m^2
2026-03-13 08:05:08 | INFO | DNI: 0.0 W/m^2
2026-03-13 08:05:08 | INFO | Irradiance Ratio (GTI/MAX_GTI): 0.000
2026-03-13 08:05:08 | INFO | Diffuse Ratio (current): 0.000
2026-03-13 08:05:08 | INFO | Irradiance State: OVERCAST
2026-03-13 08:05:08 | INFO | Temp @ 2m: 28.72 C
2026-03-13 08:05:08 | INFO | Wind @ 10m: 13.90 m/s
2026-03-13 08:05:08 | INFO | Weather State: NORMAL
2026-03-13 08:05:08 | INFO | Dynamic Thresholds: cloud_thr=0.1016, shift_thr=0.1053
2026-03-13 08:05:08 | INFO | Multipliers: irradiance=0.25x, temp=0.90x, wind=0.95x
2026-03-13 08:05:08 | INFO | Weather Multiplier (combined): 0.21x
2026-03-13 08:05:08 | INFO | Abrupt Weather Change Detected: False
2026-03-13 08:05:08 | INFO | --- TREND ANALYSIS ---
2026-03-13 08:05:08 | INFO | Trend series: INSUFFICIENT DATA
2026-03-13 08:05:08 | INFO | Detected Trend Type: FLAT
2026-03-13 08:05:08 | INFO | Trend Slope Percentage: 0.00%
2026-03-13 08:05:08 | INFO | Trend EPS Threshold: 1.50%
2026-03-13 08:05:08 | INFO | --- SCHEDULE CALCULATION ---
2026-03-13 08:05:08 | INFO | Condition Applied: SUNSET_CLAMP
2026-03-13 08:05:08 | INFO | Effective Base Forecast Used for Adjustments: 0.000 MW
2026-03-13 08:05:08 | INFO | Condition-3: NOT APPLIED for this block path
2026-03-13 08:05:08 | INFO |   Final Adjustment %: 0.00%
2026-03-13 08:05:08 | INFO |   Formula (expanded): SUNSET_CLAMP: GTI=0.000 < 0.02*MAX_GTI=18.880 => raw=0
2026-03-13 08:05:08 | INFO | --- FINAL RESULT ---
2026-03-13 08:05:08 | INFO | Raw Schedule (before smoothing): 0.000 MW
2026-03-13 08:05:08 | INFO | Final Scheduled MW: 0.000 MW
2026-03-13 08:05:08 | INFO | Previous Schedule Value: 0.000 MW
2026-03-13 08:05:08 | INFO | --------------------------------------------------------------------------------
2026-03-13 08:05:08 | INFO | --------------------------------------------------------------------------------
2026-03-13 08:05:08 | INFO | BLOCK 83
2026-03-13 08:05:08 | INFO | --------------------------------------------------------------------------------
2026-03-13 08:05:08 | INFO | --- FORECAST DATA ---
2026-03-13 08:05:08 | INFO | Intraday Forecast (Enercast): 0.000 MW
2026-03-13 08:05:08 | INFO | Day-ahead Forecast (Enercast): 0.000 MW
2026-03-13 08:05:08 | INFO | Base Forecast (raw, before curtailment/shutdown): 0.000 MW
2026-03-13 08:05:08 | INFO | Base Forecast (used for schedule): 0.000 MW
2026-03-13 08:05:08 | INFO | Effective Base Forecast (after curtailment/shutdown): 0.000 MW
2026-03-13 08:05:08 | INFO | Plant Status: NORMAL
2026-03-13 08:05:08 | INFO | Effective Base Forecast = Base Forecast (raw) = 0.000 MW
2026-03-13 08:05:08 | INFO | --- WEATHER PARAMETERS ---
2026-03-13 08:05:08 | INFO | GTI: 0.0 W/m^2
2026-03-13 08:05:08 | INFO | DHI: 0.0 W/m^2
2026-03-13 08:05:08 | INFO | DNI: 0.0 W/m^2
2026-03-13 08:05:08 | INFO | Irradiance Ratio (GTI/MAX_GTI): 0.000
2026-03-13 08:05:08 | INFO | Diffuse Ratio (current): 0.000
2026-03-13 08:05:08 | INFO | Irradiance State: OVERCAST
2026-03-13 08:05:08 | INFO | Temp @ 2m: 28.52 C
2026-03-13 08:05:08 | INFO | Wind @ 10m: 13.83 m/s
2026-03-13 08:05:08 | INFO | Weather State: NORMAL
2026-03-13 08:05:08 | INFO | Dynamic Thresholds: cloud_thr=0.1016, shift_thr=0.1053
2026-03-13 08:05:08 | INFO | Multipliers: irradiance=0.25x, temp=0.90x, wind=0.95x
2026-03-13 08:05:08 | INFO | Weather Multiplier (combined): 0.21x
2026-03-13 08:05:08 | INFO | Abrupt Weather Change Detected: False
2026-03-13 08:05:08 | INFO | --- TREND ANALYSIS ---
2026-03-13 08:05:08 | INFO | Trend series: INSUFFICIENT DATA
2026-03-13 08:05:08 | INFO | Detected Trend Type: FLAT
2026-03-13 08:05:08 | INFO | Trend Slope Percentage: 0.00%
2026-03-13 08:05:08 | INFO | Trend EPS Threshold: 1.50%
2026-03-13 08:05:08 | INFO | --- SCHEDULE CALCULATION ---
2026-03-13 08:05:08 | INFO | Condition Applied: SUNSET_CLAMP
2026-03-13 08:05:08 | INFO | Effective Base Forecast Used for Adjustments: 0.000 MW
2026-03-13 08:05:08 | INFO | Condition-3: NOT APPLIED for this block path
2026-03-13 08:05:08 | INFO |   Final Adjustment %: 0.00%
2026-03-13 08:05:08 | INFO |   Formula (expanded): SUNSET_CLAMP: GTI=0.000 < 0.02*MAX_GTI=18.880 => raw=0
2026-03-13 08:05:08 | INFO | --- FINAL RESULT ---
2026-03-13 08:05:08 | INFO | Raw Schedule (before smoothing): 0.000 MW
2026-03-13 08:05:08 | INFO | Final Scheduled MW: 0.000 MW
2026-03-13 08:05:08 | INFO | Previous Schedule Value: 0.000 MW
2026-03-13 08:05:08 | INFO | --------------------------------------------------------------------------------
2026-03-13 08:05:08 | INFO | --------------------------------------------------------------------------------
2026-03-13 08:05:08 | INFO | BLOCK 84
2026-03-13 08:05:08 | INFO | --------------------------------------------------------------------------------
2026-03-13 08:05:08 | INFO | --- FORECAST DATA ---
2026-03-13 08:05:08 | INFO | Intraday Forecast (Enercast): 0.000 MW
2026-03-13 08:05:08 | INFO | Day-ahead Forecast (Enercast): 0.000 MW
2026-03-13 08:05:08 | INFO | Base Forecast (raw, before curtailment/shutdown): 0.000 MW
2026-03-13 08:05:08 | INFO | Base Forecast (used for schedule): 0.000 MW
2026-03-13 08:05:08 | INFO | Effective Base Forecast (after curtailment/shutdown): 0.000 MW
2026-03-13 08:05:08 | INFO | Plant Status: NORMAL
2026-03-13 08:05:08 | INFO | Effective Base Forecast = Base Forecast (raw) = 0.000 MW
2026-03-13 08:05:08 | INFO | --- WEATHER PARAMETERS ---
2026-03-13 08:05:08 | INFO | GTI: 0.0 W/m^2
2026-03-13 08:05:08 | INFO | DHI: 0.0 W/m^2
2026-03-13 08:05:08 | INFO | DNI: 0.0 W/m^2
2026-03-13 08:05:08 | INFO | Irradiance Ratio (GTI/MAX_GTI): 0.000
2026-03-13 08:05:08 | INFO | Diffuse Ratio (current): 0.000
2026-03-13 08:05:08 | INFO | Irradiance State: OVERCAST
2026-03-13 08:05:08 | INFO | Temp @ 2m: 28.32 C
2026-03-13 08:05:08 | INFO | Wind @ 10m: 14.06 m/s
2026-03-13 08:05:08 | INFO | Weather State: NORMAL
2026-03-13 08:05:08 | INFO | Dynamic Thresholds: cloud_thr=0.1016, shift_thr=0.1053
2026-03-13 08:05:08 | INFO | Multipliers: irradiance=0.25x, temp=0.90x, wind=0.95x
2026-03-13 08:05:08 | INFO | Weather Multiplier (combined): 0.21x
2026-03-13 08:05:08 | INFO | Abrupt Weather Change Detected: False
2026-03-13 08:05:08 | INFO | --- TREND ANALYSIS ---
2026-03-13 08:05:08 | INFO | Trend series: INSUFFICIENT DATA
2026-03-13 08:05:08 | INFO | Detected Trend Type: FLAT
2026-03-13 08:05:08 | INFO | Trend Slope Percentage: 0.00%
2026-03-13 08:05:08 | INFO | Trend EPS Threshold: 1.50%
2026-03-13 08:05:08 | INFO | --- SCHEDULE CALCULATION ---
2026-03-13 08:05:08 | INFO | Condition Applied: SUNSET_CLAMP
2026-03-13 08:05:08 | INFO | Effective Base Forecast Used for Adjustments: 0.000 MW
2026-03-13 08:05:08 | INFO | Condition-3: NOT APPLIED for this block path
2026-03-13 08:05:08 | INFO |   Final Adjustment %: 0.00%
2026-03-13 08:05:08 | INFO |   Formula (expanded): SUNSET_CLAMP: GTI=0.000 < 0.02*MAX_GTI=18.880 => raw=0
2026-03-13 08:05:08 | INFO | --- FINAL RESULT ---
2026-03-13 08:05:08 | INFO | Raw Schedule (before smoothing): 0.000 MW
2026-03-13 08:05:08 | INFO | Final Scheduled MW: 0.000 MW
2026-03-13 08:05:08 | INFO | Previous Schedule Value: 0.000 MW
2026-03-13 08:05:08 | INFO | --------------------------------------------------------------------------------
2026-03-13 08:05:08 | INFO | --------------------------------------------------------------------------------
2026-03-13 08:05:08 | INFO | BLOCK 85
2026-03-13 08:05:08 | INFO | --------------------------------------------------------------------------------
2026-03-13 08:05:08 | INFO | --- FORECAST DATA ---
2026-03-13 08:05:08 | INFO | Intraday Forecast (Enercast): 0.000 MW
2026-03-13 08:05:08 | INFO | Day-ahead Forecast (Enercast): 0.000 MW
2026-03-13 08:05:08 | INFO | Base Forecast (raw, before curtailment/shutdown): 0.000 MW
2026-03-13 08:05:08 | INFO | Base Forecast (used for schedule): 0.000 MW
2026-03-13 08:05:08 | INFO | Effective Base Forecast (after curtailment/shutdown): 0.000 MW
2026-03-13 08:05:08 | INFO | Plant Status: NORMAL
2026-03-13 08:05:08 | INFO | Effective Base Forecast = Base Forecast (raw) = 0.000 MW
2026-03-13 08:05:08 | INFO | --- WEATHER PARAMETERS ---
2026-03-13 08:05:08 | INFO | GTI: 0.0 W/m^2
2026-03-13 08:05:08 | INFO | DHI: 0.0 W/m^2
2026-03-13 08:05:08 | INFO | DNI: 0.0 W/m^2
2026-03-13 08:05:08 | INFO | Irradiance Ratio (GTI/MAX_GTI): 0.000
2026-03-13 08:05:08 | INFO | Diffuse Ratio (current): 0.000
2026-03-13 08:05:08 | INFO | Irradiance State: OVERCAST
2026-03-13 08:05:08 | INFO | Temp @ 2m: 28.12 C
2026-03-13 08:05:08 | INFO | Wind @ 10m: 14.02 m/s
2026-03-13 08:05:08 | INFO | Weather State: NORMAL
2026-03-13 08:05:08 | INFO | Dynamic Thresholds: cloud_thr=0.1016, shift_thr=0.1053
2026-03-13 08:05:08 | INFO | Multipliers: irradiance=0.25x, temp=0.90x, wind=0.95x
2026-03-13 08:05:08 | INFO | Weather Multiplier (combined): 0.21x
2026-03-13 08:05:08 | INFO | Abrupt Weather Change Detected: False
2026-03-13 08:05:08 | INFO | --- TREND ANALYSIS ---
2026-03-13 08:05:08 | INFO | Trend series: INSUFFICIENT DATA
2026-03-13 08:05:08 | INFO | Detected Trend Type: FLAT
2026-03-13 08:05:08 | INFO | Trend Slope Percentage: 0.00%
2026-03-13 08:05:08 | INFO | Trend EPS Threshold: 1.50%
2026-03-13 08:05:08 | INFO | --- SCHEDULE CALCULATION ---
2026-03-13 08:05:08 | INFO | Condition Applied: SUNSET_CLAMP
2026-03-13 08:05:08 | INFO | Effective Base Forecast Used for Adjustments: 0.000 MW
2026-03-13 08:05:08 | INFO | Condition-3: NOT APPLIED for this block path
2026-03-13 08:05:08 | INFO |   Final Adjustment %: 0.00%
2026-03-13 08:05:08 | INFO |   Formula (expanded): SUNSET_CLAMP: GTI=0.000 < 0.02*MAX_GTI=18.880 => raw=0
2026-03-13 08:05:08 | INFO | --- FINAL RESULT ---
2026-03-13 08:05:08 | INFO | Raw Schedule (before smoothing): 0.000 MW
2026-03-13 08:05:08 | INFO | Final Scheduled MW: 0.000 MW
2026-03-13 08:05:08 | INFO | Previous Schedule Value: 0.000 MW
2026-03-13 08:05:08 | INFO | --------------------------------------------------------------------------------
2026-03-13 08:05:08 | INFO | --------------------------------------------------------------------------------
2026-03-13 08:05:08 | INFO | BLOCK 86
2026-03-13 08:05:08 | INFO | --------------------------------------------------------------------------------
2026-03-13 08:05:08 | INFO | --- FORECAST DATA ---
2026-03-13 08:05:08 | INFO | Intraday Forecast (Enercast): 0.000 MW
2026-03-13 08:05:08 | INFO | Day-ahead Forecast (Enercast): 0.000 MW
2026-03-13 08:05:08 | INFO | Base Forecast (raw, before curtailment/shutdown): 0.000 MW
2026-03-13 08:05:08 | INFO | Base Forecast (used for schedule): 0.000 MW
2026-03-13 08:05:08 | INFO | Effective Base Forecast (after curtailment/shutdown): 0.000 MW
2026-03-13 08:05:08 | INFO | Plant Status: NORMAL
2026-03-13 08:05:08 | INFO | Effective Base Forecast = Base Forecast (raw) = 0.000 MW
2026-03-13 08:05:08 | INFO | --- WEATHER PARAMETERS ---
2026-03-13 08:05:08 | INFO | GTI: 0.0 W/m^2
2026-03-13 08:05:08 | INFO | DHI: 0.0 W/m^2
2026-03-13 08:05:08 | INFO | DNI: 0.0 W/m^2
2026-03-13 08:05:08 | INFO | Irradiance Ratio (GTI/MAX_GTI): 0.000
2026-03-13 08:05:08 | INFO | Diffuse Ratio (current): 0.000
2026-03-13 08:05:08 | INFO | Irradiance State: OVERCAST
2026-03-13 08:05:08 | INFO | Temp @ 2m: 27.97 C
2026-03-13 08:05:08 | INFO | Wind @ 10m: 14.26 m/s
2026-03-13 08:05:08 | INFO | Weather State: NORMAL
2026-03-13 08:05:08 | INFO | Dynamic Thresholds: cloud_thr=0.1016, shift_thr=0.1053
2026-03-13 08:05:08 | INFO | Multipliers: irradiance=0.25x, temp=0.90x, wind=0.95x
2026-03-13 08:05:08 | INFO | Weather Multiplier (combined): 0.21x
2026-03-13 08:05:08 | INFO | Abrupt Weather Change Detected: False
2026-03-13 08:05:08 | INFO | --- TREND ANALYSIS ---
2026-03-13 08:05:08 | INFO | Trend series: INSUFFICIENT DATA
2026-03-13 08:05:08 | INFO | Detected Trend Type: FLAT
2026-03-13 08:05:08 | INFO | Trend Slope Percentage: 0.00%
2026-03-13 08:05:08 | INFO | Trend EPS Threshold: 1.50%
2026-03-13 08:05:08 | INFO | --- SCHEDULE CALCULATION ---
2026-03-13 08:05:08 | INFO | Condition Applied: SUNSET_CLAMP
2026-03-13 08:05:08 | INFO | Effective Base Forecast Used for Adjustments: 0.000 MW
2026-03-13 08:05:08 | INFO | Condition-3: NOT APPLIED for this block path
2026-03-13 08:05:08 | INFO |   Final Adjustment %: 0.00%
2026-03-13 08:05:08 | INFO |   Formula (expanded): SUNSET_CLAMP: GTI=0.000 < 0.02*MAX_GTI=18.880 => raw=0
2026-03-13 08:05:08 | INFO | --- FINAL RESULT ---
2026-03-13 08:05:08 | INFO | Raw Schedule (before smoothing): 0.000 MW
2026-03-13 08:05:08 | INFO | Final Scheduled MW: 0.000 MW
2026-03-13 08:05:08 | INFO | Previous Schedule Value: 0.000 MW
2026-03-13 08:05:08 | INFO | --------------------------------------------------------------------------------
2026-03-13 08:05:08 | INFO | --------------------------------------------------------------------------------
2026-03-13 08:05:08 | INFO | BLOCK 87
2026-03-13 08:05:08 | INFO | --------------------------------------------------------------------------------
2026-03-13 08:05:08 | INFO | --- FORECAST DATA ---
2026-03-13 08:05:08 | INFO | Intraday Forecast (Enercast): 0.000 MW
2026-03-13 08:05:08 | INFO | Day-ahead Forecast (Enercast): 0.000 MW
2026-03-13 08:05:08 | INFO | Base Forecast (raw, before curtailment/shutdown): 0.000 MW
2026-03-13 08:05:08 | INFO | Base Forecast (used for schedule): 0.000 MW
2026-03-13 08:05:08 | INFO | Effective Base Forecast (after curtailment/shutdown): 0.000 MW
2026-03-13 08:05:08 | INFO | Plant Status: NORMAL
2026-03-13 08:05:08 | INFO | Effective Base Forecast = Base Forecast (raw) = 0.000 MW
2026-03-13 08:05:08 | INFO | --- WEATHER PARAMETERS ---
2026-03-13 08:05:08 | INFO | GTI: 0.0 W/m^2
2026-03-13 08:05:08 | INFO | DHI: 0.0 W/m^2
2026-03-13 08:05:08 | INFO | DNI: 0.0 W/m^2
2026-03-13 08:05:08 | INFO | Irradiance Ratio (GTI/MAX_GTI): 0.000
2026-03-13 08:05:08 | INFO | Diffuse Ratio (current): 0.000
2026-03-13 08:05:08 | INFO | Irradiance State: OVERCAST
2026-03-13 08:05:08 | INFO | Temp @ 2m: 27.82 C
2026-03-13 08:05:08 | INFO | Wind @ 10m: 14.26 m/s
2026-03-13 08:05:08 | INFO | Weather State: NORMAL
2026-03-13 08:05:08 | INFO | Dynamic Thresholds: cloud_thr=0.1016, shift_thr=0.1053
2026-03-13 08:05:08 | INFO | Multipliers: irradiance=0.25x, temp=0.90x, wind=0.95x
2026-03-13 08:05:08 | INFO | Weather Multiplier (combined): 0.21x
2026-03-13 08:05:08 | INFO | Abrupt Weather Change Detected: False
2026-03-13 08:05:08 | INFO | --- TREND ANALYSIS ---
2026-03-13 08:05:08 | INFO | Trend series: INSUFFICIENT DATA
2026-03-13 08:05:08 | INFO | Detected Trend Type: FLAT
2026-03-13 08:05:08 | INFO | Trend Slope Percentage: 0.00%
2026-03-13 08:05:08 | INFO | Trend EPS Threshold: 1.50%
2026-03-13 08:05:08 | INFO | --- SCHEDULE CALCULATION ---
2026-03-13 08:05:08 | INFO | Condition Applied: SUNSET_CLAMP
2026-03-13 08:05:08 | INFO | Effective Base Forecast Used for Adjustments: 0.000 MW
2026-03-13 08:05:08 | INFO | Condition-3: NOT APPLIED for this block path
2026-03-13 08:05:08 | INFO |   Final Adjustment %: 0.00%
2026-03-13 08:05:08 | INFO |   Formula (expanded): SUNSET_CLAMP: GTI=0.000 < 0.02*MAX_GTI=18.880 => raw=0
2026-03-13 08:05:08 | INFO | --- FINAL RESULT ---
2026-03-13 08:05:08 | INFO | Raw Schedule (before smoothing): 0.000 MW
2026-03-13 08:05:08 | INFO | Final Scheduled MW: 0.000 MW
2026-03-13 08:05:08 | INFO | Previous Schedule Value: 0.000 MW
2026-03-13 08:05:08 | INFO | --------------------------------------------------------------------------------
2026-03-13 08:05:08 | INFO | --------------------------------------------------------------------------------
2026-03-13 08:05:08 | INFO | BLOCK 88
2026-03-13 08:05:08 | INFO | --------------------------------------------------------------------------------
2026-03-13 08:05:08 | INFO | --- FORECAST DATA ---
2026-03-13 08:05:08 | INFO | Intraday Forecast (Enercast): 0.000 MW
2026-03-13 08:05:08 | INFO | Day-ahead Forecast (Enercast): 0.000 MW
2026-03-13 08:05:08 | INFO | Base Forecast (raw, before curtailment/shutdown): 0.000 MW
2026-03-13 08:05:08 | INFO | Base Forecast (used for schedule): 0.000 MW
2026-03-13 08:05:08 | INFO | Effective Base Forecast (after curtailment/shutdown): 0.000 MW
2026-03-13 08:05:08 | INFO | Plant Status: NORMAL
2026-03-13 08:05:08 | INFO | Effective Base Forecast = Base Forecast (raw) = 0.000 MW
2026-03-13 08:05:08 | INFO | --- WEATHER PARAMETERS ---
2026-03-13 08:05:08 | INFO | GTI: 0.0 W/m^2
2026-03-13 08:05:08 | INFO | DHI: 0.0 W/m^2
2026-03-13 08:05:08 | INFO | DNI: 0.0 W/m^2
2026-03-13 08:05:08 | INFO | Irradiance Ratio (GTI/MAX_GTI): 0.000
2026-03-13 08:05:08 | INFO | Diffuse Ratio (current): 0.000
2026-03-13 08:05:08 | INFO | Irradiance State: OVERCAST
2026-03-13 08:05:08 | INFO | Temp @ 2m: 27.67 C
2026-03-13 08:05:08 | INFO | Wind @ 10m: 14.53 m/s
2026-03-13 08:05:08 | INFO | Weather State: NORMAL
2026-03-13 08:05:08 | INFO | Dynamic Thresholds: cloud_thr=0.1016, shift_thr=0.1053
2026-03-13 08:05:08 | INFO | Multipliers: irradiance=0.25x, temp=0.90x, wind=0.95x
2026-03-13 08:05:08 | INFO | Weather Multiplier (combined): 0.21x
2026-03-13 08:05:08 | INFO | Abrupt Weather Change Detected: False
2026-03-13 08:05:08 | INFO | --- TREND ANALYSIS ---
2026-03-13 08:05:08 | INFO | Trend series: INSUFFICIENT DATA
2026-03-13 08:05:08 | INFO | Detected Trend Type: FLAT
2026-03-13 08:05:08 | INFO | Trend Slope Percentage: 0.00%
2026-03-13 08:05:08 | INFO | Trend EPS Threshold: 1.50%
2026-03-13 08:05:08 | INFO | --- SCHEDULE CALCULATION ---
2026-03-13 08:05:08 | INFO | Condition Applied: SUNSET_CLAMP
2026-03-13 08:05:08 | INFO | Effective Base Forecast Used for Adjustments: 0.000 MW
2026-03-13 08:05:08 | INFO | Condition-3: NOT APPLIED for this block path
2026-03-13 08:05:08 | INFO |   Final Adjustment %: 0.00%
2026-03-13 08:05:08 | INFO |   Formula (expanded): SUNSET_CLAMP: GTI=0.000 < 0.02*MAX_GTI=18.880 => raw=0
2026-03-13 08:05:08 | INFO | --- FINAL RESULT ---
2026-03-13 08:05:08 | INFO | Raw Schedule (before smoothing): 0.000 MW
2026-03-13 08:05:08 | INFO | Final Scheduled MW: 0.000 MW
2026-03-13 08:05:08 | INFO | Previous Schedule Value: 0.000 MW
2026-03-13 08:05:08 | INFO | --------------------------------------------------------------------------------
2026-03-13 08:05:08 | INFO | --------------------------------------------------------------------------------
2026-03-13 08:05:08 | INFO | BLOCK 89
2026-03-13 08:05:08 | INFO | --------------------------------------------------------------------------------
2026-03-13 08:05:08 | INFO | --- FORECAST DATA ---
2026-03-13 08:05:08 | INFO | Intraday Forecast (Enercast): 0.000 MW
2026-03-13 08:05:08 | INFO | Day-ahead Forecast (Enercast): 0.000 MW
2026-03-13 08:05:08 | INFO | Base Forecast (raw, before curtailment/shutdown): 0.000 MW
2026-03-13 08:05:08 | INFO | Base Forecast (used for schedule): 0.000 MW
2026-03-13 08:05:08 | INFO | Effective Base Forecast (after curtailment/shutdown): 0.000 MW
2026-03-13 08:05:08 | INFO | Plant Status: NORMAL
2026-03-13 08:05:08 | INFO | Effective Base Forecast = Base Forecast (raw) = 0.000 MW
2026-03-13 08:05:08 | INFO | --- WEATHER PARAMETERS ---
2026-03-13 08:05:08 | INFO | GTI: 0.0 W/m^2
2026-03-13 08:05:08 | INFO | DHI: 0.0 W/m^2
2026-03-13 08:05:08 | INFO | DNI: 0.0 W/m^2
2026-03-13 08:05:08 | INFO | Irradiance Ratio (GTI/MAX_GTI): 0.000
2026-03-13 08:05:08 | INFO | Diffuse Ratio (current): 0.000
2026-03-13 08:05:08 | INFO | Irradiance State: OVERCAST
2026-03-13 08:05:08 | INFO | Temp @ 2m: 27.57 C
2026-03-13 08:05:08 | INFO | Wind @ 10m: 14.62 m/s
2026-03-13 08:05:08 | INFO | Weather State: NORMAL
2026-03-13 08:05:08 | INFO | Dynamic Thresholds: cloud_thr=0.1016, shift_thr=0.1053
2026-03-13 08:05:08 | INFO | Multipliers: irradiance=0.25x, temp=0.90x, wind=0.95x
2026-03-13 08:05:08 | INFO | Weather Multiplier (combined): 0.21x
2026-03-13 08:05:08 | INFO | Abrupt Weather Change Detected: False
2026-03-13 08:05:08 | INFO | --- TREND ANALYSIS ---
2026-03-13 08:05:08 | INFO | Trend series: INSUFFICIENT DATA
2026-03-13 08:05:08 | INFO | Detected Trend Type: FLAT
2026-03-13 08:05:08 | INFO | Trend Slope Percentage: 0.00%
2026-03-13 08:05:08 | INFO | Trend EPS Threshold: 1.50%
2026-03-13 08:05:08 | INFO | --- SCHEDULE CALCULATION ---
2026-03-13 08:05:08 | INFO | Condition Applied: SUNSET_CLAMP
2026-03-13 08:05:08 | INFO | Effective Base Forecast Used for Adjustments: 0.000 MW
2026-03-13 08:05:08 | INFO | Condition-3: NOT APPLIED for this block path
2026-03-13 08:05:08 | INFO |   Final Adjustment %: 0.00%
2026-03-13 08:05:08 | INFO |   Formula (expanded): SUNSET_CLAMP: GTI=0.000 < 0.02*MAX_GTI=18.880 => raw=0
2026-03-13 08:05:08 | INFO | --- FINAL RESULT ---
2026-03-13 08:05:08 | INFO | Raw Schedule (before smoothing): 0.000 MW
2026-03-13 08:05:08 | INFO | Final Scheduled MW: 0.000 MW
2026-03-13 08:05:08 | INFO | Previous Schedule Value: 0.000 MW
2026-03-13 08:05:08 | INFO | --------------------------------------------------------------------------------
2026-03-13 08:05:08 | INFO | --------------------------------------------------------------------------------
2026-03-13 08:05:08 | INFO | BLOCK 90
2026-03-13 08:05:08 | INFO | --------------------------------------------------------------------------------
2026-03-13 08:05:08 | INFO | --- FORECAST DATA ---
2026-03-13 08:05:08 | INFO | Intraday Forecast (Enercast): 0.000 MW
2026-03-13 08:05:08 | INFO | Day-ahead Forecast (Enercast): 0.000 MW
2026-03-13 08:05:08 | INFO | Base Forecast (raw, before curtailment/shutdown): 0.000 MW
2026-03-13 08:05:08 | INFO | Base Forecast (used for schedule): 0.000 MW
2026-03-13 08:05:08 | INFO | Effective Base Forecast (after curtailment/shutdown): 0.000 MW
2026-03-13 08:05:08 | INFO | Plant Status: NORMAL
2026-03-13 08:05:08 | INFO | Effective Base Forecast = Base Forecast (raw) = 0.000 MW
2026-03-13 08:05:08 | INFO | --- WEATHER PARAMETERS ---
2026-03-13 08:05:08 | INFO | GTI: 0.0 W/m^2
2026-03-13 08:05:08 | INFO | DHI: 0.0 W/m^2
2026-03-13 08:05:08 | INFO | DNI: 0.0 W/m^2
2026-03-13 08:05:08 | INFO | Irradiance Ratio (GTI/MAX_GTI): 0.000
2026-03-13 08:05:08 | INFO | Diffuse Ratio (current): 0.000
2026-03-13 08:05:08 | INFO | Irradiance State: OVERCAST
2026-03-13 08:05:08 | INFO | Temp @ 2m: 27.47 C
2026-03-13 08:05:08 | INFO | Wind @ 10m: 14.88 m/s
2026-03-13 08:05:08 | INFO | Weather State: NORMAL
2026-03-13 08:05:08 | INFO | Dynamic Thresholds: cloud_thr=0.1016, shift_thr=0.1053
2026-03-13 08:05:08 | INFO | Multipliers: irradiance=0.25x, temp=0.90x, wind=0.95x
2026-03-13 08:05:08 | INFO | Weather Multiplier (combined): 0.21x
2026-03-13 08:05:08 | INFO | Abrupt Weather Change Detected: False
2026-03-13 08:05:08 | INFO | --- TREND ANALYSIS ---
2026-03-13 08:05:08 | INFO | Trend series: INSUFFICIENT DATA
2026-03-13 08:05:08 | INFO | Detected Trend Type: FLAT
2026-03-13 08:05:08 | INFO | Trend Slope Percentage: 0.00%
2026-03-13 08:05:08 | INFO | Trend EPS Threshold: 1.50%
2026-03-13 08:05:08 | INFO | --- SCHEDULE CALCULATION ---
2026-03-13 08:05:08 | INFO | Condition Applied: SUNSET_CLAMP
2026-03-13 08:05:08 | INFO | Effective Base Forecast Used for Adjustments: 0.000 MW
2026-03-13 08:05:08 | INFO | Condition-3: NOT APPLIED for this block path
2026-03-13 08:05:08 | INFO |   Final Adjustment %: 0.00%
2026-03-13 08:05:08 | INFO |   Formula (expanded): SUNSET_CLAMP: GTI=0.000 < 0.02*MAX_GTI=18.880 => raw=0
2026-03-13 08:05:08 | INFO | --- FINAL RESULT ---
2026-03-13 08:05:08 | INFO | Raw Schedule (before smoothing): 0.000 MW
2026-03-13 08:05:08 | INFO | Final Scheduled MW: 0.000 MW
2026-03-13 08:05:08 | INFO | Previous Schedule Value: 0.000 MW
2026-03-13 08:05:08 | INFO | --------------------------------------------------------------------------------
2026-03-13 08:05:08 | INFO | --------------------------------------------------------------------------------
2026-03-13 08:05:08 | INFO | BLOCK 91
2026-03-13 08:05:08 | INFO | --------------------------------------------------------------------------------
2026-03-13 08:05:08 | INFO | --- FORECAST DATA ---
2026-03-13 08:05:08 | INFO | Intraday Forecast (Enercast): 0.000 MW
2026-03-13 08:05:08 | INFO | Day-ahead Forecast (Enercast): 0.000 MW
2026-03-13 08:05:08 | INFO | Base Forecast (raw, before curtailment/shutdown): 0.000 MW
2026-03-13 08:05:08 | INFO | Base Forecast (used for schedule): 0.000 MW
2026-03-13 08:05:08 | INFO | Effective Base Forecast (after curtailment/shutdown): 0.000 MW
2026-03-13 08:05:08 | INFO | Plant Status: NORMAL
2026-03-13 08:05:08 | INFO | Effective Base Forecast = Base Forecast (raw) = 0.000 MW
2026-03-13 08:05:08 | INFO | --- WEATHER PARAMETERS ---
2026-03-13 08:05:08 | INFO | GTI: 0.0 W/m^2
2026-03-13 08:05:08 | INFO | DHI: 0.0 W/m^2
2026-03-13 08:05:08 | INFO | DNI: 0.0 W/m^2
2026-03-13 08:05:08 | INFO | Irradiance Ratio (GTI/MAX_GTI): 0.000
2026-03-13 08:05:08 | INFO | Diffuse Ratio (current): 0.000
2026-03-13 08:05:08 | INFO | Irradiance State: OVERCAST
2026-03-13 08:05:08 | INFO | Temp @ 2m: 27.32 C
2026-03-13 08:05:08 | INFO | Wind @ 10m: 14.97 m/s
2026-03-13 08:05:08 | INFO | Weather State: NORMAL
2026-03-13 08:05:08 | INFO | Dynamic Thresholds: cloud_thr=0.1016, shift_thr=0.1053
2026-03-13 08:05:08 | INFO | Multipliers: irradiance=0.25x, temp=0.90x, wind=0.95x
2026-03-13 08:05:08 | INFO | Weather Multiplier (combined): 0.21x
2026-03-13 08:05:08 | INFO | Abrupt Weather Change Detected: False
2026-03-13 08:05:08 | INFO | --- TREND ANALYSIS ---
2026-03-13 08:05:08 | INFO | Trend series: INSUFFICIENT DATA
2026-03-13 08:05:08 | INFO | Detected Trend Type: FLAT
2026-03-13 08:05:08 | INFO | Trend Slope Percentage: 0.00%
2026-03-13 08:05:08 | INFO | Trend EPS Threshold: 1.50%
2026-03-13 08:05:08 | INFO | --- SCHEDULE CALCULATION ---
2026-03-13 08:05:08 | INFO | Condition Applied: SUNSET_CLAMP
2026-03-13 08:05:08 | INFO | Effective Base Forecast Used for Adjustments: 0.000 MW
2026-03-13 08:05:08 | INFO | Condition-3: NOT APPLIED for this block path
2026-03-13 08:05:08 | INFO |   Final Adjustment %: 0.00%
2026-03-13 08:05:08 | INFO |   Formula (expanded): SUNSET_CLAMP: GTI=0.000 < 0.02*MAX_GTI=18.880 => raw=0
2026-03-13 08:05:08 | INFO | --- FINAL RESULT ---
2026-03-13 08:05:08 | INFO | Raw Schedule (before smoothing): 0.000 MW
2026-03-13 08:05:08 | INFO | Final Scheduled MW: 0.000 MW
2026-03-13 08:05:08 | INFO | Previous Schedule Value: 0.000 MW
2026-03-13 08:05:08 | INFO | --------------------------------------------------------------------------------
2026-03-13 08:05:08 | INFO | --------------------------------------------------------------------------------
2026-03-13 08:05:08 | INFO | BLOCK 92
2026-03-13 08:05:08 | INFO | --------------------------------------------------------------------------------
2026-03-13 08:05:08 | INFO | --- FORECAST DATA ---
2026-03-13 08:05:08 | INFO | Intraday Forecast (Enercast): 0.000 MW
2026-03-13 08:05:08 | INFO | Day-ahead Forecast (Enercast): 0.000 MW
2026-03-13 08:05:08 | INFO | Base Forecast (raw, before curtailment/shutdown): 0.000 MW
2026-03-13 08:05:08 | INFO | Base Forecast (used for schedule): 0.000 MW
2026-03-13 08:05:08 | INFO | Effective Base Forecast (after curtailment/shutdown): 0.000 MW
2026-03-13 08:05:08 | INFO | Plant Status: NORMAL
2026-03-13 08:05:08 | INFO | Effective Base Forecast = Base Forecast (raw) = 0.000 MW
2026-03-13 08:05:08 | INFO | --- WEATHER PARAMETERS ---
2026-03-13 08:05:08 | INFO | GTI: 0.0 W/m^2
2026-03-13 08:05:08 | INFO | DHI: 0.0 W/m^2
2026-03-13 08:05:08 | INFO | DNI: 0.0 W/m^2
2026-03-13 08:05:08 | INFO | Irradiance Ratio (GTI/MAX_GTI): 0.000
2026-03-13 08:05:08 | INFO | Diffuse Ratio (current): 0.000
2026-03-13 08:05:08 | INFO | Irradiance State: OVERCAST
2026-03-13 08:05:08 | INFO | Temp @ 2m: 27.17 C
2026-03-13 08:05:08 | INFO | Wind @ 10m: 14.92 m/s
2026-03-13 08:05:08 | INFO | Weather State: NORMAL
2026-03-13 08:05:08 | INFO | Dynamic Thresholds: cloud_thr=0.1016, shift_thr=0.1053
2026-03-13 08:05:08 | INFO | Multipliers: irradiance=0.25x, temp=0.90x, wind=0.95x
2026-03-13 08:05:08 | INFO | Weather Multiplier (combined): 0.21x
2026-03-13 08:05:08 | INFO | Abrupt Weather Change Detected: False
2026-03-13 08:05:08 | INFO | --- TREND ANALYSIS ---
2026-03-13 08:05:08 | INFO | Trend series: INSUFFICIENT DATA
2026-03-13 08:05:08 | INFO | Detected Trend Type: FLAT
2026-03-13 08:05:08 | INFO | Trend Slope Percentage: 0.00%
2026-03-13 08:05:08 | INFO | Trend EPS Threshold: 1.50%
2026-03-13 08:05:08 | INFO | --- SCHEDULE CALCULATION ---
2026-03-13 08:05:08 | INFO | Condition Applied: SUNSET_CLAMP
2026-03-13 08:05:08 | INFO | Effective Base Forecast Used for Adjustments: 0.000 MW
2026-03-13 08:05:08 | INFO | Condition-3: NOT APPLIED for this block path
2026-03-13 08:05:08 | INFO |   Final Adjustment %: 0.00%
2026-03-13 08:05:08 | INFO |   Formula (expanded): SUNSET_CLAMP: GTI=0.000 < 0.02*MAX_GTI=18.880 => raw=0
2026-03-13 08:05:08 | INFO | --- FINAL RESULT ---
2026-03-13 08:05:08 | INFO | Raw Schedule (before smoothing): 0.000 MW
2026-03-13 08:05:08 | INFO | Final Scheduled MW: 0.000 MW
2026-03-13 08:05:08 | INFO | Previous Schedule Value: 0.000 MW
2026-03-13 08:05:08 | INFO | --------------------------------------------------------------------------------
2026-03-13 08:05:08 | INFO | --------------------------------------------------------------------------------
2026-03-13 08:05:08 | INFO | BLOCK 93
2026-03-13 08:05:08 | INFO | --------------------------------------------------------------------------------
2026-03-13 08:05:08 | INFO | --- FORECAST DATA ---
2026-03-13 08:05:08 | INFO | Intraday Forecast (Enercast): 0.000 MW
2026-03-13 08:05:08 | INFO | Day-ahead Forecast (Enercast): 0.000 MW
2026-03-13 08:05:08 | INFO | Base Forecast (raw, before curtailment/shutdown): 0.000 MW
2026-03-13 08:05:08 | INFO | Base Forecast (used for schedule): 0.000 MW
2026-03-13 08:05:08 | INFO | Effective Base Forecast (after curtailment/shutdown): 0.000 MW
2026-03-13 08:05:08 | INFO | Plant Status: NORMAL
2026-03-13 08:05:08 | INFO | Effective Base Forecast = Base Forecast (raw) = 0.000 MW
2026-03-13 08:05:08 | INFO | --- WEATHER PARAMETERS ---
2026-03-13 08:05:08 | INFO | GTI: 0.0 W/m^2
2026-03-13 08:05:08 | INFO | DHI: 0.0 W/m^2
2026-03-13 08:05:08 | INFO | DNI: 0.0 W/m^2
2026-03-13 08:05:08 | INFO | Irradiance Ratio (GTI/MAX_GTI): 0.000
2026-03-13 08:05:08 | INFO | Diffuse Ratio (current): 0.000
2026-03-13 08:05:08 | INFO | Irradiance State: OVERCAST
2026-03-13 08:05:08 | INFO | Temp @ 2m: 26.97 C
2026-03-13 08:05:08 | INFO | Wind @ 10m: 15.11 m/s
2026-03-13 08:05:08 | INFO | Weather State: NORMAL
2026-03-13 08:05:08 | INFO | Dynamic Thresholds: cloud_thr=0.1016, shift_thr=0.1053
2026-03-13 08:05:08 | INFO | Multipliers: irradiance=0.25x, temp=0.90x, wind=0.95x
2026-03-13 08:05:08 | INFO | Weather Multiplier (combined): 0.21x
2026-03-13 08:05:08 | INFO | Abrupt Weather Change Detected: False
2026-03-13 08:05:08 | INFO | --- TREND ANALYSIS ---
2026-03-13 08:05:08 | INFO | Trend series: INSUFFICIENT DATA
2026-03-13 08:05:08 | INFO | Detected Trend Type: FLAT
2026-03-13 08:05:08 | INFO | Trend Slope Percentage: 0.00%
2026-03-13 08:05:08 | INFO | Trend EPS Threshold: 1.50%
2026-03-13 08:05:08 | INFO | --- SCHEDULE CALCULATION ---
2026-03-13 08:05:08 | INFO | Condition Applied: SUNSET_CLAMP
2026-03-13 08:05:08 | INFO | Effective Base Forecast Used for Adjustments: 0.000 MW
2026-03-13 08:05:08 | INFO | Condition-3: NOT APPLIED for this block path
2026-03-13 08:05:08 | INFO |   Final Adjustment %: 0.00%
2026-03-13 08:05:08 | INFO |   Formula (expanded): SUNSET_CLAMP: GTI=0.000 < 0.02*MAX_GTI=18.880 => raw=0
2026-03-13 08:05:08 | INFO | --- FINAL RESULT ---
2026-03-13 08:05:08 | INFO | Raw Schedule (before smoothing): 0.000 MW
2026-03-13 08:05:08 | INFO | Final Scheduled MW: 0.000 MW
2026-03-13 08:05:08 | INFO | Previous Schedule Value: 0.000 MW
2026-03-13 08:05:08 | INFO | --------------------------------------------------------------------------------
2026-03-13 08:05:08 | INFO | --------------------------------------------------------------------------------
2026-03-13 08:05:08 | INFO | BLOCK 94
2026-03-13 08:05:08 | INFO | --------------------------------------------------------------------------------
2026-03-13 08:05:08 | INFO | --- FORECAST DATA ---
2026-03-13 08:05:08 | INFO | Intraday Forecast (Enercast): 0.000 MW
2026-03-13 08:05:08 | INFO | Day-ahead Forecast (Enercast): 0.000 MW
2026-03-13 08:05:08 | INFO | Base Forecast (raw, before curtailment/shutdown): 0.000 MW
2026-03-13 08:05:08 | INFO | Base Forecast (used for schedule): 0.000 MW
2026-03-13 08:05:08 | INFO | Effective Base Forecast (after curtailment/shutdown): 0.000 MW
2026-03-13 08:05:08 | INFO | Plant Status: NORMAL
2026-03-13 08:05:08 | INFO | Effective Base Forecast = Base Forecast (raw) = 0.000 MW
2026-03-13 08:05:08 | INFO | --- WEATHER PARAMETERS ---
2026-03-13 08:05:08 | INFO | GTI: 0.0 W/m^2
2026-03-13 08:05:08 | INFO | DHI: 0.0 W/m^2
2026-03-13 08:05:08 | INFO | DNI: 0.0 W/m^2
2026-03-13 08:05:08 | INFO | Irradiance Ratio (GTI/MAX_GTI): 0.000
2026-03-13 08:05:08 | INFO | Diffuse Ratio (current): 0.000
2026-03-13 08:05:08 | INFO | Irradiance State: OVERCAST
2026-03-13 08:05:08 | INFO | Temp @ 2m: 26.77 C
2026-03-13 08:05:08 | INFO | Wind @ 10m: 15.16 m/s
2026-03-13 08:05:08 | INFO | Weather State: NORMAL
2026-03-13 08:05:08 | INFO | Dynamic Thresholds: cloud_thr=0.1016, shift_thr=0.1053
2026-03-13 08:05:08 | INFO | Multipliers: irradiance=0.25x, temp=0.90x, wind=0.95x
2026-03-13 08:05:08 | INFO | Weather Multiplier (combined): 0.21x
2026-03-13 08:05:08 | INFO | Abrupt Weather Change Detected: False
2026-03-13 08:05:08 | INFO | --- TREND ANALYSIS ---
2026-03-13 08:05:08 | INFO | Trend series: INSUFFICIENT DATA
2026-03-13 08:05:08 | INFO | Detected Trend Type: FLAT
2026-03-13 08:05:08 | INFO | Trend Slope Percentage: 0.00%
2026-03-13 08:05:08 | INFO | Trend EPS Threshold: 1.50%
2026-03-13 08:05:08 | INFO | --- SCHEDULE CALCULATION ---
2026-03-13 08:05:08 | INFO | Condition Applied: SUNSET_CLAMP
2026-03-13 08:05:08 | INFO | Effective Base Forecast Used for Adjustments: 0.000 MW
2026-03-13 08:05:08 | INFO | Condition-3: NOT APPLIED for this block path
2026-03-13 08:05:08 | INFO |   Final Adjustment %: 0.00%
2026-03-13 08:05:08 | INFO |   Formula (expanded): SUNSET_CLAMP: GTI=0.000 < 0.02*MAX_GTI=18.880 => raw=0
2026-03-13 08:05:08 | INFO | --- FINAL RESULT ---
2026-03-13 08:05:08 | INFO | Raw Schedule (before smoothing): 0.000 MW
2026-03-13 08:05:08 | INFO | Final Scheduled MW: 0.000 MW
2026-03-13 08:05:08 | INFO | Previous Schedule Value: 0.000 MW
2026-03-13 08:05:08 | INFO | --------------------------------------------------------------------------------
2026-03-13 08:05:08 | INFO | --------------------------------------------------------------------------------
2026-03-13 08:05:08 | INFO | BLOCK 95
2026-03-13 08:05:08 | INFO | --------------------------------------------------------------------------------
2026-03-13 08:05:08 | INFO | --- FORECAST DATA ---
2026-03-13 08:05:08 | INFO | Intraday Forecast (Enercast): 0.000 MW
2026-03-13 08:05:08 | INFO | Day-ahead Forecast (Enercast): 0.000 MW
2026-03-13 08:05:08 | INFO | Base Forecast (raw, before curtailment/shutdown): 0.000 MW
2026-03-13 08:05:08 | INFO | Base Forecast (used for schedule): 0.000 MW
2026-03-13 08:05:08 | INFO | Effective Base Forecast (after curtailment/shutdown): 0.000 MW
2026-03-13 08:05:08 | INFO | Plant Status: NORMAL
2026-03-13 08:05:08 | INFO | Effective Base Forecast = Base Forecast (raw) = 0.000 MW
2026-03-13 08:05:08 | INFO | --- WEATHER PARAMETERS ---
2026-03-13 08:05:08 | INFO | GTI: 0.0 W/m^2
2026-03-13 08:05:08 | INFO | DHI: 0.0 W/m^2
2026-03-13 08:05:08 | INFO | DNI: 0.0 W/m^2
2026-03-13 08:05:08 | INFO | Irradiance Ratio (GTI/MAX_GTI): 0.000
2026-03-13 08:05:08 | INFO | Diffuse Ratio (current): 0.000
2026-03-13 08:05:08 | INFO | Irradiance State: OVERCAST
2026-03-13 08:05:08 | INFO | Temp @ 2m: 26.62 C
2026-03-13 08:05:08 | INFO | Wind @ 10m: 15.50 m/s
2026-03-13 08:05:08 | INFO | Weather State: NORMAL
2026-03-13 08:05:08 | INFO | Dynamic Thresholds: cloud_thr=0.1016, shift_thr=0.1053
2026-03-13 08:05:08 | INFO | Multipliers: irradiance=0.25x, temp=0.90x, wind=0.95x
2026-03-13 08:05:08 | INFO | Weather Multiplier (combined): 0.21x
2026-03-13 08:05:08 | INFO | Abrupt Weather Change Detected: False
2026-03-13 08:05:08 | INFO | --- TREND ANALYSIS ---
2026-03-13 08:05:08 | INFO | Trend series: INSUFFICIENT DATA
2026-03-13 08:05:08 | INFO | Detected Trend Type: FLAT
2026-03-13 08:05:08 | INFO | Trend Slope Percentage: 0.00%
2026-03-13 08:05:08 | INFO | Trend EPS Threshold: 1.50%
2026-03-13 08:05:08 | INFO | --- SCHEDULE CALCULATION ---
2026-03-13 08:05:08 | INFO | Condition Applied: SUNSET_CLAMP
2026-03-13 08:05:08 | INFO | Effective Base Forecast Used for Adjustments: 0.000 MW
2026-03-13 08:05:08 | INFO | Condition-3: NOT APPLIED for this block path
2026-03-13 08:05:08 | INFO |   Final Adjustment %: 0.00%
2026-03-13 08:05:08 | INFO |   Formula (expanded): SUNSET_CLAMP: GTI=0.000 < 0.02*MAX_GTI=18.880 => raw=0
2026-03-13 08:05:08 | INFO | --- FINAL RESULT ---
2026-03-13 08:05:08 | INFO | Raw Schedule (before smoothing): 0.000 MW
2026-03-13 08:05:08 | INFO | Final Scheduled MW: 0.000 MW
2026-03-13 08:05:08 | INFO | Previous Schedule Value: 0.000 MW
2026-03-13 08:05:08 | INFO | --------------------------------------------------------------------------------
2026-03-13 08:05:08 | INFO | --------------------------------------------------------------------------------
2026-03-13 08:05:08 | INFO | BLOCK 96
2026-03-13 08:05:08 | INFO | --------------------------------------------------------------------------------
2026-03-13 08:05:08 | INFO | --- FORECAST DATA ---
2026-03-13 08:05:08 | INFO | Intraday Forecast (Enercast): 0.000 MW
2026-03-13 08:05:08 | INFO | Day-ahead Forecast (Enercast): 0.000 MW
2026-03-13 08:05:08 | INFO | Base Forecast (raw, before curtailment/shutdown): 0.000 MW
2026-03-13 08:05:08 | INFO | Base Forecast (used for schedule): 0.000 MW
2026-03-13 08:05:08 | INFO | Effective Base Forecast (after curtailment/shutdown): 0.000 MW
2026-03-13 08:05:08 | INFO | Plant Status: NORMAL
2026-03-13 08:05:08 | INFO | Effective Base Forecast = Base Forecast (raw) = 0.000 MW
2026-03-13 08:05:08 | INFO | --- WEATHER PARAMETERS ---
2026-03-13 08:05:08 | INFO | GTI: 0.0 W/m^2
2026-03-13 08:05:08 | INFO | DHI: 0.0 W/m^2
2026-03-13 08:05:08 | INFO | DNI: 0.0 W/m^2
2026-03-13 08:05:08 | INFO | Irradiance Ratio (GTI/MAX_GTI): 0.000
2026-03-13 08:05:08 | INFO | Diffuse Ratio (current): 0.000
2026-03-13 08:05:08 | INFO | Irradiance State: OVERCAST
2026-03-13 08:05:08 | INFO | Temp @ 2m: 26.47 C
2026-03-13 08:05:08 | INFO | Wind @ 10m: 15.63 m/s
2026-03-13 08:05:08 | INFO | Weather State: NORMAL
2026-03-13 08:05:08 | INFO | Dynamic Thresholds: cloud_thr=0.1016, shift_thr=0.1053
2026-03-13 08:05:08 | INFO | Multipliers: irradiance=0.25x, temp=0.90x, wind=0.95x
2026-03-13 08:05:08 | INFO | Weather Multiplier (combined): 0.21x
2026-03-13 08:05:08 | INFO | Abrupt Weather Change Detected: False
2026-03-13 08:05:08 | INFO | --- TREND ANALYSIS ---
2026-03-13 08:05:08 | INFO | Trend series: INSUFFICIENT DATA
2026-03-13 08:05:08 | INFO | Detected Trend Type: FLAT
2026-03-13 08:05:08 | INFO | Trend Slope Percentage: 0.00%
2026-03-13 08:05:08 | INFO | Trend EPS Threshold: 1.50%
2026-03-13 08:05:08 | INFO | --- SCHEDULE CALCULATION ---
2026-03-13 08:05:08 | INFO | Condition Applied: SUNSET_CLAMP
2026-03-13 08:05:08 | INFO | Effective Base Forecast Used for Adjustments: 0.000 MW
2026-03-13 08:05:08 | INFO | Condition-3: NOT APPLIED for this block path
2026-03-13 08:05:08 | INFO |   Final Adjustment %: 0.00%
2026-03-13 08:05:08 | INFO |   Formula (expanded): SUNSET_CLAMP: GTI=0.000 < 0.02*MAX_GTI=18.880 => raw=0
2026-03-13 08:05:08 | INFO | --- FINAL RESULT ---
2026-03-13 08:05:08 | INFO | Raw Schedule (before smoothing): 0.000 MW
2026-03-13 08:05:08 | INFO | Final Scheduled MW: 0.000 MW
2026-03-13 08:05:08 | INFO | Previous Schedule Value: 0.000 MW
2026-03-13 08:05:08 | INFO | --------------------------------------------------------------------------------
