2026-03-25 08:05:22 | INFO | ================================================================================
2026-03-25 08:05:22 | INFO | SCHEDULE FILE: schedule_from_33.csv
2026-03-25 08:05:22 | INFO | DATE: 2026-03-25
2026-03-25 08:05:22 | INFO | ENGINE BLOCK (Start Block): 33
2026-03-25 08:05:22 | INFO | DYNAMIC START BLOCK: 28
2026-03-25 08:05:22 | INFO | SCHEDULE REASON: dynamic_start
2026-03-25 08:05:22 | INFO | Generated: 2026-03-25 08:05:22
2026-03-25 08:05:22 | INFO | ================================================================================
2026-03-25 08:05:22 | INFO | BLOCK-WISE WEATHER STATE OVERVIEW
2026-03-25 08:05:22 | INFO | Block | Weather State
2026-03-25 08:05:22 | INFO | 33    | ABRUPT
2026-03-25 08:05:22 | INFO | 34    | ABRUPT
2026-03-25 08:05:22 | INFO | 35    | NORMAL
2026-03-25 08:05:22 | INFO | 36    | NORMAL
2026-03-25 08:05:22 | INFO | 37    | NORMAL
2026-03-25 08:05:22 | INFO | 38    | NORMAL
2026-03-25 08:05:22 | INFO | 39    | NORMAL
2026-03-25 08:05:22 | INFO | 40    | NORMAL
2026-03-25 08:05:22 | INFO | 41    | NORMAL
2026-03-25 08:05:22 | INFO | 42    | NORMAL
2026-03-25 08:05:22 | INFO | 43    | NORMAL
2026-03-25 08:05:22 | INFO | 44    | NORMAL
2026-03-25 08:05:22 | INFO | 45    | NORMAL
2026-03-25 08:05:22 | INFO | 46    | NORMAL
2026-03-25 08:05:22 | INFO | 47    | NORMAL
2026-03-25 08:05:22 | INFO | 48    | NORMAL
2026-03-25 08:05:22 | INFO | 49    | NORMAL
2026-03-25 08:05:22 | INFO | 50    | NORMAL
2026-03-25 08:05:22 | INFO | 51    | NORMAL
2026-03-25 08:05:22 | INFO | 52    | NORMAL
2026-03-25 08:05:22 | INFO | 53    | NORMAL
2026-03-25 08:05:22 | INFO | 54    | NORMAL
2026-03-25 08:05:22 | INFO | 55    | NORMAL
2026-03-25 08:05:22 | INFO | 56    | NORMAL
2026-03-25 08:05:22 | INFO | 57    | NORMAL
2026-03-25 08:05:22 | INFO | 58    | NORMAL
2026-03-25 08:05:22 | INFO | 59    | NORMAL
2026-03-25 08:05:22 | INFO | 60    | NORMAL
2026-03-25 08:05:22 | INFO | 61    | NORMAL
2026-03-25 08:05:22 | INFO | 62    | NORMAL
2026-03-25 08:05:22 | INFO | 63    | NORMAL
2026-03-25 08:05:22 | INFO | 64    | NORMAL
2026-03-25 08:05:22 | INFO | 65    | NORMAL
2026-03-25 08:05:22 | INFO | 66    | NORMAL
2026-03-25 08:05:22 | INFO | 67    | NORMAL
2026-03-25 08:05:22 | INFO | 68    | NORMAL
2026-03-25 08:05:22 | INFO | 69    | NORMAL
2026-03-25 08:05:22 | INFO | 70    | NORMAL
2026-03-25 08:05:22 | INFO | 71    | NORMAL
2026-03-25 08:05:22 | INFO | 72    | NORMAL
2026-03-25 08:05:22 | INFO | 73    | NORMAL
2026-03-25 08:05:22 | INFO | 74    | NORMAL
2026-03-25 08:05:22 | INFO | 75    | NORMAL
2026-03-25 08:05:22 | INFO | 76    | NORMAL
2026-03-25 08:05:22 | INFO | 77    | NORMAL
2026-03-25 08:05:22 | INFO | 78    | NORMAL
2026-03-25 08:05:22 | INFO | 79    | NORMAL
2026-03-25 08:05:22 | INFO | 80    | NORMAL
2026-03-25 08:05:22 | INFO | 81    | NORMAL
2026-03-25 08:05:22 | INFO | 82    | NORMAL
2026-03-25 08:05:22 | INFO | 83    | NORMAL
2026-03-25 08:05:22 | INFO | 84    | NORMAL
2026-03-25 08:05:22 | INFO | 85    | NORMAL
2026-03-25 08:05:22 | INFO | 86    | NORMAL
2026-03-25 08:05:22 | INFO | 87    | NORMAL
2026-03-25 08:05:22 | INFO | 88    | NORMAL
2026-03-25 08:05:22 | INFO | 89    | NORMAL
2026-03-25 08:05:22 | INFO | 90    | NORMAL
2026-03-25 08:05:22 | INFO | 91    | NORMAL
2026-03-25 08:05:22 | INFO | 92    | NORMAL
2026-03-25 08:05:22 | INFO | 93    | NORMAL
2026-03-25 08:05:22 | INFO | 94    | NORMAL
2026-03-25 08:05:22 | INFO | 95    | NORMAL
2026-03-25 08:05:22 | INFO | 96    | NORMAL
2026-03-25 08:05:22 | INFO | --------------------------------------------------------------------------------
2026-03-25 08:05:22 | INFO | ITERATION FORECAST CONTEXT | reason=dynamic_start | intraday_scaled_T=4.5000 | intraday_raw_T=4.5000
2026-03-25 08:05:22 | INFO | --------------------------------------------------------------------------------
2026-03-25 08:05:22 | INFO | BLOCK 01
2026-03-25 08:05:22 | INFO | --------------------------------------------------------------------------------
2026-03-25 08:05:22 | INFO | --- FORECAST DATA ---
2026-03-25 08:05:22 | INFO | Intraday Forecast (Enercast Raw): 0.000 MW
2026-03-25 08:05:22 | INFO | Intraday Forecast (Enercast, Scaled): 0.000 MW
2026-03-25 08:05:22 | INFO | Day-ahead Forecast (Enercast): 0.000 MW
2026-03-25 08:05:22 | INFO | Base Forecast (raw, before curtailment/shutdown): 0.000 MW
2026-03-25 08:05:22 | INFO | Base Forecast (used for schedule): 0.000 MW
2026-03-25 08:05:22 | INFO | Effective Base Forecast (after curtailment/shutdown): 0.000 MW
2026-03-25 08:05:22 | INFO | Plant Status: NORMAL
2026-03-25 08:05:22 | INFO | Effective Base Forecast = Base Forecast (raw) = 0.000 MW
2026-03-25 08:05:22 | INFO | --- WEATHER PARAMETERS ---
2026-03-25 08:05:22 | INFO | GTI: 0.0 W/m^2
2026-03-25 08:05:22 | INFO | DHI: 0.0 W/m^2
2026-03-25 08:05:22 | INFO | DNI: 0.0 W/m^2
2026-03-25 08:05:22 | INFO | Irradiance Ratio (GTI/MAX_GTI): 0.000
2026-03-25 08:05:22 | INFO | Diffuse Ratio (current): 0.000
2026-03-25 08:05:22 | INFO | Irradiance State: OVERCAST
2026-03-25 08:05:22 | INFO | Temp @ 2m: 26.77 C
2026-03-25 08:05:22 | INFO | Wind @ 10m: 5.48 m/s
2026-03-25 08:05:22 | INFO | Weather State: NORMAL
2026-03-25 08:05:22 | INFO | Dynamic Thresholds: cloud_thr=0.1001, shift_thr=0.1041
2026-03-25 08:05:22 | INFO | Multipliers: irradiance=0.27x, temp=0.92x, wind=0.93x
2026-03-25 08:05:22 | INFO | Weather Multiplier (combined): 0.23x
2026-03-25 08:05:22 | INFO | Abrupt Weather Change Detected: False
2026-03-25 08:05:22 | INFO | --- TREND ANALYSIS ---
2026-03-25 08:05:22 | INFO | Trend series: INSUFFICIENT DATA
2026-03-25 08:05:22 | INFO | Detected Trend Type: FLAT
2026-03-25 08:05:22 | INFO | Trend Slope Percentage: 0.00%
2026-03-25 08:05:22 | INFO | Trend EPS Threshold: 1.50%
2026-03-25 08:05:22 | INFO | --- SCHEDULE CALCULATION ---
2026-03-25 08:05:22 | INFO | Condition Applied: PRE_START
2026-03-25 08:05:22 | INFO | Effective Base Forecast Used for Adjustments: 0.000 MW
2026-03-25 08:05:22 | INFO | Condition-3: NOT APPLIED for this block path
2026-03-25 08:05:22 | INFO |   Final Adjustment %: 0.00%
2026-03-25 08:05:22 | INFO |   Formula (expanded): PRE_START: raw=0
2026-03-25 08:05:22 | INFO | --- FINAL RESULT ---
2026-03-25 08:05:22 | INFO | Raw Schedule (before smoothing): 0.000 MW
2026-03-25 08:05:22 | INFO | Final Scheduled MW: 0.000 MW
2026-03-25 08:05:22 | INFO | --------------------------------------------------------------------------------
2026-03-25 08:05:22 | INFO | --------------------------------------------------------------------------------
2026-03-25 08:05:22 | INFO | BLOCK 02
2026-03-25 08:05:22 | INFO | --------------------------------------------------------------------------------
2026-03-25 08:05:22 | INFO | --- FORECAST DATA ---
2026-03-25 08:05:22 | INFO | Intraday Forecast (Enercast Raw): 0.000 MW
2026-03-25 08:05:22 | INFO | Intraday Forecast (Enercast, Scaled): 0.000 MW
2026-03-25 08:05:22 | INFO | Day-ahead Forecast (Enercast): 0.000 MW
2026-03-25 08:05:22 | INFO | Base Forecast (raw, before curtailment/shutdown): 0.000 MW
2026-03-25 08:05:22 | INFO | Base Forecast (used for schedule): 0.000 MW
2026-03-25 08:05:22 | INFO | Effective Base Forecast (after curtailment/shutdown): 0.000 MW
2026-03-25 08:05:22 | INFO | Plant Status: NORMAL
2026-03-25 08:05:22 | INFO | Effective Base Forecast = Base Forecast (raw) = 0.000 MW
2026-03-25 08:05:22 | INFO | --- WEATHER PARAMETERS ---
2026-03-25 08:05:22 | INFO | GTI: 0.0 W/m^2
2026-03-25 08:05:22 | INFO | DHI: 0.0 W/m^2
2026-03-25 08:05:22 | INFO | DNI: 0.0 W/m^2
2026-03-25 08:05:22 | INFO | Irradiance Ratio (GTI/MAX_GTI): 0.000
2026-03-25 08:05:22 | INFO | Diffuse Ratio (current): 0.000
2026-03-25 08:05:22 | INFO | Irradiance State: OVERCAST
2026-03-25 08:05:22 | INFO | Temp @ 2m: 26.57 C
2026-03-25 08:05:22 | INFO | Wind @ 10m: 3.76 m/s
2026-03-25 08:05:22 | INFO | Weather State: NORMAL
2026-03-25 08:05:22 | INFO | Dynamic Thresholds: cloud_thr=0.1001, shift_thr=0.1041
2026-03-25 08:05:22 | INFO | Multipliers: irradiance=0.27x, temp=0.92x, wind=0.88x
2026-03-25 08:05:22 | INFO | Weather Multiplier (combined): 0.22x
2026-03-25 08:05:22 | INFO | Abrupt Weather Change Detected: False
2026-03-25 08:05:22 | INFO | --- TREND ANALYSIS ---
2026-03-25 08:05:22 | INFO | Trend series: INSUFFICIENT DATA
2026-03-25 08:05:22 | INFO | Detected Trend Type: FLAT
2026-03-25 08:05:22 | INFO | Trend Slope Percentage: 0.00%
2026-03-25 08:05:22 | INFO | Trend EPS Threshold: 1.50%
2026-03-25 08:05:22 | INFO | --- SCHEDULE CALCULATION ---
2026-03-25 08:05:22 | INFO | Condition Applied: PRE_START
2026-03-25 08:05:22 | INFO | Effective Base Forecast Used for Adjustments: 0.000 MW
2026-03-25 08:05:22 | INFO | Condition-3: NOT APPLIED for this block path
2026-03-25 08:05:22 | INFO |   Final Adjustment %: 0.00%
2026-03-25 08:05:22 | INFO |   Formula (expanded): PRE_START: raw=0
2026-03-25 08:05:22 | INFO | --- FINAL RESULT ---
2026-03-25 08:05:22 | INFO | Raw Schedule (before smoothing): 0.000 MW
2026-03-25 08:05:22 | INFO | Final Scheduled MW: 0.000 MW
2026-03-25 08:05:22 | INFO | --------------------------------------------------------------------------------
2026-03-25 08:05:22 | INFO | --------------------------------------------------------------------------------
2026-03-25 08:05:22 | INFO | BLOCK 03
2026-03-25 08:05:22 | INFO | --------------------------------------------------------------------------------
2026-03-25 08:05:22 | INFO | --- FORECAST DATA ---
2026-03-25 08:05:22 | INFO | Intraday Forecast (Enercast Raw): 0.000 MW
2026-03-25 08:05:22 | INFO | Intraday Forecast (Enercast, Scaled): 0.000 MW
2026-03-25 08:05:22 | INFO | Day-ahead Forecast (Enercast): 0.000 MW
2026-03-25 08:05:22 | INFO | Base Forecast (raw, before curtailment/shutdown): 0.000 MW
2026-03-25 08:05:22 | INFO | Base Forecast (used for schedule): 0.000 MW
2026-03-25 08:05:22 | INFO | Effective Base Forecast (after curtailment/shutdown): 0.000 MW
2026-03-25 08:05:22 | INFO | Plant Status: NORMAL
2026-03-25 08:05:22 | INFO | Effective Base Forecast = Base Forecast (raw) = 0.000 MW
2026-03-25 08:05:22 | INFO | --- WEATHER PARAMETERS ---
2026-03-25 08:05:22 | INFO | GTI: 0.0 W/m^2
2026-03-25 08:05:22 | INFO | DHI: 0.0 W/m^2
2026-03-25 08:05:22 | INFO | DNI: 0.0 W/m^2
2026-03-25 08:05:22 | INFO | Irradiance Ratio (GTI/MAX_GTI): 0.000
2026-03-25 08:05:22 | INFO | Diffuse Ratio (current): 0.000
2026-03-25 08:05:22 | INFO | Irradiance State: OVERCAST
2026-03-25 08:05:22 | INFO | Temp @ 2m: 26.42 C
2026-03-25 08:05:22 | INFO | Wind @ 10m: 2.55 m/s
2026-03-25 08:05:22 | INFO | Weather State: NORMAL
2026-03-25 08:05:22 | INFO | Dynamic Thresholds: cloud_thr=0.1001, shift_thr=0.1041
2026-03-25 08:05:22 | INFO | Multipliers: irradiance=0.27x, temp=0.92x, wind=0.88x
2026-03-25 08:05:22 | INFO | Weather Multiplier (combined): 0.22x
2026-03-25 08:05:22 | INFO | Abrupt Weather Change Detected: False
2026-03-25 08:05:22 | INFO | --- TREND ANALYSIS ---
2026-03-25 08:05:22 | INFO | Trend series: INSUFFICIENT DATA
2026-03-25 08:05:22 | INFO | Detected Trend Type: FLAT
2026-03-25 08:05:22 | INFO | Trend Slope Percentage: 0.00%
2026-03-25 08:05:22 | INFO | Trend EPS Threshold: 1.50%
2026-03-25 08:05:22 | INFO | --- SCHEDULE CALCULATION ---
2026-03-25 08:05:22 | INFO | Condition Applied: PRE_START
2026-03-25 08:05:22 | INFO | Effective Base Forecast Used for Adjustments: 0.000 MW
2026-03-25 08:05:22 | INFO | Condition-3: NOT APPLIED for this block path
2026-03-25 08:05:22 | INFO |   Final Adjustment %: 0.00%
2026-03-25 08:05:22 | INFO |   Formula (expanded): PRE_START: raw=0
2026-03-25 08:05:22 | INFO | --- FINAL RESULT ---
2026-03-25 08:05:22 | INFO | Raw Schedule (before smoothing): 0.000 MW
2026-03-25 08:05:22 | INFO | Final Scheduled MW: 0.000 MW
2026-03-25 08:05:22 | INFO | --------------------------------------------------------------------------------
2026-03-25 08:05:22 | INFO | --------------------------------------------------------------------------------
2026-03-25 08:05:22 | INFO | BLOCK 04
2026-03-25 08:05:22 | INFO | --------------------------------------------------------------------------------
2026-03-25 08:05:22 | INFO | --- FORECAST DATA ---
2026-03-25 08:05:22 | INFO | Intraday Forecast (Enercast Raw): 0.000 MW
2026-03-25 08:05:22 | INFO | Intraday Forecast (Enercast, Scaled): 0.000 MW
2026-03-25 08:05:22 | INFO | Day-ahead Forecast (Enercast): 0.000 MW
2026-03-25 08:05:22 | INFO | Base Forecast (raw, before curtailment/shutdown): 0.000 MW
2026-03-25 08:05:22 | INFO | Base Forecast (used for schedule): 0.000 MW
2026-03-25 08:05:22 | INFO | Effective Base Forecast (after curtailment/shutdown): 0.000 MW
2026-03-25 08:05:22 | INFO | Plant Status: NORMAL
2026-03-25 08:05:22 | INFO | Effective Base Forecast = Base Forecast (raw) = 0.000 MW
2026-03-25 08:05:22 | INFO | --- WEATHER PARAMETERS ---
2026-03-25 08:05:22 | INFO | GTI: 0.0 W/m^2
2026-03-25 08:05:22 | INFO | DHI: 0.0 W/m^2
2026-03-25 08:05:22 | INFO | DNI: 0.0 W/m^2
2026-03-25 08:05:22 | INFO | Irradiance Ratio (GTI/MAX_GTI): 0.000
2026-03-25 08:05:22 | INFO | Diffuse Ratio (current): 0.000
2026-03-25 08:05:22 | INFO | Irradiance State: OVERCAST
2026-03-25 08:05:22 | INFO | Temp @ 2m: 26.32 C
2026-03-25 08:05:22 | INFO | Wind @ 10m: 1.30 m/s
2026-03-25 08:05:22 | INFO | Weather State: NORMAL
2026-03-25 08:05:22 | INFO | Dynamic Thresholds: cloud_thr=0.1001, shift_thr=0.1041
2026-03-25 08:05:22 | INFO | Multipliers: irradiance=0.27x, temp=0.92x, wind=0.80x
2026-03-25 08:05:22 | INFO | Weather Multiplier (combined): 0.20x
2026-03-25 08:05:22 | INFO | Abrupt Weather Change Detected: False
2026-03-25 08:05:22 | INFO | --- TREND ANALYSIS ---
2026-03-25 08:05:22 | INFO | Trend series: INSUFFICIENT DATA
2026-03-25 08:05:22 | INFO | Detected Trend Type: FLAT
2026-03-25 08:05:22 | INFO | Trend Slope Percentage: 0.00%
2026-03-25 08:05:22 | INFO | Trend EPS Threshold: 1.50%
2026-03-25 08:05:22 | INFO | --- SCHEDULE CALCULATION ---
2026-03-25 08:05:22 | INFO | Condition Applied: PRE_START
2026-03-25 08:05:22 | INFO | Effective Base Forecast Used for Adjustments: 0.000 MW
2026-03-25 08:05:22 | INFO | Condition-3: NOT APPLIED for this block path
2026-03-25 08:05:22 | INFO |   Final Adjustment %: 0.00%
2026-03-25 08:05:22 | INFO |   Formula (expanded): PRE_START: raw=0
2026-03-25 08:05:22 | INFO | --- FINAL RESULT ---
2026-03-25 08:05:22 | INFO | Raw Schedule (before smoothing): 0.000 MW
2026-03-25 08:05:22 | INFO | Final Scheduled MW: 0.000 MW
2026-03-25 08:05:22 | INFO | --------------------------------------------------------------------------------
2026-03-25 08:05:22 | INFO | --------------------------------------------------------------------------------
2026-03-25 08:05:22 | INFO | BLOCK 05
2026-03-25 08:05:22 | INFO | --------------------------------------------------------------------------------
2026-03-25 08:05:22 | INFO | --- FORECAST DATA ---
2026-03-25 08:05:22 | INFO | Intraday Forecast (Enercast Raw): 0.000 MW
2026-03-25 08:05:22 | INFO | Intraday Forecast (Enercast, Scaled): 0.000 MW
2026-03-25 08:05:22 | INFO | Day-ahead Forecast (Enercast): 0.000 MW
2026-03-25 08:05:22 | INFO | Base Forecast (raw, before curtailment/shutdown): 0.000 MW
2026-03-25 08:05:22 | INFO | Base Forecast (used for schedule): 0.000 MW
2026-03-25 08:05:22 | INFO | Effective Base Forecast (after curtailment/shutdown): 0.000 MW
2026-03-25 08:05:22 | INFO | Plant Status: NORMAL
2026-03-25 08:05:22 | INFO | Effective Base Forecast = Base Forecast (raw) = 0.000 MW
2026-03-25 08:05:22 | INFO | --- WEATHER PARAMETERS ---
2026-03-25 08:05:22 | INFO | GTI: 0.0 W/m^2
2026-03-25 08:05:22 | INFO | DHI: 0.0 W/m^2
2026-03-25 08:05:22 | INFO | DNI: 0.0 W/m^2
2026-03-25 08:05:22 | INFO | Irradiance Ratio (GTI/MAX_GTI): 0.000
2026-03-25 08:05:22 | INFO | Diffuse Ratio (current): 0.000
2026-03-25 08:05:22 | INFO | Irradiance State: OVERCAST
2026-03-25 08:05:22 | INFO | Temp @ 2m: 26.22 C
2026-03-25 08:05:22 | INFO | Wind @ 10m: 1.94 m/s
2026-03-25 08:05:22 | INFO | Weather State: NORMAL
2026-03-25 08:05:22 | INFO | Dynamic Thresholds: cloud_thr=0.1001, shift_thr=0.1041
2026-03-25 08:05:22 | INFO | Multipliers: irradiance=0.27x, temp=0.92x, wind=0.80x
2026-03-25 08:05:22 | INFO | Weather Multiplier (combined): 0.20x
2026-03-25 08:05:22 | INFO | Abrupt Weather Change Detected: False
2026-03-25 08:05:22 | INFO | --- TREND ANALYSIS ---
2026-03-25 08:05:22 | INFO | Trend series: INSUFFICIENT DATA
2026-03-25 08:05:22 | INFO | Detected Trend Type: FLAT
2026-03-25 08:05:22 | INFO | Trend Slope Percentage: 0.00%
2026-03-25 08:05:22 | INFO | Trend EPS Threshold: 1.50%
2026-03-25 08:05:22 | INFO | --- SCHEDULE CALCULATION ---
2026-03-25 08:05:22 | INFO | Condition Applied: PRE_START
2026-03-25 08:05:22 | INFO | Effective Base Forecast Used for Adjustments: 0.000 MW
2026-03-25 08:05:22 | INFO | Condition-3: NOT APPLIED for this block path
2026-03-25 08:05:22 | INFO |   Final Adjustment %: 0.00%
2026-03-25 08:05:22 | INFO |   Formula (expanded): PRE_START: raw=0
2026-03-25 08:05:22 | INFO | --- FINAL RESULT ---
2026-03-25 08:05:22 | INFO | Raw Schedule (before smoothing): 0.000 MW
2026-03-25 08:05:22 | INFO | Final Scheduled MW: 0.000 MW
2026-03-25 08:05:22 | INFO | --------------------------------------------------------------------------------
2026-03-25 08:05:22 | INFO | --------------------------------------------------------------------------------
2026-03-25 08:05:22 | INFO | BLOCK 06
2026-03-25 08:05:22 | INFO | --------------------------------------------------------------------------------
2026-03-25 08:05:22 | INFO | --- FORECAST DATA ---
2026-03-25 08:05:22 | INFO | Intraday Forecast (Enercast Raw): 0.000 MW
2026-03-25 08:05:22 | INFO | Intraday Forecast (Enercast, Scaled): 0.000 MW
2026-03-25 08:05:22 | INFO | Day-ahead Forecast (Enercast): 0.000 MW
2026-03-25 08:05:22 | INFO | Base Forecast (raw, before curtailment/shutdown): 0.000 MW
2026-03-25 08:05:22 | INFO | Base Forecast (used for schedule): 0.000 MW
2026-03-25 08:05:22 | INFO | Effective Base Forecast (after curtailment/shutdown): 0.000 MW
2026-03-25 08:05:22 | INFO | Plant Status: NORMAL
2026-03-25 08:05:22 | INFO | Effective Base Forecast = Base Forecast (raw) = 0.000 MW
2026-03-25 08:05:22 | INFO | --- WEATHER PARAMETERS ---
2026-03-25 08:05:22 | INFO | GTI: 0.0 W/m^2
2026-03-25 08:05:22 | INFO | DHI: 0.0 W/m^2
2026-03-25 08:05:22 | INFO | DNI: 0.0 W/m^2
2026-03-25 08:05:22 | INFO | Irradiance Ratio (GTI/MAX_GTI): 0.000
2026-03-25 08:05:22 | INFO | Diffuse Ratio (current): 0.000
2026-03-25 08:05:22 | INFO | Irradiance State: OVERCAST
2026-03-25 08:05:22 | INFO | Temp @ 2m: 26.17 C
2026-03-25 08:05:22 | INFO | Wind @ 10m: 3.89 m/s
2026-03-25 08:05:22 | INFO | Weather State: NORMAL
2026-03-25 08:05:22 | INFO | Dynamic Thresholds: cloud_thr=0.1001, shift_thr=0.1041
2026-03-25 08:05:22 | INFO | Multipliers: irradiance=0.27x, temp=0.92x, wind=0.88x
2026-03-25 08:05:22 | INFO | Weather Multiplier (combined): 0.22x
2026-03-25 08:05:22 | INFO | Abrupt Weather Change Detected: False
2026-03-25 08:05:22 | INFO | --- TREND ANALYSIS ---
2026-03-25 08:05:22 | INFO | Trend series: INSUFFICIENT DATA
2026-03-25 08:05:22 | INFO | Detected Trend Type: FLAT
2026-03-25 08:05:22 | INFO | Trend Slope Percentage: 0.00%
2026-03-25 08:05:22 | INFO | Trend EPS Threshold: 1.50%
2026-03-25 08:05:22 | INFO | --- SCHEDULE CALCULATION ---
2026-03-25 08:05:22 | INFO | Condition Applied: PRE_START
2026-03-25 08:05:22 | INFO | Effective Base Forecast Used for Adjustments: 0.000 MW
2026-03-25 08:05:22 | INFO | Condition-3: NOT APPLIED for this block path
2026-03-25 08:05:22 | INFO |   Final Adjustment %: 0.00%
2026-03-25 08:05:22 | INFO |   Formula (expanded): PRE_START: raw=0
2026-03-25 08:05:22 | INFO | --- FINAL RESULT ---
2026-03-25 08:05:22 | INFO | Raw Schedule (before smoothing): 0.000 MW
2026-03-25 08:05:22 | INFO | Final Scheduled MW: 0.000 MW
2026-03-25 08:05:22 | INFO | --------------------------------------------------------------------------------
2026-03-25 08:05:22 | INFO | --------------------------------------------------------------------------------
2026-03-25 08:05:22 | INFO | BLOCK 07
2026-03-25 08:05:22 | INFO | --------------------------------------------------------------------------------
2026-03-25 08:05:22 | INFO | --- FORECAST DATA ---
2026-03-25 08:05:22 | INFO | Intraday Forecast (Enercast Raw): 0.000 MW
2026-03-25 08:05:22 | INFO | Intraday Forecast (Enercast, Scaled): 0.000 MW
2026-03-25 08:05:22 | INFO | Day-ahead Forecast (Enercast): 0.000 MW
2026-03-25 08:05:22 | INFO | Base Forecast (raw, before curtailment/shutdown): 0.000 MW
2026-03-25 08:05:22 | INFO | Base Forecast (used for schedule): 0.000 MW
2026-03-25 08:05:22 | INFO | Effective Base Forecast (after curtailment/shutdown): 0.000 MW
2026-03-25 08:05:22 | INFO | Plant Status: NORMAL
2026-03-25 08:05:22 | INFO | Effective Base Forecast = Base Forecast (raw) = 0.000 MW
2026-03-25 08:05:22 | INFO | --- WEATHER PARAMETERS ---
2026-03-25 08:05:22 | INFO | GTI: 0.0 W/m^2
2026-03-25 08:05:22 | INFO | DHI: 0.0 W/m^2
2026-03-25 08:05:22 | INFO | DNI: 0.0 W/m^2
2026-03-25 08:05:22 | INFO | Irradiance Ratio (GTI/MAX_GTI): 0.000
2026-03-25 08:05:22 | INFO | Diffuse Ratio (current): 0.000
2026-03-25 08:05:22 | INFO | Irradiance State: OVERCAST
2026-03-25 08:05:22 | INFO | Temp @ 2m: 26.02 C
2026-03-25 08:05:22 | INFO | Wind @ 10m: 5.12 m/s
2026-03-25 08:05:22 | INFO | Weather State: NORMAL
2026-03-25 08:05:22 | INFO | Dynamic Thresholds: cloud_thr=0.1001, shift_thr=0.1041
2026-03-25 08:05:22 | INFO | Multipliers: irradiance=0.27x, temp=0.92x, wind=0.93x
2026-03-25 08:05:22 | INFO | Weather Multiplier (combined): 0.23x
2026-03-25 08:05:22 | INFO | Abrupt Weather Change Detected: False
2026-03-25 08:05:22 | INFO | --- TREND ANALYSIS ---
2026-03-25 08:05:22 | INFO | Trend series: INSUFFICIENT DATA
2026-03-25 08:05:22 | INFO | Detected Trend Type: FLAT
2026-03-25 08:05:22 | INFO | Trend Slope Percentage: 0.00%
2026-03-25 08:05:22 | INFO | Trend EPS Threshold: 1.50%
2026-03-25 08:05:22 | INFO | --- SCHEDULE CALCULATION ---
2026-03-25 08:05:22 | INFO | Condition Applied: PRE_START
2026-03-25 08:05:22 | INFO | Effective Base Forecast Used for Adjustments: 0.000 MW
2026-03-25 08:05:22 | INFO | Condition-3: NOT APPLIED for this block path
2026-03-25 08:05:22 | INFO |   Final Adjustment %: 0.00%
2026-03-25 08:05:22 | INFO |   Formula (expanded): PRE_START: raw=0
2026-03-25 08:05:22 | INFO | --- FINAL RESULT ---
2026-03-25 08:05:22 | INFO | Raw Schedule (before smoothing): 0.000 MW
2026-03-25 08:05:22 | INFO | Final Scheduled MW: 0.000 MW
2026-03-25 08:05:22 | INFO | --------------------------------------------------------------------------------
2026-03-25 08:05:22 | INFO | --------------------------------------------------------------------------------
2026-03-25 08:05:22 | INFO | BLOCK 08
2026-03-25 08:05:22 | INFO | --------------------------------------------------------------------------------
2026-03-25 08:05:22 | INFO | --- FORECAST DATA ---
2026-03-25 08:05:22 | INFO | Intraday Forecast (Enercast Raw): 0.000 MW
2026-03-25 08:05:22 | INFO | Intraday Forecast (Enercast, Scaled): 0.000 MW
2026-03-25 08:05:22 | INFO | Day-ahead Forecast (Enercast): 0.000 MW
2026-03-25 08:05:22 | INFO | Base Forecast (raw, before curtailment/shutdown): 0.000 MW
2026-03-25 08:05:22 | INFO | Base Forecast (used for schedule): 0.000 MW
2026-03-25 08:05:22 | INFO | Effective Base Forecast (after curtailment/shutdown): 0.000 MW
2026-03-25 08:05:22 | INFO | Plant Status: NORMAL
2026-03-25 08:05:22 | INFO | Effective Base Forecast = Base Forecast (raw) = 0.000 MW
2026-03-25 08:05:22 | INFO | --- WEATHER PARAMETERS ---
2026-03-25 08:05:22 | INFO | GTI: 0.0 W/m^2
2026-03-25 08:05:22 | INFO | DHI: 0.0 W/m^2
2026-03-25 08:05:22 | INFO | DNI: 0.0 W/m^2
2026-03-25 08:05:22 | INFO | Irradiance Ratio (GTI/MAX_GTI): 0.000
2026-03-25 08:05:22 | INFO | Diffuse Ratio (current): 0.000
2026-03-25 08:05:22 | INFO | Irradiance State: OVERCAST
2026-03-25 08:05:22 | INFO | Temp @ 2m: 25.82 C
2026-03-25 08:05:22 | INFO | Wind @ 10m: 5.62 m/s
2026-03-25 08:05:22 | INFO | Weather State: NORMAL
2026-03-25 08:05:22 | INFO | Dynamic Thresholds: cloud_thr=0.1001, shift_thr=0.1041
2026-03-25 08:05:22 | INFO | Multipliers: irradiance=0.27x, temp=0.92x, wind=0.93x
2026-03-25 08:05:22 | INFO | Weather Multiplier (combined): 0.23x
2026-03-25 08:05:22 | INFO | Abrupt Weather Change Detected: False
2026-03-25 08:05:22 | INFO | --- TREND ANALYSIS ---
2026-03-25 08:05:22 | INFO | Trend series: INSUFFICIENT DATA
2026-03-25 08:05:22 | INFO | Detected Trend Type: FLAT
2026-03-25 08:05:22 | INFO | Trend Slope Percentage: 0.00%
2026-03-25 08:05:22 | INFO | Trend EPS Threshold: 1.50%
2026-03-25 08:05:22 | INFO | --- SCHEDULE CALCULATION ---
2026-03-25 08:05:22 | INFO | Condition Applied: PRE_START
2026-03-25 08:05:22 | INFO | Effective Base Forecast Used for Adjustments: 0.000 MW
2026-03-25 08:05:22 | INFO | Condition-3: NOT APPLIED for this block path
2026-03-25 08:05:22 | INFO |   Final Adjustment %: 0.00%
2026-03-25 08:05:22 | INFO |   Formula (expanded): PRE_START: raw=0
2026-03-25 08:05:22 | INFO | --- FINAL RESULT ---
2026-03-25 08:05:22 | INFO | Raw Schedule (before smoothing): 0.000 MW
2026-03-25 08:05:22 | INFO | Final Scheduled MW: 0.000 MW
2026-03-25 08:05:22 | INFO | --------------------------------------------------------------------------------
2026-03-25 08:05:22 | INFO | --------------------------------------------------------------------------------
2026-03-25 08:05:22 | INFO | BLOCK 09
2026-03-25 08:05:22 | INFO | --------------------------------------------------------------------------------
2026-03-25 08:05:22 | INFO | --- FORECAST DATA ---
2026-03-25 08:05:22 | INFO | Intraday Forecast (Enercast Raw): 0.000 MW
2026-03-25 08:05:22 | INFO | Intraday Forecast (Enercast, Scaled): 0.000 MW
2026-03-25 08:05:22 | INFO | Day-ahead Forecast (Enercast): 0.000 MW
2026-03-25 08:05:22 | INFO | Base Forecast (raw, before curtailment/shutdown): 0.000 MW
2026-03-25 08:05:22 | INFO | Base Forecast (used for schedule): 0.000 MW
2026-03-25 08:05:22 | INFO | Effective Base Forecast (after curtailment/shutdown): 0.000 MW
2026-03-25 08:05:22 | INFO | Plant Status: NORMAL
2026-03-25 08:05:22 | INFO | Effective Base Forecast = Base Forecast (raw) = 0.000 MW
2026-03-25 08:05:22 | INFO | --- WEATHER PARAMETERS ---
2026-03-25 08:05:22 | INFO | GTI: 0.0 W/m^2
2026-03-25 08:05:22 | INFO | DHI: 0.0 W/m^2
2026-03-25 08:05:22 | INFO | DNI: 0.0 W/m^2
2026-03-25 08:05:22 | INFO | Irradiance Ratio (GTI/MAX_GTI): 0.000
2026-03-25 08:05:22 | INFO | Diffuse Ratio (current): 0.000
2026-03-25 08:05:22 | INFO | Irradiance State: OVERCAST
2026-03-25 08:05:22 | INFO | Temp @ 2m: 25.52 C
2026-03-25 08:05:22 | INFO | Wind @ 10m: 5.40 m/s
2026-03-25 08:05:22 | INFO | Weather State: NORMAL
2026-03-25 08:05:22 | INFO | Dynamic Thresholds: cloud_thr=0.1001, shift_thr=0.1041
2026-03-25 08:05:22 | INFO | Multipliers: irradiance=0.27x, temp=0.92x, wind=0.93x
2026-03-25 08:05:22 | INFO | Weather Multiplier (combined): 0.23x
2026-03-25 08:05:22 | INFO | Abrupt Weather Change Detected: False
2026-03-25 08:05:22 | INFO | --- TREND ANALYSIS ---
2026-03-25 08:05:22 | INFO | Trend series: INSUFFICIENT DATA
2026-03-25 08:05:22 | INFO | Detected Trend Type: FLAT
2026-03-25 08:05:22 | INFO | Trend Slope Percentage: 0.00%
2026-03-25 08:05:22 | INFO | Trend EPS Threshold: 1.50%
2026-03-25 08:05:22 | INFO | --- SCHEDULE CALCULATION ---
2026-03-25 08:05:22 | INFO | Condition Applied: PRE_START
2026-03-25 08:05:22 | INFO | Effective Base Forecast Used for Adjustments: 0.000 MW
2026-03-25 08:05:22 | INFO | Condition-3: NOT APPLIED for this block path
2026-03-25 08:05:22 | INFO |   Final Adjustment %: 0.00%
2026-03-25 08:05:22 | INFO |   Formula (expanded): PRE_START: raw=0
2026-03-25 08:05:22 | INFO | --- FINAL RESULT ---
2026-03-25 08:05:22 | INFO | Raw Schedule (before smoothing): 0.000 MW
2026-03-25 08:05:22 | INFO | Final Scheduled MW: 0.000 MW
2026-03-25 08:05:22 | INFO | --------------------------------------------------------------------------------
2026-03-25 08:05:22 | INFO | --------------------------------------------------------------------------------
2026-03-25 08:05:22 | INFO | BLOCK 10
2026-03-25 08:05:22 | INFO | --------------------------------------------------------------------------------
2026-03-25 08:05:22 | INFO | --- FORECAST DATA ---
2026-03-25 08:05:22 | INFO | Intraday Forecast (Enercast Raw): 0.000 MW
2026-03-25 08:05:22 | INFO | Intraday Forecast (Enercast, Scaled): 0.000 MW
2026-03-25 08:05:22 | INFO | Day-ahead Forecast (Enercast): 0.000 MW
2026-03-25 08:05:22 | INFO | Base Forecast (raw, before curtailment/shutdown): 0.000 MW
2026-03-25 08:05:22 | INFO | Base Forecast (used for schedule): 0.000 MW
2026-03-25 08:05:22 | INFO | Effective Base Forecast (after curtailment/shutdown): 0.000 MW
2026-03-25 08:05:22 | INFO | Plant Status: NORMAL
2026-03-25 08:05:22 | INFO | Effective Base Forecast = Base Forecast (raw) = 0.000 MW
2026-03-25 08:05:22 | INFO | --- WEATHER PARAMETERS ---
2026-03-25 08:05:22 | INFO | GTI: 0.0 W/m^2
2026-03-25 08:05:22 | INFO | DHI: 0.0 W/m^2
2026-03-25 08:05:22 | INFO | DNI: 0.0 W/m^2
2026-03-25 08:05:23 | INFO | Irradiance Ratio (GTI/MAX_GTI): 0.000
2026-03-25 08:05:23 | INFO | Diffuse Ratio (current): 0.000
2026-03-25 08:05:23 | INFO | Irradiance State: OVERCAST
2026-03-25 08:05:23 | INFO | Temp @ 2m: 25.27 C
2026-03-25 08:05:23 | INFO | Wind @ 10m: 4.90 m/s
2026-03-25 08:05:23 | INFO | Weather State: NORMAL
2026-03-25 08:05:23 | INFO | Dynamic Thresholds: cloud_thr=0.1001, shift_thr=0.1041
2026-03-25 08:05:23 | INFO | Multipliers: irradiance=0.27x, temp=0.92x, wind=0.93x
2026-03-25 08:05:23 | INFO | Weather Multiplier (combined): 0.23x
2026-03-25 08:05:23 | INFO | Abrupt Weather Change Detected: False
2026-03-25 08:05:23 | INFO | --- TREND ANALYSIS ---
2026-03-25 08:05:23 | INFO | Trend series: INSUFFICIENT DATA
2026-03-25 08:05:23 | INFO | Detected Trend Type: FLAT
2026-03-25 08:05:23 | INFO | Trend Slope Percentage: 0.00%
2026-03-25 08:05:23 | INFO | Trend EPS Threshold: 1.50%
2026-03-25 08:05:23 | INFO | --- SCHEDULE CALCULATION ---
2026-03-25 08:05:23 | INFO | Condition Applied: PRE_START
2026-03-25 08:05:23 | INFO | Effective Base Forecast Used for Adjustments: 0.000 MW
2026-03-25 08:05:23 | INFO | Condition-3: NOT APPLIED for this block path
2026-03-25 08:05:23 | INFO |   Final Adjustment %: 0.00%
2026-03-25 08:05:23 | INFO |   Formula (expanded): PRE_START: raw=0
2026-03-25 08:05:23 | INFO | --- FINAL RESULT ---
2026-03-25 08:05:23 | INFO | Raw Schedule (before smoothing): 0.000 MW
2026-03-25 08:05:23 | INFO | Final Scheduled MW: 0.000 MW
2026-03-25 08:05:23 | INFO | --------------------------------------------------------------------------------
2026-03-25 08:05:23 | INFO | --------------------------------------------------------------------------------
2026-03-25 08:05:23 | INFO | BLOCK 11
2026-03-25 08:05:23 | INFO | --------------------------------------------------------------------------------
2026-03-25 08:05:23 | INFO | --- FORECAST DATA ---
2026-03-25 08:05:23 | INFO | Intraday Forecast (Enercast Raw): 0.000 MW
2026-03-25 08:05:23 | INFO | Intraday Forecast (Enercast, Scaled): 0.000 MW
2026-03-25 08:05:23 | INFO | Day-ahead Forecast (Enercast): 0.000 MW
2026-03-25 08:05:23 | INFO | Base Forecast (raw, before curtailment/shutdown): 0.000 MW
2026-03-25 08:05:23 | INFO | Base Forecast (used for schedule): 0.000 MW
2026-03-25 08:05:23 | INFO | Effective Base Forecast (after curtailment/shutdown): 0.000 MW
2026-03-25 08:05:23 | INFO | Plant Status: NORMAL
2026-03-25 08:05:23 | INFO | Effective Base Forecast = Base Forecast (raw) = 0.000 MW
2026-03-25 08:05:23 | INFO | --- WEATHER PARAMETERS ---
2026-03-25 08:05:23 | INFO | GTI: 0.0 W/m^2
2026-03-25 08:05:23 | INFO | DHI: 0.0 W/m^2
2026-03-25 08:05:23 | INFO | DNI: 0.0 W/m^2
2026-03-25 08:05:23 | INFO | Irradiance Ratio (GTI/MAX_GTI): 0.000
2026-03-25 08:05:23 | INFO | Diffuse Ratio (current): 0.000
2026-03-25 08:05:23 | INFO | Irradiance State: OVERCAST
2026-03-25 08:05:23 | INFO | Temp @ 2m: 25.12 C
2026-03-25 08:05:23 | INFO | Wind @ 10m: 4.69 m/s
2026-03-25 08:05:23 | INFO | Weather State: NORMAL
2026-03-25 08:05:23 | INFO | Dynamic Thresholds: cloud_thr=0.1001, shift_thr=0.1041
2026-03-25 08:05:23 | INFO | Multipliers: irradiance=0.27x, temp=0.92x, wind=0.93x
2026-03-25 08:05:23 | INFO | Weather Multiplier (combined): 0.23x
2026-03-25 08:05:23 | INFO | Abrupt Weather Change Detected: False
2026-03-25 08:05:23 | INFO | --- TREND ANALYSIS ---
2026-03-25 08:05:23 | INFO | Trend series: INSUFFICIENT DATA
2026-03-25 08:05:23 | INFO | Detected Trend Type: FLAT
2026-03-25 08:05:23 | INFO | Trend Slope Percentage: 0.00%
2026-03-25 08:05:23 | INFO | Trend EPS Threshold: 1.50%
2026-03-25 08:05:23 | INFO | --- SCHEDULE CALCULATION ---
2026-03-25 08:05:23 | INFO | Condition Applied: PRE_START
2026-03-25 08:05:23 | INFO | Effective Base Forecast Used for Adjustments: 0.000 MW
2026-03-25 08:05:23 | INFO | Condition-3: NOT APPLIED for this block path
2026-03-25 08:05:23 | INFO |   Final Adjustment %: 0.00%
2026-03-25 08:05:23 | INFO |   Formula (expanded): PRE_START: raw=0
2026-03-25 08:05:23 | INFO | --- FINAL RESULT ---
2026-03-25 08:05:23 | INFO | Raw Schedule (before smoothing): 0.000 MW
2026-03-25 08:05:23 | INFO | Final Scheduled MW: 0.000 MW
2026-03-25 08:05:23 | INFO | --------------------------------------------------------------------------------
2026-03-25 08:05:23 | INFO | --------------------------------------------------------------------------------
2026-03-25 08:05:23 | INFO | BLOCK 12
2026-03-25 08:05:23 | INFO | --------------------------------------------------------------------------------
2026-03-25 08:05:23 | INFO | --- FORECAST DATA ---
2026-03-25 08:05:23 | INFO | Intraday Forecast (Enercast Raw): 0.000 MW
2026-03-25 08:05:23 | INFO | Intraday Forecast (Enercast, Scaled): 0.000 MW
2026-03-25 08:05:23 | INFO | Day-ahead Forecast (Enercast): 0.000 MW
2026-03-25 08:05:23 | INFO | Base Forecast (raw, before curtailment/shutdown): 0.000 MW
2026-03-25 08:05:23 | INFO | Base Forecast (used for schedule): 0.000 MW
2026-03-25 08:05:23 | INFO | Effective Base Forecast (after curtailment/shutdown): 0.000 MW
2026-03-25 08:05:23 | INFO | Plant Status: NORMAL
2026-03-25 08:05:23 | INFO | Effective Base Forecast = Base Forecast (raw) = 0.000 MW
2026-03-25 08:05:23 | INFO | --- WEATHER PARAMETERS ---
2026-03-25 08:05:23 | INFO | GTI: 0.0 W/m^2
2026-03-25 08:05:23 | INFO | DHI: 0.0 W/m^2
2026-03-25 08:05:23 | INFO | DNI: 0.0 W/m^2
2026-03-25 08:05:23 | INFO | Irradiance Ratio (GTI/MAX_GTI): 0.000
2026-03-25 08:05:23 | INFO | Diffuse Ratio (current): 0.000
2026-03-25 08:05:23 | INFO | Irradiance State: OVERCAST
2026-03-25 08:05:23 | INFO | Temp @ 2m: 25.07 C
2026-03-25 08:05:23 | INFO | Wind @ 10m: 4.83 m/s
2026-03-25 08:05:23 | INFO | Weather State: NORMAL
2026-03-25 08:05:23 | INFO | Dynamic Thresholds: cloud_thr=0.1001, shift_thr=0.1041
2026-03-25 08:05:23 | INFO | Multipliers: irradiance=0.27x, temp=0.92x, wind=0.93x
2026-03-25 08:05:23 | INFO | Weather Multiplier (combined): 0.23x
2026-03-25 08:05:23 | INFO | Abrupt Weather Change Detected: False
2026-03-25 08:05:23 | INFO | --- TREND ANALYSIS ---
2026-03-25 08:05:23 | INFO | Trend series: INSUFFICIENT DATA
2026-03-25 08:05:23 | INFO | Detected Trend Type: FLAT
2026-03-25 08:05:23 | INFO | Trend Slope Percentage: 0.00%
2026-03-25 08:05:23 | INFO | Trend EPS Threshold: 1.50%
2026-03-25 08:05:23 | INFO | --- SCHEDULE CALCULATION ---
2026-03-25 08:05:23 | INFO | Condition Applied: PRE_START
2026-03-25 08:05:23 | INFO | Effective Base Forecast Used for Adjustments: 0.000 MW
2026-03-25 08:05:23 | INFO | Condition-3: NOT APPLIED for this block path
2026-03-25 08:05:23 | INFO |   Final Adjustment %: 0.00%
2026-03-25 08:05:23 | INFO |   Formula (expanded): PRE_START: raw=0
2026-03-25 08:05:23 | INFO | --- FINAL RESULT ---
2026-03-25 08:05:23 | INFO | Raw Schedule (before smoothing): 0.000 MW
2026-03-25 08:05:23 | INFO | Final Scheduled MW: 0.000 MW
2026-03-25 08:05:23 | INFO | --------------------------------------------------------------------------------
2026-03-25 08:05:23 | INFO | --------------------------------------------------------------------------------
2026-03-25 08:05:23 | INFO | BLOCK 13
2026-03-25 08:05:23 | INFO | --------------------------------------------------------------------------------
2026-03-25 08:05:23 | INFO | --- FORECAST DATA ---
2026-03-25 08:05:23 | INFO | Intraday Forecast (Enercast Raw): 0.000 MW
2026-03-25 08:05:23 | INFO | Intraday Forecast (Enercast, Scaled): 0.000 MW
2026-03-25 08:05:23 | INFO | Day-ahead Forecast (Enercast): 0.000 MW
2026-03-25 08:05:23 | INFO | Base Forecast (raw, before curtailment/shutdown): 0.000 MW
2026-03-25 08:05:23 | INFO | Base Forecast (used for schedule): 0.000 MW
2026-03-25 08:05:23 | INFO | Effective Base Forecast (after curtailment/shutdown): 0.000 MW
2026-03-25 08:05:23 | INFO | Plant Status: NORMAL
2026-03-25 08:05:23 | INFO | Effective Base Forecast = Base Forecast (raw) = 0.000 MW
2026-03-25 08:05:23 | INFO | --- WEATHER PARAMETERS ---
2026-03-25 08:05:23 | INFO | GTI: 0.0 W/m^2
2026-03-25 08:05:23 | INFO | DHI: 0.0 W/m^2
2026-03-25 08:05:23 | INFO | DNI: 0.0 W/m^2
2026-03-25 08:05:23 | INFO | Irradiance Ratio (GTI/MAX_GTI): 0.000
2026-03-25 08:05:23 | INFO | Diffuse Ratio (current): 0.000
2026-03-25 08:05:23 | INFO | Irradiance State: OVERCAST
2026-03-25 08:05:23 | INFO | Temp @ 2m: 25.17 C
2026-03-25 08:05:23 | INFO | Wind @ 10m: 5.01 m/s
2026-03-25 08:05:23 | INFO | Weather State: NORMAL
2026-03-25 08:05:23 | INFO | Dynamic Thresholds: cloud_thr=0.1001, shift_thr=0.1041
2026-03-25 08:05:23 | INFO | Multipliers: irradiance=0.27x, temp=0.92x, wind=0.93x
2026-03-25 08:05:23 | INFO | Weather Multiplier (combined): 0.23x
2026-03-25 08:05:23 | INFO | Abrupt Weather Change Detected: False
2026-03-25 08:05:23 | INFO | --- TREND ANALYSIS ---
2026-03-25 08:05:23 | INFO | Trend series: INSUFFICIENT DATA
2026-03-25 08:05:23 | INFO | Detected Trend Type: FLAT
2026-03-25 08:05:23 | INFO | Trend Slope Percentage: 0.00%
2026-03-25 08:05:23 | INFO | Trend EPS Threshold: 1.50%
2026-03-25 08:05:23 | INFO | --- SCHEDULE CALCULATION ---
2026-03-25 08:05:23 | INFO | Condition Applied: PRE_START
2026-03-25 08:05:23 | INFO | Effective Base Forecast Used for Adjustments: 0.000 MW
2026-03-25 08:05:23 | INFO | Condition-3: NOT APPLIED for this block path
2026-03-25 08:05:23 | INFO |   Final Adjustment %: 0.00%
2026-03-25 08:05:23 | INFO |   Formula (expanded): PRE_START: raw=0
2026-03-25 08:05:23 | INFO | --- FINAL RESULT ---
2026-03-25 08:05:23 | INFO | Raw Schedule (before smoothing): 0.000 MW
2026-03-25 08:05:23 | INFO | Final Scheduled MW: 0.000 MW
2026-03-25 08:05:23 | INFO | --------------------------------------------------------------------------------
2026-03-25 08:05:23 | INFO | --------------------------------------------------------------------------------
2026-03-25 08:05:23 | INFO | BLOCK 14
2026-03-25 08:05:23 | INFO | --------------------------------------------------------------------------------
2026-03-25 08:05:23 | INFO | --- FORECAST DATA ---
2026-03-25 08:05:23 | INFO | Intraday Forecast (Enercast Raw): 0.000 MW
2026-03-25 08:05:23 | INFO | Intraday Forecast (Enercast, Scaled): 0.000 MW
2026-03-25 08:05:23 | INFO | Day-ahead Forecast (Enercast): 0.000 MW
2026-03-25 08:05:23 | INFO | Base Forecast (raw, before curtailment/shutdown): 0.000 MW
2026-03-25 08:05:23 | INFO | Base Forecast (used for schedule): 0.000 MW
2026-03-25 08:05:23 | INFO | Effective Base Forecast (after curtailment/shutdown): 0.000 MW
2026-03-25 08:05:23 | INFO | Plant Status: NORMAL
2026-03-25 08:05:23 | INFO | Effective Base Forecast = Base Forecast (raw) = 0.000 MW
2026-03-25 08:05:23 | INFO | --- WEATHER PARAMETERS ---
2026-03-25 08:05:23 | INFO | GTI: 0.0 W/m^2
2026-03-25 08:05:23 | INFO | DHI: 0.0 W/m^2
2026-03-25 08:05:23 | INFO | DNI: 0.0 W/m^2
2026-03-25 08:05:23 | INFO | Irradiance Ratio (GTI/MAX_GTI): 0.000
2026-03-25 08:05:23 | INFO | Diffuse Ratio (current): 0.000
2026-03-25 08:05:23 | INFO | Irradiance State: OVERCAST
2026-03-25 08:05:23 | INFO | Temp @ 2m: 25.22 C
2026-03-25 08:05:23 | INFO | Wind @ 10m: 5.24 m/s
2026-03-25 08:05:23 | INFO | Weather State: NORMAL
2026-03-25 08:05:23 | INFO | Dynamic Thresholds: cloud_thr=0.1001, shift_thr=0.1041
2026-03-25 08:05:23 | INFO | Multipliers: irradiance=0.27x, temp=0.92x, wind=0.93x
2026-03-25 08:05:23 | INFO | Weather Multiplier (combined): 0.23x
2026-03-25 08:05:23 | INFO | Abrupt Weather Change Detected: False
2026-03-25 08:05:23 | INFO | --- TREND ANALYSIS ---
2026-03-25 08:05:23 | INFO | Trend series: INSUFFICIENT DATA
2026-03-25 08:05:23 | INFO | Detected Trend Type: FLAT
2026-03-25 08:05:23 | INFO | Trend Slope Percentage: 0.00%
2026-03-25 08:05:23 | INFO | Trend EPS Threshold: 1.50%
2026-03-25 08:05:23 | INFO | --- SCHEDULE CALCULATION ---
2026-03-25 08:05:23 | INFO | Condition Applied: PRE_START
2026-03-25 08:05:23 | INFO | Effective Base Forecast Used for Adjustments: 0.000 MW
2026-03-25 08:05:23 | INFO | Condition-3: NOT APPLIED for this block path
2026-03-25 08:05:23 | INFO |   Final Adjustment %: 0.00%
2026-03-25 08:05:23 | INFO |   Formula (expanded): PRE_START: raw=0
2026-03-25 08:05:23 | INFO | --- FINAL RESULT ---
2026-03-25 08:05:23 | INFO | Raw Schedule (before smoothing): 0.000 MW
2026-03-25 08:05:23 | INFO | Final Scheduled MW: 0.000 MW
2026-03-25 08:05:23 | INFO | --------------------------------------------------------------------------------
2026-03-25 08:05:23 | INFO | --------------------------------------------------------------------------------
2026-03-25 08:05:23 | INFO | BLOCK 15
2026-03-25 08:05:23 | INFO | --------------------------------------------------------------------------------
2026-03-25 08:05:23 | INFO | --- FORECAST DATA ---
2026-03-25 08:05:23 | INFO | Intraday Forecast (Enercast Raw): 0.000 MW
2026-03-25 08:05:23 | INFO | Intraday Forecast (Enercast, Scaled): 0.000 MW
2026-03-25 08:05:23 | INFO | Day-ahead Forecast (Enercast): 0.000 MW
2026-03-25 08:05:23 | INFO | Base Forecast (raw, before curtailment/shutdown): 0.000 MW
2026-03-25 08:05:23 | INFO | Base Forecast (used for schedule): 0.000 MW
2026-03-25 08:05:23 | INFO | Effective Base Forecast (after curtailment/shutdown): 0.000 MW
2026-03-25 08:05:23 | INFO | Plant Status: NORMAL
2026-03-25 08:05:23 | INFO | Effective Base Forecast = Base Forecast (raw) = 0.000 MW
2026-03-25 08:05:23 | INFO | --- WEATHER PARAMETERS ---
2026-03-25 08:05:23 | INFO | GTI: 0.0 W/m^2
2026-03-25 08:05:23 | INFO | DHI: 0.0 W/m^2
2026-03-25 08:05:23 | INFO | DNI: 0.0 W/m^2
2026-03-25 08:05:23 | INFO | Irradiance Ratio (GTI/MAX_GTI): 0.000
2026-03-25 08:05:23 | INFO | Diffuse Ratio (current): 0.000
2026-03-25 08:05:23 | INFO | Irradiance State: OVERCAST
2026-03-25 08:05:23 | INFO | Temp @ 2m: 25.22 C
2026-03-25 08:05:23 | INFO | Wind @ 10m: 5.51 m/s
2026-03-25 08:05:23 | INFO | Weather State: NORMAL
2026-03-25 08:05:23 | INFO | Dynamic Thresholds: cloud_thr=0.1001, shift_thr=0.1041
2026-03-25 08:05:23 | INFO | Multipliers: irradiance=0.27x, temp=0.92x, wind=0.93x
2026-03-25 08:05:23 | INFO | Weather Multiplier (combined): 0.23x
2026-03-25 08:05:23 | INFO | Abrupt Weather Change Detected: False
2026-03-25 08:05:23 | INFO | --- TREND ANALYSIS ---
2026-03-25 08:05:23 | INFO | Trend series: INSUFFICIENT DATA
2026-03-25 08:05:23 | INFO | Detected Trend Type: FLAT
2026-03-25 08:05:23 | INFO | Trend Slope Percentage: 0.00%
2026-03-25 08:05:23 | INFO | Trend EPS Threshold: 1.50%
2026-03-25 08:05:23 | INFO | --- SCHEDULE CALCULATION ---
2026-03-25 08:05:23 | INFO | Condition Applied: PRE_START
2026-03-25 08:05:23 | INFO | Effective Base Forecast Used for Adjustments: 0.000 MW
2026-03-25 08:05:23 | INFO | Condition-3: NOT APPLIED for this block path
2026-03-25 08:05:23 | INFO |   Final Adjustment %: 0.00%
2026-03-25 08:05:23 | INFO |   Formula (expanded): PRE_START: raw=0
2026-03-25 08:05:23 | INFO | --- FINAL RESULT ---
2026-03-25 08:05:23 | INFO | Raw Schedule (before smoothing): 0.000 MW
2026-03-25 08:05:23 | INFO | Final Scheduled MW: 0.000 MW
2026-03-25 08:05:23 | INFO | --------------------------------------------------------------------------------
2026-03-25 08:05:23 | INFO | --------------------------------------------------------------------------------
2026-03-25 08:05:23 | INFO | BLOCK 16
2026-03-25 08:05:23 | INFO | --------------------------------------------------------------------------------
2026-03-25 08:05:23 | INFO | --- FORECAST DATA ---
2026-03-25 08:05:23 | INFO | Intraday Forecast (Enercast Raw): 0.000 MW
2026-03-25 08:05:23 | INFO | Intraday Forecast (Enercast, Scaled): 0.000 MW
2026-03-25 08:05:23 | INFO | Day-ahead Forecast (Enercast): 0.000 MW
2026-03-25 08:05:23 | INFO | Base Forecast (raw, before curtailment/shutdown): 0.000 MW
2026-03-25 08:05:23 | INFO | Base Forecast (used for schedule): 0.000 MW
2026-03-25 08:05:23 | INFO | Effective Base Forecast (after curtailment/shutdown): 0.000 MW
2026-03-25 08:05:23 | INFO | Plant Status: NORMAL
2026-03-25 08:05:23 | INFO | Effective Base Forecast = Base Forecast (raw) = 0.000 MW
2026-03-25 08:05:23 | INFO | --- WEATHER PARAMETERS ---
2026-03-25 08:05:23 | INFO | GTI: 0.0 W/m^2
2026-03-25 08:05:23 | INFO | DHI: 0.0 W/m^2
2026-03-25 08:05:23 | INFO | DNI: 0.0 W/m^2
2026-03-25 08:05:23 | INFO | Irradiance Ratio (GTI/MAX_GTI): 0.000
2026-03-25 08:05:23 | INFO | Diffuse Ratio (current): 0.000
2026-03-25 08:05:23 | INFO | Irradiance State: OVERCAST
2026-03-25 08:05:23 | INFO | Temp @ 2m: 25.12 C
2026-03-25 08:05:23 | INFO | Wind @ 10m: 5.80 m/s
2026-03-25 08:05:23 | INFO | Weather State: NORMAL
2026-03-25 08:05:23 | INFO | Dynamic Thresholds: cloud_thr=0.1001, shift_thr=0.1041
2026-03-25 08:05:23 | INFO | Multipliers: irradiance=0.27x, temp=0.92x, wind=0.93x
2026-03-25 08:05:23 | INFO | Weather Multiplier (combined): 0.23x
2026-03-25 08:05:23 | INFO | Abrupt Weather Change Detected: False
2026-03-25 08:05:23 | INFO | --- TREND ANALYSIS ---
2026-03-25 08:05:23 | INFO | Trend series: INSUFFICIENT DATA
2026-03-25 08:05:23 | INFO | Detected Trend Type: FLAT
2026-03-25 08:05:23 | INFO | Trend Slope Percentage: 0.00%
2026-03-25 08:05:23 | INFO | Trend EPS Threshold: 1.50%
2026-03-25 08:05:23 | INFO | --- SCHEDULE CALCULATION ---
2026-03-25 08:05:23 | INFO | Condition Applied: PRE_START
2026-03-25 08:05:23 | INFO | Effective Base Forecast Used for Adjustments: 0.000 MW
2026-03-25 08:05:23 | INFO | Condition-3: NOT APPLIED for this block path
2026-03-25 08:05:23 | INFO |   Final Adjustment %: 0.00%
2026-03-25 08:05:23 | INFO |   Formula (expanded): PRE_START: raw=0
2026-03-25 08:05:23 | INFO | --- FINAL RESULT ---
2026-03-25 08:05:23 | INFO | Raw Schedule (before smoothing): 0.000 MW
2026-03-25 08:05:23 | INFO | Final Scheduled MW: 0.000 MW
2026-03-25 08:05:23 | INFO | --------------------------------------------------------------------------------
2026-03-25 08:05:23 | INFO | --------------------------------------------------------------------------------
2026-03-25 08:05:23 | INFO | BLOCK 17
2026-03-25 08:05:23 | INFO | --------------------------------------------------------------------------------
2026-03-25 08:05:23 | INFO | --- FORECAST DATA ---
2026-03-25 08:05:23 | INFO | Intraday Forecast (Enercast Raw): 0.000 MW
2026-03-25 08:05:23 | INFO | Intraday Forecast (Enercast, Scaled): 0.000 MW
2026-03-25 08:05:23 | INFO | Day-ahead Forecast (Enercast): 0.000 MW
2026-03-25 08:05:23 | INFO | Base Forecast (raw, before curtailment/shutdown): 0.000 MW
2026-03-25 08:05:23 | INFO | Base Forecast (used for schedule): 0.000 MW
2026-03-25 08:05:23 | INFO | Effective Base Forecast (after curtailment/shutdown): 0.000 MW
2026-03-25 08:05:23 | INFO | Plant Status: NORMAL
2026-03-25 08:05:23 | INFO | Effective Base Forecast = Base Forecast (raw) = 0.000 MW
2026-03-25 08:05:23 | INFO | --- WEATHER PARAMETERS ---
2026-03-25 08:05:23 | INFO | GTI: 0.0 W/m^2
2026-03-25 08:05:23 | INFO | DHI: 0.0 W/m^2
2026-03-25 08:05:23 | INFO | DNI: 0.0 W/m^2
2026-03-25 08:05:23 | INFO | Irradiance Ratio (GTI/MAX_GTI): 0.000
2026-03-25 08:05:23 | INFO | Diffuse Ratio (current): 0.000
2026-03-25 08:05:23 | INFO | Irradiance State: OVERCAST
2026-03-25 08:05:23 | INFO | Temp @ 2m: 24.97 C
2026-03-25 08:05:23 | INFO | Wind @ 10m: 6.52 m/s
2026-03-25 08:05:23 | INFO | Weather State: NORMAL
2026-03-25 08:05:23 | INFO | Dynamic Thresholds: cloud_thr=0.1001, shift_thr=0.1041
2026-03-25 08:05:23 | INFO | Multipliers: irradiance=0.27x, temp=0.96x, wind=0.97x
2026-03-25 08:05:23 | INFO | Weather Multiplier (combined): 0.25x
2026-03-25 08:05:23 | INFO | Abrupt Weather Change Detected: False
2026-03-25 08:05:23 | INFO | --- TREND ANALYSIS ---
2026-03-25 08:05:23 | INFO | Trend series: INSUFFICIENT DATA
2026-03-25 08:05:23 | INFO | Detected Trend Type: FLAT
2026-03-25 08:05:23 | INFO | Trend Slope Percentage: 0.00%
2026-03-25 08:05:23 | INFO | Trend EPS Threshold: 1.50%
2026-03-25 08:05:23 | INFO | --- SCHEDULE CALCULATION ---
2026-03-25 08:05:23 | INFO | Condition Applied: PRE_START
2026-03-25 08:05:23 | INFO | Effective Base Forecast Used for Adjustments: 0.000 MW
2026-03-25 08:05:23 | INFO | Condition-3: NOT APPLIED for this block path
2026-03-25 08:05:23 | INFO |   Final Adjustment %: 0.00%
2026-03-25 08:05:23 | INFO |   Formula (expanded): PRE_START: raw=0
2026-03-25 08:05:23 | INFO | --- FINAL RESULT ---
2026-03-25 08:05:23 | INFO | Raw Schedule (before smoothing): 0.000 MW
2026-03-25 08:05:23 | INFO | Final Scheduled MW: 0.000 MW
2026-03-25 08:05:23 | INFO | --------------------------------------------------------------------------------
2026-03-25 08:05:23 | INFO | --------------------------------------------------------------------------------
2026-03-25 08:05:23 | INFO | BLOCK 18
2026-03-25 08:05:23 | INFO | --------------------------------------------------------------------------------
2026-03-25 08:05:23 | INFO | --- FORECAST DATA ---
2026-03-25 08:05:23 | INFO | Intraday Forecast (Enercast Raw): 0.000 MW
2026-03-25 08:05:23 | INFO | Intraday Forecast (Enercast, Scaled): 0.000 MW
2026-03-25 08:05:23 | INFO | Day-ahead Forecast (Enercast): 0.000 MW
2026-03-25 08:05:23 | INFO | Base Forecast (raw, before curtailment/shutdown): 0.000 MW
2026-03-25 08:05:23 | INFO | Base Forecast (used for schedule): 0.000 MW
2026-03-25 08:05:23 | INFO | Effective Base Forecast (after curtailment/shutdown): 0.000 MW
2026-03-25 08:05:23 | INFO | Plant Status: NORMAL
2026-03-25 08:05:23 | INFO | Effective Base Forecast = Base Forecast (raw) = 0.000 MW
2026-03-25 08:05:23 | INFO | --- WEATHER PARAMETERS ---
2026-03-25 08:05:23 | INFO | GTI: 0.0 W/m^2
2026-03-25 08:05:23 | INFO | DHI: 0.0 W/m^2
2026-03-25 08:05:23 | INFO | DNI: 0.0 W/m^2
2026-03-25 08:05:23 | INFO | Irradiance Ratio (GTI/MAX_GTI): 0.000
2026-03-25 08:05:23 | INFO | Diffuse Ratio (current): 0.000
2026-03-25 08:05:23 | INFO | Irradiance State: OVERCAST
2026-03-25 08:05:23 | INFO | Temp @ 2m: 24.77 C
2026-03-25 08:05:23 | INFO | Wind @ 10m: 6.85 m/s
2026-03-25 08:05:23 | INFO | Weather State: NORMAL
2026-03-25 08:05:23 | INFO | Dynamic Thresholds: cloud_thr=0.1001, shift_thr=0.1041
2026-03-25 08:05:23 | INFO | Multipliers: irradiance=0.27x, temp=0.96x, wind=0.97x
2026-03-25 08:05:23 | INFO | Weather Multiplier (combined): 0.25x
2026-03-25 08:05:23 | INFO | Abrupt Weather Change Detected: False
2026-03-25 08:05:23 | INFO | --- TREND ANALYSIS ---
2026-03-25 08:05:23 | INFO | Trend series: INSUFFICIENT DATA
2026-03-25 08:05:23 | INFO | Detected Trend Type: FLAT
2026-03-25 08:05:23 | INFO | Trend Slope Percentage: 0.00%
2026-03-25 08:05:23 | INFO | Trend EPS Threshold: 1.50%
2026-03-25 08:05:23 | INFO | --- SCHEDULE CALCULATION ---
2026-03-25 08:05:23 | INFO | Condition Applied: PRE_START
2026-03-25 08:05:23 | INFO | Effective Base Forecast Used for Adjustments: 0.000 MW
2026-03-25 08:05:23 | INFO | Condition-3: NOT APPLIED for this block path
2026-03-25 08:05:23 | INFO |   Final Adjustment %: 0.00%
2026-03-25 08:05:23 | INFO |   Formula (expanded): PRE_START: raw=0
2026-03-25 08:05:23 | INFO | --- FINAL RESULT ---
2026-03-25 08:05:23 | INFO | Raw Schedule (before smoothing): 0.000 MW
2026-03-25 08:05:23 | INFO | Final Scheduled MW: 0.000 MW
2026-03-25 08:05:23 | INFO | --------------------------------------------------------------------------------
2026-03-25 08:05:23 | INFO | --------------------------------------------------------------------------------
2026-03-25 08:05:23 | INFO | BLOCK 19
2026-03-25 08:05:23 | INFO | --------------------------------------------------------------------------------
2026-03-25 08:05:23 | INFO | --- FORECAST DATA ---
2026-03-25 08:05:23 | INFO | Intraday Forecast (Enercast Raw): 0.000 MW
2026-03-25 08:05:23 | INFO | Intraday Forecast (Enercast, Scaled): 0.000 MW
2026-03-25 08:05:23 | INFO | Day-ahead Forecast (Enercast): 0.000 MW
2026-03-25 08:05:23 | INFO | Base Forecast (raw, before curtailment/shutdown): 0.000 MW
2026-03-25 08:05:23 | INFO | Base Forecast (used for schedule): 0.000 MW
2026-03-25 08:05:23 | INFO | Effective Base Forecast (after curtailment/shutdown): 0.000 MW
2026-03-25 08:05:23 | INFO | Plant Status: NORMAL
2026-03-25 08:05:23 | INFO | Effective Base Forecast = Base Forecast (raw) = 0.000 MW
2026-03-25 08:05:23 | INFO | --- WEATHER PARAMETERS ---
2026-03-25 08:05:23 | INFO | GTI: 0.0 W/m^2
2026-03-25 08:05:23 | INFO | DHI: 0.0 W/m^2
2026-03-25 08:05:23 | INFO | DNI: 0.0 W/m^2
2026-03-25 08:05:23 | INFO | Irradiance Ratio (GTI/MAX_GTI): 0.000
2026-03-25 08:05:23 | INFO | Diffuse Ratio (current): 0.000
2026-03-25 08:05:23 | INFO | Irradiance State: OVERCAST
2026-03-25 08:05:23 | INFO | Temp @ 2m: 24.62 C
2026-03-25 08:05:23 | INFO | Wind @ 10m: 7.21 m/s
2026-03-25 08:05:23 | INFO | Weather State: NORMAL
2026-03-25 08:05:23 | INFO | Dynamic Thresholds: cloud_thr=0.1001, shift_thr=0.1041
2026-03-25 08:05:23 | INFO | Multipliers: irradiance=0.27x, temp=0.96x, wind=0.97x
2026-03-25 08:05:23 | INFO | Weather Multiplier (combined): 0.25x
2026-03-25 08:05:23 | INFO | Abrupt Weather Change Detected: False
2026-03-25 08:05:23 | INFO | --- TREND ANALYSIS ---
2026-03-25 08:05:23 | INFO | Trend series: INSUFFICIENT DATA
2026-03-25 08:05:23 | INFO | Detected Trend Type: FLAT
2026-03-25 08:05:23 | INFO | Trend Slope Percentage: 0.00%
2026-03-25 08:05:23 | INFO | Trend EPS Threshold: 1.50%
2026-03-25 08:05:23 | INFO | --- SCHEDULE CALCULATION ---
2026-03-25 08:05:23 | INFO | Condition Applied: PRE_START
2026-03-25 08:05:23 | INFO | Effective Base Forecast Used for Adjustments: 0.000 MW
2026-03-25 08:05:23 | INFO | Condition-3: NOT APPLIED for this block path
2026-03-25 08:05:23 | INFO |   Final Adjustment %: 0.00%
2026-03-25 08:05:23 | INFO |   Formula (expanded): PRE_START: raw=0
2026-03-25 08:05:23 | INFO | --- FINAL RESULT ---
2026-03-25 08:05:23 | INFO | Raw Schedule (before smoothing): 0.000 MW
2026-03-25 08:05:23 | INFO | Final Scheduled MW: 0.000 MW
2026-03-25 08:05:23 | INFO | --------------------------------------------------------------------------------
2026-03-25 08:05:23 | INFO | --------------------------------------------------------------------------------
2026-03-25 08:05:23 | INFO | BLOCK 20
2026-03-25 08:05:23 | INFO | --------------------------------------------------------------------------------
2026-03-25 08:05:23 | INFO | --- FORECAST DATA ---
2026-03-25 08:05:23 | INFO | Intraday Forecast (Enercast Raw): 0.000 MW
2026-03-25 08:05:23 | INFO | Intraday Forecast (Enercast, Scaled): 0.000 MW
2026-03-25 08:05:23 | INFO | Day-ahead Forecast (Enercast): 0.000 MW
2026-03-25 08:05:23 | INFO | Base Forecast (raw, before curtailment/shutdown): 0.000 MW
2026-03-25 08:05:23 | INFO | Base Forecast (used for schedule): 0.000 MW
2026-03-25 08:05:23 | INFO | Effective Base Forecast (after curtailment/shutdown): 0.000 MW
2026-03-25 08:05:23 | INFO | Plant Status: NORMAL
2026-03-25 08:05:23 | INFO | Effective Base Forecast = Base Forecast (raw) = 0.000 MW
2026-03-25 08:05:23 | INFO | --- WEATHER PARAMETERS ---
2026-03-25 08:05:23 | INFO | GTI: 0.0 W/m^2
2026-03-25 08:05:23 | INFO | DHI: 0.0 W/m^2
2026-03-25 08:05:23 | INFO | DNI: 0.0 W/m^2
2026-03-25 08:05:23 | INFO | Irradiance Ratio (GTI/MAX_GTI): 0.000
2026-03-25 08:05:23 | INFO | Diffuse Ratio (current): 0.000
2026-03-25 08:05:23 | INFO | Irradiance State: OVERCAST
2026-03-25 08:05:23 | INFO | Temp @ 2m: 24.47 C
2026-03-25 08:05:23 | INFO | Wind @ 10m: 7.57 m/s
2026-03-25 08:05:23 | INFO | Weather State: NORMAL
2026-03-25 08:05:23 | INFO | Dynamic Thresholds: cloud_thr=0.1001, shift_thr=0.1041
2026-03-25 08:05:23 | INFO | Multipliers: irradiance=0.27x, temp=0.96x, wind=0.97x
2026-03-25 08:05:23 | INFO | Weather Multiplier (combined): 0.25x
2026-03-25 08:05:23 | INFO | Abrupt Weather Change Detected: False
2026-03-25 08:05:23 | INFO | --- TREND ANALYSIS ---
2026-03-25 08:05:23 | INFO | Trend series: INSUFFICIENT DATA
2026-03-25 08:05:23 | INFO | Detected Trend Type: FLAT
2026-03-25 08:05:23 | INFO | Trend Slope Percentage: 0.00%
2026-03-25 08:05:23 | INFO | Trend EPS Threshold: 1.50%
2026-03-25 08:05:23 | INFO | --- SCHEDULE CALCULATION ---
2026-03-25 08:05:23 | INFO | Condition Applied: PRE_START
2026-03-25 08:05:23 | INFO | Effective Base Forecast Used for Adjustments: 0.000 MW
2026-03-25 08:05:23 | INFO | Condition-3: NOT APPLIED for this block path
2026-03-25 08:05:23 | INFO |   Final Adjustment %: 0.00%
2026-03-25 08:05:23 | INFO |   Formula (expanded): PRE_START: raw=0
2026-03-25 08:05:23 | INFO | --- FINAL RESULT ---
2026-03-25 08:05:23 | INFO | Raw Schedule (before smoothing): 0.000 MW
2026-03-25 08:05:23 | INFO | Final Scheduled MW: 0.000 MW
2026-03-25 08:05:23 | INFO | --------------------------------------------------------------------------------
2026-03-25 08:05:23 | INFO | --------------------------------------------------------------------------------
2026-03-25 08:05:23 | INFO | BLOCK 21
2026-03-25 08:05:23 | INFO | --------------------------------------------------------------------------------
2026-03-25 08:05:23 | INFO | --- FORECAST DATA ---
2026-03-25 08:05:23 | INFO | Intraday Forecast (Enercast Raw): 0.000 MW
2026-03-25 08:05:23 | INFO | Intraday Forecast (Enercast, Scaled): 0.000 MW
2026-03-25 08:05:23 | INFO | Day-ahead Forecast (Enercast): 0.000 MW
2026-03-25 08:05:23 | INFO | Base Forecast (raw, before curtailment/shutdown): 0.000 MW
2026-03-25 08:05:23 | INFO | Base Forecast (used for schedule): 0.000 MW
2026-03-25 08:05:23 | INFO | Effective Base Forecast (after curtailment/shutdown): 0.000 MW
2026-03-25 08:05:23 | INFO | Plant Status: NORMAL
2026-03-25 08:05:23 | INFO | Effective Base Forecast = Base Forecast (raw) = 0.000 MW
2026-03-25 08:05:23 | INFO | --- WEATHER PARAMETERS ---
2026-03-25 08:05:23 | INFO | GTI: 0.0 W/m^2
2026-03-25 08:05:23 | INFO | DHI: 0.0 W/m^2
2026-03-25 08:05:23 | INFO | DNI: 0.0 W/m^2
2026-03-25 08:05:23 | INFO | Irradiance Ratio (GTI/MAX_GTI): 0.000
2026-03-25 08:05:23 | INFO | Diffuse Ratio (current): 0.000
2026-03-25 08:05:23 | INFO | Irradiance State: OVERCAST
2026-03-25 08:05:23 | INFO | Temp @ 2m: 24.37 C
2026-03-25 08:05:23 | INFO | Wind @ 10m: 7.95 m/s
2026-03-25 08:05:23 | INFO | Weather State: NORMAL
2026-03-25 08:05:23 | INFO | Dynamic Thresholds: cloud_thr=0.1001, shift_thr=0.1041
2026-03-25 08:05:23 | INFO | Multipliers: irradiance=0.27x, temp=0.96x, wind=0.97x
2026-03-25 08:05:23 | INFO | Weather Multiplier (combined): 0.25x
2026-03-25 08:05:23 | INFO | Abrupt Weather Change Detected: False
2026-03-25 08:05:23 | INFO | --- TREND ANALYSIS ---
2026-03-25 08:05:23 | INFO | Trend series: INSUFFICIENT DATA
2026-03-25 08:05:23 | INFO | Detected Trend Type: FLAT
2026-03-25 08:05:23 | INFO | Trend Slope Percentage: 0.00%
2026-03-25 08:05:23 | INFO | Trend EPS Threshold: 1.50%
2026-03-25 08:05:23 | INFO | --- SCHEDULE CALCULATION ---
2026-03-25 08:05:23 | INFO | Condition Applied: PRE_START
2026-03-25 08:05:23 | INFO | Effective Base Forecast Used for Adjustments: 0.000 MW
2026-03-25 08:05:23 | INFO | Condition-3: NOT APPLIED for this block path
2026-03-25 08:05:23 | INFO |   Final Adjustment %: 0.00%
2026-03-25 08:05:23 | INFO |   Formula (expanded): PRE_START: raw=0
2026-03-25 08:05:23 | INFO | --- FINAL RESULT ---
2026-03-25 08:05:23 | INFO | Raw Schedule (before smoothing): 0.000 MW
2026-03-25 08:05:23 | INFO | Final Scheduled MW: 0.000 MW
2026-03-25 08:05:23 | INFO | --------------------------------------------------------------------------------
2026-03-25 08:05:23 | INFO | --------------------------------------------------------------------------------
2026-03-25 08:05:23 | INFO | BLOCK 22
2026-03-25 08:05:23 | INFO | --------------------------------------------------------------------------------
2026-03-25 08:05:23 | INFO | --- FORECAST DATA ---
2026-03-25 08:05:23 | INFO | Intraday Forecast (Enercast Raw): 0.000 MW
2026-03-25 08:05:23 | INFO | Intraday Forecast (Enercast, Scaled): 0.000 MW
2026-03-25 08:05:23 | INFO | Day-ahead Forecast (Enercast): 0.000 MW
2026-03-25 08:05:23 | INFO | Base Forecast (raw, before curtailment/shutdown): 0.000 MW
2026-03-25 08:05:23 | INFO | Base Forecast (used for schedule): 0.000 MW
2026-03-25 08:05:23 | INFO | Effective Base Forecast (after curtailment/shutdown): 0.000 MW
2026-03-25 08:05:23 | INFO | Plant Status: NORMAL
2026-03-25 08:05:23 | INFO | Effective Base Forecast = Base Forecast (raw) = 0.000 MW
2026-03-25 08:05:23 | INFO | --- WEATHER PARAMETERS ---
2026-03-25 08:05:23 | INFO | GTI: 0.0 W/m^2
2026-03-25 08:05:23 | INFO | DHI: 0.0 W/m^2
2026-03-25 08:05:23 | INFO | DNI: 0.0 W/m^2
2026-03-25 08:05:23 | INFO | Irradiance Ratio (GTI/MAX_GTI): 0.000
2026-03-25 08:05:23 | INFO | Diffuse Ratio (current): 0.000
2026-03-25 08:05:23 | INFO | Irradiance State: OVERCAST
2026-03-25 08:05:23 | INFO | Temp @ 2m: 24.22 C
2026-03-25 08:05:23 | INFO | Wind @ 10m: 8.35 m/s
2026-03-25 08:05:23 | INFO | Weather State: NORMAL
2026-03-25 08:05:23 | INFO | Dynamic Thresholds: cloud_thr=0.1001, shift_thr=0.1041
2026-03-25 08:05:23 | INFO | Multipliers: irradiance=0.27x, temp=0.96x, wind=0.97x
2026-03-25 08:05:23 | INFO | Weather Multiplier (combined): 0.25x
2026-03-25 08:05:23 | INFO | Abrupt Weather Change Detected: False
2026-03-25 08:05:23 | INFO | --- TREND ANALYSIS ---
2026-03-25 08:05:23 | INFO | Trend series: INSUFFICIENT DATA
2026-03-25 08:05:23 | INFO | Detected Trend Type: FLAT
2026-03-25 08:05:23 | INFO | Trend Slope Percentage: 0.00%
2026-03-25 08:05:23 | INFO | Trend EPS Threshold: 1.50%
2026-03-25 08:05:23 | INFO | --- SCHEDULE CALCULATION ---
2026-03-25 08:05:23 | INFO | Condition Applied: PRE_START
2026-03-25 08:05:23 | INFO | Effective Base Forecast Used for Adjustments: 0.000 MW
2026-03-25 08:05:23 | INFO | Condition-3: NOT APPLIED for this block path
2026-03-25 08:05:23 | INFO |   Final Adjustment %: 0.00%
2026-03-25 08:05:23 | INFO |   Formula (expanded): PRE_START: raw=0
2026-03-25 08:05:23 | INFO | --- FINAL RESULT ---
2026-03-25 08:05:23 | INFO | Raw Schedule (before smoothing): 0.000 MW
2026-03-25 08:05:23 | INFO | Final Scheduled MW: 0.000 MW
2026-03-25 08:05:23 | INFO | --------------------------------------------------------------------------------
2026-03-25 08:05:23 | INFO | --------------------------------------------------------------------------------
2026-03-25 08:05:23 | INFO | BLOCK 23
2026-03-25 08:05:23 | INFO | --------------------------------------------------------------------------------
2026-03-25 08:05:23 | INFO | --- FORECAST DATA ---
2026-03-25 08:05:23 | INFO | Intraday Forecast (Enercast Raw): 0.000 MW
2026-03-25 08:05:23 | INFO | Intraday Forecast (Enercast, Scaled): 0.000 MW
2026-03-25 08:05:23 | INFO | Day-ahead Forecast (Enercast): 0.000 MW
2026-03-25 08:05:23 | INFO | Base Forecast (raw, before curtailment/shutdown): 0.000 MW
2026-03-25 08:05:23 | INFO | Base Forecast (used for schedule): 0.000 MW
2026-03-25 08:05:23 | INFO | Effective Base Forecast (after curtailment/shutdown): 0.000 MW
2026-03-25 08:05:23 | INFO | Plant Status: NORMAL
2026-03-25 08:05:23 | INFO | Effective Base Forecast = Base Forecast (raw) = 0.000 MW
2026-03-25 08:05:23 | INFO | --- WEATHER PARAMETERS ---
2026-03-25 08:05:23 | INFO | GTI: 0.0 W/m^2
2026-03-25 08:05:23 | INFO | DHI: 0.0 W/m^2
2026-03-25 08:05:23 | INFO | DNI: 0.0 W/m^2
2026-03-25 08:05:23 | INFO | Irradiance Ratio (GTI/MAX_GTI): 0.000
2026-03-25 08:05:23 | INFO | Diffuse Ratio (current): 0.000
2026-03-25 08:05:23 | INFO | Irradiance State: OVERCAST
2026-03-25 08:05:23 | INFO | Temp @ 2m: 24.12 C
2026-03-25 08:05:23 | INFO | Wind @ 10m: 8.71 m/s
2026-03-25 08:05:23 | INFO | Weather State: NORMAL
2026-03-25 08:05:23 | INFO | Dynamic Thresholds: cloud_thr=0.1001, shift_thr=0.1041
2026-03-25 08:05:23 | INFO | Multipliers: irradiance=0.27x, temp=0.96x, wind=0.97x
2026-03-25 08:05:23 | INFO | Weather Multiplier (combined): 0.25x
2026-03-25 08:05:23 | INFO | Abrupt Weather Change Detected: False
2026-03-25 08:05:23 | INFO | --- TREND ANALYSIS ---
2026-03-25 08:05:23 | INFO | Trend series: INSUFFICIENT DATA
2026-03-25 08:05:23 | INFO | Detected Trend Type: FLAT
2026-03-25 08:05:23 | INFO | Trend Slope Percentage: 0.00%
2026-03-25 08:05:23 | INFO | Trend EPS Threshold: 1.50%
2026-03-25 08:05:23 | INFO | --- SCHEDULE CALCULATION ---
2026-03-25 08:05:23 | INFO | Condition Applied: PRE_START
2026-03-25 08:05:23 | INFO | Effective Base Forecast Used for Adjustments: 0.000 MW
2026-03-25 08:05:23 | INFO | Condition-3: NOT APPLIED for this block path
2026-03-25 08:05:23 | INFO |   Final Adjustment %: 0.00%
2026-03-25 08:05:23 | INFO |   Formula (expanded): PRE_START: raw=0
2026-03-25 08:05:23 | INFO | --- FINAL RESULT ---
2026-03-25 08:05:23 | INFO | Raw Schedule (before smoothing): 0.000 MW
2026-03-25 08:05:23 | INFO | Final Scheduled MW: 0.000 MW
2026-03-25 08:05:23 | INFO | --------------------------------------------------------------------------------
2026-03-25 08:05:23 | INFO | --------------------------------------------------------------------------------
2026-03-25 08:05:23 | INFO | BLOCK 24
2026-03-25 08:05:23 | INFO | --------------------------------------------------------------------------------
2026-03-25 08:05:23 | INFO | --- FORECAST DATA ---
2026-03-25 08:05:23 | INFO | Intraday Forecast (Enercast Raw): 0.000 MW
2026-03-25 08:05:23 | INFO | Intraday Forecast (Enercast, Scaled): 0.000 MW
2026-03-25 08:05:23 | INFO | Day-ahead Forecast (Enercast): 0.000 MW
2026-03-25 08:05:23 | INFO | Base Forecast (raw, before curtailment/shutdown): 0.000 MW
2026-03-25 08:05:23 | INFO | Base Forecast (used for schedule): 0.000 MW
2026-03-25 08:05:23 | INFO | Effective Base Forecast (after curtailment/shutdown): 0.000 MW
2026-03-25 08:05:23 | INFO | Plant Status: NORMAL
2026-03-25 08:05:23 | INFO | Effective Base Forecast = Base Forecast (raw) = 0.000 MW
2026-03-25 08:05:23 | INFO | --- WEATHER PARAMETERS ---
2026-03-25 08:05:23 | INFO | GTI: 0.0 W/m^2
2026-03-25 08:05:23 | INFO | DHI: 0.0 W/m^2
2026-03-25 08:05:23 | INFO | DNI: 0.0 W/m^2
2026-03-25 08:05:23 | INFO | Irradiance Ratio (GTI/MAX_GTI): 0.000
2026-03-25 08:05:23 | INFO | Diffuse Ratio (current): 0.000
2026-03-25 08:05:23 | INFO | Irradiance State: OVERCAST
2026-03-25 08:05:23 | INFO | Temp @ 2m: 23.97 C
2026-03-25 08:05:23 | INFO | Wind @ 10m: 8.71 m/s
2026-03-25 08:05:23 | INFO | Weather State: NORMAL
2026-03-25 08:05:23 | INFO | Dynamic Thresholds: cloud_thr=0.1001, shift_thr=0.1041
2026-03-25 08:05:23 | INFO | Multipliers: irradiance=0.27x, temp=0.96x, wind=0.97x
2026-03-25 08:05:23 | INFO | Weather Multiplier (combined): 0.25x
2026-03-25 08:05:23 | INFO | Abrupt Weather Change Detected: False
2026-03-25 08:05:23 | INFO | --- TREND ANALYSIS ---
2026-03-25 08:05:23 | INFO | Trend series: INSUFFICIENT DATA
2026-03-25 08:05:23 | INFO | Detected Trend Type: FLAT
2026-03-25 08:05:23 | INFO | Trend Slope Percentage: 0.00%
2026-03-25 08:05:23 | INFO | Trend EPS Threshold: 1.50%
2026-03-25 08:05:23 | INFO | --- SCHEDULE CALCULATION ---
2026-03-25 08:05:23 | INFO | Condition Applied: PRE_START
2026-03-25 08:05:23 | INFO | Effective Base Forecast Used for Adjustments: 0.000 MW
2026-03-25 08:05:23 | INFO | Condition-3: NOT APPLIED for this block path
2026-03-25 08:05:23 | INFO |   Final Adjustment %: 0.00%
2026-03-25 08:05:23 | INFO |   Formula (expanded): PRE_START: raw=0
2026-03-25 08:05:23 | INFO | --- FINAL RESULT ---
2026-03-25 08:05:23 | INFO | Raw Schedule (before smoothing): 0.000 MW
2026-03-25 08:05:23 | INFO | Final Scheduled MW: 0.000 MW
2026-03-25 08:05:23 | INFO | --------------------------------------------------------------------------------
2026-03-25 08:05:23 | INFO | --------------------------------------------------------------------------------
2026-03-25 08:05:23 | INFO | BLOCK 25
2026-03-25 08:05:23 | INFO | --------------------------------------------------------------------------------
2026-03-25 08:05:23 | INFO | --- FORECAST DATA ---
2026-03-25 08:05:23 | INFO | Intraday Forecast (Enercast Raw): 0.000 MW
2026-03-25 08:05:23 | INFO | Intraday Forecast (Enercast, Scaled): 0.000 MW
2026-03-25 08:05:23 | INFO | Day-ahead Forecast (Enercast): 0.000 MW
2026-03-25 08:05:23 | INFO | Base Forecast (raw, before curtailment/shutdown): 0.000 MW
2026-03-25 08:05:23 | INFO | Base Forecast (used for schedule): 0.000 MW
2026-03-25 08:05:23 | INFO | Effective Base Forecast (after curtailment/shutdown): 0.000 MW
2026-03-25 08:05:23 | INFO | Plant Status: NORMAL
2026-03-25 08:05:23 | INFO | Effective Base Forecast = Base Forecast (raw) = 0.000 MW
2026-03-25 08:05:23 | INFO | --- WEATHER PARAMETERS ---
2026-03-25 08:05:23 | INFO | GTI: 0.0 W/m^2
2026-03-25 08:05:23 | INFO | DHI: 0.0 W/m^2
2026-03-25 08:05:23 | INFO | DNI: 0.0 W/m^2
2026-03-25 08:05:23 | INFO | Irradiance Ratio (GTI/MAX_GTI): 0.000
2026-03-25 08:05:23 | INFO | Diffuse Ratio (current): 0.000
2026-03-25 08:05:23 | INFO | Irradiance State: OVERCAST
2026-03-25 08:05:23 | INFO | Temp @ 2m: 23.82 C
2026-03-25 08:05:23 | INFO | Wind @ 10m: 8.67 m/s
2026-03-25 08:05:23 | INFO | Weather State: NORMAL
2026-03-25 08:05:23 | INFO | Dynamic Thresholds: cloud_thr=0.1001, shift_thr=0.1041
2026-03-25 08:05:23 | INFO | Multipliers: irradiance=0.27x, temp=0.96x, wind=0.97x
2026-03-25 08:05:23 | INFO | Weather Multiplier (combined): 0.25x
2026-03-25 08:05:23 | INFO | Abrupt Weather Change Detected: False
2026-03-25 08:05:23 | INFO | --- TREND ANALYSIS ---
2026-03-25 08:05:23 | INFO | Trend series: INSUFFICIENT DATA
2026-03-25 08:05:23 | INFO | Detected Trend Type: FLAT
2026-03-25 08:05:23 | INFO | Trend Slope Percentage: 0.00%
2026-03-25 08:05:23 | INFO | Trend EPS Threshold: 1.50%
2026-03-25 08:05:23 | INFO | --- SCHEDULE CALCULATION ---
2026-03-25 08:05:23 | INFO | Condition Applied: PRE_START
2026-03-25 08:05:23 | INFO | Effective Base Forecast Used for Adjustments: 0.000 MW
2026-03-25 08:05:23 | INFO | Condition-3: NOT APPLIED for this block path
2026-03-25 08:05:23 | INFO |   Final Adjustment %: 0.00%
2026-03-25 08:05:23 | INFO |   Formula (expanded): PRE_START: raw=0
2026-03-25 08:05:23 | INFO | --- FINAL RESULT ---
2026-03-25 08:05:23 | INFO | Raw Schedule (before smoothing): 0.000 MW
2026-03-25 08:05:23 | INFO | Final Scheduled MW: 0.000 MW
2026-03-25 08:05:23 | INFO | --------------------------------------------------------------------------------
2026-03-25 08:05:23 | INFO | --------------------------------------------------------------------------------
2026-03-25 08:05:23 | INFO | BLOCK 26
2026-03-25 08:05:23 | INFO | --------------------------------------------------------------------------------
2026-03-25 08:05:23 | INFO | --- FORECAST DATA ---
2026-03-25 08:05:23 | INFO | Intraday Forecast (Enercast Raw): 0.000 MW
2026-03-25 08:05:23 | INFO | Intraday Forecast (Enercast, Scaled): 0.000 MW
2026-03-25 08:05:23 | INFO | Day-ahead Forecast (Enercast): 0.000 MW
2026-03-25 08:05:23 | INFO | Base Forecast (raw, before curtailment/shutdown): 0.000 MW
2026-03-25 08:05:23 | INFO | Base Forecast (used for schedule): 0.000 MW
2026-03-25 08:05:23 | INFO | Effective Base Forecast (after curtailment/shutdown): 0.000 MW
2026-03-25 08:05:23 | INFO | Plant Status: NORMAL
2026-03-25 08:05:23 | INFO | Effective Base Forecast = Base Forecast (raw) = 0.000 MW
2026-03-25 08:05:23 | INFO | --- WEATHER PARAMETERS ---
2026-03-25 08:05:23 | INFO | GTI: 0.0 W/m^2
2026-03-25 08:05:23 | INFO | DHI: 0.0 W/m^2
2026-03-25 08:05:23 | INFO | DNI: 0.0 W/m^2
2026-03-25 08:05:23 | INFO | Irradiance Ratio (GTI/MAX_GTI): 0.000
2026-03-25 08:05:23 | INFO | Diffuse Ratio (current): 0.000
2026-03-25 08:05:23 | INFO | Irradiance State: OVERCAST
2026-03-25 08:05:23 | INFO | Temp @ 2m: 23.72 C
2026-03-25 08:05:23 | INFO | Wind @ 10m: 8.29 m/s
2026-03-25 08:05:23 | INFO | Weather State: NORMAL
2026-03-25 08:05:23 | INFO | Dynamic Thresholds: cloud_thr=0.1001, shift_thr=0.1041
2026-03-25 08:05:23 | INFO | Multipliers: irradiance=0.27x, temp=0.96x, wind=0.97x
2026-03-25 08:05:23 | INFO | Weather Multiplier (combined): 0.25x
2026-03-25 08:05:23 | INFO | Abrupt Weather Change Detected: False
2026-03-25 08:05:23 | INFO | --- TREND ANALYSIS ---
2026-03-25 08:05:23 | INFO | Trend series: INSUFFICIENT DATA
2026-03-25 08:05:23 | INFO | Detected Trend Type: FLAT
2026-03-25 08:05:23 | INFO | Trend Slope Percentage: 0.00%
2026-03-25 08:05:23 | INFO | Trend EPS Threshold: 1.50%
2026-03-25 08:05:23 | INFO | --- SCHEDULE CALCULATION ---
2026-03-25 08:05:23 | INFO | Condition Applied: PRE_START
2026-03-25 08:05:23 | INFO | Effective Base Forecast Used for Adjustments: 0.000 MW
2026-03-25 08:05:23 | INFO | Condition-3: NOT APPLIED for this block path
2026-03-25 08:05:23 | INFO |   Final Adjustment %: 0.00%
2026-03-25 08:05:23 | INFO |   Formula (expanded): PRE_START: raw=0
2026-03-25 08:05:23 | INFO | --- FINAL RESULT ---
2026-03-25 08:05:23 | INFO | Raw Schedule (before smoothing): 0.000 MW
2026-03-25 08:05:23 | INFO | Final Scheduled MW: 0.000 MW
2026-03-25 08:05:23 | INFO | --------------------------------------------------------------------------------
2026-03-25 08:05:23 | INFO | --------------------------------------------------------------------------------
2026-03-25 08:05:23 | INFO | BLOCK 27
2026-03-25 08:05:23 | INFO | --------------------------------------------------------------------------------
2026-03-25 08:05:23 | INFO | --- FORECAST DATA ---
2026-03-25 08:05:23 | INFO | Intraday Forecast (Enercast Raw): 0.040 MW
2026-03-25 08:05:23 | INFO | Intraday Forecast (Enercast, Scaled): 0.040 MW
2026-03-25 08:05:23 | INFO | Day-ahead Forecast (Enercast): 0.040 MW
2026-03-25 08:05:23 | INFO | Base Forecast (raw, before curtailment/shutdown): 0.000 MW
2026-03-25 08:05:23 | INFO | Base Forecast (used for schedule): 0.000 MW
2026-03-25 08:05:23 | INFO | Effective Base Forecast (after curtailment/shutdown): 0.000 MW
2026-03-25 08:05:23 | INFO | Plant Status: NORMAL
2026-03-25 08:05:23 | INFO | Effective Base Forecast = Base Forecast (raw) = 0.000 MW
2026-03-25 08:05:23 | INFO | --- WEATHER PARAMETERS ---
2026-03-25 08:05:23 | INFO | GTI: 0.0 W/m^2
2026-03-25 08:05:23 | INFO | DHI: 0.0 W/m^2
2026-03-25 08:05:23 | INFO | DNI: 0.0 W/m^2
2026-03-25 08:05:23 | INFO | Irradiance Ratio (GTI/MAX_GTI): 0.000
2026-03-25 08:05:23 | INFO | Diffuse Ratio (current): 0.000
2026-03-25 08:05:23 | INFO | Irradiance State: OVERCAST
2026-03-25 08:05:23 | INFO | Temp @ 2m: 23.72 C
2026-03-25 08:05:23 | INFO | Wind @ 10m: 8.29 m/s
2026-03-25 08:05:23 | INFO | Weather State: NORMAL
2026-03-25 08:05:23 | INFO | Dynamic Thresholds: cloud_thr=0.1001, shift_thr=0.1041
2026-03-25 08:05:23 | INFO | Multipliers: irradiance=0.27x, temp=0.96x, wind=0.97x
2026-03-25 08:05:23 | INFO | Weather Multiplier (combined): 0.25x
2026-03-25 08:05:23 | INFO | Abrupt Weather Change Detected: False
2026-03-25 08:05:23 | INFO | --- TREND ANALYSIS ---
2026-03-25 08:05:23 | INFO | Trend series: INSUFFICIENT DATA
2026-03-25 08:05:23 | INFO | Detected Trend Type: FLAT
2026-03-25 08:05:23 | INFO | Trend Slope Percentage: 0.00%
2026-03-25 08:05:23 | INFO | Trend EPS Threshold: 1.50%
2026-03-25 08:05:23 | INFO | --- SCHEDULE CALCULATION ---
2026-03-25 08:05:23 | INFO | Condition Applied: PRE_START
2026-03-25 08:05:23 | INFO | Effective Base Forecast Used for Adjustments: 0.000 MW
2026-03-25 08:05:23 | INFO | Condition-3: NOT APPLIED for this block path
2026-03-25 08:05:23 | INFO |   Final Adjustment %: 0.00%
2026-03-25 08:05:23 | INFO |   Formula (expanded): PRE_START: raw=0
2026-03-25 08:05:23 | INFO | --- FINAL RESULT ---
2026-03-25 08:05:23 | INFO | Raw Schedule (before smoothing): 0.000 MW
2026-03-25 08:05:23 | INFO | Final Scheduled MW: 0.000 MW
2026-03-25 08:05:23 | INFO | --------------------------------------------------------------------------------
2026-03-25 08:05:23 | INFO | --------------------------------------------------------------------------------
2026-03-25 08:05:23 | INFO | BLOCK 28
2026-03-25 08:05:23 | INFO | --------------------------------------------------------------------------------
2026-03-25 08:05:23 | INFO | --- FORECAST DATA ---
2026-03-25 08:05:23 | INFO | Intraday Forecast (Enercast Raw): 0.390 MW
2026-03-25 08:05:23 | INFO | Intraday Forecast (Enercast, Scaled): 0.390 MW
2026-03-25 08:05:23 | INFO | Day-ahead Forecast (Enercast): 0.410 MW
2026-03-25 08:05:23 | INFO | Base Forecast (raw, before curtailment/shutdown): 0.351 MW
2026-03-25 08:05:23 | INFO | Base Forecast (used for schedule): 0.351 MW
2026-03-25 08:05:23 | INFO | Effective Base Forecast (after curtailment/shutdown): 0.351 MW
2026-03-25 08:05:23 | INFO | Plant Status: NORMAL
2026-03-25 08:05:23 | INFO | Effective Base Forecast = Base Forecast (raw) = 0.351 MW
2026-03-25 08:05:23 | INFO | --- WEATHER PARAMETERS ---
2026-03-25 08:05:23 | INFO | GTI: 9.0 W/m^2
2026-03-25 08:05:23 | INFO | DHI: 5.0 W/m^2
2026-03-25 08:05:23 | INFO | DNI: 0.0 W/m^2
2026-03-25 08:05:23 | INFO | Irradiance Ratio (GTI/MAX_GTI): 0.009
2026-03-25 08:05:23 | INFO | Diffuse Ratio (current): 0.100
2026-03-25 08:05:23 | INFO | Irradiance State: OVERCAST
2026-03-25 08:05:23 | INFO | Temp @ 2m: 23.87 C
2026-03-25 08:05:23 | INFO | Wind @ 10m: 7.93 m/s
2026-03-25 08:05:23 | INFO | Weather State: NORMAL
2026-03-25 08:05:23 | INFO | Dynamic Thresholds: cloud_thr=0.1001, shift_thr=0.1041
2026-03-25 08:05:23 | INFO | Multipliers: irradiance=0.27x, temp=0.96x, wind=0.97x
2026-03-25 08:05:23 | INFO | Weather Multiplier (combined): 0.25x
2026-03-25 08:05:23 | INFO | Abrupt Weather Change Detected: False
2026-03-25 08:05:23 | INFO | --- TREND ANALYSIS ---
2026-03-25 08:05:23 | INFO | Trend series: INSUFFICIENT DATA
2026-03-25 08:05:23 | INFO | Detected Trend Type: FLAT
2026-03-25 08:05:23 | INFO | Trend Slope Percentage: 0.00%
2026-03-25 08:05:23 | INFO | Trend EPS Threshold: 1.50%
2026-03-25 08:05:23 | INFO | --- SCHEDULE CALCULATION ---
2026-03-25 08:05:23 | INFO | Condition Applied: SUNSET_CLAMP
2026-03-25 08:05:23 | INFO | Effective Base Forecast Used for Adjustments: 0.351 MW
2026-03-25 08:05:23 | INFO | Condition-3: NOT APPLIED for this block path
2026-03-25 08:05:23 | INFO |   Final Adjustment %: 0.00%
2026-03-25 08:05:23 | INFO |   Formula (expanded): SUNSET_CLAMP: GTI=9.000 < 0.02*MAX_GTI=19.120 => raw=0
2026-03-25 08:05:23 | INFO | --- FINAL RESULT ---
2026-03-25 08:05:23 | INFO | Raw Schedule (before smoothing): 0.000 MW
2026-03-25 08:05:23 | INFO | Final Scheduled MW: 0.000 MW
2026-03-25 08:05:23 | INFO | --------------------------------------------------------------------------------
2026-03-25 08:05:23 | INFO | Low GTI ratio (0.038) -> base_forecast damped by 0.85
2026-03-25 08:05:23 | INFO | --------------------------------------------------------------------------------
2026-03-25 08:05:23 | INFO | BLOCK 29
2026-03-25 08:05:23 | INFO | --------------------------------------------------------------------------------
2026-03-25 08:05:23 | INFO | --- FORECAST DATA ---
2026-03-25 08:05:23 | INFO | Intraday Forecast (Enercast Raw): 0.850 MW
2026-03-25 08:05:23 | INFO | Intraday Forecast (Enercast, Scaled): 0.850 MW
2026-03-25 08:05:23 | INFO | Day-ahead Forecast (Enercast): 0.870 MW
2026-03-25 08:05:23 | INFO | Base Forecast (raw, before curtailment/shutdown): 0.765 MW
2026-03-25 08:05:23 | INFO | Base Forecast (used for schedule): 0.650 MW
2026-03-25 08:05:23 | INFO | Effective Base Forecast (after curtailment/shutdown): 0.650 MW
2026-03-25 08:05:23 | INFO | Plant Status: NORMAL
2026-03-25 08:05:23 | INFO | Effective Base Forecast = Base Forecast (raw) = 0.650 MW
2026-03-25 08:05:23 | INFO | --- WEATHER PARAMETERS ---
2026-03-25 08:05:23 | INFO | GTI: 36.0 W/m^2
2026-03-25 08:05:23 | INFO | DHI: 18.0 W/m^2
2026-03-25 08:05:23 | INFO | DNI: 0.0 W/m^2
2026-03-25 08:05:23 | INFO | Irradiance Ratio (GTI/MAX_GTI): 0.038
2026-03-25 08:05:23 | INFO | Diffuse Ratio (current): 0.360
2026-03-25 08:05:23 | INFO | Irradiance State: OVERCAST
2026-03-25 08:05:23 | INFO | Temp @ 2m: 24.17 C
2026-03-25 08:05:23 | INFO | Wind @ 10m: 7.93 m/s
2026-03-25 08:05:23 | INFO | Weather State: NORMAL
2026-03-25 08:05:23 | INFO | Dynamic Thresholds: cloud_thr=0.1001, shift_thr=0.1041
2026-03-25 08:05:23 | INFO | Multipliers: irradiance=0.27x, temp=0.96x, wind=0.97x
2026-03-25 08:05:23 | INFO | Weather Multiplier (combined): 0.25x
2026-03-25 08:05:23 | INFO | Abrupt Weather Change Detected: False
2026-03-25 08:05:23 | INFO | --- TREND ANALYSIS ---
2026-03-25 08:05:23 | INFO | Trend series (oldest -> latest):
2026-03-25 08:05:23 | INFO |   Block 28: 0.390 MW (source: INTRADAY_FALLBACK)
2026-03-25 08:05:23 | INFO |   Block 27: 0.040 MW (source: INTRADAY_FALLBACK)
2026-03-25 08:05:23 | INFO |   Block 26: 0.000 MW (source: INTRADAY_FALLBACK)
2026-03-25 08:05:23 | INFO |   Block 25: 0.000 MW (source: INTRADAY_FALLBACK)
2026-03-25 08:05:23 | INFO | Trend values used for slope calc: B28=0.390(INTRADAY_FALLBACK), B27=0.040(INTRADAY_FALLBACK), B26=0.000(INTRADAY_FALLBACK), B25=0.000(INTRADAY_FALLBACK)
2026-03-25 08:05:23 | INFO | Detected Trend Type: FLAT
2026-03-25 08:05:23 | INFO | Trend Slope Percentage: 0.00%
2026-03-25 08:05:23 | INFO | Trend EPS Threshold: 1.50%
2026-03-25 08:05:23 | INFO | --- SCHEDULE CALCULATION ---
2026-03-25 08:05:23 | INFO | Condition Applied: CONDITION_3
2026-03-25 08:05:23 | INFO | Effective Base Forecast Used for Adjustments: 0.650 MW
2026-03-25 08:05:23 | INFO | Condition-3 (Phase-6) Applied:
2026-03-25 08:05:23 | INFO |   Forecast Mismatch: Intraday (0.850) != Day-ahead (0.870)
2026-03-25 08:05:23 | INFO |   Operation: ADD
2026-03-25 08:05:23 | INFO |   Base Adjustment %: 0.00%
2026-03-25 08:05:23 | INFO |   Irradiance Multiplier: 0.27x
2026-03-25 08:05:23 | INFO |   Temp Multiplier: 0.96x
2026-03-25 08:05:23 | INFO |   Wind Multiplier: 0.97x
2026-03-25 08:05:23 | INFO |   Weather Multiplier: 1.00x
2026-03-25 08:05:23 | INFO |   Final Adjustment %: 0.00%
2026-03-25 08:05:23 | INFO |   Calculation: 0.650 MW * (1 + 0.00% / 100)
2026-03-25 08:05:23 | INFO |   Formula (expanded): raw=0.6502*(1+0.0000/100)=0.6502
2026-03-25 08:05:23 | INFO | --- FINAL RESULT ---
2026-03-25 08:05:23 | INFO | Raw Schedule (before smoothing): 0.650 MW
2026-03-25 08:05:23 | INFO | Final Scheduled MW: 0.650 MW
2026-03-25 08:05:23 | INFO | --------------------------------------------------------------------------------
2026-03-25 08:05:23 | INFO | Low GTI ratio (0.068) -> base_forecast damped by 0.85
2026-03-25 08:05:23 | INFO | --------------------------------------------------------------------------------
2026-03-25 08:05:23 | INFO | BLOCK 30
2026-03-25 08:05:23 | INFO | --------------------------------------------------------------------------------
2026-03-25 08:05:23 | INFO | --- FORECAST DATA ---
2026-03-25 08:05:23 | INFO | Intraday Forecast (Enercast Raw): 1.580 MW
2026-03-25 08:05:23 | INFO | Intraday Forecast (Enercast, Scaled): 1.580 MW
2026-03-25 08:05:23 | INFO | Day-ahead Forecast (Enercast): 1.500 MW
2026-03-25 08:05:23 | INFO | Base Forecast (raw, before curtailment/shutdown): 1.422 MW
2026-03-25 08:05:23 | INFO | Base Forecast (used for schedule): 1.209 MW
2026-03-25 08:05:23 | INFO | Effective Base Forecast (after curtailment/shutdown): 1.209 MW
2026-03-25 08:05:23 | INFO | Plant Status: NORMAL
2026-03-25 08:05:23 | INFO | Effective Base Forecast = Base Forecast (raw) = 1.209 MW
2026-03-25 08:05:23 | INFO | --- WEATHER PARAMETERS ---
2026-03-25 08:05:23 | INFO | GTI: 65.0 W/m^2
2026-03-25 08:05:23 | INFO | DHI: 33.0 W/m^2
2026-03-25 08:05:23 | INFO | DNI: 0.0 W/m^2
2026-03-25 08:05:23 | INFO | Irradiance Ratio (GTI/MAX_GTI): 0.068
2026-03-25 08:05:23 | INFO | Diffuse Ratio (current): 0.508
2026-03-25 08:05:23 | INFO | Irradiance State: OVERCAST
2026-03-25 08:05:23 | INFO | Temp @ 2m: 24.52 C
2026-03-25 08:05:23 | INFO | Wind @ 10m: 7.59 m/s
2026-03-25 08:05:23 | INFO | Weather State: NORMAL
2026-03-25 08:05:23 | INFO | Dynamic Thresholds: cloud_thr=0.1001, shift_thr=0.1041
2026-03-25 08:05:23 | INFO | Multipliers: irradiance=0.27x, temp=0.96x, wind=0.97x
2026-03-25 08:05:23 | INFO | Weather Multiplier (combined): 0.25x
2026-03-25 08:05:23 | INFO | Abrupt Weather Change Detected: False
2026-03-25 08:05:23 | INFO | --- TREND ANALYSIS ---
2026-03-25 08:05:23 | INFO | Trend series (oldest -> latest):
2026-03-25 08:05:23 | INFO |   Block 29: 0.850 MW (source: INTRADAY_FALLBACK)
2026-03-25 08:05:23 | INFO |   Block 28: 0.390 MW (source: INTRADAY_FALLBACK)
2026-03-25 08:05:23 | INFO |   Block 27: 0.040 MW (source: INTRADAY_FALLBACK)
2026-03-25 08:05:23 | INFO |   Block 26: 0.000 MW (source: INTRADAY_FALLBACK)
2026-03-25 08:05:23 | INFO | Trend values used for slope calc: B29=0.850(INTRADAY_FALLBACK), B28=0.390(INTRADAY_FALLBACK), B27=0.040(INTRADAY_FALLBACK), B26=0.000(INTRADAY_FALLBACK)
2026-03-25 08:05:23 | INFO | Detected Trend Type: FLAT
2026-03-25 08:05:23 | INFO | Trend Slope Percentage: 0.00%
2026-03-25 08:05:23 | INFO | Trend EPS Threshold: 1.50%
2026-03-25 08:05:23 | INFO | --- SCHEDULE CALCULATION ---
2026-03-25 08:05:23 | INFO | Condition Applied: CONDITION_3
2026-03-25 08:05:23 | INFO | Effective Base Forecast Used for Adjustments: 1.209 MW
2026-03-25 08:05:23 | INFO | Condition-3 (Phase-6) Applied:
2026-03-25 08:05:23 | INFO |   Forecast Mismatch: Intraday (1.580) != Day-ahead (1.500)
2026-03-25 08:05:23 | INFO |   Operation: ADD
2026-03-25 08:05:23 | INFO |   Base Adjustment %: 0.00%
2026-03-25 08:05:23 | INFO |   Irradiance Multiplier: 0.27x
2026-03-25 08:05:23 | INFO |   Temp Multiplier: 0.96x
2026-03-25 08:05:23 | INFO |   Wind Multiplier: 0.97x
2026-03-25 08:05:23 | INFO |   Weather Multiplier: 1.00x
2026-03-25 08:05:23 | INFO |   Final Adjustment %: 0.00%
2026-03-25 08:05:23 | INFO |   Calculation: 1.209 MW * (1 + 0.00% / 100)
2026-03-25 08:05:23 | INFO |   Formula (expanded): raw=1.2087*(1+0.0000/100)=1.2087
2026-03-25 08:05:23 | INFO | --- FINAL RESULT ---
2026-03-25 08:05:23 | INFO | Raw Schedule (before smoothing): 1.209 MW
2026-03-25 08:05:23 | INFO | Final Scheduled MW: 1.209 MW
2026-03-25 08:05:23 | INFO | --------------------------------------------------------------------------------
2026-03-25 08:05:23 | INFO | Low GTI ratio (0.106) -> base_forecast damped by 0.85
2026-03-25 08:05:23 | INFO | --------------------------------------------------------------------------------
2026-03-25 08:05:23 | INFO | BLOCK 31
2026-03-25 08:05:23 | INFO | --------------------------------------------------------------------------------
2026-03-25 08:05:23 | INFO | --- FORECAST DATA ---
2026-03-25 08:05:23 | INFO | Intraday Forecast (Enercast Raw): 2.460 MW
2026-03-25 08:05:23 | INFO | Intraday Forecast (Enercast, Scaled): 2.460 MW
2026-03-25 08:05:23 | INFO | Day-ahead Forecast (Enercast): 2.350 MW
2026-03-25 08:05:23 | INFO | Base Forecast (raw, before curtailment/shutdown): 2.214 MW
2026-03-25 08:05:23 | INFO | Base Forecast (used for schedule): 1.882 MW
2026-03-25 08:05:23 | INFO | Effective Base Forecast (after curtailment/shutdown): 1.882 MW
2026-03-25 08:05:23 | INFO | Plant Status: NORMAL
2026-03-25 08:05:23 | INFO | Effective Base Forecast = Base Forecast (raw) = 1.882 MW
2026-03-25 08:05:23 | INFO | --- WEATHER PARAMETERS ---
2026-03-25 08:05:23 | INFO | GTI: 101.0 W/m^2
2026-03-25 08:05:23 | INFO | DHI: 52.0 W/m^2
2026-03-25 08:05:23 | INFO | DNI: 0.0 W/m^2
2026-03-25 08:05:23 | INFO | Irradiance Ratio (GTI/MAX_GTI): 0.106
2026-03-25 08:05:23 | INFO | Diffuse Ratio (current): 0.515
2026-03-25 08:05:23 | INFO | Irradiance State: OVERCAST
2026-03-25 08:05:23 | INFO | Temp @ 2m: 24.92 C
2026-03-25 08:05:23 | INFO | Wind @ 10m: 7.95 m/s
2026-03-25 08:05:23 | INFO | Weather State: NORMAL
2026-03-25 08:05:23 | INFO | Dynamic Thresholds: cloud_thr=0.1001, shift_thr=0.1041
2026-03-25 08:05:23 | INFO | Multipliers: irradiance=0.27x, temp=0.96x, wind=0.97x
2026-03-25 08:05:23 | INFO | Weather Multiplier (combined): 0.25x
2026-03-25 08:05:23 | INFO | Abrupt Weather Change Detected: False
2026-03-25 08:05:23 | INFO | --- TREND ANALYSIS ---
2026-03-25 08:05:23 | INFO | Trend series (oldest -> latest):
2026-03-25 08:05:23 | INFO |   Block 30: 1.580 MW (source: INTRADAY_FALLBACK)
2026-03-25 08:05:23 | INFO |   Block 29: 0.850 MW (source: INTRADAY_FALLBACK)
2026-03-25 08:05:23 | INFO |   Block 28: 0.390 MW (source: INTRADAY_FALLBACK)
2026-03-25 08:05:23 | INFO |   Block 27: 0.040 MW (source: INTRADAY_FALLBACK)
2026-03-25 08:05:23 | INFO | Trend values used for slope calc: B30=1.580(INTRADAY_FALLBACK), B29=0.850(INTRADAY_FALLBACK), B28=0.390(INTRADAY_FALLBACK), B27=0.040(INTRADAY_FALLBACK)
2026-03-25 08:05:23 | INFO | Detected Trend Type: FLAT
2026-03-25 08:05:23 | INFO | Trend Slope Percentage: 0.00%
2026-03-25 08:05:23 | INFO | Trend EPS Threshold: 1.50%
2026-03-25 08:05:23 | INFO | --- SCHEDULE CALCULATION ---
2026-03-25 08:05:23 | INFO | Condition Applied: CONDITION_3
2026-03-25 08:05:23 | INFO | Effective Base Forecast Used for Adjustments: 1.882 MW
2026-03-25 08:05:23 | INFO | Condition-3 (Phase-6) Applied:
2026-03-25 08:05:23 | INFO |   Forecast Mismatch: Intraday (2.460) != Day-ahead (2.350)
2026-03-25 08:05:23 | INFO |   Operation: ADD
2026-03-25 08:05:23 | INFO |   Base Adjustment %: 0.00%
2026-03-25 08:05:23 | INFO |   Irradiance Multiplier: 0.27x
2026-03-25 08:05:23 | INFO |   Temp Multiplier: 0.96x
2026-03-25 08:05:23 | INFO |   Wind Multiplier: 0.97x
2026-03-25 08:05:23 | INFO |   Weather Multiplier: 1.00x
2026-03-25 08:05:23 | INFO |   Final Adjustment %: 0.00%
2026-03-25 08:05:23 | INFO |   Calculation: 1.882 MW * (1 + 0.00% / 100)
2026-03-25 08:05:23 | INFO |   Formula (expanded): raw=1.8819*(1+0.0000/100)=1.8819
2026-03-25 08:05:23 | INFO | --- FINAL RESULT ---
2026-03-25 08:05:23 | INFO | Raw Schedule (before smoothing): 1.882 MW
2026-03-25 08:05:23 | INFO | Final Scheduled MW: 1.882 MW
2026-03-25 08:05:23 | INFO | --------------------------------------------------------------------------------
2026-03-25 08:05:23 | INFO | --------------------------------------------------------------------------------
2026-03-25 08:05:23 | INFO | BLOCK 32
2026-03-25 08:05:23 | INFO | --------------------------------------------------------------------------------
2026-03-25 08:05:23 | INFO | --- FORECAST DATA ---
2026-03-25 08:05:23 | INFO | Intraday Forecast (Enercast Raw): 3.450 MW
2026-03-25 08:05:23 | INFO | Intraday Forecast (Enercast, Scaled): 3.450 MW
2026-03-25 08:05:23 | INFO | Day-ahead Forecast (Enercast): 3.320 MW
2026-03-25 08:05:23 | INFO | Base Forecast (raw, before curtailment/shutdown): 3.105 MW
2026-03-25 08:05:23 | INFO | Base Forecast (used for schedule): 3.105 MW
2026-03-25 08:05:23 | INFO | Effective Base Forecast (after curtailment/shutdown): 3.105 MW
2026-03-25 08:05:23 | INFO | Plant Status: NORMAL
2026-03-25 08:05:23 | INFO | Effective Base Forecast = Base Forecast (raw) = 3.105 MW
2026-03-25 08:05:23 | INFO | --- WEATHER PARAMETERS ---
2026-03-25 08:05:23 | INFO | GTI: 144.0 W/m^2
2026-03-25 08:05:23 | INFO | DHI: 74.0 W/m^2
2026-03-25 08:05:23 | INFO | DNI: 0.0 W/m^2
2026-03-25 08:05:23 | INFO | Irradiance Ratio (GTI/MAX_GTI): 0.151
2026-03-25 08:05:23 | INFO | Diffuse Ratio (current): 0.514
2026-03-25 08:05:23 | INFO | Irradiance State: OVERCAST
2026-03-25 08:05:23 | INFO | Temp @ 2m: 25.42 C
2026-03-25 08:05:23 | INFO | Wind @ 10m: 8.71 m/s
2026-03-25 08:05:23 | INFO | Weather State: NORMAL
2026-03-25 08:05:23 | INFO | Dynamic Thresholds: cloud_thr=0.1001, shift_thr=0.1041
2026-03-25 08:05:23 | INFO | Multipliers: irradiance=0.27x, temp=0.92x, wind=0.97x
2026-03-25 08:05:23 | INFO | Weather Multiplier (combined): 0.24x
2026-03-25 08:05:23 | INFO | Abrupt Weather Change Detected: False
2026-03-25 08:05:23 | INFO | --- TREND ANALYSIS ---
2026-03-25 08:05:23 | INFO | Trend series (oldest -> latest):
2026-03-25 08:05:23 | INFO |   Block 31: 2.460 MW (source: INTRADAY_FALLBACK)
2026-03-25 08:05:23 | INFO |   Block 30: 1.580 MW (source: INTRADAY_FALLBACK)
2026-03-25 08:05:23 | INFO |   Block 29: 0.850 MW (source: INTRADAY_FALLBACK)
2026-03-25 08:05:23 | INFO |   Block 28: 0.390 MW (source: INTRADAY_FALLBACK)
2026-03-25 08:05:23 | INFO | Trend values used for slope calc: B31=2.460(INTRADAY_FALLBACK), B30=1.580(INTRADAY_FALLBACK), B29=0.850(INTRADAY_FALLBACK), B28=0.390(INTRADAY_FALLBACK)
2026-03-25 08:05:23 | INFO | Detected Trend Type: INCREASING
2026-03-25 08:05:23 | INFO | Trend Slope Percentage: 746.24%
2026-03-25 08:05:23 | INFO | Trend EPS Threshold: 1.50%
2026-03-25 08:05:23 | INFO | --- SCHEDULE CALCULATION ---
2026-03-25 08:05:23 | INFO | Condition Applied: CONDITION_3
2026-03-25 08:05:23 | INFO | Effective Base Forecast Used for Adjustments: 3.105 MW
2026-03-25 08:05:23 | INFO | Condition-3 (Phase-6) Applied:
2026-03-25 08:05:23 | INFO |   Forecast Mismatch: Intraday (3.450) != Day-ahead (3.320)
2026-03-25 08:05:23 | INFO |   Operation: ADD
2026-03-25 08:05:23 | INFO |   Base Adjustment %: 3.00%
2026-03-25 08:05:23 | INFO |   Irradiance Multiplier: 0.27x
2026-03-25 08:05:23 | INFO |   Temp Multiplier: 0.92x
2026-03-25 08:05:23 | INFO |   Wind Multiplier: 0.97x
2026-03-25 08:05:23 | INFO |   Weather Multiplier: 0.24x
2026-03-25 08:05:23 | INFO |   Final Adjustment %: 0.72%
2026-03-25 08:05:23 | INFO |   Calculation: 3.105 MW * (1 + 0.72% / 100)
2026-03-25 08:05:23 | INFO |   Formula (expanded): raw=3.1050*(1+0.7228/100)=3.1274
2026-03-25 08:05:23 | INFO | --- FINAL RESULT ---
2026-03-25 08:05:23 | INFO | Raw Schedule (before smoothing): 3.127 MW
2026-03-25 08:05:23 | INFO | Final Scheduled MW: 3.127 MW
2026-03-25 08:05:23 | INFO | --------------------------------------------------------------------------------
2026-03-25 08:05:23 | INFO | --------------------------------------------------------------------------------
2026-03-25 08:05:23 | INFO | BLOCK 33
2026-03-25 08:05:23 | INFO | --------------------------------------------------------------------------------
2026-03-25 08:05:23 | INFO | --- FORECAST DATA ---
2026-03-25 08:05:23 | INFO | Intraday Forecast (Enercast Raw): 4.500 MW
2026-03-25 08:05:23 | INFO | Intraday Forecast (Enercast, Scaled): 4.500 MW
2026-03-25 08:05:23 | INFO | Day-ahead Forecast (Enercast): 4.360 MW
2026-03-25 08:05:23 | INFO | Base Forecast (raw, before curtailment/shutdown): 4.050 MW
2026-03-25 08:05:23 | INFO | Base Forecast (used for schedule): 4.050 MW
2026-03-25 08:05:23 | INFO | Effective Base Forecast (after curtailment/shutdown): 4.050 MW
2026-03-25 08:05:23 | INFO | Plant Status: NORMAL
2026-03-25 08:05:23 | INFO | Effective Base Forecast = Base Forecast (raw) = 4.050 MW
2026-03-25 08:05:23 | INFO | --- WEATHER PARAMETERS ---
2026-03-25 08:05:23 | INFO | GTI: 192.0 W/m^2
2026-03-25 08:05:23 | INFO | DHI: 98.0 W/m^2
2026-03-25 08:05:23 | INFO | DNI: 0.0 W/m^2
2026-03-25 08:05:23 | INFO | Irradiance Ratio (GTI/MAX_GTI): 0.201
2026-03-25 08:05:23 | INFO | Diffuse Ratio (current): 0.510
2026-03-25 08:05:23 | INFO | Irradiance State: CLOUD_TRANSIENT
2026-03-25 08:05:23 | INFO | Temp @ 2m: 26.02 C
2026-03-25 08:05:23 | INFO | Wind @ 10m: 9.83 m/s
2026-03-25 08:05:23 | INFO | Weather State: ABRUPT
2026-03-25 08:05:23 | INFO | Dynamic Thresholds: cloud_thr=0.1001, shift_thr=0.1041
2026-03-25 08:05:23 | INFO | Multipliers: irradiance=0.38x, temp=0.92x, wind=0.97x
2026-03-25 08:05:23 | INFO | Weather Multiplier (combined): 0.34x
2026-03-25 08:05:23 | INFO | Abrupt Weather Change Detected: True
2026-03-25 08:05:23 | INFO | --- TREND ANALYSIS ---
2026-03-25 08:05:23 | INFO | Trend series (oldest -> latest):
2026-03-25 08:05:23 | INFO |   Block 32: 3.450 MW (source: INTRADAY_FALLBACK)
2026-03-25 08:05:23 | INFO |   Block 31: 2.460 MW (source: INTRADAY_FALLBACK)
2026-03-25 08:05:23 | INFO |   Block 30: 1.580 MW (source: INTRADAY_FALLBACK)
2026-03-25 08:05:23 | INFO |   Block 29: 0.850 MW (source: INTRADAY_FALLBACK)
2026-03-25 08:05:23 | INFO | Trend values used for slope calc: B32=3.450(INTRADAY_FALLBACK), B31=2.460(INTRADAY_FALLBACK), B30=1.580(INTRADAY_FALLBACK), B29=0.850(INTRADAY_FALLBACK)
2026-03-25 08:05:23 | INFO | Detected Trend Type: ABRUPT
2026-03-25 08:05:23 | INFO | Trend Slope Percentage: 0.00%
2026-03-25 08:05:23 | INFO | Trend EPS Threshold: 1.50%
2026-03-25 08:05:23 | INFO | --- SCHEDULE CALCULATION ---
2026-03-25 08:05:23 | INFO | Condition Applied: ABRUPT_INCREASE
2026-03-25 08:05:23 | INFO | Effective Base Forecast Used for Adjustments: 4.050 MW
2026-03-25 08:05:23 | INFO | Condition-3: NOT APPLIED for this block path
2026-03-25 08:05:23 | INFO |   Final Adjustment %: 10.00%
2026-03-25 08:05:23 | INFO |   Formula (expanded): raw=base*(1.1000)
2026-03-25 08:05:23 | INFO | --- FINAL RESULT ---
2026-03-25 08:05:23 | INFO | Raw Schedule (before smoothing): 4.455 MW
2026-03-25 08:05:23 | INFO | Final Scheduled MW: 4.455 MW
2026-03-25 08:05:23 | INFO | --------------------------------------------------------------------------------
2026-03-25 08:05:23 | INFO | --------------------------------------------------------------------------------
2026-03-25 08:05:23 | INFO | BLOCK 34
2026-03-25 08:05:23 | INFO | --------------------------------------------------------------------------------
2026-03-25 08:05:23 | INFO | --- FORECAST DATA ---
2026-03-25 08:05:23 | INFO | Intraday Forecast (Enercast Raw): 5.610 MW
2026-03-25 08:05:23 | INFO | Intraday Forecast (Enercast, Scaled): 5.610 MW
2026-03-25 08:05:23 | INFO | Day-ahead Forecast (Enercast): 5.440 MW
2026-03-25 08:05:23 | INFO | Base Forecast (raw, before curtailment/shutdown): 5.049 MW
2026-03-25 08:05:23 | INFO | Base Forecast (used for schedule): 5.049 MW
2026-03-25 08:05:23 | INFO | Effective Base Forecast (after curtailment/shutdown): 5.049 MW
2026-03-25 08:05:23 | INFO | Plant Status: NORMAL
2026-03-25 08:05:23 | INFO | Effective Base Forecast = Base Forecast (raw) = 5.049 MW
2026-03-25 08:05:23 | INFO | --- WEATHER PARAMETERS ---
2026-03-25 08:05:23 | INFO | GTI: 246.0 W/m^2
2026-03-25 08:05:23 | INFO | DHI: 120.0 W/m^2
2026-03-25 08:05:23 | INFO | DNI: 0.0 W/m^2
2026-03-25 08:05:23 | INFO | Irradiance Ratio (GTI/MAX_GTI): 0.257
2026-03-25 08:05:23 | INFO | Diffuse Ratio (current): 0.488
2026-03-25 08:05:23 | INFO | Irradiance State: CLOUD_TRANSIENT
2026-03-25 08:05:23 | INFO | Temp @ 2m: 26.62 C
2026-03-25 08:05:23 | INFO | Wind @ 10m: 11.30 m/s
2026-03-25 08:05:23 | INFO | Weather State: ABRUPT
2026-03-25 08:05:23 | INFO | Dynamic Thresholds: cloud_thr=0.1001, shift_thr=0.1041
2026-03-25 08:05:23 | INFO | Multipliers: irradiance=0.38x, temp=0.92x, wind=0.97x
2026-03-25 08:05:23 | INFO | Weather Multiplier (combined): 0.34x
2026-03-25 08:05:23 | INFO | Abrupt Weather Change Detected: True
2026-03-25 08:05:23 | INFO | --- TREND ANALYSIS ---
2026-03-25 08:05:23 | INFO | Trend series (oldest -> latest):
2026-03-25 08:05:23 | INFO |   Block 33: 4.500 MW (source: INTRADAY_FALLBACK)
2026-03-25 08:05:23 | INFO |   Block 32: 3.450 MW (source: INTRADAY_FALLBACK)
2026-03-25 08:05:23 | INFO |   Block 31: 2.460 MW (source: INTRADAY_FALLBACK)
2026-03-25 08:05:23 | INFO |   Block 30: 1.580 MW (source: INTRADAY_FALLBACK)
2026-03-25 08:05:23 | INFO | Trend values used for slope calc: B33=4.500(INTRADAY_FALLBACK), B32=3.450(INTRADAY_FALLBACK), B31=2.460(INTRADAY_FALLBACK), B30=1.580(INTRADAY_FALLBACK)
2026-03-25 08:05:23 | INFO | Detected Trend Type: ABRUPT
2026-03-25 08:05:23 | INFO | Trend Slope Percentage: 0.00%
2026-03-25 08:05:23 | INFO | Trend EPS Threshold: 1.50%
2026-03-25 08:05:23 | INFO | --- SCHEDULE CALCULATION ---
2026-03-25 08:05:23 | INFO | Condition Applied: ABRUPT_INCREASE
2026-03-25 08:05:23 | INFO | Effective Base Forecast Used for Adjustments: 5.049 MW
2026-03-25 08:05:23 | INFO | Condition-3: NOT APPLIED for this block path
2026-03-25 08:05:23 | INFO |   Final Adjustment %: 10.00%
2026-03-25 08:05:23 | INFO |   Formula (expanded): raw=base*(1.1000)
2026-03-25 08:05:23 | INFO | --- FINAL RESULT ---
2026-03-25 08:05:23 | INFO | Raw Schedule (before smoothing): 5.554 MW
2026-03-25 08:05:23 | INFO | Final Scheduled MW: 5.554 MW
2026-03-25 08:05:23 | INFO | --------------------------------------------------------------------------------
2026-03-25 08:05:23 | INFO | --------------------------------------------------------------------------------
2026-03-25 08:05:23 | INFO | BLOCK 35
2026-03-25 08:05:23 | INFO | --------------------------------------------------------------------------------
2026-03-25 08:05:23 | INFO | --- FORECAST DATA ---
2026-03-25 08:05:23 | INFO | Intraday Forecast (Enercast Raw): 6.670 MW
2026-03-25 08:05:23 | INFO | Intraday Forecast (Enercast, Scaled): 6.670 MW
2026-03-25 08:05:23 | INFO | Day-ahead Forecast (Enercast): 6.500 MW
2026-03-25 08:05:23 | INFO | Base Forecast (raw, before curtailment/shutdown): 6.003 MW
2026-03-25 08:05:23 | INFO | Base Forecast (used for schedule): 6.003 MW
2026-03-25 08:05:23 | INFO | Effective Base Forecast (after curtailment/shutdown): 6.003 MW
2026-03-25 08:05:23 | INFO | Plant Status: NORMAL
2026-03-25 08:05:23 | INFO | Effective Base Forecast = Base Forecast (raw) = 6.003 MW
2026-03-25 08:05:23 | INFO | --- WEATHER PARAMETERS ---
2026-03-25 08:05:23 | INFO | GTI: 307.0 W/m^2
2026-03-25 08:05:23 | INFO | DHI: 138.0 W/m^2
2026-03-25 08:05:23 | INFO | DNI: 0.0 W/m^2
2026-03-25 08:05:23 | INFO | Irradiance Ratio (GTI/MAX_GTI): 0.321
2026-03-25 08:05:23 | INFO | Diffuse Ratio (current): 0.450
2026-03-25 08:05:23 | INFO | Irradiance State: CLOUD_TRANSIENT
2026-03-25 08:05:23 | INFO | Temp @ 2m: 27.22 C
2026-03-25 08:05:23 | INFO | Wind @ 10m: 12.37 m/s
2026-03-25 08:05:23 | INFO | Weather State: NORMAL
2026-03-25 08:05:23 | INFO | Dynamic Thresholds: cloud_thr=0.1001, shift_thr=0.1041
2026-03-25 08:05:23 | INFO | Multipliers: irradiance=0.38x, temp=0.92x, wind=0.97x
2026-03-25 08:05:23 | INFO | Weather Multiplier (combined): 0.34x
2026-03-25 08:05:23 | INFO | Abrupt Weather Change Detected: False
2026-03-25 08:05:23 | INFO | --- TREND ANALYSIS ---
2026-03-25 08:05:23 | INFO | Trend series (oldest -> latest):
2026-03-25 08:05:23 | INFO |   Block 34: 5.610 MW (source: INTRADAY_FALLBACK)
2026-03-25 08:05:23 | INFO |   Block 33: 4.500 MW (source: INTRADAY_FALLBACK)
2026-03-25 08:05:23 | INFO |   Block 32: 3.450 MW (source: INTRADAY_FALLBACK)
2026-03-25 08:05:23 | INFO |   Block 31: 2.460 MW (source: INTRADAY_FALLBACK)
2026-03-25 08:05:23 | INFO | Trend values used for slope calc: B34=5.610(INTRADAY_FALLBACK), B33=4.500(INTRADAY_FALLBACK), B32=3.450(INTRADAY_FALLBACK), B31=2.460(INTRADAY_FALLBACK)
2026-03-25 08:05:23 | INFO | Detected Trend Type: INCREASING
2026-03-25 08:05:23 | INFO | Trend Slope Percentage: 129.63%
2026-03-25 08:05:23 | INFO | Trend EPS Threshold: 1.50%
2026-03-25 08:05:23 | INFO | --- SCHEDULE CALCULATION ---
2026-03-25 08:05:23 | INFO | Condition Applied: CONDITION_3
2026-03-25 08:05:23 | INFO | Effective Base Forecast Used for Adjustments: 6.003 MW
2026-03-25 08:05:23 | INFO | Condition-3 (Phase-6) Applied:
2026-03-25 08:05:23 | INFO |   Forecast Mismatch: Intraday (6.670) != Day-ahead (6.500)
2026-03-25 08:05:23 | INFO |   Operation: ADD
2026-03-25 08:05:23 | INFO |   Base Adjustment %: 3.00%
2026-03-25 08:05:23 | INFO |   Irradiance Multiplier: 0.38x
2026-03-25 08:05:23 | INFO |   Temp Multiplier: 0.92x
2026-03-25 08:05:23 | INFO |   Wind Multiplier: 0.97x
2026-03-25 08:05:23 | INFO |   Weather Multiplier: 0.34x
2026-03-25 08:05:23 | INFO |   Final Adjustment %: 1.02%
2026-03-25 08:05:23 | INFO |   Calculation: 6.003 MW * (1 + 1.02% / 100)
2026-03-25 08:05:23 | INFO |   Formula (expanded): raw=6.0030*(1+1.0173/100)=6.0641
2026-03-25 08:05:23 | INFO | --- FINAL RESULT ---
2026-03-25 08:05:23 | INFO | Raw Schedule (before smoothing): 6.064 MW
2026-03-25 08:05:23 | INFO | Final Scheduled MW: 6.064 MW
2026-03-25 08:05:23 | INFO | --------------------------------------------------------------------------------
2026-03-25 08:05:23 | INFO | --------------------------------------------------------------------------------
2026-03-25 08:05:23 | INFO | BLOCK 36
2026-03-25 08:05:23 | INFO | --------------------------------------------------------------------------------
2026-03-25 08:05:23 | INFO | --- FORECAST DATA ---
2026-03-25 08:05:23 | INFO | Intraday Forecast (Enercast Raw): 7.710 MW
2026-03-25 08:05:23 | INFO | Intraday Forecast (Enercast, Scaled): 7.710 MW
2026-03-25 08:05:23 | INFO | Day-ahead Forecast (Enercast): 7.550 MW
2026-03-25 08:05:23 | INFO | Base Forecast (raw, before curtailment/shutdown): 6.939 MW
2026-03-25 08:05:23 | INFO | Base Forecast (used for schedule): 6.939 MW
2026-03-25 08:05:23 | INFO | Effective Base Forecast (after curtailment/shutdown): 6.939 MW
2026-03-25 08:05:23 | INFO | Plant Status: NORMAL
2026-03-25 08:05:23 | INFO | Effective Base Forecast = Base Forecast (raw) = 6.939 MW
2026-03-25 08:05:23 | INFO | --- WEATHER PARAMETERS ---
2026-03-25 08:05:23 | INFO | GTI: 374.0 W/m^2
2026-03-25 08:05:23 | INFO | DHI: 153.0 W/m^2
2026-03-25 08:05:23 | INFO | DNI: 0.0 W/m^2
2026-03-25 08:05:23 | INFO | Irradiance Ratio (GTI/MAX_GTI): 0.391
2026-03-25 08:05:23 | INFO | Diffuse Ratio (current): 0.409
2026-03-25 08:05:23 | INFO | Irradiance State: CLOUD_TRANSIENT
2026-03-25 08:05:23 | INFO | Temp @ 2m: 27.77 C
2026-03-25 08:05:23 | INFO | Wind @ 10m: 13.08 m/s
2026-03-25 08:05:23 | INFO | Weather State: NORMAL
2026-03-25 08:05:23 | INFO | Dynamic Thresholds: cloud_thr=0.1001, shift_thr=0.1041
2026-03-25 08:05:23 | INFO | Multipliers: irradiance=0.38x, temp=0.92x, wind=0.97x
2026-03-25 08:05:23 | INFO | Weather Multiplier (combined): 0.34x
2026-03-25 08:05:23 | INFO | Abrupt Weather Change Detected: False
2026-03-25 08:05:23 | INFO | --- TREND ANALYSIS ---
2026-03-25 08:05:23 | INFO | Trend series (oldest -> latest):
2026-03-25 08:05:23 | INFO |   Block 35: 6.670 MW (source: INTRADAY_FALLBACK)
2026-03-25 08:05:23 | INFO |   Block 34: 5.610 MW (source: INTRADAY_FALLBACK)
2026-03-25 08:05:23 | INFO |   Block 33: 4.500 MW (source: INTRADAY_FALLBACK)
2026-03-25 08:05:23 | INFO |   Block 32: 3.450 MW (source: INTRADAY_FALLBACK)
2026-03-25 08:05:23 | INFO | Trend values used for slope calc: B35=6.670(INTRADAY_FALLBACK), B34=5.610(INTRADAY_FALLBACK), B33=4.500(INTRADAY_FALLBACK), B32=3.450(INTRADAY_FALLBACK)
2026-03-25 08:05:23 | INFO | Detected Trend Type: INCREASING
2026-03-25 08:05:23 | INFO | Trend Slope Percentage: 93.87%
2026-03-25 08:05:23 | INFO | Trend EPS Threshold: 1.50%
2026-03-25 08:05:23 | INFO | --- SCHEDULE CALCULATION ---
2026-03-25 08:05:23 | INFO | Condition Applied: CONDITION_3
2026-03-25 08:05:23 | INFO | Effective Base Forecast Used for Adjustments: 6.939 MW
2026-03-25 08:05:23 | INFO | Condition-3 (Phase-6) Applied:
2026-03-25 08:05:23 | INFO |   Forecast Mismatch: Intraday (7.710) != Day-ahead (7.550)
2026-03-25 08:05:23 | INFO |   Operation: ADD
2026-03-25 08:05:23 | INFO |   Base Adjustment %: 3.00%
2026-03-25 08:05:23 | INFO |   Irradiance Multiplier: 0.38x
2026-03-25 08:05:23 | INFO |   Temp Multiplier: 0.92x
2026-03-25 08:05:23 | INFO |   Wind Multiplier: 0.97x
2026-03-25 08:05:23 | INFO |   Weather Multiplier: 0.34x
2026-03-25 08:05:23 | INFO |   Final Adjustment %: 1.02%
2026-03-25 08:05:23 | INFO |   Calculation: 6.939 MW * (1 + 1.02% / 100)
2026-03-25 08:05:23 | INFO |   Formula (expanded): raw=6.9390*(1+1.0173/100)=7.0096
2026-03-25 08:05:23 | INFO | --- FINAL RESULT ---
2026-03-25 08:05:23 | INFO | Raw Schedule (before smoothing): 7.010 MW
2026-03-25 08:05:23 | INFO | Final Scheduled MW: 7.010 MW
2026-03-25 08:05:23 | INFO | --------------------------------------------------------------------------------
2026-03-25 08:05:23 | INFO | --------------------------------------------------------------------------------
2026-03-25 08:05:23 | INFO | BLOCK 37
2026-03-25 08:05:23 | INFO | --------------------------------------------------------------------------------
2026-03-25 08:05:23 | INFO | --- FORECAST DATA ---
2026-03-25 08:05:23 | INFO | Intraday Forecast (Enercast Raw): 8.720 MW
2026-03-25 08:05:23 | INFO | Intraday Forecast (Enercast, Scaled): 8.720 MW
2026-03-25 08:05:23 | INFO | Day-ahead Forecast (Enercast): 8.590 MW
2026-03-25 08:05:23 | INFO | Base Forecast (raw, before curtailment/shutdown): 7.848 MW
2026-03-25 08:05:23 | INFO | Base Forecast (used for schedule): 7.848 MW
2026-03-25 08:05:23 | INFO | Effective Base Forecast (after curtailment/shutdown): 7.848 MW
2026-03-25 08:05:23 | INFO | Plant Status: NORMAL
2026-03-25 08:05:23 | INFO | Effective Base Forecast = Base Forecast (raw) = 7.848 MW
2026-03-25 08:05:23 | INFO | --- WEATHER PARAMETERS ---
2026-03-25 08:05:23 | INFO | GTI: 443.0 W/m^2
2026-03-25 08:05:23 | INFO | DHI: 163.0 W/m^2
2026-03-25 08:05:23 | INFO | DNI: 0.0 W/m^2
2026-03-25 08:05:23 | INFO | Irradiance Ratio (GTI/MAX_GTI): 0.463
2026-03-25 08:05:23 | INFO | Diffuse Ratio (current): 0.368
2026-03-25 08:05:23 | INFO | Irradiance State: VARIABLE_CLEAR
2026-03-25 08:05:23 | INFO | Temp @ 2m: 28.37 C
2026-03-25 08:05:23 | INFO | Wind @ 10m: 14.11 m/s
2026-03-25 08:05:23 | INFO | Weather State: NORMAL
2026-03-25 08:05:23 | INFO | Dynamic Thresholds: cloud_thr=0.1001, shift_thr=0.1041
2026-03-25 08:05:23 | INFO | Multipliers: irradiance=0.68x, temp=0.92x, wind=0.97x
2026-03-25 08:05:23 | INFO | Weather Multiplier (combined): 0.61x
2026-03-25 08:05:23 | INFO | Abrupt Weather Change Detected: False
2026-03-25 08:05:23 | INFO | --- TREND ANALYSIS ---
2026-03-25 08:05:23 | INFO | Trend series (oldest -> latest):
2026-03-25 08:05:23 | INFO |   Block 36: 7.710 MW (source: INTRADAY_FALLBACK)
2026-03-25 08:05:23 | INFO |   Block 35: 6.670 MW (source: INTRADAY_FALLBACK)
2026-03-25 08:05:23 | INFO |   Block 34: 5.610 MW (source: INTRADAY_FALLBACK)
2026-03-25 08:05:23 | INFO |   Block 33: 4.500 MW (source: INTRADAY_FALLBACK)
2026-03-25 08:05:23 | INFO | Trend values used for slope calc: B36=7.710(INTRADAY_FALLBACK), B35=6.670(INTRADAY_FALLBACK), B34=5.610(INTRADAY_FALLBACK), B33=4.500(INTRADAY_FALLBACK)
2026-03-25 08:05:23 | INFO | Detected Trend Type: INCREASING
2026-03-25 08:05:23 | INFO | Trend Slope Percentage: 70.97%
2026-03-25 08:05:23 | INFO | Trend EPS Threshold: 1.50%
2026-03-25 08:05:23 | INFO | --- SCHEDULE CALCULATION ---
2026-03-25 08:05:23 | INFO | Condition Applied: CONDITION_3
2026-03-25 08:05:23 | INFO | Effective Base Forecast Used for Adjustments: 7.848 MW
2026-03-25 08:05:23 | INFO | Condition-3 (Phase-6) Applied:
2026-03-25 08:05:23 | INFO |   Forecast Mismatch: Intraday (8.720) != Day-ahead (8.590)
2026-03-25 08:05:23 | INFO |   Operation: ADD
2026-03-25 08:05:23 | INFO |   Base Adjustment %: 3.00%
2026-03-25 08:05:23 | INFO |   Irradiance Multiplier: 0.68x
2026-03-25 08:05:23 | INFO |   Temp Multiplier: 0.92x
2026-03-25 08:05:23 | INFO |   Wind Multiplier: 0.97x
2026-03-25 08:05:23 | INFO |   Weather Multiplier: 0.61x
2026-03-25 08:05:23 | INFO |   Final Adjustment %: 1.82%
2026-03-25 08:05:23 | INFO |   Calculation: 7.848 MW * (1 + 1.82% / 100)
2026-03-25 08:05:23 | INFO |   Formula (expanded): raw=7.8480*(1+1.8205/100)=7.9909
2026-03-25 08:05:23 | INFO | --- FINAL RESULT ---
2026-03-25 08:05:23 | INFO | Raw Schedule (before smoothing): 7.991 MW
2026-03-25 08:05:23 | INFO | Final Scheduled MW: 7.991 MW
2026-03-25 08:05:23 | INFO | --------------------------------------------------------------------------------
2026-03-25 08:05:23 | INFO | --------------------------------------------------------------------------------
2026-03-25 08:05:23 | INFO | BLOCK 38
2026-03-25 08:05:23 | INFO | --------------------------------------------------------------------------------
2026-03-25 08:05:23 | INFO | --- FORECAST DATA ---
2026-03-25 08:05:23 | INFO | Intraday Forecast (Enercast Raw): 9.670 MW
2026-03-25 08:05:23 | INFO | Intraday Forecast (Enercast, Scaled): 9.670 MW
2026-03-25 08:05:23 | INFO | Day-ahead Forecast (Enercast): 9.540 MW
2026-03-25 08:05:23 | INFO | Base Forecast (raw, before curtailment/shutdown): 8.703 MW
2026-03-25 08:05:23 | INFO | Base Forecast (used for schedule): 8.703 MW
2026-03-25 08:05:23 | INFO | Effective Base Forecast (after curtailment/shutdown): 8.703 MW
2026-03-25 08:05:23 | INFO | Plant Status: NORMAL
2026-03-25 08:05:23 | INFO | Effective Base Forecast = Base Forecast (raw) = 8.703 MW
2026-03-25 08:05:23 | INFO | --- WEATHER PARAMETERS ---
2026-03-25 08:05:23 | INFO | GTI: 509.0 W/m^2
2026-03-25 08:05:23 | INFO | DHI: 165.0 W/m^2
2026-03-25 08:05:23 | INFO | DNI: 0.0 W/m^2
2026-03-25 08:05:23 | INFO | Irradiance Ratio (GTI/MAX_GTI): 0.532
2026-03-25 08:05:23 | INFO | Diffuse Ratio (current): 0.324
2026-03-25 08:05:23 | INFO | Irradiance State: VARIABLE_CLEAR
2026-03-25 08:05:23 | INFO | Temp @ 2m: 28.92 C
2026-03-25 08:05:23 | INFO | Wind @ 10m: 14.80 m/s
2026-03-25 08:05:23 | INFO | Weather State: NORMAL
2026-03-25 08:05:23 | INFO | Dynamic Thresholds: cloud_thr=0.1001, shift_thr=0.1041
2026-03-25 08:05:23 | INFO | Multipliers: irradiance=0.68x, temp=0.92x, wind=0.97x
2026-03-25 08:05:23 | INFO | Weather Multiplier (combined): 0.61x
2026-03-25 08:05:23 | INFO | Abrupt Weather Change Detected: False
2026-03-25 08:05:23 | INFO | --- TREND ANALYSIS ---
2026-03-25 08:05:23 | INFO | Trend series (oldest -> latest):
2026-03-25 08:05:23 | INFO |   Block 37: 8.720 MW (source: INTRADAY_FALLBACK)
2026-03-25 08:05:23 | INFO |   Block 36: 7.710 MW (source: INTRADAY_FALLBACK)
2026-03-25 08:05:23 | INFO |   Block 35: 6.670 MW (source: INTRADAY_FALLBACK)
2026-03-25 08:05:23 | INFO |   Block 34: 5.610 MW (source: INTRADAY_FALLBACK)
2026-03-25 08:05:23 | INFO | Trend values used for slope calc: B37=8.720(INTRADAY_FALLBACK), B36=7.710(INTRADAY_FALLBACK), B35=6.670(INTRADAY_FALLBACK), B34=5.610(INTRADAY_FALLBACK)
2026-03-25 08:05:23 | INFO | Detected Trend Type: INCREASING
2026-03-25 08:05:23 | INFO | Trend Slope Percentage: 55.34%
2026-03-25 08:05:23 | INFO | Trend EPS Threshold: 1.50%
2026-03-25 08:05:23 | INFO | --- SCHEDULE CALCULATION ---
2026-03-25 08:05:23 | INFO | Condition Applied: CONDITION_3
2026-03-25 08:05:23 | INFO | Effective Base Forecast Used for Adjustments: 8.703 MW
2026-03-25 08:05:23 | INFO | Condition-3 (Phase-6) Applied:
2026-03-25 08:05:23 | INFO |   Forecast Mismatch: Intraday (9.670) != Day-ahead (9.540)
2026-03-25 08:05:23 | INFO |   Operation: ADD
2026-03-25 08:05:23 | INFO |   Base Adjustment %: 3.00%
2026-03-25 08:05:23 | INFO |   Irradiance Multiplier: 0.68x
2026-03-25 08:05:23 | INFO |   Temp Multiplier: 0.92x
2026-03-25 08:05:23 | INFO |   Wind Multiplier: 0.97x
2026-03-25 08:05:23 | INFO |   Weather Multiplier: 0.61x
2026-03-25 08:05:23 | INFO |   Final Adjustment %: 1.82%
2026-03-25 08:05:23 | INFO |   Calculation: 8.703 MW * (1 + 1.82% / 100)
2026-03-25 08:05:23 | INFO |   Formula (expanded): raw=8.7030*(1+1.8205/100)=8.8614
2026-03-25 08:05:23 | INFO | --- FINAL RESULT ---
2026-03-25 08:05:23 | INFO | Raw Schedule (before smoothing): 8.861 MW
2026-03-25 08:05:23 | INFO | Final Scheduled MW: 8.861 MW
2026-03-25 08:05:23 | INFO | --------------------------------------------------------------------------------
2026-03-25 08:05:23 | INFO | --------------------------------------------------------------------------------
2026-03-25 08:05:23 | INFO | BLOCK 39
2026-03-25 08:05:23 | INFO | --------------------------------------------------------------------------------
2026-03-25 08:05:23 | INFO | --- FORECAST DATA ---
2026-03-25 08:05:23 | INFO | Intraday Forecast (Enercast Raw): 10.560 MW
2026-03-25 08:05:23 | INFO | Intraday Forecast (Enercast, Scaled): 10.560 MW
2026-03-25 08:05:23 | INFO | Day-ahead Forecast (Enercast): 10.480 MW
2026-03-25 08:05:23 | INFO | Base Forecast (raw, before curtailment/shutdown): 9.504 MW
2026-03-25 08:05:23 | INFO | Base Forecast (used for schedule): 9.504 MW
2026-03-25 08:05:23 | INFO | Effective Base Forecast (after curtailment/shutdown): 9.504 MW
2026-03-25 08:05:23 | INFO | Plant Status: NORMAL
2026-03-25 08:05:23 | INFO | Effective Base Forecast = Base Forecast (raw) = 9.504 MW
2026-03-25 08:05:23 | INFO | --- WEATHER PARAMETERS ---
2026-03-25 08:05:23 | INFO | GTI: 572.0 W/m^2
2026-03-25 08:05:23 | INFO | DHI: 153.0 W/m^2
2026-03-25 08:05:23 | INFO | DNI: 0.0 W/m^2
2026-03-25 08:05:23 | INFO | Irradiance Ratio (GTI/MAX_GTI): 0.598
2026-03-25 08:05:23 | INFO | Diffuse Ratio (current): 0.267
2026-03-25 08:05:23 | INFO | Irradiance State: VARIABLE_CLEAR
2026-03-25 08:05:23 | INFO | Temp @ 2m: 29.42 C
2026-03-25 08:05:23 | INFO | Wind @ 10m: 15.14 m/s
2026-03-25 08:05:23 | INFO | Weather State: NORMAL
2026-03-25 08:05:23 | INFO | Dynamic Thresholds: cloud_thr=0.1001, shift_thr=0.1041
2026-03-25 08:05:23 | INFO | Multipliers: irradiance=0.68x, temp=0.92x, wind=0.97x
2026-03-25 08:05:23 | INFO | Weather Multiplier (combined): 0.61x
2026-03-25 08:05:23 | INFO | Abrupt Weather Change Detected: False
2026-03-25 08:05:23 | INFO | --- TREND ANALYSIS ---
2026-03-25 08:05:23 | INFO | Trend series (oldest -> latest):
2026-03-25 08:05:23 | INFO |   Block 38: 9.670 MW (source: INTRADAY_FALLBACK)
2026-03-25 08:05:23 | INFO |   Block 37: 8.720 MW (source: INTRADAY_FALLBACK)
2026-03-25 08:05:23 | INFO |   Block 36: 7.710 MW (source: INTRADAY_FALLBACK)
2026-03-25 08:05:23 | INFO |   Block 35: 6.670 MW (source: INTRADAY_FALLBACK)
2026-03-25 08:05:23 | INFO | Trend values used for slope calc: B38=9.670(INTRADAY_FALLBACK), B37=8.720(INTRADAY_FALLBACK), B36=7.710(INTRADAY_FALLBACK), B35=6.670(INTRADAY_FALLBACK)
2026-03-25 08:05:23 | INFO | Detected Trend Type: INCREASING
2026-03-25 08:05:23 | INFO | Trend Slope Percentage: 44.88%
2026-03-25 08:05:23 | INFO | Trend EPS Threshold: 1.50%
2026-03-25 08:05:23 | INFO | --- SCHEDULE CALCULATION ---
2026-03-25 08:05:23 | INFO | Condition Applied: CONDITION_3
2026-03-25 08:05:23 | INFO | Effective Base Forecast Used for Adjustments: 9.504 MW
2026-03-25 08:05:23 | INFO | Condition-3 (Phase-6) Applied:
2026-03-25 08:05:23 | INFO |   Forecast Mismatch: Intraday (10.560) != Day-ahead (10.480)
2026-03-25 08:05:23 | INFO |   Operation: ADD
2026-03-25 08:05:23 | INFO |   Base Adjustment %: 3.00%
2026-03-25 08:05:23 | INFO |   Irradiance Multiplier: 0.68x
2026-03-25 08:05:23 | INFO |   Temp Multiplier: 0.92x
2026-03-25 08:05:23 | INFO |   Wind Multiplier: 0.97x
2026-03-25 08:05:23 | INFO |   Weather Multiplier: 0.61x
2026-03-25 08:05:23 | INFO |   Final Adjustment %: 1.82%
2026-03-25 08:05:23 | INFO |   Calculation: 9.504 MW * (1 + 1.82% / 100)
2026-03-25 08:05:23 | INFO |   Formula (expanded): raw=9.5040*(1+1.8205/100)=9.6770
2026-03-25 08:05:23 | INFO | --- FINAL RESULT ---
2026-03-25 08:05:23 | INFO | Raw Schedule (before smoothing): 9.677 MW
2026-03-25 08:05:23 | INFO | Final Scheduled MW: 9.677 MW
2026-03-25 08:05:23 | INFO | --------------------------------------------------------------------------------
2026-03-25 08:05:23 | INFO | --------------------------------------------------------------------------------
2026-03-25 08:05:23 | INFO | BLOCK 40
2026-03-25 08:05:23 | INFO | --------------------------------------------------------------------------------
2026-03-25 08:05:23 | INFO | --- FORECAST DATA ---
2026-03-25 08:05:23 | INFO | Intraday Forecast (Enercast Raw): 11.410 MW
2026-03-25 08:05:23 | INFO | Intraday Forecast (Enercast, Scaled): 11.410 MW
2026-03-25 08:05:23 | INFO | Day-ahead Forecast (Enercast): 11.390 MW
2026-03-25 08:05:23 | INFO | Base Forecast (raw, before curtailment/shutdown): 10.269 MW
2026-03-25 08:05:23 | INFO | Base Forecast (used for schedule): 10.269 MW
2026-03-25 08:05:23 | INFO | Effective Base Forecast (after curtailment/shutdown): 10.269 MW
2026-03-25 08:05:23 | INFO | Plant Status: NORMAL
2026-03-25 08:05:23 | INFO | Effective Base Forecast = Base Forecast (raw) = 10.269 MW
2026-03-25 08:05:23 | INFO | --- WEATHER PARAMETERS ---
2026-03-25 08:05:23 | INFO | GTI: 632.0 W/m^2
2026-03-25 08:05:23 | INFO | DHI: 133.0 W/m^2
2026-03-25 08:05:23 | INFO | DNI: 0.0 W/m^2
2026-03-25 08:05:23 | INFO | Irradiance Ratio (GTI/MAX_GTI): 0.661
2026-03-25 08:05:23 | INFO | Diffuse Ratio (current): 0.210
2026-03-25 08:05:23 | INFO | Irradiance State: VARIABLE_CLEAR
2026-03-25 08:05:23 | INFO | Temp @ 2m: 29.92 C
2026-03-25 08:05:23 | INFO | Wind @ 10m: 15.48 m/s
2026-03-25 08:05:23 | INFO | Weather State: NORMAL
2026-03-25 08:05:23 | INFO | Dynamic Thresholds: cloud_thr=0.1001, shift_thr=0.1041
2026-03-25 08:05:23 | INFO | Multipliers: irradiance=0.68x, temp=0.92x, wind=0.97x
2026-03-25 08:05:23 | INFO | Weather Multiplier (combined): 0.61x
2026-03-25 08:05:23 | INFO | Abrupt Weather Change Detected: False
2026-03-25 08:05:23 | INFO | --- TREND ANALYSIS ---
2026-03-25 08:05:23 | INFO | Trend series (oldest -> latest):
2026-03-25 08:05:23 | INFO |   Block 39: 10.560 MW (source: INTRADAY_FALLBACK)
2026-03-25 08:05:23 | INFO |   Block 38: 9.670 MW (source: INTRADAY_FALLBACK)
2026-03-25 08:05:23 | INFO |   Block 37: 8.720 MW (source: INTRADAY_FALLBACK)
2026-03-25 08:05:23 | INFO |   Block 36: 7.710 MW (source: INTRADAY_FALLBACK)
2026-03-25 08:05:23 | INFO | Trend values used for slope calc: B39=10.560(INTRADAY_FALLBACK), B38=9.670(INTRADAY_FALLBACK), B37=8.720(INTRADAY_FALLBACK), B36=7.710(INTRADAY_FALLBACK)
2026-03-25 08:05:23 | INFO | Detected Trend Type: INCREASING
2026-03-25 08:05:23 | INFO | Trend Slope Percentage: 36.82%
2026-03-25 08:05:23 | INFO | Trend EPS Threshold: 1.50%
2026-03-25 08:05:23 | INFO | --- SCHEDULE CALCULATION ---
2026-03-25 08:05:23 | INFO | Condition Applied: CONDITION_3
2026-03-25 08:05:23 | INFO | Effective Base Forecast Used for Adjustments: 10.269 MW
2026-03-25 08:05:23 | INFO | Condition-3 (Phase-6) Applied:
2026-03-25 08:05:23 | INFO |   Forecast Mismatch: Intraday (11.410) != Day-ahead (11.390)
2026-03-25 08:05:23 | INFO |   Operation: ADD
2026-03-25 08:05:23 | INFO |   Base Adjustment %: 3.00%
2026-03-25 08:05:23 | INFO |   Irradiance Multiplier: 0.68x
2026-03-25 08:05:23 | INFO |   Temp Multiplier: 0.92x
2026-03-25 08:05:23 | INFO |   Wind Multiplier: 0.97x
2026-03-25 08:05:23 | INFO |   Weather Multiplier: 0.61x
2026-03-25 08:05:23 | INFO |   Final Adjustment %: 1.82%
2026-03-25 08:05:23 | INFO |   Calculation: 10.269 MW * (1 + 1.82% / 100)
2026-03-25 08:05:23 | INFO |   Formula (expanded): raw=10.2690*(1+1.8205/100)=10.4559
2026-03-25 08:05:23 | INFO | --- FINAL RESULT ---
2026-03-25 08:05:23 | INFO | Raw Schedule (before smoothing): 10.456 MW
2026-03-25 08:05:23 | INFO | Final Scheduled MW: 10.456 MW
2026-03-25 08:05:23 | INFO | --------------------------------------------------------------------------------
2026-03-25 08:05:23 | INFO | --------------------------------------------------------------------------------
2026-03-25 08:05:23 | INFO | BLOCK 41
2026-03-25 08:05:23 | INFO | --------------------------------------------------------------------------------
2026-03-25 08:05:23 | INFO | --- FORECAST DATA ---
2026-03-25 08:05:23 | INFO | Intraday Forecast (Enercast Raw): 12.160 MW
2026-03-25 08:05:23 | INFO | Intraday Forecast (Enercast, Scaled): 12.160 MW
2026-03-25 08:05:23 | INFO | Day-ahead Forecast (Enercast): 12.180 MW
2026-03-25 08:05:23 | INFO | Base Forecast (raw, before curtailment/shutdown): 10.944 MW
2026-03-25 08:05:23 | INFO | Base Forecast (used for schedule): 10.944 MW
2026-03-25 08:05:23 | INFO | Effective Base Forecast (after curtailment/shutdown): 10.944 MW
2026-03-25 08:05:23 | INFO | Plant Status: NORMAL
2026-03-25 08:05:23 | INFO | Effective Base Forecast = Base Forecast (raw) = 10.944 MW
2026-03-25 08:05:23 | INFO | --- WEATHER PARAMETERS ---
2026-03-25 08:05:23 | INFO | GTI: 688.0 W/m^2
2026-03-25 08:05:23 | INFO | DHI: 113.0 W/m^2
2026-03-25 08:05:23 | INFO | DNI: 0.0 W/m^2
2026-03-25 08:05:23 | INFO | Irradiance Ratio (GTI/MAX_GTI): 0.720
2026-03-25 08:05:23 | INFO | Diffuse Ratio (current): 0.164
2026-03-25 08:05:23 | INFO | Irradiance State: VARIABLE_CLEAR
2026-03-25 08:05:23 | INFO | Temp @ 2m: 30.37 C
2026-03-25 08:05:23 | INFO | Wind @ 10m: 15.50 m/s
2026-03-25 08:05:23 | INFO | Weather State: NORMAL
2026-03-25 08:05:23 | INFO | Dynamic Thresholds: cloud_thr=0.1001, shift_thr=0.1041
2026-03-25 08:05:23 | INFO | Multipliers: irradiance=0.68x, temp=0.92x, wind=0.97x
2026-03-25 08:05:23 | INFO | Weather Multiplier (combined): 0.61x
2026-03-25 08:05:23 | INFO | Abrupt Weather Change Detected: False
2026-03-25 08:05:23 | INFO | --- TREND ANALYSIS ---
2026-03-25 08:05:23 | INFO | Trend series (oldest -> latest):
2026-03-25 08:05:23 | INFO |   Block 40: 11.410 MW (source: INTRADAY_FALLBACK)
2026-03-25 08:05:23 | INFO |   Block 39: 10.560 MW (source: INTRADAY_FALLBACK)
2026-03-25 08:05:23 | INFO |   Block 38: 9.670 MW (source: INTRADAY_FALLBACK)
2026-03-25 08:05:23 | INFO |   Block 37: 8.720 MW (source: INTRADAY_FALLBACK)
2026-03-25 08:05:23 | INFO | Trend values used for slope calc: B40=11.410(INTRADAY_FALLBACK), B39=10.560(INTRADAY_FALLBACK), B38=9.670(INTRADAY_FALLBACK), B37=8.720(INTRADAY_FALLBACK)
2026-03-25 08:05:23 | INFO | Detected Trend Type: INCREASING
2026-03-25 08:05:23 | INFO | Trend Slope Percentage: 30.73%
2026-03-25 08:05:23 | INFO | Trend EPS Threshold: 1.50%
2026-03-25 08:05:23 | INFO | --- SCHEDULE CALCULATION ---
2026-03-25 08:05:23 | INFO | Condition Applied: CONDITION_3
2026-03-25 08:05:23 | INFO | Effective Base Forecast Used for Adjustments: 10.944 MW
2026-03-25 08:05:23 | INFO | Condition-3 (Phase-6) Applied:
2026-03-25 08:05:23 | INFO |   Forecast Mismatch: Intraday (12.160) != Day-ahead (12.180)
2026-03-25 08:05:23 | INFO |   Operation: ADD
2026-03-25 08:05:23 | INFO |   Base Adjustment %: 3.00%
2026-03-25 08:05:23 | INFO |   Irradiance Multiplier: 0.68x
2026-03-25 08:05:23 | INFO |   Temp Multiplier: 0.92x
2026-03-25 08:05:23 | INFO |   Wind Multiplier: 0.97x
2026-03-25 08:05:23 | INFO |   Weather Multiplier: 0.61x
2026-03-25 08:05:23 | INFO |   Final Adjustment %: 1.82%
2026-03-25 08:05:23 | INFO |   Calculation: 10.944 MW * (1 + 1.82% / 100)
2026-03-25 08:05:23 | INFO |   Formula (expanded): raw=10.9440*(1+1.8205/100)=11.1432
2026-03-25 08:05:23 | INFO | --- FINAL RESULT ---
2026-03-25 08:05:23 | INFO | Raw Schedule (before smoothing): 11.143 MW
2026-03-25 08:05:23 | INFO | Final Scheduled MW: 11.143 MW
2026-03-25 08:05:23 | INFO | --------------------------------------------------------------------------------
2026-03-25 08:05:23 | INFO | --------------------------------------------------------------------------------
2026-03-25 08:05:23 | INFO | BLOCK 42
2026-03-25 08:05:23 | INFO | --------------------------------------------------------------------------------
2026-03-25 08:05:23 | INFO | --- FORECAST DATA ---
2026-03-25 08:05:23 | INFO | Intraday Forecast (Enercast Raw): 12.790 MW
2026-03-25 08:05:23 | INFO | Intraday Forecast (Enercast, Scaled): 12.790 MW
2026-03-25 08:05:23 | INFO | Day-ahead Forecast (Enercast): 12.860 MW
2026-03-25 08:05:23 | INFO | Base Forecast (raw, before curtailment/shutdown): 11.511 MW
2026-03-25 08:05:23 | INFO | Base Forecast (used for schedule): 11.511 MW
2026-03-25 08:05:23 | INFO | Effective Base Forecast (after curtailment/shutdown): 11.511 MW
2026-03-25 08:05:23 | INFO | Plant Status: NORMAL
2026-03-25 08:05:23 | INFO | Effective Base Forecast = Base Forecast (raw) = 11.511 MW
2026-03-25 08:05:23 | INFO | --- WEATHER PARAMETERS ---
2026-03-25 08:05:23 | INFO | GTI: 738.0 W/m^2
2026-03-25 08:05:23 | INFO | DHI: 103.0 W/m^2
2026-03-25 08:05:23 | INFO | DNI: 0.0 W/m^2
2026-03-25 08:05:23 | INFO | Irradiance Ratio (GTI/MAX_GTI): 0.772
2026-03-25 08:05:23 | INFO | Diffuse Ratio (current): 0.140
2026-03-25 08:05:23 | INFO | Irradiance State: STABLE_CLEAR
2026-03-25 08:05:23 | INFO | Temp @ 2m: 30.82 C
2026-03-25 08:05:23 | INFO | Wind @ 10m: 15.23 m/s
2026-03-25 08:05:23 | INFO | Weather State: NORMAL
2026-03-25 08:05:23 | INFO | Dynamic Thresholds: cloud_thr=0.1001, shift_thr=0.1041
2026-03-25 08:05:23 | INFO | Multipliers: irradiance=0.87x, temp=0.92x, wind=0.97x
2026-03-25 08:05:23 | INFO | Weather Multiplier (combined): 0.78x
2026-03-25 08:05:23 | INFO | Abrupt Weather Change Detected: False
2026-03-25 08:05:23 | INFO | --- TREND ANALYSIS ---
2026-03-25 08:05:23 | INFO | Trend series (oldest -> latest):
2026-03-25 08:05:23 | INFO |   Block 41: 12.160 MW (source: INTRADAY_FALLBACK)
2026-03-25 08:05:23 | INFO |   Block 40: 11.410 MW (source: INTRADAY_FALLBACK)
2026-03-25 08:05:23 | INFO |   Block 39: 10.560 MW (source: INTRADAY_FALLBACK)
2026-03-25 08:05:23 | INFO |   Block 38: 9.670 MW (source: INTRADAY_FALLBACK)
2026-03-25 08:05:23 | INFO | Trend values used for slope calc: B41=12.160(INTRADAY_FALLBACK), B40=11.410(INTRADAY_FALLBACK), B39=10.560(INTRADAY_FALLBACK), B38=9.670(INTRADAY_FALLBACK)
2026-03-25 08:05:23 | INFO | Detected Trend Type: INCREASING
2026-03-25 08:05:23 | INFO | Trend Slope Percentage: 25.73%
2026-03-25 08:05:23 | INFO | Trend EPS Threshold: 1.50%
2026-03-25 08:05:23 | INFO | --- SCHEDULE CALCULATION ---
2026-03-25 08:05:23 | INFO | Condition Applied: CONDITION_3
2026-03-25 08:05:23 | INFO | Effective Base Forecast Used for Adjustments: 11.511 MW
2026-03-25 08:05:23 | INFO | Condition-3 (Phase-6) Applied:
2026-03-25 08:05:23 | INFO |   Forecast Mismatch: Intraday (12.790) != Day-ahead (12.860)
2026-03-25 08:05:23 | INFO |   Operation: ADD
2026-03-25 08:05:23 | INFO |   Base Adjustment %: 3.00%
2026-03-25 08:05:23 | INFO |   Irradiance Multiplier: 0.87x
2026-03-25 08:05:23 | INFO |   Temp Multiplier: 0.92x
2026-03-25 08:05:23 | INFO |   Wind Multiplier: 0.97x
2026-03-25 08:05:23 | INFO |   Weather Multiplier: 0.78x
2026-03-25 08:05:23 | INFO |   Final Adjustment %: 2.33%
2026-03-25 08:05:23 | INFO |   Calculation: 11.511 MW * (1 + 2.33% / 100)
2026-03-25 08:05:23 | INFO |   Formula (expanded): raw=11.5110*(1+2.3292/100)=11.7791
2026-03-25 08:05:23 | INFO | --- FINAL RESULT ---
2026-03-25 08:05:23 | INFO | Raw Schedule (before smoothing): 11.779 MW
2026-03-25 08:05:23 | INFO | Final Scheduled MW: 11.779 MW
2026-03-25 08:05:23 | INFO | --------------------------------------------------------------------------------
2026-03-25 08:05:23 | INFO | --------------------------------------------------------------------------------
2026-03-25 08:05:23 | INFO | BLOCK 43
2026-03-25 08:05:23 | INFO | --------------------------------------------------------------------------------
2026-03-25 08:05:23 | INFO | --- FORECAST DATA ---
2026-03-25 08:05:23 | INFO | Intraday Forecast (Enercast Raw): 13.340 MW
2026-03-25 08:05:23 | INFO | Intraday Forecast (Enercast, Scaled): 13.340 MW
2026-03-25 08:05:23 | INFO | Day-ahead Forecast (Enercast): 13.400 MW
2026-03-25 08:05:23 | INFO | Base Forecast (raw, before curtailment/shutdown): 12.006 MW
2026-03-25 08:05:23 | INFO | Base Forecast (used for schedule): 12.006 MW
2026-03-25 08:05:23 | INFO | Effective Base Forecast (after curtailment/shutdown): 12.006 MW
2026-03-25 08:05:23 | INFO | Plant Status: NORMAL
2026-03-25 08:05:23 | INFO | Effective Base Forecast = Base Forecast (raw) = 12.006 MW
2026-03-25 08:05:23 | INFO | --- WEATHER PARAMETERS ---
2026-03-25 08:05:23 | INFO | GTI: 781.0 W/m^2
2026-03-25 08:05:23 | INFO | DHI: 101.0 W/m^2
2026-03-25 08:05:23 | INFO | DNI: 0.0 W/m^2
2026-03-25 08:05:23 | INFO | Irradiance Ratio (GTI/MAX_GTI): 0.817
2026-03-25 08:05:23 | INFO | Diffuse Ratio (current): 0.129
2026-03-25 08:05:23 | INFO | Irradiance State: STABLE_CLEAR
2026-03-25 08:05:23 | INFO | Temp @ 2m: 31.22 C
2026-03-25 08:05:23 | INFO | Wind @ 10m: 14.97 m/s
2026-03-25 08:05:23 | INFO | Weather State: NORMAL
2026-03-25 08:05:23 | INFO | Dynamic Thresholds: cloud_thr=0.1001, shift_thr=0.1041
2026-03-25 08:05:23 | INFO | Multipliers: irradiance=0.87x, temp=0.92x, wind=0.97x
2026-03-25 08:05:23 | INFO | Weather Multiplier (combined): 0.78x
2026-03-25 08:05:23 | INFO | Abrupt Weather Change Detected: False
2026-03-25 08:05:23 | INFO | --- TREND ANALYSIS ---
2026-03-25 08:05:23 | INFO | Trend series (oldest -> latest):
2026-03-25 08:05:23 | INFO |   Block 42: 12.790 MW (source: INTRADAY_FALLBACK)
2026-03-25 08:05:23 | INFO |   Block 41: 12.160 MW (source: INTRADAY_FALLBACK)
2026-03-25 08:05:23 | INFO |   Block 40: 11.410 MW (source: INTRADAY_FALLBACK)
2026-03-25 08:05:23 | INFO |   Block 39: 10.560 MW (source: INTRADAY_FALLBACK)
2026-03-25 08:05:23 | INFO | Trend values used for slope calc: B42=12.790(INTRADAY_FALLBACK), B41=12.160(INTRADAY_FALLBACK), B40=11.410(INTRADAY_FALLBACK), B39=10.560(INTRADAY_FALLBACK)
2026-03-25 08:05:23 | INFO | Detected Trend Type: INCREASING
2026-03-25 08:05:23 | INFO | Trend Slope Percentage: 21.03%
2026-03-25 08:05:23 | INFO | Trend EPS Threshold: 1.50%
2026-03-25 08:05:23 | INFO | --- SCHEDULE CALCULATION ---
2026-03-25 08:05:23 | INFO | Condition Applied: CONDITION_3
2026-03-25 08:05:23 | INFO | Effective Base Forecast Used for Adjustments: 12.006 MW
2026-03-25 08:05:23 | INFO | Condition-3 (Phase-6) Applied:
2026-03-25 08:05:23 | INFO |   Forecast Mismatch: Intraday (13.340) != Day-ahead (13.400)
2026-03-25 08:05:23 | INFO |   Operation: ADD
2026-03-25 08:05:23 | INFO |   Base Adjustment %: 3.00%
2026-03-25 08:05:23 | INFO |   Irradiance Multiplier: 0.87x
2026-03-25 08:05:23 | INFO |   Temp Multiplier: 0.92x
2026-03-25 08:05:23 | INFO |   Wind Multiplier: 0.97x
2026-03-25 08:05:23 | INFO |   Weather Multiplier: 0.78x
2026-03-25 08:05:23 | INFO |   Final Adjustment %: 2.33%
2026-03-25 08:05:23 | INFO |   Calculation: 12.006 MW * (1 + 2.33% / 100)
2026-03-25 08:05:23 | INFO |   Formula (expanded): raw=12.0060*(1+2.3292/100)=12.2856
2026-03-25 08:05:23 | INFO | --- FINAL RESULT ---
2026-03-25 08:05:23 | INFO | Raw Schedule (before smoothing): 12.286 MW
2026-03-25 08:05:23 | INFO | Final Scheduled MW: 12.286 MW
2026-03-25 08:05:23 | INFO | --------------------------------------------------------------------------------
2026-03-25 08:05:23 | INFO | --------------------------------------------------------------------------------
2026-03-25 08:05:23 | INFO | BLOCK 44
2026-03-25 08:05:23 | INFO | --------------------------------------------------------------------------------
2026-03-25 08:05:23 | INFO | --- FORECAST DATA ---
2026-03-25 08:05:23 | INFO | Intraday Forecast (Enercast Raw): 13.810 MW
2026-03-25 08:05:23 | INFO | Intraday Forecast (Enercast, Scaled): 13.810 MW
2026-03-25 08:05:23 | INFO | Day-ahead Forecast (Enercast): 13.860 MW
2026-03-25 08:05:23 | INFO | Base Forecast (raw, before curtailment/shutdown): 12.429 MW
2026-03-25 08:05:23 | INFO | Base Forecast (used for schedule): 12.429 MW
2026-03-25 08:05:23 | INFO | Effective Base Forecast (after curtailment/shutdown): 12.429 MW
2026-03-25 08:05:23 | INFO | Plant Status: NORMAL
2026-03-25 08:05:23 | INFO | Effective Base Forecast = Base Forecast (raw) = 12.429 MW
2026-03-25 08:05:23 | INFO | --- WEATHER PARAMETERS ---
2026-03-25 08:05:23 | INFO | GTI: 818.0 W/m^2
2026-03-25 08:05:23 | INFO | DHI: 105.0 W/m^2
2026-03-25 08:05:23 | INFO | DNI: 0.0 W/m^2
2026-03-25 08:05:23 | INFO | Irradiance Ratio (GTI/MAX_GTI): 0.856
2026-03-25 08:05:23 | INFO | Diffuse Ratio (current): 0.128
2026-03-25 08:05:23 | INFO | Irradiance State: STABLE_CLEAR
2026-03-25 08:05:23 | INFO | Temp @ 2m: 31.57 C
2026-03-25 08:05:23 | INFO | Wind @ 10m: 14.41 m/s
2026-03-25 08:05:23 | INFO | Weather State: NORMAL
2026-03-25 08:05:23 | INFO | Dynamic Thresholds: cloud_thr=0.1001, shift_thr=0.1041
2026-03-25 08:05:23 | INFO | Multipliers: irradiance=0.87x, temp=0.92x, wind=0.97x
2026-03-25 08:05:23 | INFO | Weather Multiplier (combined): 0.78x
2026-03-25 08:05:23 | INFO | Abrupt Weather Change Detected: False
2026-03-25 08:05:23 | INFO | --- TREND ANALYSIS ---
2026-03-25 08:05:23 | INFO | Trend series (oldest -> latest):
2026-03-25 08:05:23 | INFO |   Block 43: 13.340 MW (source: INTRADAY_FALLBACK)
2026-03-25 08:05:23 | INFO |   Block 42: 12.790 MW (source: INTRADAY_FALLBACK)
2026-03-25 08:05:23 | INFO |   Block 41: 12.160 MW (source: INTRADAY_FALLBACK)
2026-03-25 08:05:23 | INFO |   Block 40: 11.410 MW (source: INTRADAY_FALLBACK)
2026-03-25 08:05:23 | INFO | Trend values used for slope calc: B43=13.340(INTRADAY_FALLBACK), B42=12.790(INTRADAY_FALLBACK), B41=12.160(INTRADAY_FALLBACK), B40=11.410(INTRADAY_FALLBACK)
2026-03-25 08:05:23 | INFO | Detected Trend Type: INCREASING
2026-03-25 08:05:23 | INFO | Trend Slope Percentage: 16.80%
2026-03-25 08:05:23 | INFO | Trend EPS Threshold: 1.50%
2026-03-25 08:05:23 | INFO | --- SCHEDULE CALCULATION ---
2026-03-25 08:05:23 | INFO | Condition Applied: CONDITION_3
2026-03-25 08:05:23 | INFO | Effective Base Forecast Used for Adjustments: 12.429 MW
2026-03-25 08:05:23 | INFO | Condition-3 (Phase-6) Applied:
2026-03-25 08:05:23 | INFO |   Forecast Mismatch: Intraday (13.810) != Day-ahead (13.860)
2026-03-25 08:05:23 | INFO |   Operation: ADD
2026-03-25 08:05:23 | INFO |   Base Adjustment %: 3.00%
2026-03-25 08:05:23 | INFO |   Irradiance Multiplier: 0.87x
2026-03-25 08:05:23 | INFO |   Temp Multiplier: 0.92x
2026-03-25 08:05:23 | INFO |   Wind Multiplier: 0.97x
2026-03-25 08:05:23 | INFO |   Weather Multiplier: 0.78x
2026-03-25 08:05:23 | INFO |   Final Adjustment %: 2.33%
2026-03-25 08:05:23 | INFO |   Calculation: 12.429 MW * (1 + 2.33% / 100)
2026-03-25 08:05:23 | INFO |   Formula (expanded): raw=12.4290*(1+2.3292/100)=12.7185
2026-03-25 08:05:23 | INFO | --- FINAL RESULT ---
2026-03-25 08:05:23 | INFO | Raw Schedule (before smoothing): 12.718 MW
2026-03-25 08:05:23 | INFO | Final Scheduled MW: 12.718 MW
2026-03-25 08:05:23 | INFO | --------------------------------------------------------------------------------
2026-03-25 08:05:23 | INFO | --------------------------------------------------------------------------------
2026-03-25 08:05:23 | INFO | BLOCK 45
2026-03-25 08:05:23 | INFO | --------------------------------------------------------------------------------
2026-03-25 08:05:23 | INFO | --- FORECAST DATA ---
2026-03-25 08:05:23 | INFO | Intraday Forecast (Enercast Raw): 14.220 MW
2026-03-25 08:05:23 | INFO | Intraday Forecast (Enercast, Scaled): 14.220 MW
2026-03-25 08:05:23 | INFO | Day-ahead Forecast (Enercast): 14.250 MW
2026-03-25 08:05:23 | INFO | Base Forecast (raw, before curtailment/shutdown): 12.798 MW
2026-03-25 08:05:23 | INFO | Base Forecast (used for schedule): 12.798 MW
2026-03-25 08:05:23 | INFO | Effective Base Forecast (after curtailment/shutdown): 12.798 MW
2026-03-25 08:05:23 | INFO | Plant Status: NORMAL
2026-03-25 08:05:23 | INFO | Effective Base Forecast = Base Forecast (raw) = 12.798 MW
2026-03-25 08:05:23 | INFO | --- WEATHER PARAMETERS ---
2026-03-25 08:05:23 | INFO | GTI: 850.0 W/m^2
2026-03-25 08:05:23 | INFO | DHI: 111.0 W/m^2
2026-03-25 08:05:23 | INFO | DNI: 0.0 W/m^2
2026-03-25 08:05:23 | INFO | Irradiance Ratio (GTI/MAX_GTI): 0.889
2026-03-25 08:05:23 | INFO | Diffuse Ratio (current): 0.131
2026-03-25 08:05:23 | INFO | Irradiance State: STABLE_CLEAR
2026-03-25 08:05:23 | INFO | Temp @ 2m: 31.92 C
2026-03-25 08:05:23 | INFO | Wind @ 10m: 13.80 m/s
2026-03-25 08:05:23 | INFO | Weather State: NORMAL
2026-03-25 08:05:23 | INFO | Dynamic Thresholds: cloud_thr=0.1001, shift_thr=0.1041
2026-03-25 08:05:23 | INFO | Multipliers: irradiance=0.87x, temp=0.92x, wind=0.97x
2026-03-25 08:05:23 | INFO | Weather Multiplier (combined): 0.78x
2026-03-25 08:05:23 | INFO | Abrupt Weather Change Detected: False
2026-03-25 08:05:23 | INFO | --- TREND ANALYSIS ---
2026-03-25 08:05:23 | INFO | Trend series (oldest -> latest):
2026-03-25 08:05:23 | INFO |   Block 44: 13.810 MW (source: INTRADAY_FALLBACK)
2026-03-25 08:05:23 | INFO |   Block 43: 13.340 MW (source: INTRADAY_FALLBACK)
2026-03-25 08:05:23 | INFO |   Block 42: 12.790 MW (source: INTRADAY_FALLBACK)
2026-03-25 08:05:23 | INFO |   Block 41: 12.160 MW (source: INTRADAY_FALLBACK)
2026-03-25 08:05:23 | INFO | Trend values used for slope calc: B44=13.810(INTRADAY_FALLBACK), B43=13.340(INTRADAY_FALLBACK), B42=12.790(INTRADAY_FALLBACK), B41=12.160(INTRADAY_FALLBACK)
2026-03-25 08:05:23 | INFO | Detected Trend Type: INCREASING
2026-03-25 08:05:23 | INFO | Trend Slope Percentage: 13.52%
2026-03-25 08:05:23 | INFO | Trend EPS Threshold: 1.50%
2026-03-25 08:05:23 | INFO | --- SCHEDULE CALCULATION ---
2026-03-25 08:05:23 | INFO | Condition Applied: CONDITION_3
2026-03-25 08:05:23 | INFO | Effective Base Forecast Used for Adjustments: 12.798 MW
2026-03-25 08:05:23 | INFO | Condition-3 (Phase-6) Applied:
2026-03-25 08:05:23 | INFO |   Forecast Mismatch: Intraday (14.220) != Day-ahead (14.250)
2026-03-25 08:05:23 | INFO |   Operation: ADD
2026-03-25 08:05:23 | INFO |   Base Adjustment %: 3.00%
2026-03-25 08:05:23 | INFO |   Irradiance Multiplier: 0.87x
2026-03-25 08:05:23 | INFO |   Temp Multiplier: 0.92x
2026-03-25 08:05:23 | INFO |   Wind Multiplier: 0.97x
2026-03-25 08:05:23 | INFO |   Weather Multiplier: 0.78x
2026-03-25 08:05:23 | INFO |   Final Adjustment %: 2.33%
2026-03-25 08:05:23 | INFO |   Calculation: 12.798 MW * (1 + 2.33% / 100)
2026-03-25 08:05:23 | INFO |   Formula (expanded): raw=12.7980*(1+2.3292/100)=13.0961
2026-03-25 08:05:23 | INFO | --- FINAL RESULT ---
2026-03-25 08:05:23 | INFO | Raw Schedule (before smoothing): 13.096 MW
2026-03-25 08:05:23 | INFO | Final Scheduled MW: 13.096 MW
2026-03-25 08:05:23 | INFO | --------------------------------------------------------------------------------
2026-03-25 08:05:23 | INFO | --------------------------------------------------------------------------------
2026-03-25 08:05:23 | INFO | BLOCK 46
2026-03-25 08:05:23 | INFO | --------------------------------------------------------------------------------
2026-03-25 08:05:23 | INFO | --- FORECAST DATA ---
2026-03-25 08:05:23 | INFO | Intraday Forecast (Enercast Raw): 14.560 MW
2026-03-25 08:05:23 | INFO | Intraday Forecast (Enercast, Scaled): 14.560 MW
2026-03-25 08:05:23 | INFO | Day-ahead Forecast (Enercast): 14.580 MW
2026-03-25 08:05:23 | INFO | Base Forecast (raw, before curtailment/shutdown): 13.104 MW
2026-03-25 08:05:23 | INFO | Base Forecast (used for schedule): 13.104 MW
2026-03-25 08:05:23 | INFO | Effective Base Forecast (after curtailment/shutdown): 13.104 MW
2026-03-25 08:05:23 | INFO | Plant Status: NORMAL
2026-03-25 08:05:23 | INFO | Effective Base Forecast = Base Forecast (raw) = 13.104 MW
2026-03-25 08:05:23 | INFO | --- WEATHER PARAMETERS ---
2026-03-25 08:05:23 | INFO | GTI: 878.0 W/m^2
2026-03-25 08:05:23 | INFO | DHI: 116.0 W/m^2
2026-03-25 08:05:23 | INFO | DNI: 0.0 W/m^2
2026-03-25 08:05:23 | INFO | Irradiance Ratio (GTI/MAX_GTI): 0.918
2026-03-25 08:05:23 | INFO | Diffuse Ratio (current): 0.132
2026-03-25 08:05:23 | INFO | Irradiance State: STABLE_CLEAR
2026-03-25 08:05:23 | INFO | Temp @ 2m: 32.17 C
2026-03-25 08:05:23 | INFO | Wind @ 10m: 12.52 m/s
2026-03-25 08:05:23 | INFO | Weather State: NORMAL
2026-03-25 08:05:23 | INFO | Dynamic Thresholds: cloud_thr=0.1001, shift_thr=0.1041
2026-03-25 08:05:23 | INFO | Multipliers: irradiance=0.87x, temp=0.92x, wind=0.97x
2026-03-25 08:05:23 | INFO | Weather Multiplier (combined): 0.78x
2026-03-25 08:05:23 | INFO | Abrupt Weather Change Detected: False
2026-03-25 08:05:23 | INFO | --- TREND ANALYSIS ---
2026-03-25 08:05:23 | INFO | Trend series (oldest -> latest):
2026-03-25 08:05:23 | INFO |   Block 45: 14.220 MW (source: INTRADAY_FALLBACK)
2026-03-25 08:05:23 | INFO |   Block 44: 13.810 MW (source: INTRADAY_FALLBACK)
2026-03-25 08:05:23 | INFO |   Block 43: 13.340 MW (source: INTRADAY_FALLBACK)
2026-03-25 08:05:23 | INFO |   Block 42: 12.790 MW (source: INTRADAY_FALLBACK)
2026-03-25 08:05:23 | INFO | Trend values used for slope calc: B45=14.220(INTRADAY_FALLBACK), B44=13.810(INTRADAY_FALLBACK), B43=13.340(INTRADAY_FALLBACK), B42=12.790(INTRADAY_FALLBACK)
2026-03-25 08:05:23 | INFO | Detected Trend Type: INCREASING
2026-03-25 08:05:23 | INFO | Trend Slope Percentage: 11.13%
2026-03-25 08:05:23 | INFO | Trend EPS Threshold: 1.50%
2026-03-25 08:05:23 | INFO | --- SCHEDULE CALCULATION ---
2026-03-25 08:05:23 | INFO | Condition Applied: CONDITION_3
2026-03-25 08:05:23 | INFO | Effective Base Forecast Used for Adjustments: 13.104 MW
2026-03-25 08:05:23 | INFO | Condition-3 (Phase-6) Applied:
2026-03-25 08:05:23 | INFO |   Forecast Mismatch: Intraday (14.560) != Day-ahead (14.580)
2026-03-25 08:05:23 | INFO |   Operation: ADD
2026-03-25 08:05:23 | INFO |   Base Adjustment %: 3.00%
2026-03-25 08:05:23 | INFO |   Irradiance Multiplier: 0.87x
2026-03-25 08:05:23 | INFO |   Temp Multiplier: 0.92x
2026-03-25 08:05:23 | INFO |   Wind Multiplier: 0.97x
2026-03-25 08:05:23 | INFO |   Weather Multiplier: 0.78x
2026-03-25 08:05:23 | INFO |   Final Adjustment %: 2.33%
2026-03-25 08:05:23 | INFO |   Calculation: 13.104 MW * (1 + 2.33% / 100)
2026-03-25 08:05:23 | INFO |   Formula (expanded): raw=13.1040*(1+2.3292/100)=13.4092
2026-03-25 08:05:23 | INFO | --- FINAL RESULT ---
2026-03-25 08:05:23 | INFO | Raw Schedule (before smoothing): 13.409 MW
2026-03-25 08:05:23 | INFO | Final Scheduled MW: 13.409 MW
2026-03-25 08:05:23 | INFO | --------------------------------------------------------------------------------
2026-03-25 08:05:23 | INFO | --------------------------------------------------------------------------------
2026-03-25 08:05:23 | INFO | BLOCK 47
2026-03-25 08:05:23 | INFO | --------------------------------------------------------------------------------
2026-03-25 08:05:23 | INFO | --- FORECAST DATA ---
2026-03-25 08:05:23 | INFO | Intraday Forecast (Enercast Raw): 14.760 MW
2026-03-25 08:05:23 | INFO | Intraday Forecast (Enercast, Scaled): 14.760 MW
2026-03-25 08:05:23 | INFO | Day-ahead Forecast (Enercast): 14.820 MW
2026-03-25 08:05:23 | INFO | Base Forecast (raw, before curtailment/shutdown): 13.284 MW
2026-03-25 08:05:23 | INFO | Base Forecast (used for schedule): 13.284 MW
2026-03-25 08:05:23 | INFO | Effective Base Forecast (after curtailment/shutdown): 13.284 MW
2026-03-25 08:05:23 | INFO | Plant Status: NORMAL
2026-03-25 08:05:23 | INFO | Effective Base Forecast = Base Forecast (raw) = 13.284 MW
2026-03-25 08:05:23 | INFO | --- WEATHER PARAMETERS ---
2026-03-25 08:05:23 | INFO | GTI: 901.0 W/m^2
2026-03-25 08:05:23 | INFO | DHI: 122.0 W/m^2
2026-03-25 08:05:23 | INFO | DNI: 0.0 W/m^2
2026-03-25 08:05:23 | INFO | Irradiance Ratio (GTI/MAX_GTI): 0.942
2026-03-25 08:05:23 | INFO | Diffuse Ratio (current): 0.135
2026-03-25 08:05:23 | INFO | Irradiance State: STABLE_CLEAR
2026-03-25 08:05:23 | INFO | Temp @ 2m: 32.42 C
2026-03-25 08:05:23 | INFO | Wind @ 10m: 11.63 m/s
2026-03-25 08:05:23 | INFO | Weather State: NORMAL
2026-03-25 08:05:23 | INFO | Dynamic Thresholds: cloud_thr=0.1001, shift_thr=0.1041
2026-03-25 08:05:23 | INFO | Multipliers: irradiance=0.87x, temp=0.92x, wind=0.97x
2026-03-25 08:05:23 | INFO | Weather Multiplier (combined): 0.78x
2026-03-25 08:05:23 | INFO | Abrupt Weather Change Detected: False
2026-03-25 08:05:23 | INFO | --- TREND ANALYSIS ---
2026-03-25 08:05:23 | INFO | Trend series (oldest -> latest):
2026-03-25 08:05:23 | INFO |   Block 46: 14.560 MW (source: INTRADAY_FALLBACK)
2026-03-25 08:05:23 | INFO |   Block 45: 14.220 MW (source: INTRADAY_FALLBACK)
2026-03-25 08:05:23 | INFO |   Block 44: 13.810 MW (source: INTRADAY_FALLBACK)
2026-03-25 08:05:23 | INFO |   Block 43: 13.340 MW (source: INTRADAY_FALLBACK)
2026-03-25 08:05:23 | INFO | Trend values used for slope calc: B46=14.560(INTRADAY_FALLBACK), B45=14.220(INTRADAY_FALLBACK), B44=13.810(INTRADAY_FALLBACK), B43=13.340(INTRADAY_FALLBACK)
2026-03-25 08:05:23 | INFO | Detected Trend Type: INCREASING
2026-03-25 08:05:23 | INFO | Trend Slope Percentage: 9.13%
2026-03-25 08:05:23 | INFO | Trend EPS Threshold: 1.50%
2026-03-25 08:05:23 | INFO | --- SCHEDULE CALCULATION ---
2026-03-25 08:05:23 | INFO | Condition Applied: CONDITION_3
2026-03-25 08:05:23 | INFO | Effective Base Forecast Used for Adjustments: 13.284 MW
2026-03-25 08:05:23 | INFO | Condition-3 (Phase-6) Applied:
2026-03-25 08:05:23 | INFO |   Forecast Mismatch: Intraday (14.760) != Day-ahead (14.820)
2026-03-25 08:05:23 | INFO |   Operation: ADD
2026-03-25 08:05:23 | INFO |   Base Adjustment %: 3.00%
2026-03-25 08:05:23 | INFO |   Irradiance Multiplier: 0.87x
2026-03-25 08:05:23 | INFO |   Temp Multiplier: 0.92x
2026-03-25 08:05:23 | INFO |   Wind Multiplier: 0.97x
2026-03-25 08:05:23 | INFO |   Weather Multiplier: 0.78x
2026-03-25 08:05:23 | INFO |   Final Adjustment %: 2.33%
2026-03-25 08:05:23 | INFO |   Calculation: 13.284 MW * (1 + 2.33% / 100)
2026-03-25 08:05:23 | INFO |   Formula (expanded): raw=13.2840*(1+2.3292/100)=13.5934
2026-03-25 08:05:23 | INFO | --- FINAL RESULT ---
2026-03-25 08:05:23 | INFO | Raw Schedule (before smoothing): 13.593 MW
2026-03-25 08:05:23 | INFO | Final Scheduled MW: 13.593 MW
2026-03-25 08:05:23 | INFO | --------------------------------------------------------------------------------
2026-03-25 08:05:23 | INFO | --------------------------------------------------------------------------------
2026-03-25 08:05:23 | INFO | BLOCK 48
2026-03-25 08:05:23 | INFO | --------------------------------------------------------------------------------
2026-03-25 08:05:23 | INFO | --- FORECAST DATA ---
2026-03-25 08:05:23 | INFO | Intraday Forecast (Enercast Raw): 14.910 MW
2026-03-25 08:05:23 | INFO | Intraday Forecast (Enercast, Scaled): 14.910 MW
2026-03-25 08:05:23 | INFO | Day-ahead Forecast (Enercast): 15.040 MW
2026-03-25 08:05:23 | INFO | Base Forecast (raw, before curtailment/shutdown): 13.419 MW
2026-03-25 08:05:23 | INFO | Base Forecast (used for schedule): 13.419 MW
2026-03-25 08:05:23 | INFO | Effective Base Forecast (after curtailment/shutdown): 13.419 MW
2026-03-25 08:05:23 | INFO | Plant Status: NORMAL
2026-03-25 08:05:23 | INFO | Effective Base Forecast = Base Forecast (raw) = 13.419 MW
2026-03-25 08:05:23 | INFO | --- WEATHER PARAMETERS ---
2026-03-25 08:05:23 | INFO | GTI: 919.0 W/m^2
2026-03-25 08:05:23 | INFO | DHI: 130.0 W/m^2
2026-03-25 08:05:23 | INFO | DNI: 0.0 W/m^2
2026-03-25 08:05:23 | INFO | Irradiance Ratio (GTI/MAX_GTI): 0.961
2026-03-25 08:05:23 | INFO | Diffuse Ratio (current): 0.141
2026-03-25 08:05:23 | INFO | Irradiance State: STABLE_CLEAR
2026-03-25 08:05:23 | INFO | Temp @ 2m: 32.57 C
2026-03-25 08:05:23 | INFO | Wind @ 10m: 10.31 m/s
2026-03-25 08:05:23 | INFO | Weather State: NORMAL
2026-03-25 08:05:23 | INFO | Dynamic Thresholds: cloud_thr=0.1001, shift_thr=0.1041
2026-03-25 08:05:23 | INFO | Multipliers: irradiance=0.87x, temp=0.92x, wind=0.97x
2026-03-25 08:05:23 | INFO | Weather Multiplier (combined): 0.78x
2026-03-25 08:05:23 | INFO | Abrupt Weather Change Detected: False
2026-03-25 08:05:23 | INFO | --- TREND ANALYSIS ---
2026-03-25 08:05:23 | INFO | Trend series (oldest -> latest):
2026-03-25 08:05:23 | INFO |   Block 47: 14.760 MW (source: INTRADAY_FALLBACK)
2026-03-25 08:05:23 | INFO |   Block 46: 14.560 MW (source: INTRADAY_FALLBACK)
2026-03-25 08:05:23 | INFO |   Block 45: 14.220 MW (source: INTRADAY_FALLBACK)
2026-03-25 08:05:23 | INFO |   Block 44: 13.810 MW (source: INTRADAY_FALLBACK)
2026-03-25 08:05:23 | INFO | Trend values used for slope calc: B47=14.760(INTRADAY_FALLBACK), B46=14.560(INTRADAY_FALLBACK), B45=14.220(INTRADAY_FALLBACK), B44=13.810(INTRADAY_FALLBACK)
2026-03-25 08:05:23 | INFO | Detected Trend Type: INCREASING
2026-03-25 08:05:23 | INFO | Trend Slope Percentage: 6.91%
2026-03-25 08:05:23 | INFO | Trend EPS Threshold: 1.50%
2026-03-25 08:05:23 | INFO | --- SCHEDULE CALCULATION ---
2026-03-25 08:05:23 | INFO | Condition Applied: CONDITION_3
2026-03-25 08:05:23 | INFO | Effective Base Forecast Used for Adjustments: 13.419 MW
2026-03-25 08:05:23 | INFO | Condition-3 (Phase-6) Applied:
2026-03-25 08:05:23 | INFO |   Forecast Mismatch: Intraday (14.910) != Day-ahead (15.040)
2026-03-25 08:05:23 | INFO |   Operation: ADD
2026-03-25 08:05:23 | INFO |   Base Adjustment %: 3.00%
2026-03-25 08:05:23 | INFO |   Irradiance Multiplier: 0.87x
2026-03-25 08:05:23 | INFO |   Temp Multiplier: 0.92x
2026-03-25 08:05:23 | INFO |   Wind Multiplier: 0.97x
2026-03-25 08:05:23 | INFO |   Weather Multiplier: 0.78x
2026-03-25 08:05:23 | INFO |   Final Adjustment %: 2.33%
2026-03-25 08:05:23 | INFO |   Calculation: 13.419 MW * (1 + 2.33% / 100)
2026-03-25 08:05:23 | INFO |   Formula (expanded): raw=13.4190*(1+2.3292/100)=13.7316
2026-03-25 08:05:23 | INFO | --- FINAL RESULT ---
2026-03-25 08:05:23 | INFO | Raw Schedule (before smoothing): 13.732 MW
2026-03-25 08:05:23 | INFO | Final Scheduled MW: 13.732 MW
2026-03-25 08:05:23 | INFO | --------------------------------------------------------------------------------
2026-03-25 08:05:23 | INFO | --------------------------------------------------------------------------------
2026-03-25 08:05:23 | INFO | BLOCK 49
2026-03-25 08:05:23 | INFO | --------------------------------------------------------------------------------
2026-03-25 08:05:23 | INFO | --- FORECAST DATA ---
2026-03-25 08:05:23 | INFO | Intraday Forecast (Enercast Raw): 15.010 MW
2026-03-25 08:05:23 | INFO | Intraday Forecast (Enercast, Scaled): 15.010 MW
2026-03-25 08:05:23 | INFO | Day-ahead Forecast (Enercast): 15.200 MW
2026-03-25 08:05:23 | INFO | Base Forecast (raw, before curtailment/shutdown): 13.509 MW
2026-03-25 08:05:23 | INFO | Base Forecast (used for schedule): 13.509 MW
2026-03-25 08:05:23 | INFO | Effective Base Forecast (after curtailment/shutdown): 13.509 MW
2026-03-25 08:05:23 | INFO | Plant Status: NORMAL
2026-03-25 08:05:23 | INFO | Effective Base Forecast = Base Forecast (raw) = 13.509 MW
2026-03-25 08:05:23 | INFO | --- WEATHER PARAMETERS ---
2026-03-25 08:05:23 | INFO | GTI: 934.0 W/m^2
2026-03-25 08:05:23 | INFO | DHI: 135.0 W/m^2
2026-03-25 08:05:23 | INFO | DNI: 0.0 W/m^2
2026-03-25 08:05:23 | INFO | Irradiance Ratio (GTI/MAX_GTI): 0.977
2026-03-25 08:05:23 | INFO | Diffuse Ratio (current): 0.145
2026-03-25 08:05:23 | INFO | Irradiance State: STABLE_CLEAR
2026-03-25 08:05:23 | INFO | Temp @ 2m: 32.67 C
2026-03-25 08:05:23 | INFO | Wind @ 10m: 9.02 m/s
2026-03-25 08:05:23 | INFO | Weather State: NORMAL
2026-03-25 08:05:23 | INFO | Dynamic Thresholds: cloud_thr=0.1001, shift_thr=0.1041
2026-03-25 08:05:23 | INFO | Multipliers: irradiance=0.87x, temp=0.92x, wind=0.97x
2026-03-25 08:05:23 | INFO | Weather Multiplier (combined): 0.78x
2026-03-25 08:05:23 | INFO | Abrupt Weather Change Detected: False
2026-03-25 08:05:23 | INFO | --- TREND ANALYSIS ---
2026-03-25 08:05:23 | INFO | Trend series (oldest -> latest):
2026-03-25 08:05:23 | INFO |   Block 48: 14.910 MW (source: INTRADAY_FALLBACK)
2026-03-25 08:05:23 | INFO |   Block 47: 14.760 MW (source: INTRADAY_FALLBACK)
2026-03-25 08:05:23 | INFO |   Block 46: 14.560 MW (source: INTRADAY_FALLBACK)
2026-03-25 08:05:23 | INFO |   Block 45: 14.220 MW (source: INTRADAY_FALLBACK)
2026-03-25 08:05:23 | INFO | Trend values used for slope calc: B48=14.910(INTRADAY_FALLBACK), B47=14.760(INTRADAY_FALLBACK), B46=14.560(INTRADAY_FALLBACK), B45=14.220(INTRADAY_FALLBACK)
2026-03-25 08:05:23 | INFO | Detected Trend Type: INCREASING
2026-03-25 08:05:23 | INFO | Trend Slope Percentage: 4.77%
2026-03-25 08:05:23 | INFO | Trend EPS Threshold: 1.50%
2026-03-25 08:05:23 | INFO | --- SCHEDULE CALCULATION ---
2026-03-25 08:05:23 | INFO | Condition Applied: CONDITION_3
2026-03-25 08:05:23 | INFO | Effective Base Forecast Used for Adjustments: 13.509 MW
2026-03-25 08:05:23 | INFO | Condition-3 (Phase-6) Applied:
2026-03-25 08:05:23 | INFO |   Forecast Mismatch: Intraday (15.010) != Day-ahead (15.200)
2026-03-25 08:05:23 | INFO |   Operation: ADD
2026-03-25 08:05:23 | INFO |   Base Adjustment %: 2.00%
2026-03-25 08:05:23 | INFO |   Irradiance Multiplier: 0.87x
2026-03-25 08:05:23 | INFO |   Temp Multiplier: 0.92x
2026-03-25 08:05:23 | INFO |   Wind Multiplier: 0.97x
2026-03-25 08:05:23 | INFO |   Weather Multiplier: 0.78x
2026-03-25 08:05:23 | INFO |   Final Adjustment %: 1.55%
2026-03-25 08:05:23 | INFO |   Calculation: 13.509 MW * (1 + 1.55% / 100)
2026-03-25 08:05:23 | INFO |   Formula (expanded): raw=13.5090*(1+1.5528/100)=13.7188
2026-03-25 08:05:23 | INFO | --- FINAL RESULT ---
2026-03-25 08:05:23 | INFO | Raw Schedule (before smoothing): 13.719 MW
2026-03-25 08:05:23 | INFO | Final Scheduled MW: 13.719 MW
2026-03-25 08:05:23 | INFO | --------------------------------------------------------------------------------
2026-03-25 08:05:23 | INFO | --------------------------------------------------------------------------------
2026-03-25 08:05:23 | INFO | BLOCK 50
2026-03-25 08:05:23 | INFO | --------------------------------------------------------------------------------
2026-03-25 08:05:23 | INFO | --- FORECAST DATA ---
2026-03-25 08:05:23 | INFO | Intraday Forecast (Enercast Raw): 15.020 MW
2026-03-25 08:05:23 | INFO | Intraday Forecast (Enercast, Scaled): 15.020 MW
2026-03-25 08:05:23 | INFO | Day-ahead Forecast (Enercast): 15.290 MW
2026-03-25 08:05:23 | INFO | Base Forecast (raw, before curtailment/shutdown): 13.518 MW
2026-03-25 08:05:23 | INFO | Base Forecast (used for schedule): 13.518 MW
2026-03-25 08:05:23 | INFO | Effective Base Forecast (after curtailment/shutdown): 13.518 MW
2026-03-25 08:05:23 | INFO | Plant Status: NORMAL
2026-03-25 08:05:23 | INFO | Effective Base Forecast = Base Forecast (raw) = 13.518 MW
2026-03-25 08:05:23 | INFO | --- WEATHER PARAMETERS ---
2026-03-25 08:05:23 | INFO | GTI: 945.0 W/m^2
2026-03-25 08:05:23 | INFO | DHI: 136.0 W/m^2
2026-03-25 08:05:23 | INFO | DNI: 0.0 W/m^2
2026-03-25 08:05:23 | INFO | Irradiance Ratio (GTI/MAX_GTI): 0.988
2026-03-25 08:05:23 | INFO | Diffuse Ratio (current): 0.144
2026-03-25 08:05:23 | INFO | Irradiance State: STABLE_CLEAR
2026-03-25 08:05:23 | INFO | Temp @ 2m: 32.77 C
2026-03-25 08:05:23 | INFO | Wind @ 10m: 7.59 m/s
2026-03-25 08:05:23 | INFO | Weather State: NORMAL
2026-03-25 08:05:23 | INFO | Dynamic Thresholds: cloud_thr=0.1001, shift_thr=0.1041
2026-03-25 08:05:23 | INFO | Multipliers: irradiance=0.87x, temp=0.92x, wind=0.97x
2026-03-25 08:05:23 | INFO | Weather Multiplier (combined): 0.78x
2026-03-25 08:05:23 | INFO | Abrupt Weather Change Detected: False
2026-03-25 08:05:23 | INFO | --- TREND ANALYSIS ---
2026-03-25 08:05:23 | INFO | Trend series (oldest -> latest):
2026-03-25 08:05:23 | INFO |   Block 49: 15.010 MW (source: INTRADAY_FALLBACK)
2026-03-25 08:05:23 | INFO |   Block 48: 14.910 MW (source: INTRADAY_FALLBACK)
2026-03-25 08:05:23 | INFO |   Block 47: 14.760 MW (source: INTRADAY_FALLBACK)
2026-03-25 08:05:23 | INFO |   Block 46: 14.560 MW (source: INTRADAY_FALLBACK)
2026-03-25 08:05:23 | INFO | Trend values used for slope calc: B49=15.010(INTRADAY_FALLBACK), B48=14.910(INTRADAY_FALLBACK), B47=14.760(INTRADAY_FALLBACK), B46=14.560(INTRADAY_FALLBACK)
2026-03-25 08:05:23 | INFO | Detected Trend Type: INCREASING
2026-03-25 08:05:23 | INFO | Trend Slope Percentage: 3.09%
2026-03-25 08:05:23 | INFO | Trend EPS Threshold: 1.50%
2026-03-25 08:05:23 | INFO | --- SCHEDULE CALCULATION ---
2026-03-25 08:05:23 | INFO | Condition Applied: CONDITION_3
2026-03-25 08:05:23 | INFO | Effective Base Forecast Used for Adjustments: 13.518 MW
2026-03-25 08:05:23 | INFO | Condition-3 (Phase-6) Applied:
2026-03-25 08:05:23 | INFO |   Forecast Mismatch: Intraday (15.020) != Day-ahead (15.290)
2026-03-25 08:05:23 | INFO |   Operation: ADD
2026-03-25 08:05:23 | INFO |   Base Adjustment %: 1.00%
2026-03-25 08:05:23 | INFO |   Irradiance Multiplier: 0.87x
2026-03-25 08:05:23 | INFO |   Temp Multiplier: 0.92x
2026-03-25 08:05:23 | INFO |   Wind Multiplier: 0.97x
2026-03-25 08:05:23 | INFO |   Weather Multiplier: 0.78x
2026-03-25 08:05:23 | INFO |   Final Adjustment %: 0.78%
2026-03-25 08:05:23 | INFO |   Calculation: 13.518 MW * (1 + 0.78% / 100)
2026-03-25 08:05:23 | INFO |   Formula (expanded): raw=13.5180*(1+0.7764/100)=13.6230
2026-03-25 08:05:23 | INFO | --- FINAL RESULT ---
2026-03-25 08:05:23 | INFO | Raw Schedule (before smoothing): 13.623 MW
2026-03-25 08:05:23 | INFO | Final Scheduled MW: 13.623 MW
2026-03-25 08:05:23 | INFO | --------------------------------------------------------------------------------
2026-03-25 08:05:23 | INFO | --------------------------------------------------------------------------------
2026-03-25 08:05:23 | INFO | BLOCK 51
2026-03-25 08:05:23 | INFO | --------------------------------------------------------------------------------
2026-03-25 08:05:23 | INFO | --- FORECAST DATA ---
2026-03-25 08:05:23 | INFO | Intraday Forecast (Enercast Raw): 14.990 MW
2026-03-25 08:05:23 | INFO | Intraday Forecast (Enercast, Scaled): 14.990 MW
2026-03-25 08:05:23 | INFO | Day-ahead Forecast (Enercast): 15.330 MW
2026-03-25 08:05:23 | INFO | Base Forecast (raw, before curtailment/shutdown): 13.491 MW
2026-03-25 08:05:23 | INFO | Base Forecast (used for schedule): 13.491 MW
2026-03-25 08:05:23 | INFO | Effective Base Forecast (after curtailment/shutdown): 13.491 MW
2026-03-25 08:05:23 | INFO | Plant Status: NORMAL
2026-03-25 08:05:23 | INFO | Effective Base Forecast = Base Forecast (raw) = 13.491 MW
2026-03-25 08:05:23 | INFO | --- WEATHER PARAMETERS ---
2026-03-25 08:05:23 | INFO | GTI: 953.0 W/m^2
2026-03-25 08:05:23 | INFO | DHI: 132.0 W/m^2
2026-03-25 08:05:23 | INFO | DNI: 0.0 W/m^2
2026-03-25 08:05:23 | INFO | Irradiance Ratio (GTI/MAX_GTI): 0.997
2026-03-25 08:05:23 | INFO | Diffuse Ratio (current): 0.139
2026-03-25 08:05:23 | INFO | Irradiance State: STABLE_CLEAR
2026-03-25 08:05:23 | INFO | Temp @ 2m: 32.92 C
2026-03-25 08:05:23 | INFO | Wind @ 10m: 5.90 m/s
2026-03-25 08:05:23 | INFO | Weather State: NORMAL
2026-03-25 08:05:23 | INFO | Dynamic Thresholds: cloud_thr=0.1001, shift_thr=0.1041
2026-03-25 08:05:23 | INFO | Multipliers: irradiance=0.87x, temp=0.92x, wind=0.93x
2026-03-25 08:05:23 | INFO | Weather Multiplier (combined): 0.74x
2026-03-25 08:05:23 | INFO | Abrupt Weather Change Detected: False
2026-03-25 08:05:23 | INFO | --- TREND ANALYSIS ---
2026-03-25 08:05:23 | INFO | Trend series (oldest -> latest):
2026-03-25 08:05:23 | INFO |   Block 50: 15.020 MW (source: INTRADAY_FALLBACK)
2026-03-25 08:05:23 | INFO |   Block 49: 15.010 MW (source: INTRADAY_FALLBACK)
2026-03-25 08:05:23 | INFO |   Block 48: 14.910 MW (source: INTRADAY_FALLBACK)
2026-03-25 08:05:23 | INFO |   Block 47: 14.760 MW (source: INTRADAY_FALLBACK)
2026-03-25 08:05:23 | INFO | Trend values used for slope calc: B50=15.020(INTRADAY_FALLBACK), B49=15.010(INTRADAY_FALLBACK), B48=14.910(INTRADAY_FALLBACK), B47=14.760(INTRADAY_FALLBACK)
2026-03-25 08:05:23 | INFO | Detected Trend Type: INCREASING
2026-03-25 08:05:23 | INFO | Trend Slope Percentage: 1.78%
2026-03-25 08:05:23 | INFO | Trend EPS Threshold: 1.50%
2026-03-25 08:05:23 | INFO | --- SCHEDULE CALCULATION ---
2026-03-25 08:05:23 | INFO | Condition Applied: CONDITION_3
2026-03-25 08:05:23 | INFO | Effective Base Forecast Used for Adjustments: 13.491 MW
2026-03-25 08:05:23 | INFO | Condition-3 (Phase-6) Applied:
2026-03-25 08:05:23 | INFO |   Forecast Mismatch: Intraday (14.990) != Day-ahead (15.330)
2026-03-25 08:05:23 | INFO |   Operation: ADD
2026-03-25 08:05:23 | INFO |   Base Adjustment %: 0.00%
2026-03-25 08:05:23 | INFO |   Irradiance Multiplier: 0.87x
2026-03-25 08:05:23 | INFO |   Temp Multiplier: 0.92x
2026-03-25 08:05:23 | INFO |   Wind Multiplier: 0.93x
2026-03-25 08:05:23 | INFO |   Weather Multiplier: 0.74x
2026-03-25 08:05:23 | INFO |   Final Adjustment %: 0.00%
2026-03-25 08:05:23 | INFO |   Calculation: 13.491 MW * (1 + 0.00% / 100)
2026-03-25 08:05:23 | INFO |   Formula (expanded): raw=13.4910*(1+0.0000/100)=13.4910
2026-03-25 08:05:23 | INFO | --- FINAL RESULT ---
2026-03-25 08:05:23 | INFO | Raw Schedule (before smoothing): 13.491 MW
2026-03-25 08:05:23 | INFO | Final Scheduled MW: 13.491 MW
2026-03-25 08:05:23 | INFO | --------------------------------------------------------------------------------
2026-03-25 08:05:23 | INFO | --------------------------------------------------------------------------------
2026-03-25 08:05:23 | INFO | BLOCK 52
2026-03-25 08:05:23 | INFO | --------------------------------------------------------------------------------
2026-03-25 08:05:23 | INFO | --- FORECAST DATA ---
2026-03-25 08:05:23 | INFO | Intraday Forecast (Enercast Raw): 14.920 MW
2026-03-25 08:05:23 | INFO | Intraday Forecast (Enercast, Scaled): 14.920 MW
2026-03-25 08:05:23 | INFO | Day-ahead Forecast (Enercast): 15.330 MW
2026-03-25 08:05:23 | INFO | Base Forecast (raw, before curtailment/shutdown): 13.428 MW
2026-03-25 08:05:23 | INFO | Base Forecast (used for schedule): 13.428 MW
2026-03-25 08:05:23 | INFO | Effective Base Forecast (after curtailment/shutdown): 13.428 MW
2026-03-25 08:05:23 | INFO | Plant Status: NORMAL
2026-03-25 08:05:23 | INFO | Effective Base Forecast = Base Forecast (raw) = 13.428 MW
2026-03-25 08:05:23 | INFO | --- WEATHER PARAMETERS ---
2026-03-25 08:05:23 | INFO | GTI: 956.0 W/m^2
2026-03-25 08:05:23 | INFO | DHI: 125.0 W/m^2
2026-03-25 08:05:23 | INFO | DNI: 0.0 W/m^2
2026-03-25 08:05:23 | INFO | Irradiance Ratio (GTI/MAX_GTI): 1.000
2026-03-25 08:05:23 | INFO | Diffuse Ratio (current): 0.131
2026-03-25 08:05:23 | INFO | Irradiance State: STABLE_CLEAR
2026-03-25 08:05:23 | INFO | Temp @ 2m: 33.17 C
2026-03-25 08:05:23 | INFO | Wind @ 10m: 4.07 m/s
2026-03-25 08:05:23 | INFO | Weather State: NORMAL
2026-03-25 08:05:23 | INFO | Dynamic Thresholds: cloud_thr=0.1001, shift_thr=0.1041
2026-03-25 08:05:23 | INFO | Multipliers: irradiance=0.87x, temp=0.92x, wind=0.93x
2026-03-25 08:05:23 | INFO | Weather Multiplier (combined): 0.74x
2026-03-25 08:05:23 | INFO | Abrupt Weather Change Detected: False
2026-03-25 08:05:23 | INFO | --- TREND ANALYSIS ---
2026-03-25 08:05:23 | INFO | Trend series (oldest -> latest):
2026-03-25 08:05:23 | INFO |   Block 51: 14.990 MW (source: INTRADAY_FALLBACK)
2026-03-25 08:05:23 | INFO |   Block 50: 15.020 MW (source: INTRADAY_FALLBACK)
2026-03-25 08:05:23 | INFO |   Block 49: 15.010 MW (source: INTRADAY_FALLBACK)
2026-03-25 08:05:23 | INFO |   Block 48: 14.910 MW (source: INTRADAY_FALLBACK)
2026-03-25 08:05:23 | INFO | Trend values used for slope calc: B51=14.990(INTRADAY_FALLBACK), B50=15.020(INTRADAY_FALLBACK), B49=15.010(INTRADAY_FALLBACK), B48=14.910(INTRADAY_FALLBACK)
2026-03-25 08:05:23 | INFO | Detected Trend Type: FLAT
2026-03-25 08:05:23 | INFO | Trend Slope Percentage: 0.50%
2026-03-25 08:05:23 | INFO | Trend EPS Threshold: 1.50%
2026-03-25 08:05:23 | INFO | --- SCHEDULE CALCULATION ---
2026-03-25 08:05:23 | INFO | Condition Applied: CONDITION_3
2026-03-25 08:05:23 | INFO | Effective Base Forecast Used for Adjustments: 13.428 MW
2026-03-25 08:05:23 | INFO | Condition-3 (Phase-6) Applied:
2026-03-25 08:05:23 | INFO |   Forecast Mismatch: Intraday (14.920) != Day-ahead (15.330)
2026-03-25 08:05:23 | INFO |   Operation: ADD
2026-03-25 08:05:23 | INFO |   Base Adjustment %: 0.00%
2026-03-25 08:05:23 | INFO |   Irradiance Multiplier: 0.87x
2026-03-25 08:05:23 | INFO |   Temp Multiplier: 0.92x
2026-03-25 08:05:23 | INFO |   Wind Multiplier: 0.93x
2026-03-25 08:05:23 | INFO |   Weather Multiplier: 0.74x
2026-03-25 08:05:23 | INFO |   Final Adjustment %: 0.00%
2026-03-25 08:05:23 | INFO |   Calculation: 13.428 MW * (1 + 0.00% / 100)
2026-03-25 08:05:23 | INFO |   Formula (expanded): raw=13.4280*(1+0.0000/100)=13.4280
2026-03-25 08:05:23 | INFO | --- FINAL RESULT ---
2026-03-25 08:05:23 | INFO | Raw Schedule (before smoothing): 13.428 MW
2026-03-25 08:05:23 | INFO | Final Scheduled MW: 13.428 MW
2026-03-25 08:05:23 | INFO | --------------------------------------------------------------------------------
2026-03-25 08:05:23 | INFO | --------------------------------------------------------------------------------
2026-03-25 08:05:23 | INFO | BLOCK 53
2026-03-25 08:05:23 | INFO | --------------------------------------------------------------------------------
2026-03-25 08:05:23 | INFO | --- FORECAST DATA ---
2026-03-25 08:05:23 | INFO | Intraday Forecast (Enercast Raw): 14.710 MW
2026-03-25 08:05:23 | INFO | Intraday Forecast (Enercast, Scaled): 14.710 MW
2026-03-25 08:05:23 | INFO | Day-ahead Forecast (Enercast): 15.210 MW
2026-03-25 08:05:23 | INFO | Base Forecast (raw, before curtailment/shutdown): 13.239 MW
2026-03-25 08:05:23 | INFO | Base Forecast (used for schedule): 13.239 MW
2026-03-25 08:05:23 | INFO | Effective Base Forecast (after curtailment/shutdown): 13.239 MW
2026-03-25 08:05:23 | INFO | Plant Status: NORMAL
2026-03-25 08:05:23 | INFO | Effective Base Forecast = Base Forecast (raw) = 13.239 MW
2026-03-25 08:05:23 | INFO | --- WEATHER PARAMETERS ---
2026-03-25 08:05:23 | INFO | GTI: 955.0 W/m^2
2026-03-25 08:05:23 | INFO | DHI: 119.0 W/m^2
2026-03-25 08:05:23 | INFO | DNI: 0.0 W/m^2
2026-03-25 08:05:23 | INFO | Irradiance Ratio (GTI/MAX_GTI): 0.999
2026-03-25 08:05:23 | INFO | Diffuse Ratio (current): 0.125
2026-03-25 08:05:23 | INFO | Irradiance State: STABLE_CLEAR
2026-03-25 08:05:23 | INFO | Temp @ 2m: 33.42 C
2026-03-25 08:05:23 | INFO | Wind @ 10m: 2.41 m/s
2026-03-25 08:05:23 | INFO | Weather State: NORMAL
2026-03-25 08:05:23 | INFO | Dynamic Thresholds: cloud_thr=0.1001, shift_thr=0.1041
2026-03-25 08:05:23 | INFO | Multipliers: irradiance=0.87x, temp=0.92x, wind=0.88x
2026-03-25 08:05:23 | INFO | Weather Multiplier (combined): 0.70x
2026-03-25 08:05:23 | INFO | Abrupt Weather Change Detected: False
2026-03-25 08:05:23 | INFO | --- TREND ANALYSIS ---
2026-03-25 08:05:23 | INFO | Trend series (oldest -> latest):
2026-03-25 08:05:23 | INFO |   Block 52: 14.920 MW (source: INTRADAY_FALLBACK)
2026-03-25 08:05:23 | INFO |   Block 51: 14.990 MW (source: INTRADAY_FALLBACK)
2026-03-25 08:05:23 | INFO |   Block 50: 15.020 MW (source: INTRADAY_FALLBACK)
2026-03-25 08:05:23 | INFO |   Block 49: 15.010 MW (source: INTRADAY_FALLBACK)
2026-03-25 08:05:23 | INFO | Trend values used for slope calc: B52=14.920(INTRADAY_FALLBACK), B51=14.990(INTRADAY_FALLBACK), B50=15.020(INTRADAY_FALLBACK), B49=15.010(INTRADAY_FALLBACK)
2026-03-25 08:05:23 | INFO | Detected Trend Type: FLAT
2026-03-25 08:05:23 | INFO | Trend Slope Percentage: -0.60%
2026-03-25 08:05:23 | INFO | Trend EPS Threshold: 1.50%
2026-03-25 08:05:23 | INFO | --- SCHEDULE CALCULATION ---
2026-03-25 08:05:23 | INFO | Condition Applied: CONDITION_3
2026-03-25 08:05:23 | INFO | Effective Base Forecast Used for Adjustments: 13.239 MW
2026-03-25 08:05:23 | INFO | Condition-3 (Phase-6) Applied:
2026-03-25 08:05:23 | INFO |   Forecast Mismatch: Intraday (14.710) != Day-ahead (15.210)
2026-03-25 08:05:23 | INFO |   Operation: ADD
2026-03-25 08:05:23 | INFO |   Base Adjustment %: 0.00%
2026-03-25 08:05:23 | INFO |   Irradiance Multiplier: 0.87x
2026-03-25 08:05:23 | INFO |   Temp Multiplier: 0.92x
2026-03-25 08:05:23 | INFO |   Wind Multiplier: 0.88x
2026-03-25 08:05:23 | INFO |   Weather Multiplier: 0.70x
2026-03-25 08:05:23 | INFO |   Final Adjustment %: 0.00%
2026-03-25 08:05:23 | INFO |   Calculation: 13.239 MW * (1 + 0.00% / 100)
2026-03-25 08:05:23 | INFO |   Formula (expanded): raw=13.2390*(1+0.0000/100)=13.2390
2026-03-25 08:05:23 | INFO | --- FINAL RESULT ---
2026-03-25 08:05:23 | INFO | Raw Schedule (before smoothing): 13.239 MW
2026-03-25 08:05:23 | INFO | Final Scheduled MW: 13.239 MW
2026-03-25 08:05:23 | INFO | --------------------------------------------------------------------------------
2026-03-25 08:05:23 | INFO | --------------------------------------------------------------------------------
2026-03-25 08:05:23 | INFO | BLOCK 54
2026-03-25 08:05:23 | INFO | --------------------------------------------------------------------------------
2026-03-25 08:05:23 | INFO | --- FORECAST DATA ---
2026-03-25 08:05:23 | INFO | Intraday Forecast (Enercast Raw): 14.350 MW
2026-03-25 08:05:23 | INFO | Intraday Forecast (Enercast, Scaled): 14.350 MW
2026-03-25 08:05:23 | INFO | Day-ahead Forecast (Enercast): 15.000 MW
2026-03-25 08:05:23 | INFO | Base Forecast (raw, before curtailment/shutdown): 12.915 MW
2026-03-25 08:05:23 | INFO | Base Forecast (used for schedule): 12.915 MW
2026-03-25 08:05:23 | INFO | Effective Base Forecast (after curtailment/shutdown): 12.915 MW
2026-03-25 08:05:23 | INFO | Plant Status: NORMAL
2026-03-25 08:05:23 | INFO | Effective Base Forecast = Base Forecast (raw) = 12.915 MW
2026-03-25 08:05:23 | INFO | --- WEATHER PARAMETERS ---
2026-03-25 08:05:23 | INFO | GTI: 949.0 W/m^2
2026-03-25 08:05:23 | INFO | DHI: 115.0 W/m^2
2026-03-25 08:05:23 | INFO | DNI: 0.0 W/m^2
2026-03-25 08:05:23 | INFO | Irradiance Ratio (GTI/MAX_GTI): 0.993
2026-03-25 08:05:23 | INFO | Diffuse Ratio (current): 0.121
2026-03-25 08:05:23 | INFO | Irradiance State: STABLE_CLEAR
2026-03-25 08:05:23 | INFO | Temp @ 2m: 33.72 C
2026-03-25 08:05:23 | INFO | Wind @ 10m: 1.53 m/s
2026-03-25 08:05:23 | INFO | Weather State: NORMAL
2026-03-25 08:05:23 | INFO | Dynamic Thresholds: cloud_thr=0.1001, shift_thr=0.1041
2026-03-25 08:05:23 | INFO | Multipliers: irradiance=0.87x, temp=0.92x, wind=0.80x
2026-03-25 08:05:23 | INFO | Weather Multiplier (combined): 0.64x
2026-03-25 08:05:23 | INFO | Abrupt Weather Change Detected: False
2026-03-25 08:05:23 | INFO | --- TREND ANALYSIS ---
2026-03-25 08:05:23 | INFO | Trend series (oldest -> latest):
2026-03-25 08:05:23 | INFO |   Block 53: 14.710 MW (source: INTRADAY_FALLBACK)
2026-03-25 08:05:23 | INFO |   Block 52: 14.920 MW (source: INTRADAY_FALLBACK)
2026-03-25 08:05:23 | INFO |   Block 51: 14.990 MW (source: INTRADAY_FALLBACK)
2026-03-25 08:05:23 | INFO |   Block 50: 15.020 MW (source: INTRADAY_FALLBACK)
2026-03-25 08:05:23 | INFO | Trend values used for slope calc: B53=14.710(INTRADAY_FALLBACK), B52=14.920(INTRADAY_FALLBACK), B51=14.990(INTRADAY_FALLBACK), B50=15.020(INTRADAY_FALLBACK)
2026-03-25 08:05:23 | INFO | Detected Trend Type: DECREASING
2026-03-25 08:05:23 | INFO | Trend Slope Percentage: -1.99%
2026-03-25 08:05:23 | INFO | Trend EPS Threshold: 1.50%
2026-03-25 08:05:23 | INFO | --- SCHEDULE CALCULATION ---
2026-03-25 08:05:23 | INFO | Condition Applied: CONDITION_3
2026-03-25 08:05:23 | INFO | Effective Base Forecast Used for Adjustments: 12.915 MW
2026-03-25 08:05:23 | INFO | Condition-3 (Phase-6) Applied:
2026-03-25 08:05:23 | INFO |   Forecast Mismatch: Intraday (14.350) != Day-ahead (15.000)
2026-03-25 08:05:23 | INFO |   Operation: SUBTRACT
2026-03-25 08:05:23 | INFO |   Base Adjustment %: 0.00%
2026-03-25 08:05:23 | INFO |   Irradiance Multiplier: 0.87x
2026-03-25 08:05:23 | INFO |   Temp Multiplier: 0.92x
2026-03-25 08:05:23 | INFO |   Wind Multiplier: 0.80x
2026-03-25 08:05:23 | INFO |   Weather Multiplier: 0.64x
2026-03-25 08:05:23 | INFO |   Final Adjustment %: -0.00%
2026-03-25 08:05:23 | INFO |   Calculation: 12.915 MW * (1 + -0.00% / 100)
2026-03-25 08:05:23 | INFO |   Formula (expanded): raw=12.9150*(1+-0.0000/100)=12.9150
2026-03-25 08:05:23 | INFO | --- FINAL RESULT ---
2026-03-25 08:05:23 | INFO | Raw Schedule (before smoothing): 12.915 MW
2026-03-25 08:05:23 | INFO | Final Scheduled MW: 12.915 MW
2026-03-25 08:05:23 | INFO | --------------------------------------------------------------------------------
2026-03-25 08:05:23 | INFO | --------------------------------------------------------------------------------
2026-03-25 08:05:23 | INFO | BLOCK 55
2026-03-25 08:05:23 | INFO | --------------------------------------------------------------------------------
2026-03-25 08:05:23 | INFO | --- FORECAST DATA ---
2026-03-25 08:05:23 | INFO | Intraday Forecast (Enercast Raw): 14.190 MW
2026-03-25 08:05:23 | INFO | Intraday Forecast (Enercast, Scaled): 14.190 MW
2026-03-25 08:05:23 | INFO | Day-ahead Forecast (Enercast): 14.500 MW
2026-03-25 08:05:23 | INFO | Base Forecast (raw, before curtailment/shutdown): 12.771 MW
2026-03-25 08:05:23 | INFO | Base Forecast (used for schedule): 12.771 MW
2026-03-25 08:05:23 | INFO | Effective Base Forecast (after curtailment/shutdown): 12.771 MW
2026-03-25 08:05:23 | INFO | Plant Status: NORMAL
2026-03-25 08:05:23 | INFO | Effective Base Forecast = Base Forecast (raw) = 12.771 MW
2026-03-25 08:05:23 | INFO | --- WEATHER PARAMETERS ---
2026-03-25 08:05:23 | INFO | GTI: 939.0 W/m^2
2026-03-25 08:05:23 | INFO | DHI: 110.0 W/m^2
2026-03-25 08:05:23 | INFO | DNI: 0.0 W/m^2
2026-03-25 08:05:23 | INFO | Irradiance Ratio (GTI/MAX_GTI): 0.982
2026-03-25 08:05:23 | INFO | Diffuse Ratio (current): 0.117
2026-03-25 08:05:23 | INFO | Irradiance State: STABLE_CLEAR
2026-03-25 08:05:23 | INFO | Temp @ 2m: 33.92 C
2026-03-25 08:05:23 | INFO | Wind @ 10m: 2.55 m/s
2026-03-25 08:05:23 | INFO | Weather State: NORMAL
2026-03-25 08:05:23 | INFO | Dynamic Thresholds: cloud_thr=0.1001, shift_thr=0.1041
2026-03-25 08:05:23 | INFO | Multipliers: irradiance=0.87x, temp=0.92x, wind=0.88x
2026-03-25 08:05:23 | INFO | Weather Multiplier (combined): 0.70x
2026-03-25 08:05:23 | INFO | Abrupt Weather Change Detected: False
2026-03-25 08:05:23 | INFO | --- TREND ANALYSIS ---
2026-03-25 08:05:23 | INFO | Trend series (oldest -> latest):
2026-03-25 08:05:23 | INFO |   Block 54: 14.350 MW (source: INTRADAY_FALLBACK)
2026-03-25 08:05:23 | INFO |   Block 53: 14.710 MW (source: INTRADAY_FALLBACK)
2026-03-25 08:05:23 | INFO |   Block 52: 14.920 MW (source: INTRADAY_FALLBACK)
2026-03-25 08:05:23 | INFO |   Block 51: 14.990 MW (source: INTRADAY_FALLBACK)
2026-03-25 08:05:23 | INFO | Trend values used for slope calc: B54=14.350(INTRADAY_FALLBACK), B53=14.710(INTRADAY_FALLBACK), B52=14.920(INTRADAY_FALLBACK), B51=14.990(INTRADAY_FALLBACK)
2026-03-25 08:05:23 | INFO | Detected Trend Type: DECREASING
2026-03-25 08:05:23 | INFO | Trend Slope Percentage: -4.24%
2026-03-25 08:05:23 | INFO | Trend EPS Threshold: 1.50%
2026-03-25 08:05:23 | INFO | --- SCHEDULE CALCULATION ---
2026-03-25 08:05:23 | INFO | Condition Applied: CONDITION_3
2026-03-25 08:05:23 | INFO | Effective Base Forecast Used for Adjustments: 12.771 MW
2026-03-25 08:05:23 | INFO | Condition-3 (Phase-6) Applied:
2026-03-25 08:05:23 | INFO |   Forecast Mismatch: Intraday (14.190) != Day-ahead (14.500)
2026-03-25 08:05:23 | INFO |   Operation: SUBTRACT
2026-03-25 08:05:23 | INFO |   Base Adjustment %: 2.00%
2026-03-25 08:05:23 | INFO |   Irradiance Multiplier: 0.87x
2026-03-25 08:05:23 | INFO |   Temp Multiplier: 0.92x
2026-03-25 08:05:23 | INFO |   Wind Multiplier: 0.88x
2026-03-25 08:05:23 | INFO |   Weather Multiplier: 0.70x
2026-03-25 08:05:23 | INFO |   Final Adjustment %: -1.41%
2026-03-25 08:05:23 | INFO |   Calculation: 12.771 MW * (1 + -1.41% / 100)
2026-03-25 08:05:23 | INFO |   Formula (expanded): raw=12.7710*(1+-1.4087/100)=12.5911
2026-03-25 08:05:23 | INFO | --- FINAL RESULT ---
2026-03-25 08:05:23 | INFO | Raw Schedule (before smoothing): 12.591 MW
2026-03-25 08:05:23 | INFO | Final Scheduled MW: 12.591 MW
2026-03-25 08:05:23 | INFO | --------------------------------------------------------------------------------
2026-03-25 08:05:23 | INFO | --------------------------------------------------------------------------------
2026-03-25 08:05:23 | INFO | BLOCK 56
2026-03-25 08:05:23 | INFO | --------------------------------------------------------------------------------
2026-03-25 08:05:23 | INFO | --- FORECAST DATA ---
2026-03-25 08:05:23 | INFO | Intraday Forecast (Enercast Raw): 13.900 MW
2026-03-25 08:05:23 | INFO | Intraday Forecast (Enercast, Scaled): 13.900 MW
2026-03-25 08:05:23 | INFO | Day-ahead Forecast (Enercast): 13.900 MW
2026-03-25 08:05:23 | INFO | Base Forecast (raw, before curtailment/shutdown): 12.510 MW
2026-03-25 08:05:23 | INFO | Base Forecast (used for schedule): 12.510 MW
2026-03-25 08:05:23 | INFO | Effective Base Forecast (after curtailment/shutdown): 12.510 MW
2026-03-25 08:05:23 | INFO | Plant Status: NORMAL
2026-03-25 08:05:23 | INFO | Effective Base Forecast = Base Forecast (raw) = 12.510 MW
2026-03-25 08:05:23 | INFO | --- WEATHER PARAMETERS ---
2026-03-25 08:05:23 | INFO | GTI: 923.0 W/m^2
2026-03-25 08:05:23 | INFO | DHI: 106.0 W/m^2
2026-03-25 08:05:23 | INFO | DNI: 0.0 W/m^2
2026-03-25 08:05:23 | INFO | Irradiance Ratio (GTI/MAX_GTI): 0.965
2026-03-25 08:05:23 | INFO | Diffuse Ratio (current): 0.115
2026-03-25 08:05:23 | INFO | Irradiance State: STABLE_CLEAR
2026-03-25 08:05:23 | INFO | Temp @ 2m: 34.07 C
2026-03-25 08:05:23 | INFO | Wind @ 10m: 3.62 m/s
2026-03-25 08:05:23 | INFO | Weather State: NORMAL
2026-03-25 08:05:23 | INFO | Dynamic Thresholds: cloud_thr=0.1001, shift_thr=0.1041
2026-03-25 08:05:23 | INFO | Multipliers: irradiance=0.87x, temp=0.92x, wind=0.88x
2026-03-25 08:05:23 | INFO | Weather Multiplier (combined): 0.70x
2026-03-25 08:05:23 | INFO | Abrupt Weather Change Detected: False
2026-03-25 08:05:23 | INFO | --- TREND ANALYSIS ---
2026-03-25 08:05:23 | INFO | Trend series (oldest -> latest):
2026-03-25 08:05:23 | INFO |   Block 55: 14.190 MW (source: INTRADAY_FALLBACK)
2026-03-25 08:05:23 | INFO |   Block 54: 14.350 MW (source: INTRADAY_FALLBACK)
2026-03-25 08:05:23 | INFO |   Block 53: 14.710 MW (source: INTRADAY_FALLBACK)
2026-03-25 08:05:23 | INFO |   Block 52: 14.920 MW (source: INTRADAY_FALLBACK)
2026-03-25 08:05:23 | INFO | Trend values used for slope calc: B55=14.190(INTRADAY_FALLBACK), B54=14.350(INTRADAY_FALLBACK), B53=14.710(INTRADAY_FALLBACK), B52=14.920(INTRADAY_FALLBACK)
2026-03-25 08:05:23 | INFO | Detected Trend Type: DECREASING
2026-03-25 08:05:23 | INFO | Trend Slope Percentage: -5.13%
2026-03-25 08:05:23 | INFO | Trend EPS Threshold: 1.50%
2026-03-25 08:05:23 | INFO | --- SCHEDULE CALCULATION ---
2026-03-25 08:05:23 | INFO | Condition Applied: CONDITION_3
2026-03-25 08:05:23 | INFO | Effective Base Forecast Used for Adjustments: 12.510 MW
2026-03-25 08:05:23 | INFO | Condition-3 (Phase-6) Applied:
2026-03-25 08:05:23 | INFO |   Forecast Mismatch: Intraday (13.900) != Day-ahead (13.900)
2026-03-25 08:05:23 | INFO |   Operation: SUBTRACT
2026-03-25 08:05:23 | INFO |   Base Adjustment %: 2.00%
2026-03-25 08:05:23 | INFO |   Irradiance Multiplier: 0.87x
2026-03-25 08:05:23 | INFO |   Temp Multiplier: 0.92x
2026-03-25 08:05:23 | INFO |   Wind Multiplier: 0.88x
2026-03-25 08:05:23 | INFO |   Weather Multiplier: 0.70x
2026-03-25 08:05:23 | INFO |   Final Adjustment %: -1.41%
2026-03-25 08:05:23 | INFO |   Calculation: 12.510 MW * (1 + -1.41% / 100)
2026-03-25 08:05:23 | INFO |   Formula (expanded): raw=12.5100*(1+-1.4087/100)=12.3338
2026-03-25 08:05:23 | INFO | --- FINAL RESULT ---
2026-03-25 08:05:23 | INFO | Raw Schedule (before smoothing): 12.334 MW
2026-03-25 08:05:23 | INFO | Final Scheduled MW: 12.334 MW
2026-03-25 08:05:23 | INFO | --------------------------------------------------------------------------------
2026-03-25 08:05:23 | INFO | --------------------------------------------------------------------------------
2026-03-25 08:05:23 | INFO | BLOCK 57
2026-03-25 08:05:23 | INFO | --------------------------------------------------------------------------------
2026-03-25 08:05:23 | INFO | --- FORECAST DATA ---
2026-03-25 08:05:23 | INFO | Intraday Forecast (Enercast Raw): 13.570 MW
2026-03-25 08:05:23 | INFO | Intraday Forecast (Enercast, Scaled): 13.570 MW
2026-03-25 08:05:23 | INFO | Day-ahead Forecast (Enercast): 13.240 MW
2026-03-25 08:05:23 | INFO | Base Forecast (raw, before curtailment/shutdown): 12.213 MW
2026-03-25 08:05:23 | INFO | Base Forecast (used for schedule): 12.213 MW
2026-03-25 08:05:23 | INFO | Effective Base Forecast (after curtailment/shutdown): 12.213 MW
2026-03-25 08:05:23 | INFO | Plant Status: NORMAL
2026-03-25 08:05:23 | INFO | Effective Base Forecast = Base Forecast (raw) = 12.213 MW
2026-03-25 08:05:23 | INFO | --- WEATHER PARAMETERS ---
2026-03-25 08:05:23 | INFO | GTI: 900.0 W/m^2
2026-03-25 08:05:23 | INFO | DHI: 108.0 W/m^2
2026-03-25 08:05:23 | INFO | DNI: 0.0 W/m^2
2026-03-25 08:05:23 | INFO | Irradiance Ratio (GTI/MAX_GTI): 0.941
2026-03-25 08:05:23 | INFO | Diffuse Ratio (current): 0.120
2026-03-25 08:05:23 | INFO | Irradiance State: STABLE_CLEAR
2026-03-25 08:05:23 | INFO | Temp @ 2m: 34.12 C
2026-03-25 08:05:23 | INFO | Wind @ 10m: 4.80 m/s
2026-03-25 08:05:23 | INFO | Weather State: NORMAL
2026-03-25 08:05:23 | INFO | Dynamic Thresholds: cloud_thr=0.1001, shift_thr=0.1041
2026-03-25 08:05:23 | INFO | Multipliers: irradiance=0.87x, temp=0.92x, wind=0.93x
2026-03-25 08:05:23 | INFO | Weather Multiplier (combined): 0.74x
2026-03-25 08:05:23 | INFO | Abrupt Weather Change Detected: False
2026-03-25 08:05:23 | INFO | --- TREND ANALYSIS ---
2026-03-25 08:05:23 | INFO | Trend series (oldest -> latest):
2026-03-25 08:05:23 | INFO |   Block 56: 13.900 MW (source: INTRADAY_FALLBACK)
2026-03-25 08:05:23 | INFO |   Block 55: 14.190 MW (source: INTRADAY_FALLBACK)
2026-03-25 08:05:23 | INFO |   Block 54: 14.350 MW (source: INTRADAY_FALLBACK)
2026-03-25 08:05:23 | INFO |   Block 53: 14.710 MW (source: INTRADAY_FALLBACK)
2026-03-25 08:05:23 | INFO | Trend values used for slope calc: B56=13.900(INTRADAY_FALLBACK), B55=14.190(INTRADAY_FALLBACK), B54=14.350(INTRADAY_FALLBACK), B53=14.710(INTRADAY_FALLBACK)
2026-03-25 08:05:23 | INFO | Detected Trend Type: DECREASING
2026-03-25 08:05:23 | INFO | Trend Slope Percentage: -5.29%
2026-03-25 08:05:23 | INFO | Trend EPS Threshold: 1.50%
2026-03-25 08:05:23 | INFO | --- SCHEDULE CALCULATION ---
2026-03-25 08:05:23 | INFO | Condition Applied: CONDITION_3
2026-03-25 08:05:23 | INFO | Effective Base Forecast Used for Adjustments: 12.213 MW
2026-03-25 08:05:23 | INFO | Condition-3 (Phase-6) Applied:
2026-03-25 08:05:23 | INFO |   Forecast Mismatch: Intraday (13.570) != Day-ahead (13.240)
2026-03-25 08:05:23 | INFO |   Operation: SUBTRACT
2026-03-25 08:05:23 | INFO |   Base Adjustment %: 2.00%
2026-03-25 08:05:23 | INFO |   Irradiance Multiplier: 0.87x
2026-03-25 08:05:23 | INFO |   Temp Multiplier: 0.92x
2026-03-25 08:05:23 | INFO |   Wind Multiplier: 0.93x
2026-03-25 08:05:23 | INFO |   Weather Multiplier: 0.74x
2026-03-25 08:05:23 | INFO |   Final Adjustment %: -1.49%
2026-03-25 08:05:23 | INFO |   Calculation: 12.213 MW * (1 + -1.49% / 100)
2026-03-25 08:05:23 | INFO |   Formula (expanded): raw=12.2130*(1+-1.4887/100)=12.0312
2026-03-25 08:05:23 | INFO | --- FINAL RESULT ---
2026-03-25 08:05:23 | INFO | Raw Schedule (before smoothing): 12.031 MW
2026-03-25 08:05:23 | INFO | Final Scheduled MW: 12.031 MW
2026-03-25 08:05:23 | INFO | --------------------------------------------------------------------------------
2026-03-25 08:05:23 | INFO | --------------------------------------------------------------------------------
2026-03-25 08:05:23 | INFO | BLOCK 58
2026-03-25 08:05:23 | INFO | --------------------------------------------------------------------------------
2026-03-25 08:05:23 | INFO | --- FORECAST DATA ---
2026-03-25 08:05:23 | INFO | Intraday Forecast (Enercast Raw): 13.150 MW
2026-03-25 08:05:23 | INFO | Intraday Forecast (Enercast, Scaled): 13.150 MW
2026-03-25 08:05:23 | INFO | Day-ahead Forecast (Enercast): 12.520 MW
2026-03-25 08:05:23 | INFO | Base Forecast (raw, before curtailment/shutdown): 11.835 MW
2026-03-25 08:05:23 | INFO | Base Forecast (used for schedule): 11.835 MW
2026-03-25 08:05:23 | INFO | Effective Base Forecast (after curtailment/shutdown): 11.835 MW
2026-03-25 08:05:23 | INFO | Plant Status: NORMAL
2026-03-25 08:05:23 | INFO | Effective Base Forecast = Base Forecast (raw) = 11.835 MW
2026-03-25 08:05:23 | INFO | --- WEATHER PARAMETERS ---
2026-03-25 08:05:23 | INFO | GTI: 868.0 W/m^2
2026-03-25 08:05:23 | INFO | DHI: 122.0 W/m^2
2026-03-25 08:05:23 | INFO | DNI: 0.0 W/m^2
2026-03-25 08:05:23 | INFO | Irradiance Ratio (GTI/MAX_GTI): 0.908
2026-03-25 08:05:23 | INFO | Diffuse Ratio (current): 0.141
2026-03-25 08:05:23 | INFO | Irradiance State: STABLE_CLEAR
2026-03-25 08:05:23 | INFO | Temp @ 2m: 34.17 C
2026-03-25 08:05:23 | INFO | Wind @ 10m: 5.82 m/s
2026-03-25 08:05:23 | INFO | Weather State: NORMAL
2026-03-25 08:05:23 | INFO | Dynamic Thresholds: cloud_thr=0.1001, shift_thr=0.1041
2026-03-25 08:05:23 | INFO | Multipliers: irradiance=0.87x, temp=0.92x, wind=0.93x
2026-03-25 08:05:23 | INFO | Weather Multiplier (combined): 0.74x
2026-03-25 08:05:23 | INFO | Abrupt Weather Change Detected: False
2026-03-25 08:05:23 | INFO | --- TREND ANALYSIS ---
2026-03-25 08:05:23 | INFO | Trend series (oldest -> latest):
2026-03-25 08:05:23 | INFO |   Block 57: 13.570 MW (source: INTRADAY_FALLBACK)
2026-03-25 08:05:23 | INFO |   Block 56: 13.900 MW (source: INTRADAY_FALLBACK)
2026-03-25 08:05:23 | INFO |   Block 55: 14.190 MW (source: INTRADAY_FALLBACK)
2026-03-25 08:05:23 | INFO |   Block 54: 14.350 MW (source: INTRADAY_FALLBACK)
2026-03-25 08:05:23 | INFO | Trend values used for slope calc: B57=13.570(INTRADAY_FALLBACK), B56=13.900(INTRADAY_FALLBACK), B55=14.190(INTRADAY_FALLBACK), B54=14.350(INTRADAY_FALLBACK)
2026-03-25 08:05:23 | INFO | Detected Trend Type: DECREASING
2026-03-25 08:05:23 | INFO | Trend Slope Percentage: -5.48%
2026-03-25 08:05:23 | INFO | Trend EPS Threshold: 1.50%
2026-03-25 08:05:23 | INFO | --- SCHEDULE CALCULATION ---
2026-03-25 08:05:23 | INFO | Condition Applied: CONDITION_3
2026-03-25 08:05:23 | INFO | Effective Base Forecast Used for Adjustments: 11.835 MW
2026-03-25 08:05:23 | INFO | Condition-3 (Phase-6) Applied:
2026-03-25 08:05:23 | INFO |   Forecast Mismatch: Intraday (13.150) != Day-ahead (12.520)
2026-03-25 08:05:23 | INFO |   Operation: SUBTRACT
2026-03-25 08:05:23 | INFO |   Base Adjustment %: 2.00%
2026-03-25 08:05:23 | INFO |   Irradiance Multiplier: 0.87x
2026-03-25 08:05:23 | INFO |   Temp Multiplier: 0.92x
2026-03-25 08:05:23 | INFO |   Wind Multiplier: 0.93x
2026-03-25 08:05:23 | INFO |   Weather Multiplier: 0.74x
2026-03-25 08:05:23 | INFO |   Final Adjustment %: -1.49%
2026-03-25 08:05:23 | INFO |   Calculation: 11.835 MW * (1 + -1.49% / 100)
2026-03-25 08:05:23 | INFO |   Formula (expanded): raw=11.8350*(1+-1.4887/100)=11.6588
2026-03-25 08:05:23 | INFO | --- FINAL RESULT ---
2026-03-25 08:05:23 | INFO | Raw Schedule (before smoothing): 11.659 MW
2026-03-25 08:05:23 | INFO | Final Scheduled MW: 11.659 MW
2026-03-25 08:05:23 | INFO | --------------------------------------------------------------------------------
2026-03-25 08:05:23 | INFO | --------------------------------------------------------------------------------
2026-03-25 08:05:23 | INFO | BLOCK 59
2026-03-25 08:05:23 | INFO | --------------------------------------------------------------------------------
2026-03-25 08:05:23 | INFO | --- FORECAST DATA ---
2026-03-25 08:05:23 | INFO | Intraday Forecast (Enercast Raw): 12.300 MW
2026-03-25 08:05:23 | INFO | Intraday Forecast (Enercast, Scaled): 12.300 MW
2026-03-25 08:05:23 | INFO | Day-ahead Forecast (Enercast): 12.190 MW
2026-03-25 08:05:23 | INFO | Base Forecast (raw, before curtailment/shutdown): 11.070 MW
2026-03-25 08:05:23 | INFO | Base Forecast (used for schedule): 11.070 MW
2026-03-25 08:05:23 | INFO | Effective Base Forecast (after curtailment/shutdown): 11.070 MW
2026-03-25 08:05:23 | INFO | Plant Status: NORMAL
2026-03-25 08:05:23 | INFO | Effective Base Forecast = Base Forecast (raw) = 11.070 MW
2026-03-25 08:05:23 | INFO | --- WEATHER PARAMETERS ---
2026-03-25 08:05:23 | INFO | GTI: 826.0 W/m^2
2026-03-25 08:05:23 | INFO | DHI: 150.0 W/m^2
2026-03-25 08:05:23 | INFO | DNI: 0.0 W/m^2
2026-03-25 08:05:23 | INFO | Irradiance Ratio (GTI/MAX_GTI): 0.864
2026-03-25 08:05:23 | INFO | Diffuse Ratio (current): 0.182
2026-03-25 08:05:23 | INFO | Irradiance State: STABLE_CLEAR
2026-03-25 08:05:23 | INFO | Temp @ 2m: 34.32 C
2026-03-25 08:05:23 | INFO | Wind @ 10m: 6.76 m/s
2026-03-25 08:05:23 | INFO | Weather State: NORMAL
2026-03-25 08:05:23 | INFO | Dynamic Thresholds: cloud_thr=0.1001, shift_thr=0.1041
2026-03-25 08:05:23 | INFO | Multipliers: irradiance=0.87x, temp=0.92x, wind=0.97x
2026-03-25 08:05:23 | INFO | Weather Multiplier (combined): 0.78x
2026-03-25 08:05:23 | INFO | Abrupt Weather Change Detected: False
2026-03-25 08:05:23 | INFO | --- TREND ANALYSIS ---
2026-03-25 08:05:23 | INFO | Trend series (oldest -> latest):
2026-03-25 08:05:23 | INFO |   Block 58: 13.150 MW (source: INTRADAY_FALLBACK)
2026-03-25 08:05:23 | INFO |   Block 57: 13.570 MW (source: INTRADAY_FALLBACK)
2026-03-25 08:05:23 | INFO |   Block 56: 13.900 MW (source: INTRADAY_FALLBACK)
2026-03-25 08:05:23 | INFO |   Block 55: 14.190 MW (source: INTRADAY_FALLBACK)
2026-03-25 08:05:23 | INFO | Trend values used for slope calc: B58=13.150(INTRADAY_FALLBACK), B57=13.570(INTRADAY_FALLBACK), B56=13.900(INTRADAY_FALLBACK), B55=14.190(INTRADAY_FALLBACK)
2026-03-25 08:05:23 | INFO | Detected Trend Type: DECREASING
2026-03-25 08:05:23 | INFO | Trend Slope Percentage: -7.28%
2026-03-25 08:05:23 | INFO | Trend EPS Threshold: 1.50%
2026-03-25 08:05:23 | INFO | --- SCHEDULE CALCULATION ---
2026-03-25 08:05:23 | INFO | Condition Applied: CONDITION_3
2026-03-25 08:05:23 | INFO | Effective Base Forecast Used for Adjustments: 11.070 MW
2026-03-25 08:05:23 | INFO | Condition-3 (Phase-6) Applied:
2026-03-25 08:05:23 | INFO |   Forecast Mismatch: Intraday (12.300) != Day-ahead (12.190)
2026-03-25 08:05:23 | INFO |   Operation: SUBTRACT
2026-03-25 08:05:23 | INFO |   Base Adjustment %: 3.00%
2026-03-25 08:05:23 | INFO |   Irradiance Multiplier: 0.87x
2026-03-25 08:05:23 | INFO |   Temp Multiplier: 0.92x
2026-03-25 08:05:23 | INFO |   Wind Multiplier: 0.97x
2026-03-25 08:05:23 | INFO |   Weather Multiplier: 0.78x
2026-03-25 08:05:23 | INFO |   Final Adjustment %: -2.33%
2026-03-25 08:05:23 | INFO |   Calculation: 11.070 MW * (1 + -2.33% / 100)
2026-03-25 08:05:23 | INFO |   Formula (expanded): raw=11.0700*(1+-2.3292/100)=10.8122
2026-03-25 08:05:23 | INFO | --- FINAL RESULT ---
2026-03-25 08:05:23 | INFO | Raw Schedule (before smoothing): 10.812 MW
2026-03-25 08:05:23 | INFO | Final Scheduled MW: 10.812 MW
2026-03-25 08:05:23 | INFO | --------------------------------------------------------------------------------
2026-03-25 08:05:23 | INFO | --------------------------------------------------------------------------------
2026-03-25 08:05:23 | INFO | BLOCK 60
2026-03-25 08:05:23 | INFO | --------------------------------------------------------------------------------
2026-03-25 08:05:23 | INFO | --- FORECAST DATA ---
2026-03-25 08:05:23 | INFO | Intraday Forecast (Enercast Raw): 11.410 MW
2026-03-25 08:05:23 | INFO | Intraday Forecast (Enercast, Scaled): 11.410 MW
2026-03-25 08:05:23 | INFO | Day-ahead Forecast (Enercast): 11.790 MW
2026-03-25 08:05:23 | INFO | Base Forecast (raw, before curtailment/shutdown): 10.269 MW
2026-03-25 08:05:23 | INFO | Base Forecast (used for schedule): 10.269 MW
2026-03-25 08:05:23 | INFO | Effective Base Forecast (after curtailment/shutdown): 10.269 MW
2026-03-25 08:05:23 | INFO | Plant Status: NORMAL
2026-03-25 08:05:23 | INFO | Effective Base Forecast = Base Forecast (raw) = 10.269 MW
2026-03-25 08:05:23 | INFO | --- WEATHER PARAMETERS ---
2026-03-25 08:05:23 | INFO | GTI: 779.0 W/m^2
2026-03-25 08:05:23 | INFO | DHI: 180.0 W/m^2
2026-03-25 08:05:23 | INFO | DNI: 0.0 W/m^2
2026-03-25 08:05:23 | INFO | Irradiance Ratio (GTI/MAX_GTI): 0.815
2026-03-25 08:05:23 | INFO | Diffuse Ratio (current): 0.231
2026-03-25 08:05:23 | INFO | Irradiance State: STABLE_CLEAR
2026-03-25 08:05:23 | INFO | Temp @ 2m: 34.57 C
2026-03-25 08:05:23 | INFO | Wind @ 10m: 7.90 m/s
2026-03-25 08:05:23 | INFO | Weather State: NORMAL
2026-03-25 08:05:23 | INFO | Dynamic Thresholds: cloud_thr=0.1001, shift_thr=0.1041
2026-03-25 08:05:23 | INFO | Multipliers: irradiance=0.87x, temp=0.92x, wind=0.97x
2026-03-25 08:05:23 | INFO | Weather Multiplier (combined): 0.78x
2026-03-25 08:05:23 | INFO | Abrupt Weather Change Detected: False
2026-03-25 08:05:23 | INFO | --- TREND ANALYSIS ---
2026-03-25 08:05:23 | INFO | Trend series (oldest -> latest):
2026-03-25 08:05:23 | INFO |   Block 59: 12.300 MW (source: INTRADAY_FALLBACK)
2026-03-25 08:05:23 | INFO |   Block 58: 13.150 MW (source: INTRADAY_FALLBACK)
2026-03-25 08:05:23 | INFO |   Block 57: 13.570 MW (source: INTRADAY_FALLBACK)
2026-03-25 08:05:23 | INFO |   Block 56: 13.900 MW (source: INTRADAY_FALLBACK)
2026-03-25 08:05:23 | INFO | Trend values used for slope calc: B59=12.300(INTRADAY_FALLBACK), B58=13.150(INTRADAY_FALLBACK), B57=13.570(INTRADAY_FALLBACK), B56=13.900(INTRADAY_FALLBACK)
2026-03-25 08:05:23 | INFO | Detected Trend Type: DECREASING
2026-03-25 08:05:23 | INFO | Trend Slope Percentage: -11.18%
2026-03-25 08:05:23 | INFO | Trend EPS Threshold: 1.50%
2026-03-25 08:05:23 | INFO | --- SCHEDULE CALCULATION ---
2026-03-25 08:05:23 | INFO | Condition Applied: CONDITION_3
2026-03-25 08:05:23 | INFO | Effective Base Forecast Used for Adjustments: 10.269 MW
2026-03-25 08:05:23 | INFO | Condition-3 (Phase-6) Applied:
2026-03-25 08:05:23 | INFO |   Forecast Mismatch: Intraday (11.410) != Day-ahead (11.790)
2026-03-25 08:05:23 | INFO |   Operation: SUBTRACT
2026-03-25 08:05:23 | INFO |   Base Adjustment %: 3.00%
2026-03-25 08:05:23 | INFO |   Irradiance Multiplier: 0.87x
2026-03-25 08:05:23 | INFO |   Temp Multiplier: 0.92x
2026-03-25 08:05:23 | INFO |   Wind Multiplier: 0.97x
2026-03-25 08:05:23 | INFO |   Weather Multiplier: 0.78x
2026-03-25 08:05:23 | INFO |   Final Adjustment %: -2.33%
2026-03-25 08:05:23 | INFO |   Calculation: 10.269 MW * (1 + -2.33% / 100)
2026-03-25 08:05:23 | INFO |   Formula (expanded): raw=10.2690*(1+-2.3292/100)=10.0298
2026-03-25 08:05:23 | INFO | --- FINAL RESULT ---
2026-03-25 08:05:23 | INFO | Raw Schedule (before smoothing): 10.030 MW
2026-03-25 08:05:23 | INFO | Final Scheduled MW: 10.030 MW
2026-03-25 08:05:23 | INFO | --------------------------------------------------------------------------------
2026-03-25 08:05:23 | INFO | --------------------------------------------------------------------------------
2026-03-25 08:05:23 | INFO | BLOCK 61
2026-03-25 08:05:23 | INFO | --------------------------------------------------------------------------------
2026-03-25 08:05:23 | INFO | --- FORECAST DATA ---
2026-03-25 08:05:23 | INFO | Intraday Forecast (Enercast Raw): 10.480 MW
2026-03-25 08:05:23 | INFO | Intraday Forecast (Enercast, Scaled): 10.480 MW
2026-03-25 08:05:23 | INFO | Day-ahead Forecast (Enercast): 11.360 MW
2026-03-25 08:05:23 | INFO | Base Forecast (raw, before curtailment/shutdown): 9.432 MW
2026-03-25 08:05:23 | INFO | Base Forecast (used for schedule): 9.432 MW
2026-03-25 08:05:23 | INFO | Effective Base Forecast (after curtailment/shutdown): 9.432 MW
2026-03-25 08:05:23 | INFO | Plant Status: NORMAL
2026-03-25 08:05:23 | INFO | Effective Base Forecast = Base Forecast (raw) = 9.432 MW
2026-03-25 08:05:23 | INFO | --- WEATHER PARAMETERS ---
2026-03-25 08:05:23 | INFO | GTI: 731.0 W/m^2
2026-03-25 08:05:23 | INFO | DHI: 200.0 W/m^2
2026-03-25 08:05:23 | INFO | DNI: 0.0 W/m^2
2026-03-25 08:05:23 | INFO | Irradiance Ratio (GTI/MAX_GTI): 0.765
2026-03-25 08:05:23 | INFO | Diffuse Ratio (current): 0.274
2026-03-25 08:05:23 | INFO | Irradiance State: STABLE_CLEAR
2026-03-25 08:05:23 | INFO | Temp @ 2m: 34.82 C
2026-03-25 08:05:23 | INFO | Wind @ 10m: 9.29 m/s
2026-03-25 08:05:23 | INFO | Weather State: NORMAL
2026-03-25 08:05:23 | INFO | Dynamic Thresholds: cloud_thr=0.1001, shift_thr=0.1041
2026-03-25 08:05:23 | INFO | Multipliers: irradiance=0.87x, temp=0.92x, wind=0.97x
2026-03-25 08:05:23 | INFO | Weather Multiplier (combined): 0.78x
2026-03-25 08:05:23 | INFO | Abrupt Weather Change Detected: False
2026-03-25 08:05:23 | INFO | --- TREND ANALYSIS ---
2026-03-25 08:05:23 | INFO | Trend series (oldest -> latest):
2026-03-25 08:05:23 | INFO |   Block 60: 11.410 MW (source: INTRADAY_FALLBACK)
2026-03-25 08:05:23 | INFO |   Block 59: 12.300 MW (source: INTRADAY_FALLBACK)
2026-03-25 08:05:23 | INFO |   Block 58: 13.150 MW (source: INTRADAY_FALLBACK)
2026-03-25 08:05:23 | INFO |   Block 57: 13.570 MW (source: INTRADAY_FALLBACK)
2026-03-25 08:05:23 | INFO | Trend values used for slope calc: B60=11.410(INTRADAY_FALLBACK), B59=12.300(INTRADAY_FALLBACK), B58=13.150(INTRADAY_FALLBACK), B57=13.570(INTRADAY_FALLBACK)
2026-03-25 08:05:23 | INFO | Detected Trend Type: DECREASING
2026-03-25 08:05:23 | INFO | Trend Slope Percentage: -16.04%
2026-03-25 08:05:23 | INFO | Trend EPS Threshold: 1.50%
2026-03-25 08:05:23 | INFO | --- SCHEDULE CALCULATION ---
2026-03-25 08:05:23 | INFO | Condition Applied: CONDITION_3
2026-03-25 08:05:23 | INFO | Effective Base Forecast Used for Adjustments: 9.432 MW
2026-03-25 08:05:23 | INFO | Condition-3 (Phase-6) Applied:
2026-03-25 08:05:23 | INFO |   Forecast Mismatch: Intraday (10.480) != Day-ahead (11.360)
2026-03-25 08:05:23 | INFO |   Operation: SUBTRACT
2026-03-25 08:05:23 | INFO |   Base Adjustment %: 3.00%
2026-03-25 08:05:23 | INFO |   Irradiance Multiplier: 0.87x
2026-03-25 08:05:23 | INFO |   Temp Multiplier: 0.92x
2026-03-25 08:05:23 | INFO |   Wind Multiplier: 0.97x
2026-03-25 08:05:23 | INFO |   Weather Multiplier: 0.78x
2026-03-25 08:05:23 | INFO |   Final Adjustment %: -2.33%
2026-03-25 08:05:23 | INFO |   Calculation: 9.432 MW * (1 + -2.33% / 100)
2026-03-25 08:05:23 | INFO |   Formula (expanded): raw=9.4320*(1+-2.3292/100)=9.2123
2026-03-25 08:05:23 | INFO | --- FINAL RESULT ---
2026-03-25 08:05:23 | INFO | Raw Schedule (before smoothing): 9.212 MW
2026-03-25 08:05:23 | INFO | Final Scheduled MW: 9.212 MW
2026-03-25 08:05:23 | INFO | --------------------------------------------------------------------------------
2026-03-25 08:05:23 | INFO | --------------------------------------------------------------------------------
2026-03-25 08:05:23 | INFO | BLOCK 62
2026-03-25 08:05:23 | INFO | --------------------------------------------------------------------------------
2026-03-25 08:05:23 | INFO | --- FORECAST DATA ---
2026-03-25 08:05:23 | INFO | Intraday Forecast (Enercast Raw): 9.490 MW
2026-03-25 08:05:23 | INFO | Intraday Forecast (Enercast, Scaled): 9.490 MW
2026-03-25 08:05:23 | INFO | Day-ahead Forecast (Enercast): 10.820 MW
2026-03-25 08:05:23 | INFO | Base Forecast (raw, before curtailment/shutdown): 8.541 MW
2026-03-25 08:05:23 | INFO | Base Forecast (used for schedule): 8.541 MW
2026-03-25 08:05:23 | INFO | Effective Base Forecast (after curtailment/shutdown): 8.541 MW
2026-03-25 08:05:23 | INFO | Plant Status: NORMAL
2026-03-25 08:05:23 | INFO | Effective Base Forecast = Base Forecast (raw) = 8.541 MW
2026-03-25 08:05:23 | INFO | --- WEATHER PARAMETERS ---
2026-03-25 08:05:23 | INFO | GTI: 686.0 W/m^2
2026-03-25 08:05:23 | INFO | DHI: 202.0 W/m^2
2026-03-25 08:05:23 | INFO | DNI: 0.0 W/m^2
2026-03-25 08:05:23 | INFO | Irradiance Ratio (GTI/MAX_GTI): 0.718
2026-03-25 08:05:23 | INFO | Diffuse Ratio (current): 0.294
2026-03-25 08:05:23 | INFO | Irradiance State: VARIABLE_CLEAR
2026-03-25 08:05:23 | INFO | Temp @ 2m: 35.12 C
2026-03-25 08:05:23 | INFO | Wind @ 10m: 10.51 m/s
2026-03-25 08:05:23 | INFO | Weather State: NORMAL
2026-03-25 08:05:23 | INFO | Dynamic Thresholds: cloud_thr=0.1001, shift_thr=0.1041
2026-03-25 08:05:23 | INFO | Multipliers: irradiance=0.68x, temp=0.80x, wind=0.97x
2026-03-25 08:05:23 | INFO | Weather Multiplier (combined): 0.53x
2026-03-25 08:05:23 | INFO | Abrupt Weather Change Detected: False
2026-03-25 08:05:23 | INFO | --- TREND ANALYSIS ---
2026-03-25 08:05:23 | INFO | Trend series (oldest -> latest):
2026-03-25 08:05:23 | INFO |   Block 61: 10.480 MW (source: INTRADAY_FALLBACK)
2026-03-25 08:05:23 | INFO |   Block 60: 11.410 MW (source: INTRADAY_FALLBACK)
2026-03-25 08:05:23 | INFO |   Block 59: 12.300 MW (source: INTRADAY_FALLBACK)
2026-03-25 08:05:23 | INFO |   Block 58: 13.150 MW (source: INTRADAY_FALLBACK)
2026-03-25 08:05:23 | INFO | Trend values used for slope calc: B61=10.480(INTRADAY_FALLBACK), B60=11.410(INTRADAY_FALLBACK), B59=12.300(INTRADAY_FALLBACK), B58=13.150(INTRADAY_FALLBACK)
2026-03-25 08:05:23 | INFO | Detected Trend Type: DECREASING
2026-03-25 08:05:23 | INFO | Trend Slope Percentage: -20.27%
2026-03-25 08:05:23 | INFO | Trend EPS Threshold: 1.50%
2026-03-25 08:05:23 | INFO | --- SCHEDULE CALCULATION ---
2026-03-25 08:05:23 | INFO | Condition Applied: CONDITION_3
2026-03-25 08:05:23 | INFO | Effective Base Forecast Used for Adjustments: 8.541 MW
2026-03-25 08:05:23 | INFO | Condition-3 (Phase-6) Applied:
2026-03-25 08:05:23 | INFO |   Forecast Mismatch: Intraday (9.490) != Day-ahead (10.820)
2026-03-25 08:05:23 | INFO |   Operation: SUBTRACT
2026-03-25 08:05:23 | INFO |   Base Adjustment %: 3.00%
2026-03-25 08:05:23 | INFO |   Irradiance Multiplier: 0.68x
2026-03-25 08:05:23 | INFO |   Temp Multiplier: 0.80x
2026-03-25 08:05:23 | INFO |   Wind Multiplier: 0.97x
2026-03-25 08:05:23 | INFO |   Weather Multiplier: 0.53x
2026-03-25 08:05:23 | INFO |   Final Adjustment %: -1.58%
2026-03-25 08:05:23 | INFO |   Calculation: 8.541 MW * (1 + -1.58% / 100)
2026-03-25 08:05:23 | INFO |   Formula (expanded): raw=8.5410*(1+-1.5830/100)=8.4058
2026-03-25 08:05:23 | INFO | --- FINAL RESULT ---
2026-03-25 08:05:23 | INFO | Raw Schedule (before smoothing): 8.406 MW
2026-03-25 08:05:23 | INFO | Final Scheduled MW: 8.406 MW
2026-03-25 08:05:23 | INFO | --------------------------------------------------------------------------------
2026-03-25 08:05:23 | INFO | --------------------------------------------------------------------------------
2026-03-25 08:05:23 | INFO | BLOCK 63
2026-03-25 08:05:23 | INFO | --------------------------------------------------------------------------------
2026-03-25 08:05:23 | INFO | --- FORECAST DATA ---
2026-03-25 08:05:23 | INFO | Intraday Forecast (Enercast Raw): 8.790 MW
2026-03-25 08:05:23 | INFO | Intraday Forecast (Enercast, Scaled): 8.790 MW
2026-03-25 08:05:23 | INFO | Day-ahead Forecast (Enercast): 9.760 MW
2026-03-25 08:05:23 | INFO | Base Forecast (raw, before curtailment/shutdown): 7.911 MW
2026-03-25 08:05:23 | INFO | Base Forecast (used for schedule): 7.911 MW
2026-03-25 08:05:23 | INFO | Effective Base Forecast (after curtailment/shutdown): 7.911 MW
2026-03-25 08:05:23 | INFO | Plant Status: NORMAL
2026-03-25 08:05:23 | INFO | Effective Base Forecast = Base Forecast (raw) = 7.911 MW
2026-03-25 08:05:23 | INFO | --- WEATHER PARAMETERS ---
2026-03-25 08:05:23 | INFO | GTI: 643.0 W/m^2
2026-03-25 08:05:23 | INFO | DHI: 189.0 W/m^2
2026-03-25 08:05:23 | INFO | DNI: 0.0 W/m^2
2026-03-25 08:05:23 | INFO | Irradiance Ratio (GTI/MAX_GTI): 0.673
2026-03-25 08:05:23 | INFO | Diffuse Ratio (current): 0.294
2026-03-25 08:05:23 | INFO | Irradiance State: VARIABLE_CLEAR
2026-03-25 08:05:23 | INFO | Temp @ 2m: 35.32 C
2026-03-25 08:05:23 | INFO | Wind @ 10m: 11.53 m/s
2026-03-25 08:05:23 | INFO | Weather State: NORMAL
2026-03-25 08:05:23 | INFO | Dynamic Thresholds: cloud_thr=0.1001, shift_thr=0.1041
2026-03-25 08:05:23 | INFO | Multipliers: irradiance=0.68x, temp=0.80x, wind=0.97x
2026-03-25 08:05:23 | INFO | Weather Multiplier (combined): 0.53x
2026-03-25 08:05:23 | INFO | Abrupt Weather Change Detected: False
2026-03-25 08:05:23 | INFO | --- TREND ANALYSIS ---
2026-03-25 08:05:23 | INFO | Trend series (oldest -> latest):
2026-03-25 08:05:23 | INFO |   Block 62: 9.490 MW (source: INTRADAY_FALLBACK)
2026-03-25 08:05:23 | INFO |   Block 61: 10.480 MW (source: INTRADAY_FALLBACK)
2026-03-25 08:05:23 | INFO |   Block 60: 11.410 MW (source: INTRADAY_FALLBACK)
2026-03-25 08:05:23 | INFO |   Block 59: 12.300 MW (source: INTRADAY_FALLBACK)
2026-03-25 08:05:23 | INFO | Trend values used for slope calc: B62=9.490(INTRADAY_FALLBACK), B61=10.480(INTRADAY_FALLBACK), B60=11.410(INTRADAY_FALLBACK), B59=12.300(INTRADAY_FALLBACK)
2026-03-25 08:05:23 | INFO | Detected Trend Type: DECREASING
2026-03-25 08:05:23 | INFO | Trend Slope Percentage: -22.78%
2026-03-25 08:05:23 | INFO | Trend EPS Threshold: 1.50%
2026-03-25 08:05:23 | INFO | --- SCHEDULE CALCULATION ---
2026-03-25 08:05:23 | INFO | Condition Applied: CONDITION_3
2026-03-25 08:05:23 | INFO | Effective Base Forecast Used for Adjustments: 7.911 MW
2026-03-25 08:05:23 | INFO | Condition-3 (Phase-6) Applied:
2026-03-25 08:05:23 | INFO |   Forecast Mismatch: Intraday (8.790) != Day-ahead (9.760)
2026-03-25 08:05:23 | INFO |   Operation: SUBTRACT
2026-03-25 08:05:23 | INFO |   Base Adjustment %: 3.00%
2026-03-25 08:05:23 | INFO |   Irradiance Multiplier: 0.68x
2026-03-25 08:05:23 | INFO |   Temp Multiplier: 0.80x
2026-03-25 08:05:23 | INFO |   Wind Multiplier: 0.97x
2026-03-25 08:05:23 | INFO |   Weather Multiplier: 0.53x
2026-03-25 08:05:23 | INFO |   Final Adjustment %: -1.58%
2026-03-25 08:05:23 | INFO |   Calculation: 7.911 MW * (1 + -1.58% / 100)
2026-03-25 08:05:23 | INFO |   Formula (expanded): raw=7.9110*(1+-1.5830/100)=7.7858
2026-03-25 08:05:23 | INFO | --- FINAL RESULT ---
2026-03-25 08:05:23 | INFO | Raw Schedule (before smoothing): 7.786 MW
2026-03-25 08:05:23 | INFO | Final Scheduled MW: 7.786 MW
2026-03-25 08:05:23 | INFO | --------------------------------------------------------------------------------
2026-03-25 08:05:23 | INFO | --------------------------------------------------------------------------------
2026-03-25 08:05:23 | INFO | BLOCK 64
2026-03-25 08:05:23 | INFO | --------------------------------------------------------------------------------
2026-03-25 08:05:23 | INFO | --- FORECAST DATA ---
2026-03-25 08:05:23 | INFO | Intraday Forecast (Enercast Raw): 8.060 MW
2026-03-25 08:05:23 | INFO | Intraday Forecast (Enercast, Scaled): 8.060 MW
2026-03-25 08:05:23 | INFO | Day-ahead Forecast (Enercast): 8.690 MW
2026-03-25 08:05:23 | INFO | Base Forecast (raw, before curtailment/shutdown): 7.254 MW
2026-03-25 08:05:23 | INFO | Base Forecast (used for schedule): 7.254 MW
2026-03-25 08:05:23 | INFO | Effective Base Forecast (after curtailment/shutdown): 7.254 MW
2026-03-25 08:05:23 | INFO | Plant Status: NORMAL
2026-03-25 08:05:23 | INFO | Effective Base Forecast = Base Forecast (raw) = 7.254 MW
2026-03-25 08:05:23 | INFO | --- WEATHER PARAMETERS ---
2026-03-25 08:05:23 | INFO | GTI: 600.0 W/m^2
2026-03-25 08:05:23 | INFO | DHI: 170.0 W/m^2
2026-03-25 08:05:23 | INFO | DNI: 0.0 W/m^2
2026-03-25 08:05:23 | INFO | Irradiance Ratio (GTI/MAX_GTI): 0.628
2026-03-25 08:05:23 | INFO | Diffuse Ratio (current): 0.283
2026-03-25 08:05:23 | INFO | Irradiance State: VARIABLE_CLEAR
2026-03-25 08:05:23 | INFO | Temp @ 2m: 35.42 C
2026-03-25 08:05:23 | INFO | Wind @ 10m: 11.81 m/s
2026-03-25 08:05:23 | INFO | Weather State: NORMAL
2026-03-25 08:05:23 | INFO | Dynamic Thresholds: cloud_thr=0.1001, shift_thr=0.1041
2026-03-25 08:05:23 | INFO | Multipliers: irradiance=0.68x, temp=0.80x, wind=0.97x
2026-03-25 08:05:23 | INFO | Weather Multiplier (combined): 0.53x
2026-03-25 08:05:23 | INFO | Abrupt Weather Change Detected: False
2026-03-25 08:05:23 | INFO | --- TREND ANALYSIS ---
2026-03-25 08:05:23 | INFO | Trend series (oldest -> latest):
2026-03-25 08:05:23 | INFO |   Block 63: 8.790 MW (source: INTRADAY_FALLBACK)
2026-03-25 08:05:23 | INFO |   Block 62: 9.490 MW (source: INTRADAY_FALLBACK)
2026-03-25 08:05:23 | INFO |   Block 61: 10.480 MW (source: INTRADAY_FALLBACK)
2026-03-25 08:05:23 | INFO |   Block 60: 11.410 MW (source: INTRADAY_FALLBACK)
2026-03-25 08:05:23 | INFO | Trend values used for slope calc: B63=8.790(INTRADAY_FALLBACK), B62=9.490(INTRADAY_FALLBACK), B61=10.480(INTRADAY_FALLBACK), B60=11.410(INTRADAY_FALLBACK)
2026-03-25 08:05:23 | INFO | Detected Trend Type: DECREASING
2026-03-25 08:05:23 | INFO | Trend Slope Percentage: -23.35%
2026-03-25 08:05:23 | INFO | Trend EPS Threshold: 1.50%
2026-03-25 08:05:23 | INFO | --- SCHEDULE CALCULATION ---
2026-03-25 08:05:23 | INFO | Condition Applied: CONDITION_3
2026-03-25 08:05:23 | INFO | Effective Base Forecast Used for Adjustments: 7.254 MW
2026-03-25 08:05:23 | INFO | Condition-3 (Phase-6) Applied:
2026-03-25 08:05:23 | INFO |   Forecast Mismatch: Intraday (8.060) != Day-ahead (8.690)
2026-03-25 08:05:23 | INFO |   Operation: SUBTRACT
2026-03-25 08:05:23 | INFO |   Base Adjustment %: 3.00%
2026-03-25 08:05:23 | INFO |   Irradiance Multiplier: 0.68x
2026-03-25 08:05:23 | INFO |   Temp Multiplier: 0.80x
2026-03-25 08:05:23 | INFO |   Wind Multiplier: 0.97x
2026-03-25 08:05:23 | INFO |   Weather Multiplier: 0.53x
2026-03-25 08:05:23 | INFO |   Final Adjustment %: -1.58%
2026-03-25 08:05:23 | INFO |   Calculation: 7.254 MW * (1 + -1.58% / 100)
2026-03-25 08:05:23 | INFO |   Formula (expanded): raw=7.2540*(1+-1.5830/100)=7.1392
2026-03-25 08:05:23 | INFO | --- FINAL RESULT ---
2026-03-25 08:05:23 | INFO | Raw Schedule (before smoothing): 7.139 MW
2026-03-25 08:05:23 | INFO | Final Scheduled MW: 7.139 MW
2026-03-25 08:05:23 | INFO | --------------------------------------------------------------------------------
2026-03-25 08:05:23 | INFO | --------------------------------------------------------------------------------
2026-03-25 08:05:23 | INFO | BLOCK 65
2026-03-25 08:05:23 | INFO | --------------------------------------------------------------------------------
2026-03-25 08:05:23 | INFO | --- FORECAST DATA ---
2026-03-25 08:05:23 | INFO | Intraday Forecast (Enercast Raw): 7.310 MW
2026-03-25 08:05:23 | INFO | Intraday Forecast (Enercast, Scaled): 7.310 MW
2026-03-25 08:05:23 | INFO | Day-ahead Forecast (Enercast): 7.570 MW
2026-03-25 08:05:23 | INFO | Base Forecast (raw, before curtailment/shutdown): 6.579 MW
2026-03-25 08:05:23 | INFO | Base Forecast (used for schedule): 6.579 MW
2026-03-25 08:05:23 | INFO | Effective Base Forecast (after curtailment/shutdown): 6.579 MW
2026-03-25 08:05:23 | INFO | Plant Status: NORMAL
2026-03-25 08:05:23 | INFO | Effective Base Forecast = Base Forecast (raw) = 6.579 MW
2026-03-25 08:05:23 | INFO | --- WEATHER PARAMETERS ---
2026-03-25 08:05:23 | INFO | GTI: 552.0 W/m^2
2026-03-25 08:05:23 | INFO | DHI: 153.0 W/m^2
2026-03-25 08:05:23 | INFO | DNI: 0.0 W/m^2
2026-03-25 08:05:23 | INFO | Irradiance Ratio (GTI/MAX_GTI): 0.577
2026-03-25 08:05:23 | INFO | Diffuse Ratio (current): 0.277
2026-03-25 08:05:23 | INFO | Irradiance State: VARIABLE_CLEAR
2026-03-25 08:05:23 | INFO | Temp @ 2m: 35.47 C
2026-03-25 08:05:23 | INFO | Wind @ 10m: 11.68 m/s
2026-03-25 08:05:23 | INFO | Weather State: NORMAL
2026-03-25 08:05:23 | INFO | Dynamic Thresholds: cloud_thr=0.1001, shift_thr=0.1041
2026-03-25 08:05:23 | INFO | Multipliers: irradiance=0.68x, temp=0.80x, wind=0.97x
2026-03-25 08:05:23 | INFO | Weather Multiplier (combined): 0.53x
2026-03-25 08:05:23 | INFO | Abrupt Weather Change Detected: False
2026-03-25 08:05:23 | INFO | --- TREND ANALYSIS ---
2026-03-25 08:05:23 | INFO | Trend series (oldest -> latest):
2026-03-25 08:05:23 | INFO |   Block 64: 8.060 MW (source: INTRADAY_FALLBACK)
2026-03-25 08:05:23 | INFO |   Block 63: 8.790 MW (source: INTRADAY_FALLBACK)
2026-03-25 08:05:23 | INFO |   Block 62: 9.490 MW (source: INTRADAY_FALLBACK)
2026-03-25 08:05:23 | INFO |   Block 61: 10.480 MW (source: INTRADAY_FALLBACK)
2026-03-25 08:05:23 | INFO | Trend values used for slope calc: B64=8.060(INTRADAY_FALLBACK), B63=8.790(INTRADAY_FALLBACK), B62=9.490(INTRADAY_FALLBACK), B61=10.480(INTRADAY_FALLBACK)
2026-03-25 08:05:23 | INFO | Detected Trend Type: DECREASING
2026-03-25 08:05:23 | INFO | Trend Slope Percentage: -22.96%
2026-03-25 08:05:23 | INFO | Trend EPS Threshold: 1.50%
2026-03-25 08:05:23 | INFO | --- SCHEDULE CALCULATION ---
2026-03-25 08:05:23 | INFO | Condition Applied: CONDITION_3
2026-03-25 08:05:23 | INFO | Effective Base Forecast Used for Adjustments: 6.579 MW
2026-03-25 08:05:23 | INFO | Condition-3 (Phase-6) Applied:
2026-03-25 08:05:23 | INFO |   Forecast Mismatch: Intraday (7.310) != Day-ahead (7.570)
2026-03-25 08:05:23 | INFO |   Operation: SUBTRACT
2026-03-25 08:05:23 | INFO |   Base Adjustment %: 3.00%
2026-03-25 08:05:23 | INFO |   Irradiance Multiplier: 0.68x
2026-03-25 08:05:23 | INFO |   Temp Multiplier: 0.80x
2026-03-25 08:05:23 | INFO |   Wind Multiplier: 0.97x
2026-03-25 08:05:23 | INFO |   Weather Multiplier: 0.53x
2026-03-25 08:05:23 | INFO |   Final Adjustment %: -1.58%
2026-03-25 08:05:23 | INFO |   Calculation: 6.579 MW * (1 + -1.58% / 100)
2026-03-25 08:05:23 | INFO |   Formula (expanded): raw=6.5790*(1+-1.5830/100)=6.4749
2026-03-25 08:05:23 | INFO | --- FINAL RESULT ---
2026-03-25 08:05:23 | INFO | Raw Schedule (before smoothing): 6.475 MW
2026-03-25 08:05:23 | INFO | Final Scheduled MW: 6.475 MW
2026-03-25 08:05:23 | INFO | --------------------------------------------------------------------------------
2026-03-25 08:05:23 | INFO | --------------------------------------------------------------------------------
2026-03-25 08:05:23 | INFO | BLOCK 66
2026-03-25 08:05:23 | INFO | --------------------------------------------------------------------------------
2026-03-25 08:05:23 | INFO | --- FORECAST DATA ---
2026-03-25 08:05:23 | INFO | Intraday Forecast (Enercast Raw): 6.530 MW
2026-03-25 08:05:23 | INFO | Intraday Forecast (Enercast, Scaled): 6.530 MW
2026-03-25 08:05:23 | INFO | Day-ahead Forecast (Enercast): 6.410 MW
2026-03-25 08:05:23 | INFO | Base Forecast (raw, before curtailment/shutdown): 5.877 MW
2026-03-25 08:05:23 | INFO | Base Forecast (used for schedule): 5.877 MW
2026-03-25 08:05:23 | INFO | Effective Base Forecast (after curtailment/shutdown): 5.877 MW
2026-03-25 08:05:23 | INFO | Plant Status: NORMAL
2026-03-25 08:05:23 | INFO | Effective Base Forecast = Base Forecast (raw) = 5.877 MW
2026-03-25 08:05:23 | INFO | --- WEATHER PARAMETERS ---
2026-03-25 08:05:23 | INFO | GTI: 498.0 W/m^2
2026-03-25 08:05:23 | INFO | DHI: 141.0 W/m^2
2026-03-25 08:05:23 | INFO | DNI: 0.0 W/m^2
2026-03-25 08:05:23 | INFO | Irradiance Ratio (GTI/MAX_GTI): 0.521
2026-03-25 08:05:23 | INFO | Diffuse Ratio (current): 0.283
2026-03-25 08:05:23 | INFO | Irradiance State: VARIABLE_CLEAR
2026-03-25 08:05:23 | INFO | Temp @ 2m: 35.47 C
2026-03-25 08:05:23 | INFO | Wind @ 10m: 11.61 m/s
2026-03-25 08:05:23 | INFO | Weather State: NORMAL
2026-03-25 08:05:23 | INFO | Dynamic Thresholds: cloud_thr=0.1001, shift_thr=0.1041
2026-03-25 08:05:23 | INFO | Multipliers: irradiance=0.68x, temp=0.80x, wind=0.97x
2026-03-25 08:05:23 | INFO | Weather Multiplier (combined): 0.53x
2026-03-25 08:05:23 | INFO | Abrupt Weather Change Detected: False
2026-03-25 08:05:23 | INFO | --- TREND ANALYSIS ---
2026-03-25 08:05:23 | INFO | Trend series (oldest -> latest):
2026-03-25 08:05:23 | INFO |   Block 65: 7.310 MW (source: INTRADAY_FALLBACK)
2026-03-25 08:05:23 | INFO |   Block 64: 8.060 MW (source: INTRADAY_FALLBACK)
2026-03-25 08:05:23 | INFO |   Block 63: 8.790 MW (source: INTRADAY_FALLBACK)
2026-03-25 08:05:23 | INFO |   Block 62: 9.490 MW (source: INTRADAY_FALLBACK)
2026-03-25 08:05:23 | INFO | Trend values used for slope calc: B65=7.310(INTRADAY_FALLBACK), B64=8.060(INTRADAY_FALLBACK), B63=8.790(INTRADAY_FALLBACK), B62=9.490(INTRADAY_FALLBACK)
2026-03-25 08:05:23 | INFO | Detected Trend Type: DECREASING
2026-03-25 08:05:23 | INFO | Trend Slope Percentage: -22.95%
2026-03-25 08:05:23 | INFO | Trend EPS Threshold: 1.50%
2026-03-25 08:05:23 | INFO | --- SCHEDULE CALCULATION ---
2026-03-25 08:05:23 | INFO | Condition Applied: CONDITION_3
2026-03-25 08:05:23 | INFO | Effective Base Forecast Used for Adjustments: 5.877 MW
2026-03-25 08:05:23 | INFO | Condition-3 (Phase-6) Applied:
2026-03-25 08:05:23 | INFO |   Forecast Mismatch: Intraday (6.530) != Day-ahead (6.410)
2026-03-25 08:05:23 | INFO |   Operation: SUBTRACT
2026-03-25 08:05:23 | INFO |   Base Adjustment %: 3.00%
2026-03-25 08:05:23 | INFO |   Irradiance Multiplier: 0.68x
2026-03-25 08:05:23 | INFO |   Temp Multiplier: 0.80x
2026-03-25 08:05:23 | INFO |   Wind Multiplier: 0.97x
2026-03-25 08:05:23 | INFO |   Weather Multiplier: 0.53x
2026-03-25 08:05:23 | INFO |   Final Adjustment %: -1.58%
2026-03-25 08:05:23 | INFO |   Calculation: 5.877 MW * (1 + -1.58% / 100)
2026-03-25 08:05:23 | INFO |   Formula (expanded): raw=5.8770*(1+-1.5830/100)=5.7840
2026-03-25 08:05:23 | INFO | --- FINAL RESULT ---
2026-03-25 08:05:23 | INFO | Raw Schedule (before smoothing): 5.784 MW
2026-03-25 08:05:23 | INFO | Final Scheduled MW: 5.784 MW
2026-03-25 08:05:23 | INFO | --------------------------------------------------------------------------------
2026-03-25 08:05:23 | INFO | --------------------------------------------------------------------------------
2026-03-25 08:05:23 | INFO | BLOCK 67
2026-03-25 08:05:23 | INFO | --------------------------------------------------------------------------------
2026-03-25 08:05:23 | INFO | --- FORECAST DATA ---
2026-03-25 08:05:23 | INFO | Intraday Forecast (Enercast Raw): 5.690 MW
2026-03-25 08:05:23 | INFO | Intraday Forecast (Enercast, Scaled): 5.690 MW
2026-03-25 08:05:23 | INFO | Day-ahead Forecast (Enercast): 5.760 MW
2026-03-25 08:05:23 | INFO | Base Forecast (raw, before curtailment/shutdown): 5.121 MW
2026-03-25 08:05:23 | INFO | Base Forecast (used for schedule): 5.121 MW
2026-03-25 08:05:23 | INFO | Effective Base Forecast (after curtailment/shutdown): 5.121 MW
2026-03-25 08:05:23 | INFO | Plant Status: NORMAL
2026-03-25 08:05:23 | INFO | Effective Base Forecast = Base Forecast (raw) = 5.121 MW
2026-03-25 08:05:23 | INFO | --- WEATHER PARAMETERS ---
2026-03-25 08:05:23 | INFO | GTI: 440.0 W/m^2
2026-03-25 08:05:23 | INFO | DHI: 133.0 W/m^2
2026-03-25 08:05:23 | INFO | DNI: 0.0 W/m^2
2026-03-25 08:05:23 | INFO | Irradiance Ratio (GTI/MAX_GTI): 0.460
2026-03-25 08:05:23 | INFO | Diffuse Ratio (current): 0.302
2026-03-25 08:05:23 | INFO | Irradiance State: VARIABLE_CLEAR
2026-03-25 08:05:23 | INFO | Temp @ 2m: 35.42 C
2026-03-25 08:05:23 | INFO | Wind @ 10m: 11.92 m/s
2026-03-25 08:05:23 | INFO | Weather State: NORMAL
2026-03-25 08:05:23 | INFO | Dynamic Thresholds: cloud_thr=0.1001, shift_thr=0.1041
2026-03-25 08:05:23 | INFO | Multipliers: irradiance=0.68x, temp=0.80x, wind=0.97x
2026-03-25 08:05:23 | INFO | Weather Multiplier (combined): 0.53x
2026-03-25 08:05:23 | INFO | Abrupt Weather Change Detected: False
2026-03-25 08:05:23 | INFO | --- TREND ANALYSIS ---
2026-03-25 08:05:23 | INFO | Trend series (oldest -> latest):
2026-03-25 08:05:23 | INFO |   Block 66: 6.530 MW (source: INTRADAY_FALLBACK)
2026-03-25 08:05:23 | INFO |   Block 65: 7.310 MW (source: INTRADAY_FALLBACK)
2026-03-25 08:05:23 | INFO |   Block 64: 8.060 MW (source: INTRADAY_FALLBACK)
2026-03-25 08:05:23 | INFO |   Block 63: 8.790 MW (source: INTRADAY_FALLBACK)
2026-03-25 08:05:23 | INFO | Trend values used for slope calc: B66=6.530(INTRADAY_FALLBACK), B65=7.310(INTRADAY_FALLBACK), B64=8.060(INTRADAY_FALLBACK), B63=8.790(INTRADAY_FALLBACK)
2026-03-25 08:05:23 | INFO | Detected Trend Type: DECREASING
2026-03-25 08:05:23 | INFO | Trend Slope Percentage: -25.66%
2026-03-25 08:05:23 | INFO | Trend EPS Threshold: 1.50%
2026-03-25 08:05:23 | INFO | --- SCHEDULE CALCULATION ---
2026-03-25 08:05:23 | INFO | Condition Applied: CONDITION_3
2026-03-25 08:05:23 | INFO | Effective Base Forecast Used for Adjustments: 5.121 MW
2026-03-25 08:05:23 | INFO | Condition-3 (Phase-6) Applied:
2026-03-25 08:05:23 | INFO |   Forecast Mismatch: Intraday (5.690) != Day-ahead (5.760)
2026-03-25 08:05:23 | INFO |   Operation: SUBTRACT
2026-03-25 08:05:23 | INFO |   Base Adjustment %: 3.00%
2026-03-25 08:05:23 | INFO |   Irradiance Multiplier: 0.68x
2026-03-25 08:05:23 | INFO |   Temp Multiplier: 0.80x
2026-03-25 08:05:23 | INFO |   Wind Multiplier: 0.97x
2026-03-25 08:05:23 | INFO |   Weather Multiplier: 0.53x
2026-03-25 08:05:23 | INFO |   Final Adjustment %: -1.58%
2026-03-25 08:05:23 | INFO |   Calculation: 5.121 MW * (1 + -1.58% / 100)
2026-03-25 08:05:23 | INFO |   Formula (expanded): raw=5.1210*(1+-1.5830/100)=5.0399
2026-03-25 08:05:23 | INFO | --- FINAL RESULT ---
2026-03-25 08:05:23 | INFO | Raw Schedule (before smoothing): 5.040 MW
2026-03-25 08:05:23 | INFO | Final Scheduled MW: 5.040 MW
2026-03-25 08:05:23 | INFO | --------------------------------------------------------------------------------
2026-03-25 08:05:23 | INFO | --------------------------------------------------------------------------------
2026-03-25 08:05:23 | INFO | BLOCK 68
2026-03-25 08:05:23 | INFO | --------------------------------------------------------------------------------
2026-03-25 08:05:23 | INFO | --- FORECAST DATA ---
2026-03-25 08:05:23 | INFO | Intraday Forecast (Enercast Raw): 4.920 MW
2026-03-25 08:05:23 | INFO | Intraday Forecast (Enercast, Scaled): 4.920 MW
2026-03-25 08:05:23 | INFO | Day-ahead Forecast (Enercast): 5.050 MW
2026-03-25 08:05:23 | INFO | Base Forecast (raw, before curtailment/shutdown): 4.428 MW
2026-03-25 08:05:23 | INFO | Base Forecast (used for schedule): 4.428 MW
2026-03-25 08:05:23 | INFO | Effective Base Forecast (after curtailment/shutdown): 4.428 MW
2026-03-25 08:05:23 | INFO | Plant Status: NORMAL
2026-03-25 08:05:23 | INFO | Effective Base Forecast = Base Forecast (raw) = 4.428 MW
2026-03-25 08:05:23 | INFO | --- WEATHER PARAMETERS ---
2026-03-25 08:05:23 | INFO | GTI: 381.0 W/m^2
2026-03-25 08:05:23 | INFO | DHI: 125.0 W/m^2
2026-03-25 08:05:23 | INFO | DNI: 0.0 W/m^2
2026-03-25 08:05:23 | INFO | Irradiance Ratio (GTI/MAX_GTI): 0.399
2026-03-25 08:05:23 | INFO | Diffuse Ratio (current): 0.328
2026-03-25 08:05:23 | INFO | Irradiance State: CLOUD_TRANSIENT
2026-03-25 08:05:23 | INFO | Temp @ 2m: 35.37 C
2026-03-25 08:05:23 | INFO | Wind @ 10m: 12.30 m/s
2026-03-25 08:05:23 | INFO | Weather State: NORMAL
2026-03-25 08:05:23 | INFO | Dynamic Thresholds: cloud_thr=0.1001, shift_thr=0.1041
2026-03-25 08:05:23 | INFO | Multipliers: irradiance=0.38x, temp=0.80x, wind=0.97x
2026-03-25 08:05:23 | INFO | Weather Multiplier (combined): 0.29x
2026-03-25 08:05:23 | INFO | Abrupt Weather Change Detected: False
2026-03-25 08:05:23 | INFO | --- TREND ANALYSIS ---
2026-03-25 08:05:23 | INFO | Trend series (oldest -> latest):
2026-03-25 08:05:23 | INFO |   Block 67: 5.690 MW (source: INTRADAY_FALLBACK)
2026-03-25 08:05:23 | INFO |   Block 66: 6.530 MW (source: INTRADAY_FALLBACK)
2026-03-25 08:05:23 | INFO |   Block 65: 7.310 MW (source: INTRADAY_FALLBACK)
2026-03-25 08:05:23 | INFO |   Block 64: 8.060 MW (source: INTRADAY_FALLBACK)
2026-03-25 08:05:23 | INFO | Trend values used for slope calc: B67=5.690(INTRADAY_FALLBACK), B66=6.530(INTRADAY_FALLBACK), B65=7.310(INTRADAY_FALLBACK), B64=8.060(INTRADAY_FALLBACK)
2026-03-25 08:05:23 | INFO | Detected Trend Type: DECREASING
2026-03-25 08:05:23 | INFO | Trend Slope Percentage: -29.29%
2026-03-25 08:05:23 | INFO | Trend EPS Threshold: 1.50%
2026-03-25 08:05:23 | INFO | --- SCHEDULE CALCULATION ---
2026-03-25 08:05:23 | INFO | Condition Applied: CONDITION_3
2026-03-25 08:05:23 | INFO | Effective Base Forecast Used for Adjustments: 4.428 MW
2026-03-25 08:05:23 | INFO | Condition-3 (Phase-6) Applied:
2026-03-25 08:05:23 | INFO |   Forecast Mismatch: Intraday (4.920) != Day-ahead (5.050)
2026-03-25 08:05:23 | INFO |   Operation: SUBTRACT
2026-03-25 08:05:23 | INFO |   Base Adjustment %: 3.00%
2026-03-25 08:05:23 | INFO |   Irradiance Multiplier: 0.38x
2026-03-25 08:05:23 | INFO |   Temp Multiplier: 0.80x
2026-03-25 08:05:23 | INFO |   Wind Multiplier: 0.97x
2026-03-25 08:05:23 | INFO |   Weather Multiplier: 0.29x
2026-03-25 08:05:23 | INFO |   Final Adjustment %: -0.88%
2026-03-25 08:05:23 | INFO |   Calculation: 4.428 MW * (1 + -0.88% / 100)
2026-03-25 08:05:23 | INFO |   Formula (expanded): raw=4.4280*(1+-0.8846/100)=4.3888
2026-03-25 08:05:23 | INFO | --- FINAL RESULT ---
2026-03-25 08:05:23 | INFO | Raw Schedule (before smoothing): 4.389 MW
2026-03-25 08:05:23 | INFO | Final Scheduled MW: 4.389 MW
2026-03-25 08:05:23 | INFO | --------------------------------------------------------------------------------
2026-03-25 08:05:23 | INFO | --------------------------------------------------------------------------------
2026-03-25 08:05:23 | INFO | BLOCK 69
2026-03-25 08:05:23 | INFO | --------------------------------------------------------------------------------
2026-03-25 08:05:23 | INFO | --- FORECAST DATA ---
2026-03-25 08:05:23 | INFO | Intraday Forecast (Enercast Raw): 4.090 MW
2026-03-25 08:05:23 | INFO | Intraday Forecast (Enercast, Scaled): 4.090 MW
2026-03-25 08:05:23 | INFO | Day-ahead Forecast (Enercast): 4.300 MW
2026-03-25 08:05:23 | INFO | Base Forecast (raw, before curtailment/shutdown): 3.681 MW
2026-03-25 08:05:23 | INFO | Base Forecast (used for schedule): 3.681 MW
2026-03-25 08:05:23 | INFO | Effective Base Forecast (after curtailment/shutdown): 3.681 MW
2026-03-25 08:05:23 | INFO | Plant Status: NORMAL
2026-03-25 08:05:23 | INFO | Effective Base Forecast = Base Forecast (raw) = 3.681 MW
2026-03-25 08:05:23 | INFO | --- WEATHER PARAMETERS ---
2026-03-25 08:05:23 | INFO | GTI: 321.0 W/m^2
2026-03-25 08:05:23 | INFO | DHI: 114.0 W/m^2
2026-03-25 08:05:23 | INFO | DNI: 0.0 W/m^2
2026-03-25 08:05:23 | INFO | Irradiance Ratio (GTI/MAX_GTI): 0.336
2026-03-25 08:05:23 | INFO | Diffuse Ratio (current): 0.355
2026-03-25 08:05:23 | INFO | Irradiance State: CLOUD_TRANSIENT
2026-03-25 08:05:23 | INFO | Temp @ 2m: 35.27 C
2026-03-25 08:05:23 | INFO | Wind @ 10m: 13.21 m/s
2026-03-25 08:05:23 | INFO | Weather State: NORMAL
2026-03-25 08:05:23 | INFO | Dynamic Thresholds: cloud_thr=0.1001, shift_thr=0.1041
2026-03-25 08:05:23 | INFO | Multipliers: irradiance=0.38x, temp=0.80x, wind=0.97x
2026-03-25 08:05:23 | INFO | Weather Multiplier (combined): 0.29x
2026-03-25 08:05:23 | INFO | Abrupt Weather Change Detected: False
2026-03-25 08:05:23 | INFO | --- TREND ANALYSIS ---
2026-03-25 08:05:23 | INFO | Trend series (oldest -> latest):
2026-03-25 08:05:23 | INFO |   Block 68: 4.920 MW (source: INTRADAY_FALLBACK)
2026-03-25 08:05:23 | INFO |   Block 67: 5.690 MW (source: INTRADAY_FALLBACK)
2026-03-25 08:05:23 | INFO |   Block 66: 6.530 MW (source: INTRADAY_FALLBACK)
2026-03-25 08:05:23 | INFO |   Block 65: 7.310 MW (source: INTRADAY_FALLBACK)
2026-03-25 08:05:23 | INFO | Trend values used for slope calc: B68=4.920(INTRADAY_FALLBACK), B67=5.690(INTRADAY_FALLBACK), B66=6.530(INTRADAY_FALLBACK), B65=7.310(INTRADAY_FALLBACK)
2026-03-25 08:05:23 | INFO | Detected Trend Type: DECREASING
2026-03-25 08:05:23 | INFO | Trend Slope Percentage: -32.85%
2026-03-25 08:05:23 | INFO | Trend EPS Threshold: 1.50%
2026-03-25 08:05:23 | INFO | --- SCHEDULE CALCULATION ---
2026-03-25 08:05:23 | INFO | Condition Applied: CONDITION_3
2026-03-25 08:05:23 | INFO | Effective Base Forecast Used for Adjustments: 3.681 MW
2026-03-25 08:05:23 | INFO | Condition-3 (Phase-6) Applied:
2026-03-25 08:05:23 | INFO |   Forecast Mismatch: Intraday (4.090) != Day-ahead (4.300)
2026-03-25 08:05:23 | INFO |   Operation: SUBTRACT
2026-03-25 08:05:23 | INFO |   Base Adjustment %: 3.00%
2026-03-25 08:05:23 | INFO |   Irradiance Multiplier: 0.38x
2026-03-25 08:05:23 | INFO |   Temp Multiplier: 0.80x
2026-03-25 08:05:23 | INFO |   Wind Multiplier: 0.97x
2026-03-25 08:05:23 | INFO |   Weather Multiplier: 0.29x
2026-03-25 08:05:23 | INFO |   Final Adjustment %: -0.88%
2026-03-25 08:05:23 | INFO |   Calculation: 3.681 MW * (1 + -0.88% / 100)
2026-03-25 08:05:23 | INFO |   Formula (expanded): raw=3.6810*(1+-0.8846/100)=3.6484
2026-03-25 08:05:23 | INFO | --- FINAL RESULT ---
2026-03-25 08:05:23 | INFO | Raw Schedule (before smoothing): 3.648 MW
2026-03-25 08:05:23 | INFO | Final Scheduled MW: 3.648 MW
2026-03-25 08:05:23 | INFO | --------------------------------------------------------------------------------
2026-03-25 08:05:23 | INFO | --------------------------------------------------------------------------------
2026-03-25 08:05:23 | INFO | BLOCK 70
2026-03-25 08:05:23 | INFO | --------------------------------------------------------------------------------
2026-03-25 08:05:23 | INFO | --- FORECAST DATA ---
2026-03-25 08:05:23 | INFO | Intraday Forecast (Enercast Raw): 3.270 MW
2026-03-25 08:05:23 | INFO | Intraday Forecast (Enercast, Scaled): 3.270 MW
2026-03-25 08:05:23 | INFO | Day-ahead Forecast (Enercast): 3.500 MW
2026-03-25 08:05:23 | INFO | Base Forecast (raw, before curtailment/shutdown): 2.943 MW
2026-03-25 08:05:23 | INFO | Base Forecast (used for schedule): 2.943 MW
2026-03-25 08:05:23 | INFO | Effective Base Forecast (after curtailment/shutdown): 2.943 MW
2026-03-25 08:05:23 | INFO | Plant Status: NORMAL
2026-03-25 08:05:23 | INFO | Effective Base Forecast = Base Forecast (raw) = 2.943 MW
2026-03-25 08:05:23 | INFO | --- WEATHER PARAMETERS ---
2026-03-25 08:05:23 | INFO | GTI: 262.0 W/m^2
2026-03-25 08:05:23 | INFO | DHI: 99.0 W/m^2
2026-03-25 08:05:23 | INFO | DNI: 0.0 W/m^2
2026-03-25 08:05:23 | INFO | Irradiance Ratio (GTI/MAX_GTI): 0.274
2026-03-25 08:05:23 | INFO | Diffuse Ratio (current): 0.378
2026-03-25 08:05:23 | INFO | Irradiance State: CLOUD_TRANSIENT
2026-03-25 08:05:23 | INFO | Temp @ 2m: 35.12 C
2026-03-25 08:05:23 | INFO | Wind @ 10m: 14.06 m/s
2026-03-25 08:05:23 | INFO | Weather State: NORMAL
2026-03-25 08:05:23 | INFO | Dynamic Thresholds: cloud_thr=0.1001, shift_thr=0.1041
2026-03-25 08:05:23 | INFO | Multipliers: irradiance=0.38x, temp=0.80x, wind=0.97x
2026-03-25 08:05:23 | INFO | Weather Multiplier (combined): 0.29x
2026-03-25 08:05:23 | INFO | Abrupt Weather Change Detected: False
2026-03-25 08:05:23 | INFO | --- TREND ANALYSIS ---
2026-03-25 08:05:23 | INFO | Trend series (oldest -> latest):
2026-03-25 08:05:23 | INFO |   Block 69: 4.090 MW (source: INTRADAY_FALLBACK)
2026-03-25 08:05:23 | INFO |   Block 68: 4.920 MW (source: INTRADAY_FALLBACK)
2026-03-25 08:05:23 | INFO |   Block 67: 5.690 MW (source: INTRADAY_FALLBACK)
2026-03-25 08:05:23 | INFO |   Block 66: 6.530 MW (source: INTRADAY_FALLBACK)
2026-03-25 08:05:23 | INFO | Trend values used for slope calc: B69=4.090(INTRADAY_FALLBACK), B68=4.920(INTRADAY_FALLBACK), B67=5.690(INTRADAY_FALLBACK), B66=6.530(INTRADAY_FALLBACK)
2026-03-25 08:05:23 | INFO | Detected Trend Type: DECREASING
2026-03-25 08:05:23 | INFO | Trend Slope Percentage: -37.22%
2026-03-25 08:05:23 | INFO | Trend EPS Threshold: 1.50%
2026-03-25 08:05:23 | INFO | --- SCHEDULE CALCULATION ---
2026-03-25 08:05:23 | INFO | Condition Applied: CONDITION_3
2026-03-25 08:05:23 | INFO | Effective Base Forecast Used for Adjustments: 2.943 MW
2026-03-25 08:05:23 | INFO | Condition-3 (Phase-6) Applied:
2026-03-25 08:05:23 | INFO |   Forecast Mismatch: Intraday (3.270) != Day-ahead (3.500)
2026-03-25 08:05:23 | INFO |   Operation: SUBTRACT
2026-03-25 08:05:23 | INFO |   Base Adjustment %: 3.00%
2026-03-25 08:05:23 | INFO |   Irradiance Multiplier: 0.38x
2026-03-25 08:05:23 | INFO |   Temp Multiplier: 0.80x
2026-03-25 08:05:23 | INFO |   Wind Multiplier: 0.97x
2026-03-25 08:05:23 | INFO |   Weather Multiplier: 0.29x
2026-03-25 08:05:23 | INFO |   Final Adjustment %: -0.88%
2026-03-25 08:05:23 | INFO |   Calculation: 2.943 MW * (1 + -0.88% / 100)
2026-03-25 08:05:23 | INFO |   Formula (expanded): raw=2.9430*(1+-0.8846/100)=2.9170
2026-03-25 08:05:23 | INFO | --- FINAL RESULT ---
2026-03-25 08:05:23 | INFO | Raw Schedule (before smoothing): 2.917 MW
2026-03-25 08:05:23 | INFO | Final Scheduled MW: 2.917 MW
2026-03-25 08:05:23 | INFO | --------------------------------------------------------------------------------
2026-03-25 08:05:23 | INFO | --------------------------------------------------------------------------------
2026-03-25 08:05:23 | INFO | BLOCK 71
2026-03-25 08:05:23 | INFO | --------------------------------------------------------------------------------
2026-03-25 08:05:23 | INFO | --- FORECAST DATA ---
2026-03-25 08:05:23 | INFO | Intraday Forecast (Enercast Raw): 2.410 MW
2026-03-25 08:05:23 | INFO | Intraday Forecast (Enercast, Scaled): 2.410 MW
2026-03-25 08:05:23 | INFO | Day-ahead Forecast (Enercast): 2.580 MW
2026-03-25 08:05:23 | INFO | Base Forecast (raw, before curtailment/shutdown): 2.169 MW
2026-03-25 08:05:23 | INFO | Base Forecast (used for schedule): 2.169 MW
2026-03-25 08:05:23 | INFO | Effective Base Forecast (after curtailment/shutdown): 2.169 MW
2026-03-25 08:05:23 | INFO | Plant Status: NORMAL
2026-03-25 08:05:23 | INFO | Effective Base Forecast = Base Forecast (raw) = 2.169 MW
2026-03-25 08:05:23 | INFO | --- WEATHER PARAMETERS ---
2026-03-25 08:05:23 | INFO | GTI: 202.0 W/m^2
2026-03-25 08:05:23 | INFO | DHI: 82.0 W/m^2
2026-03-25 08:05:23 | INFO | DNI: 0.0 W/m^2
2026-03-25 08:05:23 | INFO | Irradiance Ratio (GTI/MAX_GTI): 0.211
2026-03-25 08:05:23 | INFO | Diffuse Ratio (current): 0.406
2026-03-25 08:05:23 | INFO | Irradiance State: CLOUD_TRANSIENT
2026-03-25 08:05:23 | INFO | Temp @ 2m: 34.92 C
2026-03-25 08:05:23 | INFO | Wind @ 10m: 14.62 m/s
2026-03-25 08:05:23 | INFO | Weather State: NORMAL
2026-03-25 08:05:23 | INFO | Dynamic Thresholds: cloud_thr=0.1001, shift_thr=0.1041
2026-03-25 08:05:23 | INFO | Multipliers: irradiance=0.38x, temp=0.92x, wind=0.97x
2026-03-25 08:05:23 | INFO | Weather Multiplier (combined): 0.34x
2026-03-25 08:05:23 | INFO | Abrupt Weather Change Detected: False
2026-03-25 08:05:23 | INFO | --- TREND ANALYSIS ---
2026-03-25 08:05:23 | INFO | Trend series (oldest -> latest):
2026-03-25 08:05:23 | INFO |   Block 70: 3.270 MW (source: INTRADAY_FALLBACK)
2026-03-25 08:05:23 | INFO |   Block 69: 4.090 MW (source: INTRADAY_FALLBACK)
2026-03-25 08:05:23 | INFO |   Block 68: 4.920 MW (source: INTRADAY_FALLBACK)
2026-03-25 08:05:23 | INFO |   Block 67: 5.690 MW (source: INTRADAY_FALLBACK)
2026-03-25 08:05:23 | INFO | Trend values used for slope calc: B70=3.270(INTRADAY_FALLBACK), B69=4.090(INTRADAY_FALLBACK), B68=4.920(INTRADAY_FALLBACK), B67=5.690(INTRADAY_FALLBACK)
2026-03-25 08:05:23 | INFO | Detected Trend Type: DECREASING
2026-03-25 08:05:23 | INFO | Trend Slope Percentage: -42.53%
2026-03-25 08:05:23 | INFO | Trend EPS Threshold: 1.50%
2026-03-25 08:05:23 | INFO | --- SCHEDULE CALCULATION ---
2026-03-25 08:05:23 | INFO | Condition Applied: CONDITION_3
2026-03-25 08:05:23 | INFO | Effective Base Forecast Used for Adjustments: 2.169 MW
2026-03-25 08:05:23 | INFO | Condition-3 (Phase-6) Applied:
2026-03-25 08:05:23 | INFO |   Forecast Mismatch: Intraday (2.410) != Day-ahead (2.580)
2026-03-25 08:05:23 | INFO |   Operation: SUBTRACT
2026-03-25 08:05:23 | INFO |   Base Adjustment %: 3.00%
2026-03-25 08:05:23 | INFO |   Irradiance Multiplier: 0.38x
2026-03-25 08:05:23 | INFO |   Temp Multiplier: 0.92x
2026-03-25 08:05:23 | INFO |   Wind Multiplier: 0.97x
2026-03-25 08:05:23 | INFO |   Weather Multiplier: 0.34x
2026-03-25 08:05:23 | INFO |   Final Adjustment %: -1.02%
2026-03-25 08:05:23 | INFO |   Calculation: 2.169 MW * (1 + -1.02% / 100)
2026-03-25 08:05:23 | INFO |   Formula (expanded): raw=2.1690*(1+-1.0173/100)=2.1469
2026-03-25 08:05:23 | INFO | --- FINAL RESULT ---
2026-03-25 08:05:23 | INFO | Raw Schedule (before smoothing): 2.147 MW
2026-03-25 08:05:23 | INFO | Final Scheduled MW: 2.147 MW
2026-03-25 08:05:23 | INFO | --------------------------------------------------------------------------------
2026-03-25 08:05:23 | INFO | --------------------------------------------------------------------------------
2026-03-25 08:05:23 | INFO | BLOCK 72
2026-03-25 08:05:23 | INFO | --------------------------------------------------------------------------------
2026-03-25 08:05:23 | INFO | --- FORECAST DATA ---
2026-03-25 08:05:23 | INFO | Intraday Forecast (Enercast Raw): 1.600 MW
2026-03-25 08:05:23 | INFO | Intraday Forecast (Enercast, Scaled): 1.600 MW
2026-03-25 08:05:23 | INFO | Day-ahead Forecast (Enercast): 1.700 MW
2026-03-25 08:05:23 | INFO | Base Forecast (raw, before curtailment/shutdown): 1.440 MW
2026-03-25 08:05:23 | INFO | Base Forecast (used for schedule): 1.440 MW
2026-03-25 08:05:23 | INFO | Effective Base Forecast (after curtailment/shutdown): 1.440 MW
2026-03-25 08:05:23 | INFO | Plant Status: NORMAL
2026-03-25 08:05:23 | INFO | Effective Base Forecast = Base Forecast (raw) = 1.440 MW
2026-03-25 08:05:23 | INFO | --- WEATHER PARAMETERS ---
2026-03-25 08:05:23 | INFO | GTI: 148.0 W/m^2
2026-03-25 08:05:23 | INFO | DHI: 65.0 W/m^2
2026-03-25 08:05:23 | INFO | DNI: 0.0 W/m^2
2026-03-25 08:05:23 | INFO | Irradiance Ratio (GTI/MAX_GTI): 0.155
2026-03-25 08:05:23 | INFO | Diffuse Ratio (current): 0.439
2026-03-25 08:05:23 | INFO | Irradiance State: OVERCAST
2026-03-25 08:05:23 | INFO | Temp @ 2m: 34.57 C
2026-03-25 08:05:23 | INFO | Wind @ 10m: 14.51 m/s
2026-03-25 08:05:23 | INFO | Weather State: NORMAL
2026-03-25 08:05:23 | INFO | Dynamic Thresholds: cloud_thr=0.1001, shift_thr=0.1041
2026-03-25 08:05:23 | INFO | Multipliers: irradiance=0.27x, temp=0.92x, wind=0.97x
2026-03-25 08:05:23 | INFO | Weather Multiplier (combined): 0.24x
2026-03-25 08:05:23 | INFO | Abrupt Weather Change Detected: False
2026-03-25 08:05:23 | INFO | --- TREND ANALYSIS ---
2026-03-25 08:05:23 | INFO | Trend series (oldest -> latest):
2026-03-25 08:05:23 | INFO |   Block 71: 2.410 MW (source: INTRADAY_FALLBACK)
2026-03-25 08:05:23 | INFO |   Block 70: 3.270 MW (source: INTRADAY_FALLBACK)
2026-03-25 08:05:23 | INFO |   Block 69: 4.090 MW (source: INTRADAY_FALLBACK)
2026-03-25 08:05:23 | INFO |   Block 68: 4.920 MW (source: INTRADAY_FALLBACK)
2026-03-25 08:05:23 | INFO | Trend values used for slope calc: B71=2.410(INTRADAY_FALLBACK), B70=3.270(INTRADAY_FALLBACK), B69=4.090(INTRADAY_FALLBACK), B68=4.920(INTRADAY_FALLBACK)
2026-03-25 08:05:23 | INFO | Detected Trend Type: DECREASING
2026-03-25 08:05:23 | INFO | Trend Slope Percentage: -50.86%
2026-03-25 08:05:23 | INFO | Trend EPS Threshold: 1.50%
2026-03-25 08:05:23 | INFO | --- SCHEDULE CALCULATION ---
2026-03-25 08:05:23 | INFO | Condition Applied: CONDITION_3
2026-03-25 08:05:23 | INFO | Effective Base Forecast Used for Adjustments: 1.440 MW
2026-03-25 08:05:23 | INFO | Condition-3 (Phase-6) Applied:
2026-03-25 08:05:23 | INFO |   Forecast Mismatch: Intraday (1.600) != Day-ahead (1.700)
2026-03-25 08:05:23 | INFO |   Operation: SUBTRACT
2026-03-25 08:05:23 | INFO |   Base Adjustment %: 3.00%
2026-03-25 08:05:23 | INFO |   Irradiance Multiplier: 0.27x
2026-03-25 08:05:23 | INFO |   Temp Multiplier: 0.92x
2026-03-25 08:05:23 | INFO |   Wind Multiplier: 0.97x
2026-03-25 08:05:23 | INFO |   Weather Multiplier: 0.24x
2026-03-25 08:05:23 | INFO |   Final Adjustment %: -0.72%
2026-03-25 08:05:23 | INFO |   Calculation: 1.440 MW * (1 + -0.72% / 100)
2026-03-25 08:05:23 | INFO |   Formula (expanded): raw=1.4400*(1+-0.7228/100)=1.4296
2026-03-25 08:05:23 | INFO | --- FINAL RESULT ---
2026-03-25 08:05:23 | INFO | Raw Schedule (before smoothing): 1.430 MW
2026-03-25 08:05:23 | INFO | Final Scheduled MW: 1.430 MW
2026-03-25 08:05:23 | INFO | --------------------------------------------------------------------------------
2026-03-25 08:05:23 | INFO | Low GTI ratio (0.107) -> base_forecast damped by 0.85
2026-03-25 08:05:23 | INFO | --------------------------------------------------------------------------------
2026-03-25 08:05:23 | INFO | BLOCK 73
2026-03-25 08:05:23 | INFO | --------------------------------------------------------------------------------
2026-03-25 08:05:23 | INFO | --- FORECAST DATA ---
2026-03-25 08:05:23 | INFO | Intraday Forecast (Enercast Raw): 0.880 MW
2026-03-25 08:05:23 | INFO | Intraday Forecast (Enercast, Scaled): 0.880 MW
2026-03-25 08:05:23 | INFO | Day-ahead Forecast (Enercast): 0.940 MW
2026-03-25 08:05:23 | INFO | Base Forecast (raw, before curtailment/shutdown): 0.792 MW
2026-03-25 08:05:23 | INFO | Base Forecast (used for schedule): 0.673 MW
2026-03-25 08:05:23 | INFO | Effective Base Forecast (after curtailment/shutdown): 0.673 MW
2026-03-25 08:05:23 | INFO | Plant Status: NORMAL
2026-03-25 08:05:23 | INFO | Effective Base Forecast = Base Forecast (raw) = 0.673 MW
2026-03-25 08:05:23 | INFO | --- WEATHER PARAMETERS ---
2026-03-25 08:05:23 | INFO | GTI: 102.0 W/m^2
2026-03-25 08:05:23 | INFO | DHI: 48.0 W/m^2
2026-03-25 08:05:23 | INFO | DNI: 0.0 W/m^2
2026-03-25 08:05:23 | INFO | Irradiance Ratio (GTI/MAX_GTI): 0.107
2026-03-25 08:05:23 | INFO | Diffuse Ratio (current): 0.471
2026-03-25 08:05:23 | INFO | Irradiance State: OVERCAST
2026-03-25 08:05:23 | INFO | Temp @ 2m: 34.17 C
2026-03-25 08:05:23 | INFO | Wind @ 10m: 14.44 m/s
2026-03-25 08:05:23 | INFO | Weather State: NORMAL
2026-03-25 08:05:23 | INFO | Dynamic Thresholds: cloud_thr=0.1001, shift_thr=0.1041
2026-03-25 08:05:23 | INFO | Multipliers: irradiance=0.27x, temp=0.92x, wind=0.97x
2026-03-25 08:05:23 | INFO | Weather Multiplier (combined): 0.24x
2026-03-25 08:05:23 | INFO | Abrupt Weather Change Detected: False
2026-03-25 08:05:23 | INFO | --- TREND ANALYSIS ---
2026-03-25 08:05:23 | INFO | Trend series (oldest -> latest):
2026-03-25 08:05:23 | INFO |   Block 72: 1.600 MW (source: INTRADAY_FALLBACK)
2026-03-25 08:05:23 | INFO |   Block 71: 2.410 MW (source: INTRADAY_FALLBACK)
2026-03-25 08:05:23 | INFO |   Block 70: 3.270 MW (source: INTRADAY_FALLBACK)
2026-03-25 08:05:23 | INFO |   Block 69: 4.090 MW (source: INTRADAY_FALLBACK)
2026-03-25 08:05:23 | INFO | Trend values used for slope calc: B72=1.600(INTRADAY_FALLBACK), B71=2.410(INTRADAY_FALLBACK), B70=3.270(INTRADAY_FALLBACK), B69=4.090(INTRADAY_FALLBACK)
2026-03-25 08:05:23 | INFO | Detected Trend Type: DECREASING
2026-03-25 08:05:23 | INFO | Trend Slope Percentage: -61.07%
2026-03-25 08:05:23 | INFO | Trend EPS Threshold: 1.50%
2026-03-25 08:05:23 | INFO | --- SCHEDULE CALCULATION ---
2026-03-25 08:05:23 | INFO | Condition Applied: CONDITION_3
2026-03-25 08:05:23 | INFO | Effective Base Forecast Used for Adjustments: 0.673 MW
2026-03-25 08:05:23 | INFO | Condition-3 (Phase-6) Applied:
2026-03-25 08:05:23 | INFO |   Forecast Mismatch: Intraday (0.880) != Day-ahead (0.940)
2026-03-25 08:05:23 | INFO |   Operation: SUBTRACT
2026-03-25 08:05:23 | INFO |   Base Adjustment %: 3.00%
2026-03-25 08:05:23 | INFO |   Irradiance Multiplier: 0.27x
2026-03-25 08:05:23 | INFO |   Temp Multiplier: 0.92x
2026-03-25 08:05:23 | INFO |   Wind Multiplier: 0.97x
2026-03-25 08:05:23 | INFO |   Weather Multiplier: 1.00x
2026-03-25 08:05:23 | INFO |   Final Adjustment %: -3.00%
2026-03-25 08:05:23 | INFO |   Calculation: 0.673 MW * (1 + -3.00% / 100)
2026-03-25 08:05:23 | INFO |   Formula (expanded): raw=0.6732*(1+-3.0000/100)=0.6530
2026-03-25 08:05:23 | INFO | --- FINAL RESULT ---
2026-03-25 08:05:23 | INFO | Raw Schedule (before smoothing): 0.653 MW
2026-03-25 08:05:23 | INFO | Final Scheduled MW: 0.653 MW
2026-03-25 08:05:23 | INFO | --------------------------------------------------------------------------------
2026-03-25 08:05:23 | INFO | Low GTI ratio (0.069) -> base_forecast damped by 0.85
2026-03-25 08:05:23 | INFO | --------------------------------------------------------------------------------
2026-03-25 08:05:23 | INFO | BLOCK 74
2026-03-25 08:05:23 | INFO | --------------------------------------------------------------------------------
2026-03-25 08:05:23 | INFO | --- FORECAST DATA ---
2026-03-25 08:05:23 | INFO | Intraday Forecast (Enercast Raw): 0.300 MW
2026-03-25 08:05:23 | INFO | Intraday Forecast (Enercast, Scaled): 0.300 MW
2026-03-25 08:05:23 | INFO | Day-ahead Forecast (Enercast): 0.320 MW
2026-03-25 08:05:23 | INFO | Base Forecast (raw, before curtailment/shutdown): 0.270 MW
2026-03-25 08:05:23 | INFO | Base Forecast (used for schedule): 0.230 MW
2026-03-25 08:05:23 | INFO | Effective Base Forecast (after curtailment/shutdown): 0.230 MW
2026-03-25 08:05:23 | INFO | Plant Status: NORMAL
2026-03-25 08:05:23 | INFO | Effective Base Forecast = Base Forecast (raw) = 0.230 MW
2026-03-25 08:05:23 | INFO | --- WEATHER PARAMETERS ---
2026-03-25 08:05:23 | INFO | GTI: 66.0 W/m^2
2026-03-25 08:05:23 | INFO | DHI: 32.0 W/m^2
2026-03-25 08:05:23 | INFO | DNI: 0.0 W/m^2
2026-03-25 08:05:23 | INFO | Irradiance Ratio (GTI/MAX_GTI): 0.069
2026-03-25 08:05:23 | INFO | Diffuse Ratio (current): 0.485
2026-03-25 08:05:23 | INFO | Irradiance State: OVERCAST
2026-03-25 08:05:23 | INFO | Temp @ 2m: 33.67 C
2026-03-25 08:05:23 | INFO | Wind @ 10m: 14.04 m/s
2026-03-25 08:05:23 | INFO | Weather State: NORMAL
2026-03-25 08:05:23 | INFO | Dynamic Thresholds: cloud_thr=0.1001, shift_thr=0.1041
2026-03-25 08:05:23 | INFO | Multipliers: irradiance=0.27x, temp=0.92x, wind=0.97x
2026-03-25 08:05:23 | INFO | Weather Multiplier (combined): 0.24x
2026-03-25 08:05:23 | INFO | Abrupt Weather Change Detected: False
2026-03-25 08:05:23 | INFO | --- TREND ANALYSIS ---
2026-03-25 08:05:23 | INFO | Trend series (oldest -> latest):
2026-03-25 08:05:23 | INFO |   Block 73: 0.880 MW (source: INTRADAY_FALLBACK)
2026-03-25 08:05:23 | INFO |   Block 72: 1.600 MW (source: INTRADAY_FALLBACK)
2026-03-25 08:05:23 | INFO |   Block 71: 2.410 MW (source: INTRADAY_FALLBACK)
2026-03-25 08:05:23 | INFO |   Block 70: 3.270 MW (source: INTRADAY_FALLBACK)
2026-03-25 08:05:23 | INFO | Trend values used for slope calc: B73=0.880(INTRADAY_FALLBACK), B72=1.600(INTRADAY_FALLBACK), B71=2.410(INTRADAY_FALLBACK), B70=3.270(INTRADAY_FALLBACK)
2026-03-25 08:05:23 | INFO | Detected Trend Type: DECREASING
2026-03-25 08:05:23 | INFO | Trend Slope Percentage: -73.96%
2026-03-25 08:05:23 | INFO | Trend EPS Threshold: 1.50%
2026-03-25 08:05:23 | INFO | --- SCHEDULE CALCULATION ---
2026-03-25 08:05:23 | INFO | Condition Applied: CONDITION_3
2026-03-25 08:05:23 | INFO | Effective Base Forecast Used for Adjustments: 0.230 MW
2026-03-25 08:05:23 | INFO | Condition-3 (Phase-6) Applied:
2026-03-25 08:05:23 | INFO |   Forecast Mismatch: Intraday (0.300) != Day-ahead (0.320)
2026-03-25 08:05:23 | INFO |   Operation: SUBTRACT
2026-03-25 08:05:23 | INFO |   Base Adjustment %: 3.00%
2026-03-25 08:05:23 | INFO |   Irradiance Multiplier: 0.27x
2026-03-25 08:05:23 | INFO |   Temp Multiplier: 0.92x
2026-03-25 08:05:23 | INFO |   Wind Multiplier: 0.97x
2026-03-25 08:05:23 | INFO |   Weather Multiplier: 1.00x
2026-03-25 08:05:23 | INFO |   Final Adjustment %: -3.00%
2026-03-25 08:05:23 | INFO |   Calculation: 0.230 MW * (1 + -3.00% / 100)
2026-03-25 08:05:23 | INFO |   Formula (expanded): raw=0.2295*(1+-3.0000/100)=0.2226
2026-03-25 08:05:23 | INFO | --- FINAL RESULT ---
2026-03-25 08:05:23 | INFO | Raw Schedule (before smoothing): 0.223 MW
2026-03-25 08:05:23 | INFO | Final Scheduled MW: 0.223 MW
2026-03-25 08:05:23 | INFO | --------------------------------------------------------------------------------
2026-03-25 08:05:23 | INFO | Low GTI ratio (0.036) -> base_forecast damped by 0.85
2026-03-25 08:05:23 | INFO | --------------------------------------------------------------------------------
2026-03-25 08:05:23 | INFO | BLOCK 75
2026-03-25 08:05:23 | INFO | --------------------------------------------------------------------------------
2026-03-25 08:05:23 | INFO | --- FORECAST DATA ---
2026-03-25 08:05:23 | INFO | Intraday Forecast (Enercast Raw): 0.000 MW
2026-03-25 08:05:23 | INFO | Intraday Forecast (Enercast, Scaled): 0.000 MW
2026-03-25 08:05:23 | INFO | Day-ahead Forecast (Enercast): 0.000 MW
2026-03-25 08:05:23 | INFO | Base Forecast (raw, before curtailment/shutdown): 0.000 MW
2026-03-25 08:05:23 | INFO | Base Forecast (used for schedule): 0.000 MW
2026-03-25 08:05:23 | INFO | Effective Base Forecast (after curtailment/shutdown): 0.000 MW
2026-03-25 08:05:23 | INFO | Plant Status: NORMAL
2026-03-25 08:05:23 | INFO | Effective Base Forecast = Base Forecast (raw) = 0.000 MW
2026-03-25 08:05:23 | INFO | --- WEATHER PARAMETERS ---
2026-03-25 08:05:23 | INFO | GTI: 34.0 W/m^2
2026-03-25 08:05:23 | INFO | DHI: 17.0 W/m^2
2026-03-25 08:05:23 | INFO | DNI: 0.0 W/m^2
2026-03-25 08:05:23 | INFO | Irradiance Ratio (GTI/MAX_GTI): 0.036
2026-03-25 08:05:23 | INFO | Diffuse Ratio (current): 0.340
2026-03-25 08:05:23 | INFO | Irradiance State: OVERCAST
2026-03-25 08:05:23 | INFO | Temp @ 2m: 33.22 C
2026-03-25 08:05:23 | INFO | Wind @ 10m: 13.68 m/s
2026-03-25 08:05:23 | INFO | Weather State: NORMAL
2026-03-25 08:05:23 | INFO | Dynamic Thresholds: cloud_thr=0.1001, shift_thr=0.1041
2026-03-25 08:05:23 | INFO | Multipliers: irradiance=0.27x, temp=0.92x, wind=0.97x
2026-03-25 08:05:23 | INFO | Weather Multiplier (combined): 0.24x
2026-03-25 08:05:23 | INFO | Abrupt Weather Change Detected: False
2026-03-25 08:05:23 | INFO | --- TREND ANALYSIS ---
2026-03-25 08:05:23 | INFO | Trend series (oldest -> latest):
2026-03-25 08:05:23 | INFO |   Block 74: 0.300 MW (source: INTRADAY_FALLBACK)
2026-03-25 08:05:23 | INFO |   Block 73: 0.880 MW (source: INTRADAY_FALLBACK)
2026-03-25 08:05:23 | INFO |   Block 72: 1.600 MW (source: INTRADAY_FALLBACK)
2026-03-25 08:05:23 | INFO |   Block 71: 2.410 MW (source: INTRADAY_FALLBACK)
2026-03-25 08:05:23 | INFO | Trend values used for slope calc: B74=0.300(INTRADAY_FALLBACK), B73=0.880(INTRADAY_FALLBACK), B72=1.600(INTRADAY_FALLBACK), B71=2.410(INTRADAY_FALLBACK)
2026-03-25 08:05:23 | INFO | Detected Trend Type: DECREASING
2026-03-25 08:05:23 | INFO | Trend Slope Percentage: -89.81%
2026-03-25 08:05:23 | INFO | Trend EPS Threshold: 1.50%
2026-03-25 08:05:23 | INFO | --- SCHEDULE CALCULATION ---
2026-03-25 08:05:23 | INFO | Condition Applied: CONDITION_3
2026-03-25 08:05:23 | INFO | Effective Base Forecast Used for Adjustments: 0.000 MW
2026-03-25 08:05:23 | INFO | Condition-3 (Phase-6) Applied:
2026-03-25 08:05:23 | INFO |   Forecast Mismatch: Intraday (0.000) != Day-ahead (0.000)
2026-03-25 08:05:23 | INFO |   Operation: SUBTRACT
2026-03-25 08:05:23 | INFO |   Base Adjustment %: 3.00%
2026-03-25 08:05:23 | INFO |   Irradiance Multiplier: 0.27x
2026-03-25 08:05:23 | INFO |   Temp Multiplier: 0.92x
2026-03-25 08:05:23 | INFO |   Wind Multiplier: 0.97x
2026-03-25 08:05:23 | INFO |   Weather Multiplier: 1.00x
2026-03-25 08:05:23 | INFO |   Final Adjustment %: -3.00%
2026-03-25 08:05:23 | INFO |   Calculation: 0.000 MW * (1 + -3.00% / 100)
2026-03-25 08:05:23 | INFO |   Formula (expanded): raw=0.0000*(1+-3.0000/100)=0.0000
2026-03-25 08:05:23 | INFO | --- FINAL RESULT ---
2026-03-25 08:05:23 | INFO | Raw Schedule (before smoothing): 0.000 MW
2026-03-25 08:05:23 | INFO | Final Scheduled MW: 0.000 MW
2026-03-25 08:05:23 | INFO | --------------------------------------------------------------------------------
2026-03-25 08:05:23 | INFO | --------------------------------------------------------------------------------
2026-03-25 08:05:23 | INFO | BLOCK 76
2026-03-25 08:05:23 | INFO | --------------------------------------------------------------------------------
2026-03-25 08:05:23 | INFO | --- FORECAST DATA ---
2026-03-25 08:05:23 | INFO | Intraday Forecast (Enercast Raw): 0.000 MW
2026-03-25 08:05:23 | INFO | Intraday Forecast (Enercast, Scaled): 0.000 MW
2026-03-25 08:05:23 | INFO | Day-ahead Forecast (Enercast): 0.000 MW
2026-03-25 08:05:23 | INFO | Base Forecast (raw, before curtailment/shutdown): 0.000 MW
2026-03-25 08:05:23 | INFO | Base Forecast (used for schedule): 0.000 MW
2026-03-25 08:05:23 | INFO | Effective Base Forecast (after curtailment/shutdown): 0.000 MW
2026-03-25 08:05:23 | INFO | Plant Status: NORMAL
2026-03-25 08:05:23 | INFO | Effective Base Forecast = Base Forecast (raw) = 0.000 MW
2026-03-25 08:05:23 | INFO | --- WEATHER PARAMETERS ---
2026-03-25 08:05:23 | INFO | GTI: 0.0 W/m^2
2026-03-25 08:05:23 | INFO | DHI: 3.0 W/m^2
2026-03-25 08:05:23 | INFO | DNI: 0.0 W/m^2
2026-03-25 08:05:23 | INFO | Irradiance Ratio (GTI/MAX_GTI): 0.000
2026-03-25 08:05:23 | INFO | Diffuse Ratio (current): 0.060
2026-03-25 08:05:23 | INFO | Irradiance State: OVERCAST
2026-03-25 08:05:23 | INFO | Temp @ 2m: 32.77 C
2026-03-25 08:05:23 | INFO | Wind @ 10m: 13.32 m/s
2026-03-25 08:05:23 | INFO | Weather State: NORMAL
2026-03-25 08:05:23 | INFO | Dynamic Thresholds: cloud_thr=0.1001, shift_thr=0.1041
2026-03-25 08:05:23 | INFO | Multipliers: irradiance=0.27x, temp=0.92x, wind=0.97x
2026-03-25 08:05:23 | INFO | Weather Multiplier (combined): 0.24x
2026-03-25 08:05:23 | INFO | Abrupt Weather Change Detected: False
2026-03-25 08:05:23 | INFO | --- TREND ANALYSIS ---
2026-03-25 08:05:23 | INFO | Trend series: INSUFFICIENT DATA
2026-03-25 08:05:23 | INFO | Detected Trend Type: FLAT
2026-03-25 08:05:23 | INFO | Trend Slope Percentage: 0.00%
2026-03-25 08:05:23 | INFO | Trend EPS Threshold: 1.50%
2026-03-25 08:05:23 | INFO | --- SCHEDULE CALCULATION ---
2026-03-25 08:05:23 | INFO | Condition Applied: SUNSET_CLAMP
2026-03-25 08:05:23 | INFO | Effective Base Forecast Used for Adjustments: 0.000 MW
2026-03-25 08:05:23 | INFO | Condition-3: NOT APPLIED for this block path
2026-03-25 08:05:23 | INFO |   Final Adjustment %: 0.00%
2026-03-25 08:05:23 | INFO |   Formula (expanded): SUNSET_CLAMP: GTI=0.000 < 0.02*MAX_GTI=19.120 => raw=0
2026-03-25 08:05:23 | INFO | --- FINAL RESULT ---
2026-03-25 08:05:23 | INFO | Raw Schedule (before smoothing): 0.000 MW
2026-03-25 08:05:23 | INFO | Final Scheduled MW: 0.000 MW
2026-03-25 08:05:23 | INFO | --------------------------------------------------------------------------------
2026-03-25 08:05:23 | INFO | --------------------------------------------------------------------------------
2026-03-25 08:05:23 | INFO | BLOCK 77
2026-03-25 08:05:23 | INFO | --------------------------------------------------------------------------------
2026-03-25 08:05:23 | INFO | --- FORECAST DATA ---
2026-03-25 08:05:23 | INFO | Intraday Forecast (Enercast Raw): 0.000 MW
2026-03-25 08:05:23 | INFO | Intraday Forecast (Enercast, Scaled): 0.000 MW
2026-03-25 08:05:23 | INFO | Day-ahead Forecast (Enercast): 0.000 MW
2026-03-25 08:05:23 | INFO | Base Forecast (raw, before curtailment/shutdown): 0.000 MW
2026-03-25 08:05:23 | INFO | Base Forecast (used for schedule): 0.000 MW
2026-03-25 08:05:23 | INFO | Effective Base Forecast (after curtailment/shutdown): 0.000 MW
2026-03-25 08:05:23 | INFO | Plant Status: NORMAL
2026-03-25 08:05:23 | INFO | Effective Base Forecast = Base Forecast (raw) = 0.000 MW
2026-03-25 08:05:23 | INFO | --- WEATHER PARAMETERS ---
2026-03-25 08:05:23 | INFO | GTI: 0.0 W/m^2
2026-03-25 08:05:23 | INFO | DHI: 0.0 W/m^2
2026-03-25 08:05:23 | INFO | DNI: 0.0 W/m^2
2026-03-25 08:05:23 | INFO | Irradiance Ratio (GTI/MAX_GTI): 0.000
2026-03-25 08:05:23 | INFO | Diffuse Ratio (current): 0.000
2026-03-25 08:05:23 | INFO | Irradiance State: OVERCAST
2026-03-25 08:05:23 | INFO | Temp @ 2m: 32.27 C
2026-03-25 08:05:23 | INFO | Wind @ 10m: 12.62 m/s
2026-03-25 08:05:23 | INFO | Weather State: NORMAL
2026-03-25 08:05:23 | INFO | Dynamic Thresholds: cloud_thr=0.1001, shift_thr=0.1041
2026-03-25 08:05:23 | INFO | Multipliers: irradiance=0.27x, temp=0.92x, wind=0.97x
2026-03-25 08:05:23 | INFO | Weather Multiplier (combined): 0.24x
2026-03-25 08:05:23 | INFO | Abrupt Weather Change Detected: False
2026-03-25 08:05:23 | INFO | --- TREND ANALYSIS ---
2026-03-25 08:05:23 | INFO | Trend series: INSUFFICIENT DATA
2026-03-25 08:05:23 | INFO | Detected Trend Type: FLAT
2026-03-25 08:05:23 | INFO | Trend Slope Percentage: 0.00%
2026-03-25 08:05:23 | INFO | Trend EPS Threshold: 1.50%
2026-03-25 08:05:23 | INFO | --- SCHEDULE CALCULATION ---
2026-03-25 08:05:23 | INFO | Condition Applied: SUNSET_CLAMP
2026-03-25 08:05:23 | INFO | Effective Base Forecast Used for Adjustments: 0.000 MW
2026-03-25 08:05:23 | INFO | Condition-3: NOT APPLIED for this block path
2026-03-25 08:05:23 | INFO |   Final Adjustment %: 0.00%
2026-03-25 08:05:23 | INFO |   Formula (expanded): SUNSET_CLAMP: GTI=0.000 < 0.02*MAX_GTI=19.120 => raw=0
2026-03-25 08:05:23 | INFO | --- FINAL RESULT ---
2026-03-25 08:05:23 | INFO | Raw Schedule (before smoothing): 0.000 MW
2026-03-25 08:05:23 | INFO | Final Scheduled MW: 0.000 MW
2026-03-25 08:05:23 | INFO | --------------------------------------------------------------------------------
2026-03-25 08:05:23 | INFO | --------------------------------------------------------------------------------
2026-03-25 08:05:23 | INFO | BLOCK 78
2026-03-25 08:05:23 | INFO | --------------------------------------------------------------------------------
2026-03-25 08:05:23 | INFO | --- FORECAST DATA ---
2026-03-25 08:05:23 | INFO | Intraday Forecast (Enercast Raw): 0.000 MW
2026-03-25 08:05:23 | INFO | Intraday Forecast (Enercast, Scaled): 0.000 MW
2026-03-25 08:05:23 | INFO | Day-ahead Forecast (Enercast): 0.000 MW
2026-03-25 08:05:23 | INFO | Base Forecast (raw, before curtailment/shutdown): 0.000 MW
2026-03-25 08:05:23 | INFO | Base Forecast (used for schedule): 0.000 MW
2026-03-25 08:05:23 | INFO | Effective Base Forecast (after curtailment/shutdown): 0.000 MW
2026-03-25 08:05:23 | INFO | Plant Status: NORMAL
2026-03-25 08:05:23 | INFO | Effective Base Forecast = Base Forecast (raw) = 0.000 MW
2026-03-25 08:05:23 | INFO | --- WEATHER PARAMETERS ---
2026-03-25 08:05:23 | INFO | GTI: 0.0 W/m^2
2026-03-25 08:05:23 | INFO | DHI: 0.0 W/m^2
2026-03-25 08:05:23 | INFO | DNI: 0.0 W/m^2
2026-03-25 08:05:23 | INFO | Irradiance Ratio (GTI/MAX_GTI): 0.000
2026-03-25 08:05:23 | INFO | Diffuse Ratio (current): 0.000
2026-03-25 08:05:23 | INFO | Irradiance State: OVERCAST
2026-03-25 08:05:23 | INFO | Temp @ 2m: 31.82 C
2026-03-25 08:05:23 | INFO | Wind @ 10m: 12.26 m/s
2026-03-25 08:05:23 | INFO | Weather State: NORMAL
2026-03-25 08:05:23 | INFO | Dynamic Thresholds: cloud_thr=0.1001, shift_thr=0.1041
2026-03-25 08:05:23 | INFO | Multipliers: irradiance=0.27x, temp=0.92x, wind=0.97x
2026-03-25 08:05:23 | INFO | Weather Multiplier (combined): 0.24x
2026-03-25 08:05:23 | INFO | Abrupt Weather Change Detected: False
2026-03-25 08:05:23 | INFO | --- TREND ANALYSIS ---
2026-03-25 08:05:23 | INFO | Trend series: INSUFFICIENT DATA
2026-03-25 08:05:23 | INFO | Detected Trend Type: FLAT
2026-03-25 08:05:23 | INFO | Trend Slope Percentage: 0.00%
2026-03-25 08:05:23 | INFO | Trend EPS Threshold: 1.50%
2026-03-25 08:05:23 | INFO | --- SCHEDULE CALCULATION ---
2026-03-25 08:05:23 | INFO | Condition Applied: SUNSET_CLAMP
2026-03-25 08:05:23 | INFO | Effective Base Forecast Used for Adjustments: 0.000 MW
2026-03-25 08:05:23 | INFO | Condition-3: NOT APPLIED for this block path
2026-03-25 08:05:23 | INFO |   Final Adjustment %: 0.00%
2026-03-25 08:05:23 | INFO |   Formula (expanded): SUNSET_CLAMP: GTI=0.000 < 0.02*MAX_GTI=19.120 => raw=0
2026-03-25 08:05:23 | INFO | --- FINAL RESULT ---
2026-03-25 08:05:23 | INFO | Raw Schedule (before smoothing): 0.000 MW
2026-03-25 08:05:23 | INFO | Final Scheduled MW: 0.000 MW
2026-03-25 08:05:23 | INFO | --------------------------------------------------------------------------------
2026-03-25 08:05:23 | INFO | --------------------------------------------------------------------------------
2026-03-25 08:05:23 | INFO | BLOCK 79
2026-03-25 08:05:23 | INFO | --------------------------------------------------------------------------------
2026-03-25 08:05:23 | INFO | --- FORECAST DATA ---
2026-03-25 08:05:23 | INFO | Intraday Forecast (Enercast Raw): 0.000 MW
2026-03-25 08:05:23 | INFO | Intraday Forecast (Enercast, Scaled): 0.000 MW
2026-03-25 08:05:23 | INFO | Day-ahead Forecast (Enercast): 0.000 MW
2026-03-25 08:05:23 | INFO | Base Forecast (raw, before curtailment/shutdown): 0.000 MW
2026-03-25 08:05:23 | INFO | Base Forecast (used for schedule): 0.000 MW
2026-03-25 08:05:23 | INFO | Effective Base Forecast (after curtailment/shutdown): 0.000 MW
2026-03-25 08:05:23 | INFO | Plant Status: NORMAL
2026-03-25 08:05:23 | INFO | Effective Base Forecast = Base Forecast (raw) = 0.000 MW
2026-03-25 08:05:23 | INFO | --- WEATHER PARAMETERS ---
2026-03-25 08:05:23 | INFO | GTI: 0.0 W/m^2
2026-03-25 08:05:23 | INFO | DHI: 0.0 W/m^2
2026-03-25 08:05:23 | INFO | DNI: 0.0 W/m^2
2026-03-25 08:05:23 | INFO | Irradiance Ratio (GTI/MAX_GTI): 0.000
2026-03-25 08:05:23 | INFO | Diffuse Ratio (current): 0.000
2026-03-25 08:05:23 | INFO | Irradiance State: OVERCAST
2026-03-25 08:05:23 | INFO | Temp @ 2m: 31.42 C
2026-03-25 08:05:23 | INFO | Wind @ 10m: 11.90 m/s
2026-03-25 08:05:23 | INFO | Weather State: NORMAL
2026-03-25 08:05:23 | INFO | Dynamic Thresholds: cloud_thr=0.1001, shift_thr=0.1041
2026-03-25 08:05:23 | INFO | Multipliers: irradiance=0.27x, temp=0.92x, wind=0.97x
2026-03-25 08:05:23 | INFO | Weather Multiplier (combined): 0.24x
2026-03-25 08:05:23 | INFO | Abrupt Weather Change Detected: False
2026-03-25 08:05:23 | INFO | --- TREND ANALYSIS ---
2026-03-25 08:05:23 | INFO | Trend series: INSUFFICIENT DATA
2026-03-25 08:05:23 | INFO | Detected Trend Type: FLAT
2026-03-25 08:05:23 | INFO | Trend Slope Percentage: 0.00%
2026-03-25 08:05:23 | INFO | Trend EPS Threshold: 1.50%
2026-03-25 08:05:23 | INFO | --- SCHEDULE CALCULATION ---
2026-03-25 08:05:23 | INFO | Condition Applied: SUNSET_CLAMP
2026-03-25 08:05:23 | INFO | Effective Base Forecast Used for Adjustments: 0.000 MW
2026-03-25 08:05:23 | INFO | Condition-3: NOT APPLIED for this block path
2026-03-25 08:05:23 | INFO |   Final Adjustment %: 0.00%
2026-03-25 08:05:23 | INFO |   Formula (expanded): SUNSET_CLAMP: GTI=0.000 < 0.02*MAX_GTI=19.120 => raw=0
2026-03-25 08:05:23 | INFO | --- FINAL RESULT ---
2026-03-25 08:05:23 | INFO | Raw Schedule (before smoothing): 0.000 MW
2026-03-25 08:05:23 | INFO | Final Scheduled MW: 0.000 MW
2026-03-25 08:05:23 | INFO | --------------------------------------------------------------------------------
2026-03-25 08:05:23 | INFO | --------------------------------------------------------------------------------
2026-03-25 08:05:23 | INFO | BLOCK 80
2026-03-25 08:05:23 | INFO | --------------------------------------------------------------------------------
2026-03-25 08:05:23 | INFO | --- FORECAST DATA ---
2026-03-25 08:05:23 | INFO | Intraday Forecast (Enercast Raw): 0.000 MW
2026-03-25 08:05:23 | INFO | Intraday Forecast (Enercast, Scaled): 0.000 MW
2026-03-25 08:05:23 | INFO | Day-ahead Forecast (Enercast): 0.000 MW
2026-03-25 08:05:23 | INFO | Base Forecast (raw, before curtailment/shutdown): 0.000 MW
2026-03-25 08:05:23 | INFO | Base Forecast (used for schedule): 0.000 MW
2026-03-25 08:05:23 | INFO | Effective Base Forecast (after curtailment/shutdown): 0.000 MW
2026-03-25 08:05:23 | INFO | Plant Status: NORMAL
2026-03-25 08:05:23 | INFO | Effective Base Forecast = Base Forecast (raw) = 0.000 MW
2026-03-25 08:05:23 | INFO | --- WEATHER PARAMETERS ---
2026-03-25 08:05:23 | INFO | GTI: 0.0 W/m^2
2026-03-25 08:05:23 | INFO | DHI: 0.0 W/m^2
2026-03-25 08:05:23 | INFO | DNI: 0.0 W/m^2
2026-03-25 08:05:23 | INFO | Irradiance Ratio (GTI/MAX_GTI): 0.000
2026-03-25 08:05:23 | INFO | Diffuse Ratio (current): 0.000
2026-03-25 08:05:23 | INFO | Irradiance State: OVERCAST
2026-03-25 08:05:23 | INFO | Temp @ 2m: 31.12 C
2026-03-25 08:05:23 | INFO | Wind @ 10m: 11.89 m/s
2026-03-25 08:05:23 | INFO | Weather State: NORMAL
2026-03-25 08:05:23 | INFO | Dynamic Thresholds: cloud_thr=0.1001, shift_thr=0.1041
2026-03-25 08:05:23 | INFO | Multipliers: irradiance=0.27x, temp=0.92x, wind=0.97x
2026-03-25 08:05:23 | INFO | Weather Multiplier (combined): 0.24x
2026-03-25 08:05:23 | INFO | Abrupt Weather Change Detected: False
2026-03-25 08:05:23 | INFO | --- TREND ANALYSIS ---
2026-03-25 08:05:23 | INFO | Trend series: INSUFFICIENT DATA
2026-03-25 08:05:23 | INFO | Detected Trend Type: FLAT
2026-03-25 08:05:23 | INFO | Trend Slope Percentage: 0.00%
2026-03-25 08:05:23 | INFO | Trend EPS Threshold: 1.50%
2026-03-25 08:05:23 | INFO | --- SCHEDULE CALCULATION ---
2026-03-25 08:05:23 | INFO | Condition Applied: SUNSET_CLAMP
2026-03-25 08:05:23 | INFO | Effective Base Forecast Used for Adjustments: 0.000 MW
2026-03-25 08:05:23 | INFO | Condition-3: NOT APPLIED for this block path
2026-03-25 08:05:23 | INFO |   Final Adjustment %: 0.00%
2026-03-25 08:05:23 | INFO |   Formula (expanded): SUNSET_CLAMP: GTI=0.000 < 0.02*MAX_GTI=19.120 => raw=0
2026-03-25 08:05:23 | INFO | --- FINAL RESULT ---
2026-03-25 08:05:23 | INFO | Raw Schedule (before smoothing): 0.000 MW
2026-03-25 08:05:23 | INFO | Final Scheduled MW: 0.000 MW
2026-03-25 08:05:23 | INFO | --------------------------------------------------------------------------------
2026-03-25 08:05:23 | INFO | --------------------------------------------------------------------------------
2026-03-25 08:05:23 | INFO | BLOCK 81
2026-03-25 08:05:23 | INFO | --------------------------------------------------------------------------------
2026-03-25 08:05:23 | INFO | --- FORECAST DATA ---
2026-03-25 08:05:23 | INFO | Intraday Forecast (Enercast Raw): 0.000 MW
2026-03-25 08:05:23 | INFO | Intraday Forecast (Enercast, Scaled): 0.000 MW
2026-03-25 08:05:23 | INFO | Day-ahead Forecast (Enercast): 0.000 MW
2026-03-25 08:05:23 | INFO | Base Forecast (raw, before curtailment/shutdown): 0.000 MW
2026-03-25 08:05:23 | INFO | Base Forecast (used for schedule): 0.000 MW
2026-03-25 08:05:23 | INFO | Effective Base Forecast (after curtailment/shutdown): 0.000 MW
2026-03-25 08:05:23 | INFO | Plant Status: NORMAL
2026-03-25 08:05:23 | INFO | Effective Base Forecast = Base Forecast (raw) = 0.000 MW
2026-03-25 08:05:23 | INFO | --- WEATHER PARAMETERS ---
2026-03-25 08:05:23 | INFO | GTI: 0.0 W/m^2
2026-03-25 08:05:23 | INFO | DHI: 0.0 W/m^2
2026-03-25 08:05:23 | INFO | DNI: 0.0 W/m^2
2026-03-25 08:05:23 | INFO | Irradiance Ratio (GTI/MAX_GTI): 0.000
2026-03-25 08:05:23 | INFO | Diffuse Ratio (current): 0.000
2026-03-25 08:05:23 | INFO | Irradiance State: OVERCAST
2026-03-25 08:05:23 | INFO | Temp @ 2m: 30.87 C
2026-03-25 08:05:23 | INFO | Wind @ 10m: 11.88 m/s
2026-03-25 08:05:23 | INFO | Weather State: NORMAL
2026-03-25 08:05:23 | INFO | Dynamic Thresholds: cloud_thr=0.1001, shift_thr=0.1041
2026-03-25 08:05:23 | INFO | Multipliers: irradiance=0.27x, temp=0.92x, wind=0.97x
2026-03-25 08:05:23 | INFO | Weather Multiplier (combined): 0.24x
2026-03-25 08:05:23 | INFO | Abrupt Weather Change Detected: False
2026-03-25 08:05:23 | INFO | --- TREND ANALYSIS ---
2026-03-25 08:05:23 | INFO | Trend series: INSUFFICIENT DATA
2026-03-25 08:05:23 | INFO | Detected Trend Type: FLAT
2026-03-25 08:05:23 | INFO | Trend Slope Percentage: 0.00%
2026-03-25 08:05:23 | INFO | Trend EPS Threshold: 1.50%
2026-03-25 08:05:23 | INFO | --- SCHEDULE CALCULATION ---
2026-03-25 08:05:23 | INFO | Condition Applied: SUNSET_CLAMP
2026-03-25 08:05:23 | INFO | Effective Base Forecast Used for Adjustments: 0.000 MW
2026-03-25 08:05:23 | INFO | Condition-3: NOT APPLIED for this block path
2026-03-25 08:05:23 | INFO |   Final Adjustment %: 0.00%
2026-03-25 08:05:23 | INFO |   Formula (expanded): SUNSET_CLAMP: GTI=0.000 < 0.02*MAX_GTI=19.120 => raw=0
2026-03-25 08:05:23 | INFO | --- FINAL RESULT ---
2026-03-25 08:05:23 | INFO | Raw Schedule (before smoothing): 0.000 MW
2026-03-25 08:05:23 | INFO | Final Scheduled MW: 0.000 MW
2026-03-25 08:05:23 | INFO | --------------------------------------------------------------------------------
2026-03-25 08:05:23 | INFO | --------------------------------------------------------------------------------
2026-03-25 08:05:23 | INFO | BLOCK 82
2026-03-25 08:05:23 | INFO | --------------------------------------------------------------------------------
2026-03-25 08:05:23 | INFO | --- FORECAST DATA ---
2026-03-25 08:05:23 | INFO | Intraday Forecast (Enercast Raw): 0.000 MW
2026-03-25 08:05:23 | INFO | Intraday Forecast (Enercast, Scaled): 0.000 MW
2026-03-25 08:05:23 | INFO | Day-ahead Forecast (Enercast): 0.000 MW
2026-03-25 08:05:23 | INFO | Base Forecast (raw, before curtailment/shutdown): 0.000 MW
2026-03-25 08:05:23 | INFO | Base Forecast (used for schedule): 0.000 MW
2026-03-25 08:05:23 | INFO | Effective Base Forecast (after curtailment/shutdown): 0.000 MW
2026-03-25 08:05:23 | INFO | Plant Status: NORMAL
2026-03-25 08:05:23 | INFO | Effective Base Forecast = Base Forecast (raw) = 0.000 MW
2026-03-25 08:05:23 | INFO | --- WEATHER PARAMETERS ---
2026-03-25 08:05:23 | INFO | GTI: 0.0 W/m^2
2026-03-25 08:05:23 | INFO | DHI: 0.0 W/m^2
2026-03-25 08:05:23 | INFO | DNI: 0.0 W/m^2
2026-03-25 08:05:23 | INFO | Irradiance Ratio (GTI/MAX_GTI): 0.000
2026-03-25 08:05:23 | INFO | Diffuse Ratio (current): 0.000
2026-03-25 08:05:23 | INFO | Irradiance State: OVERCAST
2026-03-25 08:05:23 | INFO | Temp @ 2m: 30.62 C
2026-03-25 08:05:23 | INFO | Wind @ 10m: 12.26 m/s
2026-03-25 08:05:23 | INFO | Weather State: NORMAL
2026-03-25 08:05:23 | INFO | Dynamic Thresholds: cloud_thr=0.1001, shift_thr=0.1041
2026-03-25 08:05:23 | INFO | Multipliers: irradiance=0.27x, temp=0.92x, wind=0.97x
2026-03-25 08:05:23 | INFO | Weather Multiplier (combined): 0.24x
2026-03-25 08:05:23 | INFO | Abrupt Weather Change Detected: False
2026-03-25 08:05:23 | INFO | --- TREND ANALYSIS ---
2026-03-25 08:05:23 | INFO | Trend series: INSUFFICIENT DATA
2026-03-25 08:05:23 | INFO | Detected Trend Type: FLAT
2026-03-25 08:05:23 | INFO | Trend Slope Percentage: 0.00%
2026-03-25 08:05:23 | INFO | Trend EPS Threshold: 1.50%
2026-03-25 08:05:23 | INFO | --- SCHEDULE CALCULATION ---
2026-03-25 08:05:23 | INFO | Condition Applied: SUNSET_CLAMP
2026-03-25 08:05:23 | INFO | Effective Base Forecast Used for Adjustments: 0.000 MW
2026-03-25 08:05:23 | INFO | Condition-3: NOT APPLIED for this block path
2026-03-25 08:05:23 | INFO |   Final Adjustment %: 0.00%
2026-03-25 08:05:23 | INFO |   Formula (expanded): SUNSET_CLAMP: GTI=0.000 < 0.02*MAX_GTI=19.120 => raw=0
2026-03-25 08:05:23 | INFO | --- FINAL RESULT ---
2026-03-25 08:05:23 | INFO | Raw Schedule (before smoothing): 0.000 MW
2026-03-25 08:05:23 | INFO | Final Scheduled MW: 0.000 MW
2026-03-25 08:05:23 | INFO | --------------------------------------------------------------------------------
2026-03-25 08:05:23 | INFO | --------------------------------------------------------------------------------
2026-03-25 08:05:23 | INFO | BLOCK 83
2026-03-25 08:05:23 | INFO | --------------------------------------------------------------------------------
2026-03-25 08:05:23 | INFO | --- FORECAST DATA ---
2026-03-25 08:05:23 | INFO | Intraday Forecast (Enercast Raw): 0.000 MW
2026-03-25 08:05:23 | INFO | Intraday Forecast (Enercast, Scaled): 0.000 MW
2026-03-25 08:05:23 | INFO | Day-ahead Forecast (Enercast): 0.000 MW
2026-03-25 08:05:23 | INFO | Base Forecast (raw, before curtailment/shutdown): 0.000 MW
2026-03-25 08:05:23 | INFO | Base Forecast (used for schedule): 0.000 MW
2026-03-25 08:05:23 | INFO | Effective Base Forecast (after curtailment/shutdown): 0.000 MW
2026-03-25 08:05:23 | INFO | Plant Status: NORMAL
2026-03-25 08:05:23 | INFO | Effective Base Forecast = Base Forecast (raw) = 0.000 MW
2026-03-25 08:05:23 | INFO | --- WEATHER PARAMETERS ---
2026-03-25 08:05:23 | INFO | GTI: 0.0 W/m^2
2026-03-25 08:05:23 | INFO | DHI: 0.0 W/m^2
2026-03-25 08:05:23 | INFO | DNI: 0.0 W/m^2
2026-03-25 08:05:23 | INFO | Irradiance Ratio (GTI/MAX_GTI): 0.000
2026-03-25 08:05:23 | INFO | Diffuse Ratio (current): 0.000
2026-03-25 08:05:23 | INFO | Irradiance State: OVERCAST
2026-03-25 08:05:23 | INFO | Temp @ 2m: 30.42 C
2026-03-25 08:05:23 | INFO | Wind @ 10m: 11.97 m/s
2026-03-25 08:05:23 | INFO | Weather State: NORMAL
2026-03-25 08:05:23 | INFO | Dynamic Thresholds: cloud_thr=0.1001, shift_thr=0.1041
2026-03-25 08:05:23 | INFO | Multipliers: irradiance=0.27x, temp=0.92x, wind=0.97x
2026-03-25 08:05:23 | INFO | Weather Multiplier (combined): 0.24x
2026-03-25 08:05:23 | INFO | Abrupt Weather Change Detected: False
2026-03-25 08:05:23 | INFO | --- TREND ANALYSIS ---
2026-03-25 08:05:23 | INFO | Trend series: INSUFFICIENT DATA
2026-03-25 08:05:23 | INFO | Detected Trend Type: FLAT
2026-03-25 08:05:23 | INFO | Trend Slope Percentage: 0.00%
2026-03-25 08:05:23 | INFO | Trend EPS Threshold: 1.50%
2026-03-25 08:05:23 | INFO | --- SCHEDULE CALCULATION ---
2026-03-25 08:05:23 | INFO | Condition Applied: SUNSET_CLAMP
2026-03-25 08:05:23 | INFO | Effective Base Forecast Used for Adjustments: 0.000 MW
2026-03-25 08:05:23 | INFO | Condition-3: NOT APPLIED for this block path
2026-03-25 08:05:23 | INFO |   Final Adjustment %: 0.00%
2026-03-25 08:05:23 | INFO |   Formula (expanded): SUNSET_CLAMP: GTI=0.000 < 0.02*MAX_GTI=19.120 => raw=0
2026-03-25 08:05:23 | INFO | --- FINAL RESULT ---
2026-03-25 08:05:23 | INFO | Raw Schedule (before smoothing): 0.000 MW
2026-03-25 08:05:23 | INFO | Final Scheduled MW: 0.000 MW
2026-03-25 08:05:23 | INFO | --------------------------------------------------------------------------------
2026-03-25 08:05:23 | INFO | --------------------------------------------------------------------------------
2026-03-25 08:05:23 | INFO | BLOCK 84
2026-03-25 08:05:23 | INFO | --------------------------------------------------------------------------------
2026-03-25 08:05:23 | INFO | --- FORECAST DATA ---
2026-03-25 08:05:23 | INFO | Intraday Forecast (Enercast Raw): 0.000 MW
2026-03-25 08:05:23 | INFO | Intraday Forecast (Enercast, Scaled): 0.000 MW
2026-03-25 08:05:23 | INFO | Day-ahead Forecast (Enercast): 0.000 MW
2026-03-25 08:05:23 | INFO | Base Forecast (raw, before curtailment/shutdown): 0.000 MW
2026-03-25 08:05:23 | INFO | Base Forecast (used for schedule): 0.000 MW
2026-03-25 08:05:23 | INFO | Effective Base Forecast (after curtailment/shutdown): 0.000 MW
2026-03-25 08:05:23 | INFO | Plant Status: NORMAL
2026-03-25 08:05:23 | INFO | Effective Base Forecast = Base Forecast (raw) = 0.000 MW
2026-03-25 08:05:23 | INFO | --- WEATHER PARAMETERS ---
2026-03-25 08:05:23 | INFO | GTI: 0.0 W/m^2
2026-03-25 08:05:23 | INFO | DHI: 0.0 W/m^2
2026-03-25 08:05:23 | INFO | DNI: 0.0 W/m^2
2026-03-25 08:05:23 | INFO | Irradiance Ratio (GTI/MAX_GTI): 0.000
2026-03-25 08:05:23 | INFO | Diffuse Ratio (current): 0.000
2026-03-25 08:05:23 | INFO | Irradiance State: OVERCAST
2026-03-25 08:05:23 | INFO | Temp @ 2m: 30.17 C
2026-03-25 08:05:23 | INFO | Wind @ 10m: 11.53 m/s
2026-03-25 08:05:23 | INFO | Weather State: NORMAL
2026-03-25 08:05:23 | INFO | Dynamic Thresholds: cloud_thr=0.1001, shift_thr=0.1041
2026-03-25 08:05:23 | INFO | Multipliers: irradiance=0.27x, temp=0.92x, wind=0.97x
2026-03-25 08:05:23 | INFO | Weather Multiplier (combined): 0.24x
2026-03-25 08:05:23 | INFO | Abrupt Weather Change Detected: False
2026-03-25 08:05:23 | INFO | --- TREND ANALYSIS ---
2026-03-25 08:05:23 | INFO | Trend series: INSUFFICIENT DATA
2026-03-25 08:05:23 | INFO | Detected Trend Type: FLAT
2026-03-25 08:05:23 | INFO | Trend Slope Percentage: 0.00%
2026-03-25 08:05:23 | INFO | Trend EPS Threshold: 1.50%
2026-03-25 08:05:23 | INFO | --- SCHEDULE CALCULATION ---
2026-03-25 08:05:23 | INFO | Condition Applied: SUNSET_CLAMP
2026-03-25 08:05:23 | INFO | Effective Base Forecast Used for Adjustments: 0.000 MW
2026-03-25 08:05:23 | INFO | Condition-3: NOT APPLIED for this block path
2026-03-25 08:05:23 | INFO |   Final Adjustment %: 0.00%
2026-03-25 08:05:23 | INFO |   Formula (expanded): SUNSET_CLAMP: GTI=0.000 < 0.02*MAX_GTI=19.120 => raw=0
2026-03-25 08:05:23 | INFO | --- FINAL RESULT ---
2026-03-25 08:05:23 | INFO | Raw Schedule (before smoothing): 0.000 MW
2026-03-25 08:05:23 | INFO | Final Scheduled MW: 0.000 MW
2026-03-25 08:05:23 | INFO | --------------------------------------------------------------------------------
2026-03-25 08:05:23 | INFO | --------------------------------------------------------------------------------
2026-03-25 08:05:23 | INFO | BLOCK 85
2026-03-25 08:05:23 | INFO | --------------------------------------------------------------------------------
2026-03-25 08:05:23 | INFO | --- FORECAST DATA ---
2026-03-25 08:05:23 | INFO | Intraday Forecast (Enercast Raw): 0.000 MW
2026-03-25 08:05:23 | INFO | Intraday Forecast (Enercast, Scaled): 0.000 MW
2026-03-25 08:05:23 | INFO | Day-ahead Forecast (Enercast): 0.000 MW
2026-03-25 08:05:23 | INFO | Base Forecast (raw, before curtailment/shutdown): 0.000 MW
2026-03-25 08:05:23 | INFO | Base Forecast (used for schedule): 0.000 MW
2026-03-25 08:05:23 | INFO | Effective Base Forecast (after curtailment/shutdown): 0.000 MW
2026-03-25 08:05:23 | INFO | Plant Status: NORMAL
2026-03-25 08:05:23 | INFO | Effective Base Forecast = Base Forecast (raw) = 0.000 MW
2026-03-25 08:05:23 | INFO | --- WEATHER PARAMETERS ---
2026-03-25 08:05:23 | INFO | GTI: 0.0 W/m^2
2026-03-25 08:05:23 | INFO | DHI: 0.0 W/m^2
2026-03-25 08:05:23 | INFO | DNI: 0.0 W/m^2
2026-03-25 08:05:23 | INFO | Irradiance Ratio (GTI/MAX_GTI): 0.000
2026-03-25 08:05:23 | INFO | Diffuse Ratio (current): 0.000
2026-03-25 08:05:23 | INFO | Irradiance State: OVERCAST
2026-03-25 08:05:23 | INFO | Temp @ 2m: 29.92 C
2026-03-25 08:05:23 | INFO | Wind @ 10m: 10.64 m/s
2026-03-25 08:05:23 | INFO | Weather State: NORMAL
2026-03-25 08:05:23 | INFO | Dynamic Thresholds: cloud_thr=0.1001, shift_thr=0.1041
2026-03-25 08:05:23 | INFO | Multipliers: irradiance=0.27x, temp=0.92x, wind=0.97x
2026-03-25 08:05:23 | INFO | Weather Multiplier (combined): 0.24x
2026-03-25 08:05:23 | INFO | Abrupt Weather Change Detected: False
2026-03-25 08:05:23 | INFO | --- TREND ANALYSIS ---
2026-03-25 08:05:23 | INFO | Trend series: INSUFFICIENT DATA
2026-03-25 08:05:23 | INFO | Detected Trend Type: FLAT
2026-03-25 08:05:23 | INFO | Trend Slope Percentage: 0.00%
2026-03-25 08:05:23 | INFO | Trend EPS Threshold: 1.50%
2026-03-25 08:05:23 | INFO | --- SCHEDULE CALCULATION ---
2026-03-25 08:05:23 | INFO | Condition Applied: SUNSET_CLAMP
2026-03-25 08:05:23 | INFO | Effective Base Forecast Used for Adjustments: 0.000 MW
2026-03-25 08:05:23 | INFO | Condition-3: NOT APPLIED for this block path
2026-03-25 08:05:23 | INFO |   Final Adjustment %: 0.00%
2026-03-25 08:05:23 | INFO |   Formula (expanded): SUNSET_CLAMP: GTI=0.000 < 0.02*MAX_GTI=19.120 => raw=0
2026-03-25 08:05:23 | INFO | --- FINAL RESULT ---
2026-03-25 08:05:23 | INFO | Raw Schedule (before smoothing): 0.000 MW
2026-03-25 08:05:23 | INFO | Final Scheduled MW: 0.000 MW
2026-03-25 08:05:23 | INFO | --------------------------------------------------------------------------------
2026-03-25 08:05:23 | INFO | --------------------------------------------------------------------------------
2026-03-25 08:05:23 | INFO | BLOCK 86
2026-03-25 08:05:23 | INFO | --------------------------------------------------------------------------------
2026-03-25 08:05:23 | INFO | --- FORECAST DATA ---
2026-03-25 08:05:23 | INFO | Intraday Forecast (Enercast Raw): 0.000 MW
2026-03-25 08:05:23 | INFO | Intraday Forecast (Enercast, Scaled): 0.000 MW
2026-03-25 08:05:23 | INFO | Day-ahead Forecast (Enercast): 0.000 MW
2026-03-25 08:05:23 | INFO | Base Forecast (raw, before curtailment/shutdown): 0.000 MW
2026-03-25 08:05:23 | INFO | Base Forecast (used for schedule): 0.000 MW
2026-03-25 08:05:23 | INFO | Effective Base Forecast (after curtailment/shutdown): 0.000 MW
2026-03-25 08:05:23 | INFO | Plant Status: NORMAL
2026-03-25 08:05:23 | INFO | Effective Base Forecast = Base Forecast (raw) = 0.000 MW
2026-03-25 08:05:23 | INFO | --- WEATHER PARAMETERS ---
2026-03-25 08:05:23 | INFO | GTI: 0.0 W/m^2
2026-03-25 08:05:23 | INFO | DHI: 0.0 W/m^2
2026-03-25 08:05:23 | INFO | DNI: 0.0 W/m^2
2026-03-25 08:05:23 | INFO | Irradiance Ratio (GTI/MAX_GTI): 0.000
2026-03-25 08:05:23 | INFO | Diffuse Ratio (current): 0.000
2026-03-25 08:05:23 | INFO | Irradiance State: OVERCAST
2026-03-25 08:05:23 | INFO | Temp @ 2m: 29.72 C
2026-03-25 08:05:23 | INFO | Wind @ 10m: 10.38 m/s
2026-03-25 08:05:23 | INFO | Weather State: NORMAL
2026-03-25 08:05:23 | INFO | Dynamic Thresholds: cloud_thr=0.1001, shift_thr=0.1041
2026-03-25 08:05:23 | INFO | Multipliers: irradiance=0.27x, temp=0.92x, wind=0.97x
2026-03-25 08:05:23 | INFO | Weather Multiplier (combined): 0.24x
2026-03-25 08:05:23 | INFO | Abrupt Weather Change Detected: False
2026-03-25 08:05:23 | INFO | --- TREND ANALYSIS ---
2026-03-25 08:05:23 | INFO | Trend series: INSUFFICIENT DATA
2026-03-25 08:05:23 | INFO | Detected Trend Type: FLAT
2026-03-25 08:05:23 | INFO | Trend Slope Percentage: 0.00%
2026-03-25 08:05:23 | INFO | Trend EPS Threshold: 1.50%
2026-03-25 08:05:23 | INFO | --- SCHEDULE CALCULATION ---
2026-03-25 08:05:23 | INFO | Condition Applied: SUNSET_CLAMP
2026-03-25 08:05:23 | INFO | Effective Base Forecast Used for Adjustments: 0.000 MW
2026-03-25 08:05:23 | INFO | Condition-3: NOT APPLIED for this block path
2026-03-25 08:05:23 | INFO |   Final Adjustment %: 0.00%
2026-03-25 08:05:23 | INFO |   Formula (expanded): SUNSET_CLAMP: GTI=0.000 < 0.02*MAX_GTI=19.120 => raw=0
2026-03-25 08:05:23 | INFO | --- FINAL RESULT ---
2026-03-25 08:05:23 | INFO | Raw Schedule (before smoothing): 0.000 MW
2026-03-25 08:05:23 | INFO | Final Scheduled MW: 0.000 MW
2026-03-25 08:05:23 | INFO | --------------------------------------------------------------------------------
2026-03-25 08:05:23 | INFO | --------------------------------------------------------------------------------
2026-03-25 08:05:23 | INFO | BLOCK 87
2026-03-25 08:05:23 | INFO | --------------------------------------------------------------------------------
2026-03-25 08:05:23 | INFO | --- FORECAST DATA ---
2026-03-25 08:05:23 | INFO | Intraday Forecast (Enercast Raw): 0.000 MW
2026-03-25 08:05:23 | INFO | Intraday Forecast (Enercast, Scaled): 0.000 MW
2026-03-25 08:05:23 | INFO | Day-ahead Forecast (Enercast): 0.000 MW
2026-03-25 08:05:23 | INFO | Base Forecast (raw, before curtailment/shutdown): 0.000 MW
2026-03-25 08:05:23 | INFO | Base Forecast (used for schedule): 0.000 MW
2026-03-25 08:05:23 | INFO | Effective Base Forecast (after curtailment/shutdown): 0.000 MW
2026-03-25 08:05:23 | INFO | Plant Status: NORMAL
2026-03-25 08:05:23 | INFO | Effective Base Forecast = Base Forecast (raw) = 0.000 MW
2026-03-25 08:05:23 | INFO | --- WEATHER PARAMETERS ---
2026-03-25 08:05:23 | INFO | GTI: 0.0 W/m^2
2026-03-25 08:05:23 | INFO | DHI: 0.0 W/m^2
2026-03-25 08:05:23 | INFO | DNI: 0.0 W/m^2
2026-03-25 08:05:23 | INFO | Irradiance Ratio (GTI/MAX_GTI): 0.000
2026-03-25 08:05:23 | INFO | Diffuse Ratio (current): 0.000
2026-03-25 08:05:23 | INFO | Irradiance State: OVERCAST
2026-03-25 08:05:23 | INFO | Temp @ 2m: 29.52 C
2026-03-25 08:05:23 | INFO | Wind @ 10m: 10.44 m/s
2026-03-25 08:05:23 | INFO | Weather State: NORMAL
2026-03-25 08:05:23 | INFO | Dynamic Thresholds: cloud_thr=0.1001, shift_thr=0.1041
2026-03-25 08:05:23 | INFO | Multipliers: irradiance=0.27x, temp=0.92x, wind=0.97x
2026-03-25 08:05:23 | INFO | Weather Multiplier (combined): 0.24x
2026-03-25 08:05:23 | INFO | Abrupt Weather Change Detected: False
2026-03-25 08:05:23 | INFO | --- TREND ANALYSIS ---
2026-03-25 08:05:23 | INFO | Trend series: INSUFFICIENT DATA
2026-03-25 08:05:23 | INFO | Detected Trend Type: FLAT
2026-03-25 08:05:23 | INFO | Trend Slope Percentage: 0.00%
2026-03-25 08:05:23 | INFO | Trend EPS Threshold: 1.50%
2026-03-25 08:05:23 | INFO | --- SCHEDULE CALCULATION ---
2026-03-25 08:05:23 | INFO | Condition Applied: SUNSET_CLAMP
2026-03-25 08:05:23 | INFO | Effective Base Forecast Used for Adjustments: 0.000 MW
2026-03-25 08:05:23 | INFO | Condition-3: NOT APPLIED for this block path
2026-03-25 08:05:23 | INFO |   Final Adjustment %: 0.00%
2026-03-25 08:05:23 | INFO |   Formula (expanded): SUNSET_CLAMP: GTI=0.000 < 0.02*MAX_GTI=19.120 => raw=0
2026-03-25 08:05:23 | INFO | --- FINAL RESULT ---
2026-03-25 08:05:23 | INFO | Raw Schedule (before smoothing): 0.000 MW
2026-03-25 08:05:23 | INFO | Final Scheduled MW: 0.000 MW
2026-03-25 08:05:23 | INFO | --------------------------------------------------------------------------------
2026-03-25 08:05:23 | INFO | --------------------------------------------------------------------------------
2026-03-25 08:05:23 | INFO | BLOCK 88
2026-03-25 08:05:23 | INFO | --------------------------------------------------------------------------------
2026-03-25 08:05:23 | INFO | --- FORECAST DATA ---
2026-03-25 08:05:23 | INFO | Intraday Forecast (Enercast Raw): 0.000 MW
2026-03-25 08:05:23 | INFO | Intraday Forecast (Enercast, Scaled): 0.000 MW
2026-03-25 08:05:23 | INFO | Day-ahead Forecast (Enercast): 0.000 MW
2026-03-25 08:05:23 | INFO | Base Forecast (raw, before curtailment/shutdown): 0.000 MW
2026-03-25 08:05:23 | INFO | Base Forecast (used for schedule): 0.000 MW
2026-03-25 08:05:23 | INFO | Effective Base Forecast (after curtailment/shutdown): 0.000 MW
2026-03-25 08:05:23 | INFO | Plant Status: NORMAL
2026-03-25 08:05:23 | INFO | Effective Base Forecast = Base Forecast (raw) = 0.000 MW
2026-03-25 08:05:23 | INFO | --- WEATHER PARAMETERS ---
2026-03-25 08:05:23 | INFO | GTI: 0.0 W/m^2
2026-03-25 08:05:23 | INFO | DHI: 0.0 W/m^2
2026-03-25 08:05:23 | INFO | DNI: 0.0 W/m^2
2026-03-25 08:05:23 | INFO | Irradiance Ratio (GTI/MAX_GTI): 0.000
2026-03-25 08:05:23 | INFO | Diffuse Ratio (current): 0.000
2026-03-25 08:05:23 | INFO | Irradiance State: OVERCAST
2026-03-25 08:05:23 | INFO | Temp @ 2m: 29.37 C
2026-03-25 08:05:23 | INFO | Wind @ 10m: 10.74 m/s
2026-03-25 08:05:23 | INFO | Weather State: NORMAL
2026-03-25 08:05:23 | INFO | Dynamic Thresholds: cloud_thr=0.1001, shift_thr=0.1041
2026-03-25 08:05:23 | INFO | Multipliers: irradiance=0.27x, temp=0.92x, wind=0.97x
2026-03-25 08:05:23 | INFO | Weather Multiplier (combined): 0.24x
2026-03-25 08:05:23 | INFO | Abrupt Weather Change Detected: False
2026-03-25 08:05:23 | INFO | --- TREND ANALYSIS ---
2026-03-25 08:05:23 | INFO | Trend series: INSUFFICIENT DATA
2026-03-25 08:05:23 | INFO | Detected Trend Type: FLAT
2026-03-25 08:05:23 | INFO | Trend Slope Percentage: 0.00%
2026-03-25 08:05:23 | INFO | Trend EPS Threshold: 1.50%
2026-03-25 08:05:23 | INFO | --- SCHEDULE CALCULATION ---
2026-03-25 08:05:23 | INFO | Condition Applied: SUNSET_CLAMP
2026-03-25 08:05:23 | INFO | Effective Base Forecast Used for Adjustments: 0.000 MW
2026-03-25 08:05:23 | INFO | Condition-3: NOT APPLIED for this block path
2026-03-25 08:05:23 | INFO |   Final Adjustment %: 0.00%
2026-03-25 08:05:23 | INFO |   Formula (expanded): SUNSET_CLAMP: GTI=0.000 < 0.02*MAX_GTI=19.120 => raw=0
2026-03-25 08:05:23 | INFO | --- FINAL RESULT ---
2026-03-25 08:05:23 | INFO | Raw Schedule (before smoothing): 0.000 MW
2026-03-25 08:05:23 | INFO | Final Scheduled MW: 0.000 MW
2026-03-25 08:05:23 | INFO | --------------------------------------------------------------------------------
2026-03-25 08:05:23 | INFO | --------------------------------------------------------------------------------
2026-03-25 08:05:23 | INFO | BLOCK 89
2026-03-25 08:05:23 | INFO | --------------------------------------------------------------------------------
2026-03-25 08:05:23 | INFO | --- FORECAST DATA ---
2026-03-25 08:05:23 | INFO | Intraday Forecast (Enercast Raw): 0.000 MW
2026-03-25 08:05:23 | INFO | Intraday Forecast (Enercast, Scaled): 0.000 MW
2026-03-25 08:05:23 | INFO | Day-ahead Forecast (Enercast): 0.000 MW
2026-03-25 08:05:23 | INFO | Base Forecast (raw, before curtailment/shutdown): 0.000 MW
2026-03-25 08:05:23 | INFO | Base Forecast (used for schedule): 0.000 MW
2026-03-25 08:05:23 | INFO | Effective Base Forecast (after curtailment/shutdown): 0.000 MW
2026-03-25 08:05:23 | INFO | Plant Status: NORMAL
2026-03-25 08:05:23 | INFO | Effective Base Forecast = Base Forecast (raw) = 0.000 MW
2026-03-25 08:05:23 | INFO | --- WEATHER PARAMETERS ---
2026-03-25 08:05:23 | INFO | GTI: 0.0 W/m^2
2026-03-25 08:05:23 | INFO | DHI: 0.0 W/m^2
2026-03-25 08:05:23 | INFO | DNI: 0.0 W/m^2
2026-03-25 08:05:23 | INFO | Irradiance Ratio (GTI/MAX_GTI): 0.000
2026-03-25 08:05:23 | INFO | Diffuse Ratio (current): 0.000
2026-03-25 08:05:23 | INFO | Irradiance State: OVERCAST
2026-03-25 08:05:23 | INFO | Temp @ 2m: 29.17 C
2026-03-25 08:05:23 | INFO | Wind @ 10m: 10.80 m/s
2026-03-25 08:05:23 | INFO | Weather State: NORMAL
2026-03-25 08:05:23 | INFO | Dynamic Thresholds: cloud_thr=0.1001, shift_thr=0.1041
2026-03-25 08:05:23 | INFO | Multipliers: irradiance=0.27x, temp=0.92x, wind=0.97x
2026-03-25 08:05:23 | INFO | Weather Multiplier (combined): 0.24x
2026-03-25 08:05:23 | INFO | Abrupt Weather Change Detected: False
2026-03-25 08:05:23 | INFO | --- TREND ANALYSIS ---
2026-03-25 08:05:23 | INFO | Trend series: INSUFFICIENT DATA
2026-03-25 08:05:23 | INFO | Detected Trend Type: FLAT
2026-03-25 08:05:23 | INFO | Trend Slope Percentage: 0.00%
2026-03-25 08:05:23 | INFO | Trend EPS Threshold: 1.50%
2026-03-25 08:05:23 | INFO | --- SCHEDULE CALCULATION ---
2026-03-25 08:05:23 | INFO | Condition Applied: SUNSET_CLAMP
2026-03-25 08:05:23 | INFO | Effective Base Forecast Used for Adjustments: 0.000 MW
2026-03-25 08:05:23 | INFO | Condition-3: NOT APPLIED for this block path
2026-03-25 08:05:23 | INFO |   Final Adjustment %: 0.00%
2026-03-25 08:05:23 | INFO |   Formula (expanded): SUNSET_CLAMP: GTI=0.000 < 0.02*MAX_GTI=19.120 => raw=0
2026-03-25 08:05:23 | INFO | --- FINAL RESULT ---
2026-03-25 08:05:23 | INFO | Raw Schedule (before smoothing): 0.000 MW
2026-03-25 08:05:23 | INFO | Final Scheduled MW: 0.000 MW
2026-03-25 08:05:23 | INFO | --------------------------------------------------------------------------------
2026-03-25 08:05:23 | INFO | --------------------------------------------------------------------------------
2026-03-25 08:05:23 | INFO | BLOCK 90
2026-03-25 08:05:23 | INFO | --------------------------------------------------------------------------------
2026-03-25 08:05:23 | INFO | --- FORECAST DATA ---
2026-03-25 08:05:23 | INFO | Intraday Forecast (Enercast Raw): 0.000 MW
2026-03-25 08:05:23 | INFO | Intraday Forecast (Enercast, Scaled): 0.000 MW
2026-03-25 08:05:23 | INFO | Day-ahead Forecast (Enercast): 0.000 MW
2026-03-25 08:05:23 | INFO | Base Forecast (raw, before curtailment/shutdown): 0.000 MW
2026-03-25 08:05:23 | INFO | Base Forecast (used for schedule): 0.000 MW
2026-03-25 08:05:23 | INFO | Effective Base Forecast (after curtailment/shutdown): 0.000 MW
2026-03-25 08:05:23 | INFO | Plant Status: NORMAL
2026-03-25 08:05:23 | INFO | Effective Base Forecast = Base Forecast (raw) = 0.000 MW
2026-03-25 08:05:23 | INFO | --- WEATHER PARAMETERS ---
2026-03-25 08:05:23 | INFO | GTI: 0.0 W/m^2
2026-03-25 08:05:23 | INFO | DHI: 0.0 W/m^2
2026-03-25 08:05:23 | INFO | DNI: 0.0 W/m^2
2026-03-25 08:05:23 | INFO | Irradiance Ratio (GTI/MAX_GTI): 0.000
2026-03-25 08:05:23 | INFO | Diffuse Ratio (current): 0.000
2026-03-25 08:05:23 | INFO | Irradiance State: OVERCAST
2026-03-25 08:05:23 | INFO | Temp @ 2m: 29.07 C
2026-03-25 08:05:23 | INFO | Wind @ 10m: 11.18 m/s
2026-03-25 08:05:23 | INFO | Weather State: NORMAL
2026-03-25 08:05:23 | INFO | Dynamic Thresholds: cloud_thr=0.1001, shift_thr=0.1041
2026-03-25 08:05:23 | INFO | Multipliers: irradiance=0.27x, temp=0.92x, wind=0.97x
2026-03-25 08:05:23 | INFO | Weather Multiplier (combined): 0.24x
2026-03-25 08:05:23 | INFO | Abrupt Weather Change Detected: False
2026-03-25 08:05:23 | INFO | --- TREND ANALYSIS ---
2026-03-25 08:05:23 | INFO | Trend series: INSUFFICIENT DATA
2026-03-25 08:05:23 | INFO | Detected Trend Type: FLAT
2026-03-25 08:05:23 | INFO | Trend Slope Percentage: 0.00%
2026-03-25 08:05:23 | INFO | Trend EPS Threshold: 1.50%
2026-03-25 08:05:23 | INFO | --- SCHEDULE CALCULATION ---
2026-03-25 08:05:23 | INFO | Condition Applied: SUNSET_CLAMP
2026-03-25 08:05:23 | INFO | Effective Base Forecast Used for Adjustments: 0.000 MW
2026-03-25 08:05:23 | INFO | Condition-3: NOT APPLIED for this block path
2026-03-25 08:05:23 | INFO |   Final Adjustment %: 0.00%
2026-03-25 08:05:23 | INFO |   Formula (expanded): SUNSET_CLAMP: GTI=0.000 < 0.02*MAX_GTI=19.120 => raw=0
2026-03-25 08:05:23 | INFO | --- FINAL RESULT ---
2026-03-25 08:05:23 | INFO | Raw Schedule (before smoothing): 0.000 MW
2026-03-25 08:05:23 | INFO | Final Scheduled MW: 0.000 MW
2026-03-25 08:05:23 | INFO | --------------------------------------------------------------------------------
2026-03-25 08:05:23 | INFO | --------------------------------------------------------------------------------
2026-03-25 08:05:23 | INFO | BLOCK 91
2026-03-25 08:05:23 | INFO | --------------------------------------------------------------------------------
2026-03-25 08:05:23 | INFO | --- FORECAST DATA ---
2026-03-25 08:05:23 | INFO | Intraday Forecast (Enercast Raw): 0.000 MW
2026-03-25 08:05:23 | INFO | Intraday Forecast (Enercast, Scaled): 0.000 MW
2026-03-25 08:05:23 | INFO | Day-ahead Forecast (Enercast): 0.000 MW
2026-03-25 08:05:23 | INFO | Base Forecast (raw, before curtailment/shutdown): 0.000 MW
2026-03-25 08:05:23 | INFO | Base Forecast (used for schedule): 0.000 MW
2026-03-25 08:05:23 | INFO | Effective Base Forecast (after curtailment/shutdown): 0.000 MW
2026-03-25 08:05:23 | INFO | Plant Status: NORMAL
2026-03-25 08:05:23 | INFO | Effective Base Forecast = Base Forecast (raw) = 0.000 MW
2026-03-25 08:05:23 | INFO | --- WEATHER PARAMETERS ---
2026-03-25 08:05:23 | INFO | GTI: 0.0 W/m^2
2026-03-25 08:05:23 | INFO | DHI: 0.0 W/m^2
2026-03-25 08:05:23 | INFO | DNI: 0.0 W/m^2
2026-03-25 08:05:23 | INFO | Irradiance Ratio (GTI/MAX_GTI): 0.000
2026-03-25 08:05:23 | INFO | Diffuse Ratio (current): 0.000
2026-03-25 08:05:23 | INFO | Irradiance State: OVERCAST
2026-03-25 08:05:23 | INFO | Temp @ 2m: 29.02 C
2026-03-25 08:05:23 | INFO | Wind @ 10m: 11.12 m/s
2026-03-25 08:05:23 | INFO | Weather State: NORMAL
2026-03-25 08:05:23 | INFO | Dynamic Thresholds: cloud_thr=0.1001, shift_thr=0.1041
2026-03-25 08:05:23 | INFO | Multipliers: irradiance=0.27x, temp=0.92x, wind=0.97x
2026-03-25 08:05:23 | INFO | Weather Multiplier (combined): 0.24x
2026-03-25 08:05:23 | INFO | Abrupt Weather Change Detected: False
2026-03-25 08:05:23 | INFO | --- TREND ANALYSIS ---
2026-03-25 08:05:23 | INFO | Trend series: INSUFFICIENT DATA
2026-03-25 08:05:23 | INFO | Detected Trend Type: FLAT
2026-03-25 08:05:23 | INFO | Trend Slope Percentage: 0.00%
2026-03-25 08:05:23 | INFO | Trend EPS Threshold: 1.50%
2026-03-25 08:05:23 | INFO | --- SCHEDULE CALCULATION ---
2026-03-25 08:05:23 | INFO | Condition Applied: SUNSET_CLAMP
2026-03-25 08:05:23 | INFO | Effective Base Forecast Used for Adjustments: 0.000 MW
2026-03-25 08:05:23 | INFO | Condition-3: NOT APPLIED for this block path
2026-03-25 08:05:23 | INFO |   Final Adjustment %: 0.00%
2026-03-25 08:05:23 | INFO |   Formula (expanded): SUNSET_CLAMP: GTI=0.000 < 0.02*MAX_GTI=19.120 => raw=0
2026-03-25 08:05:23 | INFO | --- FINAL RESULT ---
2026-03-25 08:05:23 | INFO | Raw Schedule (before smoothing): 0.000 MW
2026-03-25 08:05:23 | INFO | Final Scheduled MW: 0.000 MW
2026-03-25 08:05:23 | INFO | --------------------------------------------------------------------------------
2026-03-25 08:05:23 | INFO | --------------------------------------------------------------------------------
2026-03-25 08:05:23 | INFO | BLOCK 92
2026-03-25 08:05:23 | INFO | --------------------------------------------------------------------------------
2026-03-25 08:05:23 | INFO | --- FORECAST DATA ---
2026-03-25 08:05:23 | INFO | Intraday Forecast (Enercast Raw): 0.000 MW
2026-03-25 08:05:23 | INFO | Intraday Forecast (Enercast, Scaled): 0.000 MW
2026-03-25 08:05:23 | INFO | Day-ahead Forecast (Enercast): 0.000 MW
2026-03-25 08:05:23 | INFO | Base Forecast (raw, before curtailment/shutdown): 0.000 MW
2026-03-25 08:05:23 | INFO | Base Forecast (used for schedule): 0.000 MW
2026-03-25 08:05:23 | INFO | Effective Base Forecast (after curtailment/shutdown): 0.000 MW
2026-03-25 08:05:23 | INFO | Plant Status: NORMAL
2026-03-25 08:05:23 | INFO | Effective Base Forecast = Base Forecast (raw) = 0.000 MW
2026-03-25 08:05:23 | INFO | --- WEATHER PARAMETERS ---
2026-03-25 08:05:23 | INFO | GTI: 0.0 W/m^2
2026-03-25 08:05:23 | INFO | DHI: 0.0 W/m^2
2026-03-25 08:05:23 | INFO | DNI: 0.0 W/m^2
2026-03-25 08:05:23 | INFO | Irradiance Ratio (GTI/MAX_GTI): 0.000
2026-03-25 08:05:23 | INFO | Diffuse Ratio (current): 0.000
2026-03-25 08:05:23 | INFO | Irradiance State: OVERCAST
2026-03-25 08:05:23 | INFO | Temp @ 2m: 29.12 C
2026-03-25 08:05:23 | INFO | Wind @ 10m: 10.97 m/s
2026-03-25 08:05:23 | INFO | Weather State: NORMAL
2026-03-25 08:05:23 | INFO | Dynamic Thresholds: cloud_thr=0.1001, shift_thr=0.1041
2026-03-25 08:05:23 | INFO | Multipliers: irradiance=0.27x, temp=0.92x, wind=0.97x
2026-03-25 08:05:23 | INFO | Weather Multiplier (combined): 0.24x
2026-03-25 08:05:23 | INFO | Abrupt Weather Change Detected: False
2026-03-25 08:05:23 | INFO | --- TREND ANALYSIS ---
2026-03-25 08:05:23 | INFO | Trend series: INSUFFICIENT DATA
2026-03-25 08:05:23 | INFO | Detected Trend Type: FLAT
2026-03-25 08:05:23 | INFO | Trend Slope Percentage: 0.00%
2026-03-25 08:05:23 | INFO | Trend EPS Threshold: 1.50%
2026-03-25 08:05:23 | INFO | --- SCHEDULE CALCULATION ---
2026-03-25 08:05:23 | INFO | Condition Applied: SUNSET_CLAMP
2026-03-25 08:05:23 | INFO | Effective Base Forecast Used for Adjustments: 0.000 MW
2026-03-25 08:05:23 | INFO | Condition-3: NOT APPLIED for this block path
2026-03-25 08:05:23 | INFO |   Final Adjustment %: 0.00%
2026-03-25 08:05:23 | INFO |   Formula (expanded): SUNSET_CLAMP: GTI=0.000 < 0.02*MAX_GTI=19.120 => raw=0
2026-03-25 08:05:23 | INFO | --- FINAL RESULT ---
2026-03-25 08:05:23 | INFO | Raw Schedule (before smoothing): 0.000 MW
2026-03-25 08:05:23 | INFO | Final Scheduled MW: 0.000 MW
2026-03-25 08:05:23 | INFO | --------------------------------------------------------------------------------
2026-03-25 08:05:23 | INFO | --------------------------------------------------------------------------------
2026-03-25 08:05:23 | INFO | BLOCK 93
2026-03-25 08:05:23 | INFO | --------------------------------------------------------------------------------
2026-03-25 08:05:23 | INFO | --- FORECAST DATA ---
2026-03-25 08:05:23 | INFO | Intraday Forecast (Enercast Raw): 0.000 MW
2026-03-25 08:05:23 | INFO | Intraday Forecast (Enercast, Scaled): 0.000 MW
2026-03-25 08:05:23 | INFO | Day-ahead Forecast (Enercast): 0.000 MW
2026-03-25 08:05:23 | INFO | Base Forecast (raw, before curtailment/shutdown): 0.000 MW
2026-03-25 08:05:23 | INFO | Base Forecast (used for schedule): 0.000 MW
2026-03-25 08:05:23 | INFO | Effective Base Forecast (after curtailment/shutdown): 0.000 MW
2026-03-25 08:05:23 | INFO | Plant Status: NORMAL
2026-03-25 08:05:23 | INFO | Effective Base Forecast = Base Forecast (raw) = 0.000 MW
2026-03-25 08:05:23 | INFO | --- WEATHER PARAMETERS ---
2026-03-25 08:05:23 | INFO | GTI: 0.0 W/m^2
2026-03-25 08:05:23 | INFO | DHI: 0.0 W/m^2
2026-03-25 08:05:23 | INFO | DNI: 0.0 W/m^2
2026-03-25 08:05:23 | INFO | Irradiance Ratio (GTI/MAX_GTI): 0.000
2026-03-25 08:05:23 | INFO | Diffuse Ratio (current): 0.000
2026-03-25 08:05:23 | INFO | Irradiance State: OVERCAST
2026-03-25 08:05:23 | INFO | Temp @ 2m: 29.27 C
2026-03-25 08:05:23 | INFO | Wind @ 10m: 10.70 m/s
2026-03-25 08:05:23 | INFO | Weather State: NORMAL
2026-03-25 08:05:23 | INFO | Dynamic Thresholds: cloud_thr=0.1001, shift_thr=0.1041
2026-03-25 08:05:23 | INFO | Multipliers: irradiance=0.27x, temp=0.92x, wind=0.97x
2026-03-25 08:05:23 | INFO | Weather Multiplier (combined): 0.24x
2026-03-25 08:05:23 | INFO | Abrupt Weather Change Detected: False
2026-03-25 08:05:23 | INFO | --- TREND ANALYSIS ---
2026-03-25 08:05:23 | INFO | Trend series: INSUFFICIENT DATA
2026-03-25 08:05:23 | INFO | Detected Trend Type: FLAT
2026-03-25 08:05:23 | INFO | Trend Slope Percentage: 0.00%
2026-03-25 08:05:23 | INFO | Trend EPS Threshold: 1.50%
2026-03-25 08:05:23 | INFO | --- SCHEDULE CALCULATION ---
2026-03-25 08:05:23 | INFO | Condition Applied: SUNSET_CLAMP
2026-03-25 08:05:23 | INFO | Effective Base Forecast Used for Adjustments: 0.000 MW
2026-03-25 08:05:23 | INFO | Condition-3: NOT APPLIED for this block path
2026-03-25 08:05:23 | INFO |   Final Adjustment %: 0.00%
2026-03-25 08:05:23 | INFO |   Formula (expanded): SUNSET_CLAMP: GTI=0.000 < 0.02*MAX_GTI=19.120 => raw=0
2026-03-25 08:05:23 | INFO | --- FINAL RESULT ---
2026-03-25 08:05:23 | INFO | Raw Schedule (before smoothing): 0.000 MW
2026-03-25 08:05:23 | INFO | Final Scheduled MW: 0.000 MW
2026-03-25 08:05:23 | INFO | --------------------------------------------------------------------------------
2026-03-25 08:05:23 | INFO | --------------------------------------------------------------------------------
2026-03-25 08:05:23 | INFO | BLOCK 94
2026-03-25 08:05:23 | INFO | --------------------------------------------------------------------------------
2026-03-25 08:05:23 | INFO | --- FORECAST DATA ---
2026-03-25 08:05:23 | INFO | Intraday Forecast (Enercast Raw): 0.000 MW
2026-03-25 08:05:23 | INFO | Intraday Forecast (Enercast, Scaled): 0.000 MW
2026-03-25 08:05:23 | INFO | Day-ahead Forecast (Enercast): 0.000 MW
2026-03-25 08:05:23 | INFO | Base Forecast (raw, before curtailment/shutdown): 0.000 MW
2026-03-25 08:05:23 | INFO | Base Forecast (used for schedule): 0.000 MW
2026-03-25 08:05:23 | INFO | Effective Base Forecast (after curtailment/shutdown): 0.000 MW
2026-03-25 08:05:23 | INFO | Plant Status: NORMAL
2026-03-25 08:05:23 | INFO | Effective Base Forecast = Base Forecast (raw) = 0.000 MW
2026-03-25 08:05:23 | INFO | --- WEATHER PARAMETERS ---
2026-03-25 08:05:23 | INFO | GTI: 0.0 W/m^2
2026-03-25 08:05:23 | INFO | DHI: 0.0 W/m^2
2026-03-25 08:05:23 | INFO | DNI: 0.0 W/m^2
2026-03-25 08:05:23 | INFO | Irradiance Ratio (GTI/MAX_GTI): 0.000
2026-03-25 08:05:23 | INFO | Diffuse Ratio (current): 0.000
2026-03-25 08:05:23 | INFO | Irradiance State: OVERCAST
2026-03-25 08:05:23 | INFO | Temp @ 2m: 29.42 C
2026-03-25 08:05:23 | INFO | Wind @ 10m: 10.31 m/s
2026-03-25 08:05:23 | INFO | Weather State: NORMAL
2026-03-25 08:05:23 | INFO | Dynamic Thresholds: cloud_thr=0.1001, shift_thr=0.1041
2026-03-25 08:05:23 | INFO | Multipliers: irradiance=0.27x, temp=0.92x, wind=0.97x
2026-03-25 08:05:23 | INFO | Weather Multiplier (combined): 0.24x
2026-03-25 08:05:23 | INFO | Abrupt Weather Change Detected: False
2026-03-25 08:05:23 | INFO | --- TREND ANALYSIS ---
2026-03-25 08:05:23 | INFO | Trend series: INSUFFICIENT DATA
2026-03-25 08:05:23 | INFO | Detected Trend Type: FLAT
2026-03-25 08:05:23 | INFO | Trend Slope Percentage: 0.00%
2026-03-25 08:05:23 | INFO | Trend EPS Threshold: 1.50%
2026-03-25 08:05:23 | INFO | --- SCHEDULE CALCULATION ---
2026-03-25 08:05:23 | INFO | Condition Applied: SUNSET_CLAMP
2026-03-25 08:05:23 | INFO | Effective Base Forecast Used for Adjustments: 0.000 MW
2026-03-25 08:05:23 | INFO | Condition-3: NOT APPLIED for this block path
2026-03-25 08:05:23 | INFO |   Final Adjustment %: 0.00%
2026-03-25 08:05:23 | INFO |   Formula (expanded): SUNSET_CLAMP: GTI=0.000 < 0.02*MAX_GTI=19.120 => raw=0
2026-03-25 08:05:23 | INFO | --- FINAL RESULT ---
2026-03-25 08:05:23 | INFO | Raw Schedule (before smoothing): 0.000 MW
2026-03-25 08:05:23 | INFO | Final Scheduled MW: 0.000 MW
2026-03-25 08:05:23 | INFO | --------------------------------------------------------------------------------
2026-03-25 08:05:23 | INFO | --------------------------------------------------------------------------------
2026-03-25 08:05:23 | INFO | BLOCK 95
2026-03-25 08:05:23 | INFO | --------------------------------------------------------------------------------
2026-03-25 08:05:23 | INFO | --- FORECAST DATA ---
2026-03-25 08:05:23 | INFO | Intraday Forecast (Enercast Raw): 0.000 MW
2026-03-25 08:05:23 | INFO | Intraday Forecast (Enercast, Scaled): 0.000 MW
2026-03-25 08:05:23 | INFO | Day-ahead Forecast (Enercast): 0.000 MW
2026-03-25 08:05:23 | INFO | Base Forecast (raw, before curtailment/shutdown): 0.000 MW
2026-03-25 08:05:23 | INFO | Base Forecast (used for schedule): 0.000 MW
2026-03-25 08:05:23 | INFO | Effective Base Forecast (after curtailment/shutdown): 0.000 MW
2026-03-25 08:05:23 | INFO | Plant Status: NORMAL
2026-03-25 08:05:23 | INFO | Effective Base Forecast = Base Forecast (raw) = 0.000 MW
2026-03-25 08:05:23 | INFO | --- WEATHER PARAMETERS ---
2026-03-25 08:05:23 | INFO | GTI: 0.0 W/m^2
2026-03-25 08:05:23 | INFO | DHI: 0.0 W/m^2
2026-03-25 08:05:23 | INFO | DNI: 0.0 W/m^2
2026-03-25 08:05:23 | INFO | Irradiance Ratio (GTI/MAX_GTI): 0.000
2026-03-25 08:05:23 | INFO | Diffuse Ratio (current): 0.000
2026-03-25 08:05:23 | INFO | Irradiance State: OVERCAST
2026-03-25 08:05:23 | INFO | Temp @ 2m: 29.42 C
2026-03-25 08:05:23 | INFO | Wind @ 10m: 10.14 m/s
2026-03-25 08:05:23 | INFO | Weather State: NORMAL
2026-03-25 08:05:23 | INFO | Dynamic Thresholds: cloud_thr=0.1001, shift_thr=0.1041
2026-03-25 08:05:23 | INFO | Multipliers: irradiance=0.27x, temp=0.92x, wind=0.97x
2026-03-25 08:05:23 | INFO | Weather Multiplier (combined): 0.24x
2026-03-25 08:05:23 | INFO | Abrupt Weather Change Detected: False
2026-03-25 08:05:23 | INFO | --- TREND ANALYSIS ---
2026-03-25 08:05:23 | INFO | Trend series: INSUFFICIENT DATA
2026-03-25 08:05:23 | INFO | Detected Trend Type: FLAT
2026-03-25 08:05:23 | INFO | Trend Slope Percentage: 0.00%
2026-03-25 08:05:23 | INFO | Trend EPS Threshold: 1.50%
2026-03-25 08:05:23 | INFO | --- SCHEDULE CALCULATION ---
2026-03-25 08:05:23 | INFO | Condition Applied: SUNSET_CLAMP
2026-03-25 08:05:23 | INFO | Effective Base Forecast Used for Adjustments: 0.000 MW
2026-03-25 08:05:23 | INFO | Condition-3: NOT APPLIED for this block path
2026-03-25 08:05:23 | INFO |   Final Adjustment %: 0.00%
2026-03-25 08:05:23 | INFO |   Formula (expanded): SUNSET_CLAMP: GTI=0.000 < 0.02*MAX_GTI=19.120 => raw=0
2026-03-25 08:05:23 | INFO | --- FINAL RESULT ---
2026-03-25 08:05:23 | INFO | Raw Schedule (before smoothing): 0.000 MW
2026-03-25 08:05:23 | INFO | Final Scheduled MW: 0.000 MW
2026-03-25 08:05:23 | INFO | --------------------------------------------------------------------------------
2026-03-25 08:05:23 | INFO | --------------------------------------------------------------------------------
2026-03-25 08:05:23 | INFO | BLOCK 96
2026-03-25 08:05:23 | INFO | --------------------------------------------------------------------------------
2026-03-25 08:05:23 | INFO | --- FORECAST DATA ---
2026-03-25 08:05:23 | INFO | Intraday Forecast (Enercast Raw): 0.000 MW
2026-03-25 08:05:23 | INFO | Intraday Forecast (Enercast, Scaled): 0.000 MW
2026-03-25 08:05:23 | INFO | Day-ahead Forecast (Enercast): 0.000 MW
2026-03-25 08:05:23 | INFO | Base Forecast (raw, before curtailment/shutdown): 0.000 MW
2026-03-25 08:05:23 | INFO | Base Forecast (used for schedule): 0.000 MW
2026-03-25 08:05:23 | INFO | Effective Base Forecast (after curtailment/shutdown): 0.000 MW
2026-03-25 08:05:23 | INFO | Plant Status: NORMAL
2026-03-25 08:05:23 | INFO | Effective Base Forecast = Base Forecast (raw) = 0.000 MW
2026-03-25 08:05:23 | INFO | --- WEATHER PARAMETERS ---
2026-03-25 08:05:23 | INFO | GTI: 0.0 W/m^2
2026-03-25 08:05:23 | INFO | DHI: 0.0 W/m^2
2026-03-25 08:05:23 | INFO | DNI: 0.0 W/m^2
2026-03-25 08:05:23 | INFO | Irradiance Ratio (GTI/MAX_GTI): 0.000
2026-03-25 08:05:23 | INFO | Diffuse Ratio (current): 0.000
2026-03-25 08:05:23 | INFO | Irradiance State: OVERCAST
2026-03-25 08:05:23 | INFO | Temp @ 2m: 29.17 C
2026-03-25 08:05:23 | INFO | Wind @ 10m: 9.73 m/s
2026-03-25 08:05:23 | INFO | Weather State: NORMAL
2026-03-25 08:05:23 | INFO | Dynamic Thresholds: cloud_thr=0.1001, shift_thr=0.1041
2026-03-25 08:05:23 | INFO | Multipliers: irradiance=0.27x, temp=0.92x, wind=0.97x
2026-03-25 08:05:23 | INFO | Weather Multiplier (combined): 0.24x
2026-03-25 08:05:23 | INFO | Abrupt Weather Change Detected: False
2026-03-25 08:05:23 | INFO | --- TREND ANALYSIS ---
2026-03-25 08:05:23 | INFO | Trend series: INSUFFICIENT DATA
2026-03-25 08:05:23 | INFO | Detected Trend Type: FLAT
2026-03-25 08:05:23 | INFO | Trend Slope Percentage: 0.00%
2026-03-25 08:05:23 | INFO | Trend EPS Threshold: 1.50%
2026-03-25 08:05:23 | INFO | --- SCHEDULE CALCULATION ---
2026-03-25 08:05:23 | INFO | Condition Applied: SUNSET_CLAMP
2026-03-25 08:05:23 | INFO | Effective Base Forecast Used for Adjustments: 0.000 MW
2026-03-25 08:05:23 | INFO | Condition-3: NOT APPLIED for this block path
2026-03-25 08:05:23 | INFO |   Final Adjustment %: 0.00%
2026-03-25 08:05:23 | INFO |   Formula (expanded): SUNSET_CLAMP: GTI=0.000 < 0.02*MAX_GTI=19.120 => raw=0
2026-03-25 08:05:23 | INFO | --- FINAL RESULT ---
2026-03-25 08:05:23 | INFO | Raw Schedule (before smoothing): 0.000 MW
2026-03-25 08:05:23 | INFO | Final Scheduled MW: 0.000 MW
2026-03-25 08:05:23 | INFO | --------------------------------------------------------------------------------
