2026-03-13 08:50:20 | INFO | ================================================================================
2026-03-13 08:50:20 | INFO | SCHEDULE FILE: schedule_from_36.csv
2026-03-13 08:50:20 | INFO | DATE: 2026-03-13
2026-03-13 08:50:20 | INFO | ENGINE BLOCK (Start Block): 36
2026-03-13 08:50:20 | INFO | DYNAMIC START BLOCK: 31
2026-03-13 08:50:20 | INFO | SCHEDULE REASON: abrupt_weather
2026-03-13 08:50:20 | INFO | METERED PAIR USED (engine_block-2, engine_block-1): 1.416 MW, 1.736 MW
2026-03-13 08:50:20 | INFO | Generated: 2026-03-13 08:50:20
2026-03-13 08:50:20 | INFO | ================================================================================
2026-03-13 08:50:20 | INFO | BLOCK-WISE WEATHER STATE OVERVIEW
2026-03-13 08:50:20 | INFO | Block | Weather State
2026-03-13 08:50:20 | INFO | 36    | ABRUPT
2026-03-13 08:50:20 | INFO | 37    | ABRUPT
2026-03-13 08:50:20 | INFO | 38    | NORMAL
2026-03-13 08:50:20 | INFO | 39    | NORMAL
2026-03-13 08:50:20 | INFO | 40    | NORMAL
2026-03-13 08:50:20 | INFO | 41    | NORMAL
2026-03-13 08:50:20 | INFO | 42    | NORMAL
2026-03-13 08:50:20 | INFO | 43    | NORMAL
2026-03-13 08:50:20 | INFO | 44    | NORMAL
2026-03-13 08:50:20 | INFO | 45    | NORMAL
2026-03-13 08:50:20 | INFO | 46    | NORMAL
2026-03-13 08:50:20 | INFO | 47    | NORMAL
2026-03-13 08:50:20 | INFO | 48    | NORMAL
2026-03-13 08:50:20 | INFO | 49    | NORMAL
2026-03-13 08:50:20 | INFO | 50    | NORMAL
2026-03-13 08:50:20 | INFO | 51    | NORMAL
2026-03-13 08:50:20 | INFO | 52    | NORMAL
2026-03-13 08:50:20 | INFO | 53    | NORMAL
2026-03-13 08:50:20 | INFO | 54    | NORMAL
2026-03-13 08:50:20 | INFO | 55    | NORMAL
2026-03-13 08:50:20 | INFO | 56    | NORMAL
2026-03-13 08:50:20 | INFO | 57    | NORMAL
2026-03-13 08:50:20 | INFO | 58    | NORMAL
2026-03-13 08:50:20 | INFO | 59    | NORMAL
2026-03-13 08:50:20 | INFO | 60    | NORMAL
2026-03-13 08:50:20 | INFO | 61    | NORMAL
2026-03-13 08:50:20 | INFO | 62    | NORMAL
2026-03-13 08:50:20 | INFO | 63    | NORMAL
2026-03-13 08:50:20 | INFO | 64    | NORMAL
2026-03-13 08:50:20 | INFO | 65    | NORMAL
2026-03-13 08:50:20 | INFO | 66    | NORMAL
2026-03-13 08:50:20 | INFO | 67    | NORMAL
2026-03-13 08:50:20 | INFO | 68    | NORMAL
2026-03-13 08:50:20 | INFO | 69    | NORMAL
2026-03-13 08:50:20 | INFO | 70    | NORMAL
2026-03-13 08:50:20 | INFO | 71    | NORMAL
2026-03-13 08:50:20 | INFO | 72    | NORMAL
2026-03-13 08:50:20 | INFO | 73    | NORMAL
2026-03-13 08:50:20 | INFO | 74    | NORMAL
2026-03-13 08:50:20 | INFO | 75    | NORMAL
2026-03-13 08:50:20 | INFO | 76    | NORMAL
2026-03-13 08:50:20 | INFO | 77    | NORMAL
2026-03-13 08:50:20 | INFO | 78    | NORMAL
2026-03-13 08:50:20 | INFO | 79    | NORMAL
2026-03-13 08:50:20 | INFO | 80    | NORMAL
2026-03-13 08:50:20 | INFO | 81    | NORMAL
2026-03-13 08:50:20 | INFO | 82    | NORMAL
2026-03-13 08:50:20 | INFO | 83    | NORMAL
2026-03-13 08:50:20 | INFO | 84    | NORMAL
2026-03-13 08:50:20 | INFO | 85    | NORMAL
2026-03-13 08:50:20 | INFO | 86    | NORMAL
2026-03-13 08:50:20 | INFO | 87    | NORMAL
2026-03-13 08:50:20 | INFO | 88    | NORMAL
2026-03-13 08:50:20 | INFO | 89    | NORMAL
2026-03-13 08:50:20 | INFO | 90    | NORMAL
2026-03-13 08:50:20 | INFO | 91    | NORMAL
2026-03-13 08:50:20 | INFO | 92    | NORMAL
2026-03-13 08:50:20 | INFO | 93    | NORMAL
2026-03-13 08:50:20 | INFO | 94    | NORMAL
2026-03-13 08:50:20 | INFO | 95    | NORMAL
2026-03-13 08:50:20 | INFO | 96    | NORMAL
2026-03-13 08:50:20 | INFO | --------------------------------------------------------------------------------
2026-03-13 08:50:20 | INFO | ITERATION FORECAST CONTEXT | reason=abrupt_weather | meter_ref=1.5761 | intraday_T=2.2800
2026-03-13 08:50:20 | INFO | --------------------------------------------------------------------------------
2026-03-13 08:50:20 | INFO | BLOCK 01
2026-03-13 08:50:20 | INFO | --------------------------------------------------------------------------------
2026-03-13 08:50:20 | INFO | STATUS: FROZEN (Value from previous schedule)
2026-03-13 08:50:20 | INFO | FROZEN ALGO SCHEDULE: 0.000 MW
2026-03-13 08:50:20 | INFO | --------------------------------------------------------------------------------
2026-03-13 08:50:20 | INFO | --------------------------------------------------------------------------------
2026-03-13 08:50:20 | INFO | BLOCK 02
2026-03-13 08:50:20 | INFO | --------------------------------------------------------------------------------
2026-03-13 08:50:20 | INFO | STATUS: FROZEN (Value from previous schedule)
2026-03-13 08:50:20 | INFO | FROZEN ALGO SCHEDULE: 0.000 MW
2026-03-13 08:50:20 | INFO | --------------------------------------------------------------------------------
2026-03-13 08:50:20 | INFO | --------------------------------------------------------------------------------
2026-03-13 08:50:20 | INFO | BLOCK 03
2026-03-13 08:50:20 | INFO | --------------------------------------------------------------------------------
2026-03-13 08:50:20 | INFO | STATUS: FROZEN (Value from previous schedule)
2026-03-13 08:50:20 | INFO | FROZEN ALGO SCHEDULE: 0.000 MW
2026-03-13 08:50:20 | INFO | --------------------------------------------------------------------------------
2026-03-13 08:50:20 | INFO | --------------------------------------------------------------------------------
2026-03-13 08:50:20 | INFO | BLOCK 04
2026-03-13 08:50:20 | INFO | --------------------------------------------------------------------------------
2026-03-13 08:50:20 | INFO | STATUS: FROZEN (Value from previous schedule)
2026-03-13 08:50:20 | INFO | FROZEN ALGO SCHEDULE: 0.000 MW
2026-03-13 08:50:20 | INFO | --------------------------------------------------------------------------------
2026-03-13 08:50:20 | INFO | --------------------------------------------------------------------------------
2026-03-13 08:50:20 | INFO | BLOCK 05
2026-03-13 08:50:20 | INFO | --------------------------------------------------------------------------------
2026-03-13 08:50:20 | INFO | STATUS: FROZEN (Value from previous schedule)
2026-03-13 08:50:20 | INFO | FROZEN ALGO SCHEDULE: 0.000 MW
2026-03-13 08:50:20 | INFO | --------------------------------------------------------------------------------
2026-03-13 08:50:20 | INFO | --------------------------------------------------------------------------------
2026-03-13 08:50:20 | INFO | BLOCK 06
2026-03-13 08:50:20 | INFO | --------------------------------------------------------------------------------
2026-03-13 08:50:20 | INFO | STATUS: FROZEN (Value from previous schedule)
2026-03-13 08:50:20 | INFO | FROZEN ALGO SCHEDULE: 0.000 MW
2026-03-13 08:50:20 | INFO | --------------------------------------------------------------------------------
2026-03-13 08:50:20 | INFO | --------------------------------------------------------------------------------
2026-03-13 08:50:20 | INFO | BLOCK 07
2026-03-13 08:50:20 | INFO | --------------------------------------------------------------------------------
2026-03-13 08:50:20 | INFO | STATUS: FROZEN (Value from previous schedule)
2026-03-13 08:50:20 | INFO | FROZEN ALGO SCHEDULE: 0.000 MW
2026-03-13 08:50:20 | INFO | --------------------------------------------------------------------------------
2026-03-13 08:50:20 | INFO | --------------------------------------------------------------------------------
2026-03-13 08:50:20 | INFO | BLOCK 08
2026-03-13 08:50:20 | INFO | --------------------------------------------------------------------------------
2026-03-13 08:50:20 | INFO | STATUS: FROZEN (Value from previous schedule)
2026-03-13 08:50:20 | INFO | FROZEN ALGO SCHEDULE: 0.000 MW
2026-03-13 08:50:20 | INFO | --------------------------------------------------------------------------------
2026-03-13 08:50:20 | INFO | --------------------------------------------------------------------------------
2026-03-13 08:50:20 | INFO | BLOCK 09
2026-03-13 08:50:20 | INFO | --------------------------------------------------------------------------------
2026-03-13 08:50:20 | INFO | STATUS: FROZEN (Value from previous schedule)
2026-03-13 08:50:20 | INFO | FROZEN ALGO SCHEDULE: 0.000 MW
2026-03-13 08:50:20 | INFO | --------------------------------------------------------------------------------
2026-03-13 08:50:20 | INFO | --------------------------------------------------------------------------------
2026-03-13 08:50:20 | INFO | BLOCK 10
2026-03-13 08:50:20 | INFO | --------------------------------------------------------------------------------
2026-03-13 08:50:20 | INFO | STATUS: FROZEN (Value from previous schedule)
2026-03-13 08:50:20 | INFO | FROZEN ALGO SCHEDULE: 0.000 MW
2026-03-13 08:50:20 | INFO | --------------------------------------------------------------------------------
2026-03-13 08:50:20 | INFO | --------------------------------------------------------------------------------
2026-03-13 08:50:20 | INFO | BLOCK 11
2026-03-13 08:50:20 | INFO | --------------------------------------------------------------------------------
2026-03-13 08:50:20 | INFO | STATUS: FROZEN (Value from previous schedule)
2026-03-13 08:50:20 | INFO | FROZEN ALGO SCHEDULE: 0.000 MW
2026-03-13 08:50:20 | INFO | --------------------------------------------------------------------------------
2026-03-13 08:50:20 | INFO | --------------------------------------------------------------------------------
2026-03-13 08:50:20 | INFO | BLOCK 12
2026-03-13 08:50:20 | INFO | --------------------------------------------------------------------------------
2026-03-13 08:50:20 | INFO | STATUS: FROZEN (Value from previous schedule)
2026-03-13 08:50:20 | INFO | FROZEN ALGO SCHEDULE: 0.000 MW
2026-03-13 08:50:20 | INFO | --------------------------------------------------------------------------------
2026-03-13 08:50:20 | INFO | --------------------------------------------------------------------------------
2026-03-13 08:50:20 | INFO | BLOCK 13
2026-03-13 08:50:20 | INFO | --------------------------------------------------------------------------------
2026-03-13 08:50:20 | INFO | STATUS: FROZEN (Value from previous schedule)
2026-03-13 08:50:20 | INFO | FROZEN ALGO SCHEDULE: 0.000 MW
2026-03-13 08:50:20 | INFO | --------------------------------------------------------------------------------
2026-03-13 08:50:20 | INFO | --------------------------------------------------------------------------------
2026-03-13 08:50:20 | INFO | BLOCK 14
2026-03-13 08:50:20 | INFO | --------------------------------------------------------------------------------
2026-03-13 08:50:20 | INFO | STATUS: FROZEN (Value from previous schedule)
2026-03-13 08:50:20 | INFO | FROZEN ALGO SCHEDULE: 0.000 MW
2026-03-13 08:50:20 | INFO | --------------------------------------------------------------------------------
2026-03-13 08:50:20 | INFO | --------------------------------------------------------------------------------
2026-03-13 08:50:20 | INFO | BLOCK 15
2026-03-13 08:50:20 | INFO | --------------------------------------------------------------------------------
2026-03-13 08:50:20 | INFO | STATUS: FROZEN (Value from previous schedule)
2026-03-13 08:50:20 | INFO | FROZEN ALGO SCHEDULE: 0.000 MW
2026-03-13 08:50:20 | INFO | --------------------------------------------------------------------------------
2026-03-13 08:50:20 | INFO | --------------------------------------------------------------------------------
2026-03-13 08:50:20 | INFO | BLOCK 16
2026-03-13 08:50:20 | INFO | --------------------------------------------------------------------------------
2026-03-13 08:50:20 | INFO | STATUS: FROZEN (Value from previous schedule)
2026-03-13 08:50:20 | INFO | FROZEN ALGO SCHEDULE: 0.000 MW
2026-03-13 08:50:20 | INFO | --------------------------------------------------------------------------------
2026-03-13 08:50:20 | INFO | --------------------------------------------------------------------------------
2026-03-13 08:50:20 | INFO | BLOCK 17
2026-03-13 08:50:20 | INFO | --------------------------------------------------------------------------------
2026-03-13 08:50:20 | INFO | STATUS: FROZEN (Value from previous schedule)
2026-03-13 08:50:20 | INFO | FROZEN ALGO SCHEDULE: 0.000 MW
2026-03-13 08:50:20 | INFO | --------------------------------------------------------------------------------
2026-03-13 08:50:20 | INFO | --------------------------------------------------------------------------------
2026-03-13 08:50:20 | INFO | BLOCK 18
2026-03-13 08:50:20 | INFO | --------------------------------------------------------------------------------
2026-03-13 08:50:20 | INFO | STATUS: FROZEN (Value from previous schedule)
2026-03-13 08:50:20 | INFO | FROZEN ALGO SCHEDULE: 0.000 MW
2026-03-13 08:50:20 | INFO | --------------------------------------------------------------------------------
2026-03-13 08:50:20 | INFO | --------------------------------------------------------------------------------
2026-03-13 08:50:20 | INFO | BLOCK 19
2026-03-13 08:50:20 | INFO | --------------------------------------------------------------------------------
2026-03-13 08:50:20 | INFO | STATUS: FROZEN (Value from previous schedule)
2026-03-13 08:50:20 | INFO | FROZEN ALGO SCHEDULE: 0.000 MW
2026-03-13 08:50:20 | INFO | --------------------------------------------------------------------------------
2026-03-13 08:50:20 | INFO | --------------------------------------------------------------------------------
2026-03-13 08:50:20 | INFO | BLOCK 20
2026-03-13 08:50:20 | INFO | --------------------------------------------------------------------------------
2026-03-13 08:50:20 | INFO | STATUS: FROZEN (Value from previous schedule)
2026-03-13 08:50:20 | INFO | FROZEN ALGO SCHEDULE: 0.000 MW
2026-03-13 08:50:20 | INFO | --------------------------------------------------------------------------------
2026-03-13 08:50:20 | INFO | --------------------------------------------------------------------------------
2026-03-13 08:50:20 | INFO | BLOCK 21
2026-03-13 08:50:20 | INFO | --------------------------------------------------------------------------------
2026-03-13 08:50:20 | INFO | STATUS: FROZEN (Value from previous schedule)
2026-03-13 08:50:20 | INFO | FROZEN ALGO SCHEDULE: 0.000 MW
2026-03-13 08:50:20 | INFO | --------------------------------------------------------------------------------
2026-03-13 08:50:20 | INFO | --------------------------------------------------------------------------------
2026-03-13 08:50:20 | INFO | BLOCK 22
2026-03-13 08:50:20 | INFO | --------------------------------------------------------------------------------
2026-03-13 08:50:20 | INFO | STATUS: FROZEN (Value from previous schedule)
2026-03-13 08:50:20 | INFO | FROZEN ALGO SCHEDULE: 0.000 MW
2026-03-13 08:50:20 | INFO | --------------------------------------------------------------------------------
2026-03-13 08:50:20 | INFO | --------------------------------------------------------------------------------
2026-03-13 08:50:20 | INFO | BLOCK 23
2026-03-13 08:50:20 | INFO | --------------------------------------------------------------------------------
2026-03-13 08:50:20 | INFO | STATUS: FROZEN (Value from previous schedule)
2026-03-13 08:50:20 | INFO | FROZEN ALGO SCHEDULE: 0.000 MW
2026-03-13 08:50:20 | INFO | --------------------------------------------------------------------------------
2026-03-13 08:50:20 | INFO | --------------------------------------------------------------------------------
2026-03-13 08:50:20 | INFO | BLOCK 24
2026-03-13 08:50:20 | INFO | --------------------------------------------------------------------------------
2026-03-13 08:50:20 | INFO | STATUS: FROZEN (Value from previous schedule)
2026-03-13 08:50:20 | INFO | FROZEN ALGO SCHEDULE: 0.000 MW
2026-03-13 08:50:20 | INFO | --------------------------------------------------------------------------------
2026-03-13 08:50:20 | INFO | --------------------------------------------------------------------------------
2026-03-13 08:50:20 | INFO | BLOCK 25
2026-03-13 08:50:20 | INFO | --------------------------------------------------------------------------------
2026-03-13 08:50:20 | INFO | STATUS: FROZEN (Value from previous schedule)
2026-03-13 08:50:20 | INFO | FROZEN ALGO SCHEDULE: 0.000 MW
2026-03-13 08:50:20 | INFO | --------------------------------------------------------------------------------
2026-03-13 08:50:20 | INFO | --------------------------------------------------------------------------------
2026-03-13 08:50:20 | INFO | BLOCK 26
2026-03-13 08:50:20 | INFO | --------------------------------------------------------------------------------
2026-03-13 08:50:20 | INFO | STATUS: FROZEN (Value from previous schedule)
2026-03-13 08:50:20 | INFO | FROZEN ALGO SCHEDULE: 0.000 MW
2026-03-13 08:50:20 | INFO | --------------------------------------------------------------------------------
2026-03-13 08:50:20 | INFO | --------------------------------------------------------------------------------
2026-03-13 08:50:20 | INFO | BLOCK 27
2026-03-13 08:50:20 | INFO | --------------------------------------------------------------------------------
2026-03-13 08:50:20 | INFO | STATUS: FROZEN (Value from previous schedule)
2026-03-13 08:50:20 | INFO | FROZEN ALGO SCHEDULE: 0.000 MW
2026-03-13 08:50:20 | INFO | --------------------------------------------------------------------------------
2026-03-13 08:50:20 | INFO | --------------------------------------------------------------------------------
2026-03-13 08:50:20 | INFO | BLOCK 28
2026-03-13 08:50:20 | INFO | --------------------------------------------------------------------------------
2026-03-13 08:50:20 | INFO | STATUS: FROZEN (Value from previous schedule)
2026-03-13 08:50:20 | INFO | FROZEN ALGO SCHEDULE: 0.000 MW
2026-03-13 08:50:20 | INFO | --------------------------------------------------------------------------------
2026-03-13 08:50:20 | INFO | --------------------------------------------------------------------------------
2026-03-13 08:50:20 | INFO | BLOCK 29
2026-03-13 08:50:20 | INFO | --------------------------------------------------------------------------------
2026-03-13 08:50:20 | INFO | STATUS: FROZEN (Value from previous schedule)
2026-03-13 08:50:20 | INFO | FROZEN ALGO SCHEDULE: 0.000 MW
2026-03-13 08:50:20 | INFO | --------------------------------------------------------------------------------
2026-03-13 08:50:20 | INFO | --------------------------------------------------------------------------------
2026-03-13 08:50:20 | INFO | BLOCK 30
2026-03-13 08:50:20 | INFO | --------------------------------------------------------------------------------
2026-03-13 08:50:20 | INFO | STATUS: FROZEN (Value from previous schedule)
2026-03-13 08:50:20 | INFO | FROZEN ALGO SCHEDULE: 0.000 MW
2026-03-13 08:50:20 | INFO | --------------------------------------------------------------------------------
2026-03-13 08:50:20 | INFO | --------------------------------------------------------------------------------
2026-03-13 08:50:20 | INFO | BLOCK 31
2026-03-13 08:50:20 | INFO | --------------------------------------------------------------------------------
2026-03-13 08:50:20 | INFO | STATUS: FROZEN (Value from previous schedule)
2026-03-13 08:50:20 | INFO | FROZEN ALGO SCHEDULE: 0.684 MW
2026-03-13 08:50:20 | INFO | --------------------------------------------------------------------------------
2026-03-13 08:50:20 | INFO | --------------------------------------------------------------------------------
2026-03-13 08:50:20 | INFO | BLOCK 32
2026-03-13 08:50:20 | INFO | --------------------------------------------------------------------------------
2026-03-13 08:50:20 | INFO | STATUS: FROZEN (Value from previous schedule)
2026-03-13 08:50:20 | INFO | FROZEN ALGO SCHEDULE: 0.918 MW
2026-03-13 08:50:20 | INFO | --------------------------------------------------------------------------------
2026-03-13 08:50:20 | INFO | --------------------------------------------------------------------------------
2026-03-13 08:50:20 | INFO | BLOCK 33
2026-03-13 08:50:20 | INFO | --------------------------------------------------------------------------------
2026-03-13 08:50:20 | INFO | STATUS: FROZEN (Value from previous schedule)
2026-03-13 08:50:20 | INFO | FROZEN ALGO SCHEDULE: 1.312 MW
2026-03-13 08:50:20 | INFO | --------------------------------------------------------------------------------
2026-03-13 08:50:20 | INFO | --------------------------------------------------------------------------------
2026-03-13 08:50:20 | INFO | BLOCK 34
2026-03-13 08:50:20 | INFO | --------------------------------------------------------------------------------
2026-03-13 08:50:20 | INFO | STATUS: FROZEN (Value from previous schedule)
2026-03-13 08:50:20 | INFO | FROZEN ALGO SCHEDULE: 1.572 MW
2026-03-13 08:50:20 | INFO | --------------------------------------------------------------------------------
2026-03-13 08:50:20 | INFO | --------------------------------------------------------------------------------
2026-03-13 08:50:20 | INFO | BLOCK 35
2026-03-13 08:50:20 | INFO | --------------------------------------------------------------------------------
2026-03-13 08:50:20 | INFO | STATUS: FROZEN (Value from previous schedule)
2026-03-13 08:50:20 | INFO | FROZEN ALGO SCHEDULE: 1.810 MW
2026-03-13 08:50:20 | INFO | --------------------------------------------------------------------------------
2026-03-13 08:50:20 | INFO | --------------------------------------------------------------------------------
2026-03-13 08:50:20 | INFO | BLOCK 36
2026-03-13 08:50:20 | INFO | --------------------------------------------------------------------------------
2026-03-13 08:50:20 | INFO | --- METERED DATA ---
2026-03-13 08:50:20 | INFO | Metered Value (actual): 2.038 MW
2026-03-13 08:50:20 | INFO | Last Two Metered Values (for trend): ['1.416', '1.736']
2026-03-13 08:50:20 | INFO | --- FORECAST DATA ---
2026-03-13 08:50:20 | INFO | Intraday Forecast (Enercast): 2.280 MW
2026-03-13 08:50:20 | INFO | Day-ahead Forecast (Enercast): 2.180 MW
2026-03-13 08:50:20 | INFO | Base Forecast (raw, before curtailment/shutdown): 2.275 MW
2026-03-13 08:50:20 | INFO | Base Forecast (used for schedule): 2.275 MW
2026-03-13 08:50:20 | INFO | Effective Base Forecast (after curtailment/shutdown): 2.275 MW
2026-03-13 08:50:20 | INFO | Base Blend Inputs: meter_ref=2.038 MW, meter_factor=1.000, meter_weight=0.020
2026-03-13 08:50:20 | INFO | Plant Status: NORMAL
2026-03-13 08:50:20 | INFO | Effective Base Forecast = Base Forecast (raw) = 2.275 MW
2026-03-13 08:50:20 | INFO | --- WEATHER PARAMETERS ---
2026-03-13 08:50:20 | INFO | GTI: 349.0 W/m^2
2026-03-13 08:50:20 | INFO | DHI: 138.0 W/m^2
2026-03-13 08:50:20 | INFO | DNI: 0.0 W/m^2
2026-03-13 08:50:20 | INFO | Irradiance Ratio (GTI/MAX_GTI): 0.368
2026-03-13 08:50:20 | INFO | Diffuse Ratio (current): 0.395
2026-03-13 08:50:20 | INFO | Irradiance State: CLOUD_TRANSIENT
2026-03-13 08:50:20 | INFO | Temp @ 2m: 26.56 C
2026-03-13 08:50:20 | INFO | Wind @ 10m: 6.38 m/s
2026-03-13 08:50:20 | INFO | Weather State: ABRUPT
2026-03-13 08:50:20 | INFO | Dynamic Thresholds: cloud_thr=0.1252, shift_thr=0.1242
2026-03-13 08:50:20 | INFO | Multipliers: irradiance=0.35x, temp=0.90x, wind=0.95x
2026-03-13 08:50:20 | INFO | Weather Multiplier (combined): 0.30x
2026-03-13 08:50:20 | INFO | Abrupt Weather Change Detected: True
2026-03-13 08:50:20 | INFO | --- TREND ANALYSIS ---
2026-03-13 08:50:20 | INFO | Trend series (oldest -> latest):
2026-03-13 08:50:20 | INFO |   Block 35: 1.736 MW (source: METERED)
2026-03-13 08:50:20 | INFO |   Block 34: 1.416 MW (source: METERED)
2026-03-13 08:50:20 | INFO |   Block 33: 1.091 MW (source: METERED)
2026-03-13 08:50:20 | INFO |   Block 32: 0.748 MW (source: METERED)
2026-03-13 08:50:20 | INFO | Trend values used for slope calc: B35=1.736(METERED), B34=1.416(METERED), B33=1.091(METERED), B32=0.748(METERED)
2026-03-13 08:50:20 | INFO | Detected Trend Type: ABRUPT
2026-03-13 08:50:20 | INFO | Trend Slope Percentage: 0.00%
2026-03-13 08:50:20 | INFO | Trend EPS Threshold: 1.50%
2026-03-13 08:50:20 | INFO | --- SCHEDULE CALCULATION ---
2026-03-13 08:50:20 | INFO | Condition Applied: ABRUPT_INCREASE
2026-03-13 08:50:20 | INFO | Effective Base Forecast Used for Adjustments: 2.275 MW
2026-03-13 08:50:20 | INFO | Condition-3: NOT APPLIED for this block path
2026-03-13 08:50:20 | INFO |   Final Adjustment %: 10.00%
2026-03-13 08:50:20 | INFO |   Formula (expanded): raw=base*(1.1000)
2026-03-13 08:50:20 | INFO | --- FINAL RESULT ---
2026-03-13 08:50:20 | INFO | Raw Schedule (before smoothing): 2.503 MW
2026-03-13 08:50:20 | INFO | Final Scheduled MW: 2.503 MW
2026-03-13 08:50:20 | INFO | Previous Schedule Value: 2.057 MW
2026-03-13 08:50:20 | INFO | Deviation from Metered: +0.465 MW
2026-03-13 08:50:20 | INFO | --------------------------------------------------------------------------------
2026-03-13 08:50:20 | INFO | --------------------------------------------------------------------------------
2026-03-13 08:50:20 | INFO | BLOCK 37
2026-03-13 08:50:20 | INFO | --------------------------------------------------------------------------------
2026-03-13 08:50:20 | INFO | --- METERED DATA ---
2026-03-13 08:50:20 | INFO | Metered Value: NOT YET AVAILABLE
2026-03-13 08:50:20 | INFO | Last Two Metered Values (for trend): ['1.416', '1.736']
2026-03-13 08:50:20 | INFO | --- FORECAST DATA ---
2026-03-13 08:50:20 | INFO | Intraday Forecast (Enercast): 2.530 MW
2026-03-13 08:50:20 | INFO | Day-ahead Forecast (Enercast): 2.460 MW
2026-03-13 08:50:20 | INFO | Base Forecast (raw, before curtailment/shutdown): 2.479 MW
2026-03-13 08:50:20 | INFO | Base Forecast (used for schedule): 2.479 MW
2026-03-13 08:50:20 | INFO | Effective Base Forecast (after curtailment/shutdown): 2.479 MW
2026-03-13 08:50:20 | INFO | Base Blend Inputs: meter_ref=0.000 MW, meter_factor=1.000, meter_weight=0.020
2026-03-13 08:50:20 | INFO | Plant Status: NORMAL
2026-03-13 08:50:20 | INFO | Effective Base Forecast = Base Forecast (raw) = 2.479 MW
2026-03-13 08:50:20 | INFO | --- WEATHER PARAMETERS ---
2026-03-13 08:50:20 | INFO | GTI: 410.0 W/m^2
2026-03-13 08:50:20 | INFO | DHI: 153.0 W/m^2
2026-03-13 08:50:20 | INFO | DNI: 0.0 W/m^2
2026-03-13 08:50:20 | INFO | Irradiance Ratio (GTI/MAX_GTI): 0.432
2026-03-13 08:50:20 | INFO | Diffuse Ratio (current): 0.373
2026-03-13 08:50:20 | INFO | Irradiance State: CLOUD_TRANSIENT
2026-03-13 08:50:20 | INFO | Temp @ 2m: 27.26 C
2026-03-13 08:50:20 | INFO | Wind @ 10m: 7.28 m/s
2026-03-13 08:50:20 | INFO | Weather State: ABRUPT
2026-03-13 08:50:20 | INFO | Dynamic Thresholds: cloud_thr=0.1252, shift_thr=0.1242
2026-03-13 08:50:20 | INFO | Multipliers: irradiance=0.35x, temp=0.90x, wind=0.95x
2026-03-13 08:50:20 | INFO | Weather Multiplier (combined): 0.30x
2026-03-13 08:50:20 | INFO | Abrupt Weather Change Detected: True
2026-03-13 08:50:20 | INFO | --- TREND ANALYSIS ---
2026-03-13 08:50:20 | INFO | Trend series (oldest -> latest):
2026-03-13 08:50:20 | INFO |   Block 36: 2.038 MW (source: METERED)
2026-03-13 08:50:20 | INFO |   Block 35: 1.736 MW (source: METERED)
2026-03-13 08:50:20 | INFO |   Block 34: 1.416 MW (source: METERED)
2026-03-13 08:50:20 | INFO |   Block 33: 1.091 MW (source: METERED)
2026-03-13 08:50:20 | INFO | Trend values used for slope calc: B36=2.038(METERED), B35=1.736(METERED), B34=1.416(METERED), B33=1.091(METERED)
2026-03-13 08:50:20 | INFO | Detected Trend Type: ABRUPT
2026-03-13 08:50:20 | INFO | Trend Slope Percentage: 0.00%
2026-03-13 08:50:20 | INFO | Trend EPS Threshold: 1.50%
2026-03-13 08:50:20 | INFO | --- SCHEDULE CALCULATION ---
2026-03-13 08:50:20 | INFO | Condition Applied: ABRUPT_INCREASE
2026-03-13 08:50:20 | INFO | Effective Base Forecast Used for Adjustments: 2.479 MW
2026-03-13 08:50:20 | INFO | Condition-3: NOT APPLIED for this block path
2026-03-13 08:50:20 | INFO |   Final Adjustment %: 10.00%
2026-03-13 08:50:20 | INFO |   Formula (expanded): raw=base*(1.1000)
2026-03-13 08:50:20 | INFO | --- FINAL RESULT ---
2026-03-13 08:50:20 | INFO | Raw Schedule (before smoothing): 2.727 MW
2026-03-13 08:50:20 | INFO | Final Scheduled MW: 2.727 MW
2026-03-13 08:50:20 | INFO | Previous Schedule Value: 2.304 MW
2026-03-13 08:50:20 | INFO | --------------------------------------------------------------------------------
2026-03-13 08:50:20 | INFO | --------------------------------------------------------------------------------
2026-03-13 08:50:20 | INFO | BLOCK 38
2026-03-13 08:50:20 | INFO | --------------------------------------------------------------------------------
2026-03-13 08:50:20 | INFO | --- METERED DATA ---
2026-03-13 08:50:20 | INFO | Metered Value: NOT YET AVAILABLE
2026-03-13 08:50:20 | INFO | Last Two Metered Values (for trend): ['1.416', '1.736']
2026-03-13 08:50:20 | INFO | --- FORECAST DATA ---
2026-03-13 08:50:20 | INFO | Intraday Forecast (Enercast): 2.770 MW
2026-03-13 08:50:20 | INFO | Day-ahead Forecast (Enercast): 2.710 MW
2026-03-13 08:50:20 | INFO | Base Forecast (raw, before curtailment/shutdown): 2.715 MW
2026-03-13 08:50:20 | INFO | Base Forecast (used for schedule): 2.715 MW
2026-03-13 08:50:20 | INFO | Effective Base Forecast (after curtailment/shutdown): 2.715 MW
2026-03-13 08:50:20 | INFO | Base Blend Inputs: meter_ref=0.000 MW, meter_factor=1.000, meter_weight=0.020
2026-03-13 08:50:20 | INFO | Plant Status: NORMAL
2026-03-13 08:50:20 | INFO | Effective Base Forecast = Base Forecast (raw) = 2.715 MW
2026-03-13 08:50:20 | INFO | --- WEATHER PARAMETERS ---
2026-03-13 08:50:20 | INFO | GTI: 472.0 W/m^2
2026-03-13 08:50:20 | INFO | DHI: 167.0 W/m^2
2026-03-13 08:50:20 | INFO | DNI: 0.0 W/m^2
2026-03-13 08:50:20 | INFO | Irradiance Ratio (GTI/MAX_GTI): 0.498
2026-03-13 08:50:20 | INFO | Diffuse Ratio (current): 0.354
2026-03-13 08:50:20 | INFO | Irradiance State: VARIABLE_CLEAR
2026-03-13 08:50:20 | INFO | Temp @ 2m: 27.96 C
2026-03-13 08:50:20 | INFO | Wind @ 10m: 8.29 m/s
2026-03-13 08:50:20 | INFO | Weather State: NORMAL
2026-03-13 08:50:20 | INFO | Dynamic Thresholds: cloud_thr=0.1252, shift_thr=0.1242
2026-03-13 08:50:20 | INFO | Multipliers: irradiance=0.65x, temp=0.90x, wind=0.95x
2026-03-13 08:50:20 | INFO | Weather Multiplier (combined): 0.56x
2026-03-13 08:50:20 | INFO | Abrupt Weather Change Detected: False
2026-03-13 08:50:20 | INFO | --- TREND ANALYSIS ---
2026-03-13 08:50:20 | INFO | Trend series (oldest -> latest):
2026-03-13 08:50:20 | INFO |   Block 37: 2.530 MW (source: INTRADAY_FALLBACK)
2026-03-13 08:50:20 | INFO |   Block 36: 2.038 MW (source: METERED)
2026-03-13 08:50:20 | INFO |   Block 35: 1.736 MW (source: METERED)
2026-03-13 08:50:20 | INFO |   Block 34: 1.416 MW (source: METERED)
2026-03-13 08:50:20 | INFO | Trend values used for slope calc: B37=2.530(INTRADAY_FALLBACK), B36=2.038(METERED), B35=1.736(METERED), B34=1.416(METERED)
2026-03-13 08:50:20 | INFO | Detected Trend Type: INCREASING
2026-03-13 08:50:20 | INFO | Trend Slope Percentage: 79.00%
2026-03-13 08:50:20 | INFO | Trend EPS Threshold: 1.50%
2026-03-13 08:50:20 | INFO | --- SCHEDULE CALCULATION ---
2026-03-13 08:50:20 | INFO | Condition Applied: CONDITION_3
2026-03-13 08:50:20 | INFO | Effective Base Forecast Used for Adjustments: 2.715 MW
2026-03-13 08:50:20 | INFO | Condition-3 (Phase-6) Applied:
2026-03-13 08:50:20 | INFO |   Forecast Mismatch: Intraday (2.770) != Day-ahead (2.710)
2026-03-13 08:50:20 | INFO |   Operation: ADD
2026-03-13 08:50:20 | INFO |   Base Adjustment %: 3.00%
2026-03-13 08:50:20 | INFO |   Irradiance Multiplier: 0.65x
2026-03-13 08:50:20 | INFO |   Temp Multiplier: 0.90x
2026-03-13 08:50:20 | INFO |   Wind Multiplier: 0.95x
2026-03-13 08:50:20 | INFO |   Weather Multiplier: 0.56x
2026-03-13 08:50:20 | INFO |   Final Adjustment %: 1.67%
2026-03-13 08:50:20 | INFO |   Calculation: 2.715 MW * (1 + 1.67% / 100)
2026-03-13 08:50:20 | INFO |   Formula (expanded): raw=2.7146*(1+1.6673/100)=2.7599
2026-03-13 08:50:20 | INFO | --- FINAL RESULT ---
2026-03-13 08:50:20 | INFO | Raw Schedule (before smoothing): 2.760 MW
2026-03-13 08:50:20 | INFO | Final Scheduled MW: 2.621 MW
2026-03-13 08:50:20 | INFO | Previous Schedule Value: 2.561 MW
2026-03-13 08:50:20 | INFO | --------------------------------------------------------------------------------
2026-03-13 08:50:20 | INFO | --------------------------------------------------------------------------------
2026-03-13 08:50:20 | INFO | BLOCK 39
2026-03-13 08:50:20 | INFO | --------------------------------------------------------------------------------
2026-03-13 08:50:20 | INFO | --- METERED DATA ---
2026-03-13 08:50:20 | INFO | Metered Value: NOT YET AVAILABLE
2026-03-13 08:50:20 | INFO | Last Two Metered Values (for trend): ['1.416', '1.736']
2026-03-13 08:50:20 | INFO | --- FORECAST DATA ---
2026-03-13 08:50:20 | INFO | Intraday Forecast (Enercast): 2.980 MW
2026-03-13 08:50:20 | INFO | Day-ahead Forecast (Enercast): 2.950 MW
2026-03-13 08:50:20 | INFO | Base Forecast (raw, before curtailment/shutdown): 2.920 MW
2026-03-13 08:50:20 | INFO | Base Forecast (used for schedule): 2.920 MW
2026-03-13 08:50:20 | INFO | Effective Base Forecast (after curtailment/shutdown): 2.920 MW
2026-03-13 08:50:20 | INFO | Base Blend Inputs: meter_ref=0.000 MW, meter_factor=1.000, meter_weight=0.020
2026-03-13 08:50:20 | INFO | Plant Status: NORMAL
2026-03-13 08:50:20 | INFO | Effective Base Forecast = Base Forecast (raw) = 2.920 MW
2026-03-13 08:50:20 | INFO | --- WEATHER PARAMETERS ---
2026-03-13 08:50:20 | INFO | GTI: 531.0 W/m^2
2026-03-13 08:50:20 | INFO | DHI: 176.0 W/m^2
2026-03-13 08:50:20 | INFO | DNI: 0.0 W/m^2
2026-03-13 08:50:20 | INFO | Irradiance Ratio (GTI/MAX_GTI): 0.560
2026-03-13 08:50:20 | INFO | Diffuse Ratio (current): 0.331
2026-03-13 08:50:20 | INFO | Irradiance State: VARIABLE_CLEAR
2026-03-13 08:50:20 | INFO | Temp @ 2m: 28.56 C
2026-03-13 08:50:20 | INFO | Wind @ 10m: 9.01 m/s
2026-03-13 08:50:20 | INFO | Weather State: NORMAL
2026-03-13 08:50:20 | INFO | Dynamic Thresholds: cloud_thr=0.1252, shift_thr=0.1242
2026-03-13 08:50:20 | INFO | Multipliers: irradiance=0.65x, temp=0.90x, wind=0.95x
2026-03-13 08:50:20 | INFO | Weather Multiplier (combined): 0.56x
2026-03-13 08:50:20 | INFO | Abrupt Weather Change Detected: False
2026-03-13 08:50:20 | INFO | --- TREND ANALYSIS ---
2026-03-13 08:50:20 | INFO | Trend series (oldest -> latest):
2026-03-13 08:50:20 | INFO |   Block 38: 2.770 MW (source: INTRADAY_FALLBACK)
2026-03-13 08:50:20 | INFO |   Block 37: 2.530 MW (source: INTRADAY_FALLBACK)
2026-03-13 08:50:20 | INFO |   Block 36: 2.038 MW (source: METERED)
2026-03-13 08:50:20 | INFO |   Block 35: 1.736 MW (source: METERED)
2026-03-13 08:50:20 | INFO | Trend values used for slope calc: B38=2.770(INTRADAY_FALLBACK), B37=2.530(INTRADAY_FALLBACK), B36=2.038(METERED), B35=1.736(METERED)
2026-03-13 08:50:20 | INFO | Detected Trend Type: INCREASING
2026-03-13 08:50:20 | INFO | Trend Slope Percentage: 62.35%
2026-03-13 08:50:20 | INFO | Trend EPS Threshold: 1.50%
2026-03-13 08:50:20 | INFO | --- SCHEDULE CALCULATION ---
2026-03-13 08:50:20 | INFO | Condition Applied: CONDITION_3
2026-03-13 08:50:20 | INFO | Effective Base Forecast Used for Adjustments: 2.920 MW
2026-03-13 08:50:20 | INFO | Condition-3 (Phase-6) Applied:
2026-03-13 08:50:20 | INFO |   Forecast Mismatch: Intraday (2.980) != Day-ahead (2.950)
2026-03-13 08:50:20 | INFO |   Operation: ADD
2026-03-13 08:50:20 | INFO |   Base Adjustment %: 3.00%
2026-03-13 08:50:20 | INFO |   Irradiance Multiplier: 0.65x
2026-03-13 08:50:20 | INFO |   Temp Multiplier: 0.90x
2026-03-13 08:50:20 | INFO |   Wind Multiplier: 0.95x
2026-03-13 08:50:20 | INFO |   Weather Multiplier: 0.56x
2026-03-13 08:50:20 | INFO |   Final Adjustment %: 1.67%
2026-03-13 08:50:20 | INFO |   Calculation: 2.920 MW * (1 + 1.67% / 100)
2026-03-13 08:50:20 | INFO |   Formula (expanded): raw=2.9204*(1+1.6673/100)=2.9691
2026-03-13 08:50:20 | INFO | --- FINAL RESULT ---
2026-03-13 08:50:20 | INFO | Raw Schedule (before smoothing): 2.969 MW
2026-03-13 08:50:20 | INFO | Final Scheduled MW: 2.844 MW
2026-03-13 08:50:20 | INFO | Previous Schedule Value: 2.790 MW
2026-03-13 08:50:20 | INFO | --------------------------------------------------------------------------------
2026-03-13 08:50:20 | INFO | --------------------------------------------------------------------------------
2026-03-13 08:50:20 | INFO | BLOCK 40
2026-03-13 08:50:20 | INFO | --------------------------------------------------------------------------------
2026-03-13 08:50:20 | INFO | --- METERED DATA ---
2026-03-13 08:50:20 | INFO | Metered Value: NOT YET AVAILABLE
2026-03-13 08:50:20 | INFO | Last Two Metered Values (for trend): ['1.416', '1.736']
2026-03-13 08:50:20 | INFO | --- FORECAST DATA ---
2026-03-13 08:50:20 | INFO | Intraday Forecast (Enercast): 3.190 MW
2026-03-13 08:50:20 | INFO | Day-ahead Forecast (Enercast): 3.180 MW
2026-03-13 08:50:20 | INFO | Base Forecast (raw, before curtailment/shutdown): 3.126 MW
2026-03-13 08:50:20 | INFO | Base Forecast (used for schedule): 3.126 MW
2026-03-13 08:50:20 | INFO | Effective Base Forecast (after curtailment/shutdown): 3.126 MW
2026-03-13 08:50:20 | INFO | Base Blend Inputs: meter_ref=0.000 MW, meter_factor=1.000, meter_weight=0.020
2026-03-13 08:50:20 | INFO | Plant Status: NORMAL
2026-03-13 08:50:20 | INFO | Effective Base Forecast = Base Forecast (raw) = 3.126 MW
2026-03-13 08:50:20 | INFO | --- WEATHER PARAMETERS ---
2026-03-13 08:50:20 | INFO | GTI: 588.0 W/m^2
2026-03-13 08:50:20 | INFO | DHI: 182.0 W/m^2
2026-03-13 08:50:20 | INFO | DNI: 0.0 W/m^2
2026-03-13 08:50:20 | INFO | Irradiance Ratio (GTI/MAX_GTI): 0.620
2026-03-13 08:50:20 | INFO | Diffuse Ratio (current): 0.310
2026-03-13 08:50:20 | INFO | Irradiance State: VARIABLE_CLEAR
2026-03-13 08:50:20 | INFO | Temp @ 2m: 29.11 C
2026-03-13 08:50:20 | INFO | Wind @ 10m: 9.78 m/s
2026-03-13 08:50:20 | INFO | Weather State: NORMAL
2026-03-13 08:50:20 | INFO | Dynamic Thresholds: cloud_thr=0.1252, shift_thr=0.1242
2026-03-13 08:50:20 | INFO | Multipliers: irradiance=0.65x, temp=0.90x, wind=0.95x
2026-03-13 08:50:20 | INFO | Weather Multiplier (combined): 0.56x
2026-03-13 08:50:20 | INFO | Abrupt Weather Change Detected: False
2026-03-13 08:50:20 | INFO | --- TREND ANALYSIS ---
2026-03-13 08:50:20 | INFO | Trend series (oldest -> latest):
2026-03-13 08:50:20 | INFO |   Block 39: 2.980 MW (source: INTRADAY_FALLBACK)
2026-03-13 08:50:20 | INFO |   Block 38: 2.770 MW (source: INTRADAY_FALLBACK)
2026-03-13 08:50:20 | INFO |   Block 37: 2.530 MW (source: INTRADAY_FALLBACK)
2026-03-13 08:50:20 | INFO |   Block 36: 2.038 MW (source: METERED)
2026-03-13 08:50:20 | INFO | Trend values used for slope calc: B39=2.980(INTRADAY_FALLBACK), B38=2.770(INTRADAY_FALLBACK), B37=2.530(INTRADAY_FALLBACK), B36=2.038(METERED)
2026-03-13 08:50:20 | INFO | Detected Trend Type: INCREASING
2026-03-13 08:50:20 | INFO | Trend Slope Percentage: 43.40%
2026-03-13 08:50:20 | INFO | Trend EPS Threshold: 1.50%
2026-03-13 08:50:20 | INFO | --- SCHEDULE CALCULATION ---
2026-03-13 08:50:20 | INFO | Condition Applied: CONDITION_3
2026-03-13 08:50:20 | INFO | Effective Base Forecast Used for Adjustments: 3.126 MW
2026-03-13 08:50:20 | INFO | Condition-3 (Phase-6) Applied:
2026-03-13 08:50:20 | INFO |   Forecast Mismatch: Intraday (3.190) != Day-ahead (3.180)
2026-03-13 08:50:20 | INFO |   Operation: ADD
2026-03-13 08:50:20 | INFO |   Base Adjustment %: 3.00%
2026-03-13 08:50:20 | INFO |   Irradiance Multiplier: 0.65x
2026-03-13 08:50:20 | INFO |   Temp Multiplier: 0.90x
2026-03-13 08:50:20 | INFO |   Wind Multiplier: 0.95x
2026-03-13 08:50:20 | INFO |   Weather Multiplier: 0.56x
2026-03-13 08:50:20 | INFO |   Final Adjustment %: 1.67%
2026-03-13 08:50:20 | INFO |   Calculation: 3.126 MW * (1 + 1.67% / 100)
2026-03-13 08:50:20 | INFO |   Formula (expanded): raw=3.1262*(1+1.6673/100)=3.1783
2026-03-13 08:50:20 | INFO | --- FINAL RESULT ---
2026-03-13 08:50:20 | INFO | Raw Schedule (before smoothing): 3.178 MW
2026-03-13 08:50:20 | INFO | Final Scheduled MW: 3.067 MW
2026-03-13 08:50:20 | INFO | Previous Schedule Value: 3.019 MW
2026-03-13 08:50:20 | INFO | --------------------------------------------------------------------------------
2026-03-13 08:50:20 | INFO | --------------------------------------------------------------------------------
2026-03-13 08:50:20 | INFO | BLOCK 41
2026-03-13 08:50:20 | INFO | --------------------------------------------------------------------------------
2026-03-13 08:50:20 | INFO | --- METERED DATA ---
2026-03-13 08:50:20 | INFO | Metered Value: NOT YET AVAILABLE
2026-03-13 08:50:20 | INFO | Last Two Metered Values (for trend): ['1.416', '1.736']
2026-03-13 08:50:20 | INFO | --- FORECAST DATA ---
2026-03-13 08:50:20 | INFO | Intraday Forecast (Enercast): 3.380 MW
2026-03-13 08:50:20 | INFO | Day-ahead Forecast (Enercast): 3.360 MW
2026-03-13 08:50:20 | INFO | Base Forecast (raw, before curtailment/shutdown): 3.312 MW
2026-03-13 08:50:20 | INFO | Base Forecast (used for schedule): 3.312 MW
2026-03-13 08:50:20 | INFO | Effective Base Forecast (after curtailment/shutdown): 3.312 MW
2026-03-13 08:50:20 | INFO | Base Blend Inputs: meter_ref=0.000 MW, meter_factor=1.000, meter_weight=0.020
2026-03-13 08:50:20 | INFO | Plant Status: NORMAL
2026-03-13 08:50:20 | INFO | Effective Base Forecast = Base Forecast (raw) = 3.312 MW
2026-03-13 08:50:20 | INFO | --- WEATHER PARAMETERS ---
2026-03-13 08:50:20 | INFO | GTI: 641.0 W/m^2
2026-03-13 08:50:20 | INFO | DHI: 186.0 W/m^2
2026-03-13 08:50:20 | INFO | DNI: 0.0 W/m^2
2026-03-13 08:50:20 | INFO | Irradiance Ratio (GTI/MAX_GTI): 0.676
2026-03-13 08:50:20 | INFO | Diffuse Ratio (current): 0.290
2026-03-13 08:50:20 | INFO | Irradiance State: VARIABLE_CLEAR
2026-03-13 08:50:20 | INFO | Temp @ 2m: 29.66 C
2026-03-13 08:50:20 | INFO | Wind @ 10m: 10.24 m/s
2026-03-13 08:50:20 | INFO | Weather State: NORMAL
2026-03-13 08:50:20 | INFO | Dynamic Thresholds: cloud_thr=0.1252, shift_thr=0.1242
2026-03-13 08:50:20 | INFO | Multipliers: irradiance=0.65x, temp=0.90x, wind=0.95x
2026-03-13 08:50:20 | INFO | Weather Multiplier (combined): 0.56x
2026-03-13 08:50:20 | INFO | Abrupt Weather Change Detected: False
2026-03-13 08:50:20 | INFO | --- TREND ANALYSIS ---
2026-03-13 08:50:20 | INFO | Trend series (oldest -> latest):
2026-03-13 08:50:20 | INFO |   Block 40: 3.190 MW (source: INTRADAY_FALLBACK)
2026-03-13 08:50:20 | INFO |   Block 39: 2.980 MW (source: INTRADAY_FALLBACK)
2026-03-13 08:50:20 | INFO |   Block 38: 2.770 MW (source: INTRADAY_FALLBACK)
2026-03-13 08:50:20 | INFO |   Block 37: 2.530 MW (source: INTRADAY_FALLBACK)
2026-03-13 08:50:20 | INFO | Trend values used for slope calc: B40=3.190(INTRADAY_FALLBACK), B39=2.980(INTRADAY_FALLBACK), B38=2.770(INTRADAY_FALLBACK), B37=2.530(INTRADAY_FALLBACK)
2026-03-13 08:50:20 | INFO | Detected Trend Type: INCREASING
2026-03-13 08:50:20 | INFO | Trend Slope Percentage: 25.88%
2026-03-13 08:50:20 | INFO | Trend EPS Threshold: 1.50%
2026-03-13 08:50:20 | INFO | --- SCHEDULE CALCULATION ---
2026-03-13 08:50:20 | INFO | Condition Applied: CONDITION_3
2026-03-13 08:50:20 | INFO | Effective Base Forecast Used for Adjustments: 3.312 MW
2026-03-13 08:50:20 | INFO | Condition-3 (Phase-6) Applied:
2026-03-13 08:50:20 | INFO |   Forecast Mismatch: Intraday (3.380) != Day-ahead (3.360)
2026-03-13 08:50:20 | INFO |   Operation: ADD
2026-03-13 08:50:20 | INFO |   Base Adjustment %: 3.00%
2026-03-13 08:50:20 | INFO |   Irradiance Multiplier: 0.65x
2026-03-13 08:50:20 | INFO |   Temp Multiplier: 0.90x
2026-03-13 08:50:20 | INFO |   Wind Multiplier: 0.95x
2026-03-13 08:50:20 | INFO |   Weather Multiplier: 0.56x
2026-03-13 08:50:20 | INFO |   Final Adjustment %: 1.67%
2026-03-13 08:50:20 | INFO |   Calculation: 3.312 MW * (1 + 1.67% / 100)
2026-03-13 08:50:20 | INFO |   Formula (expanded): raw=3.3124*(1+1.6673/100)=3.3676
2026-03-13 08:50:20 | INFO | --- FINAL RESULT ---
2026-03-13 08:50:20 | INFO | Raw Schedule (before smoothing): 3.368 MW
2026-03-13 08:50:20 | INFO | Final Scheduled MW: 3.270 MW
2026-03-13 08:50:20 | INFO | Previous Schedule Value: 3.228 MW
2026-03-13 08:50:20 | INFO | --------------------------------------------------------------------------------
2026-03-13 08:50:20 | INFO | --------------------------------------------------------------------------------
2026-03-13 08:50:20 | INFO | BLOCK 42
2026-03-13 08:50:20 | INFO | --------------------------------------------------------------------------------
2026-03-13 08:50:20 | INFO | --- METERED DATA ---
2026-03-13 08:50:20 | INFO | Metered Value: NOT YET AVAILABLE
2026-03-13 08:50:20 | INFO | Last Two Metered Values (for trend): ['1.416', '1.736']
2026-03-13 08:50:20 | INFO | --- FORECAST DATA ---
2026-03-13 08:50:20 | INFO | Intraday Forecast (Enercast): 3.530 MW
2026-03-13 08:50:20 | INFO | Day-ahead Forecast (Enercast): 3.520 MW
2026-03-13 08:50:20 | INFO | Base Forecast (raw, before curtailment/shutdown): 3.459 MW
2026-03-13 08:50:20 | INFO | Base Forecast (used for schedule): 3.459 MW
2026-03-13 08:50:20 | INFO | Effective Base Forecast (after curtailment/shutdown): 3.459 MW
2026-03-13 08:50:20 | INFO | Base Blend Inputs: meter_ref=0.000 MW, meter_factor=1.000, meter_weight=0.020
2026-03-13 08:50:20 | INFO | Plant Status: NORMAL
2026-03-13 08:50:20 | INFO | Effective Base Forecast = Base Forecast (raw) = 3.459 MW
2026-03-13 08:50:20 | INFO | --- WEATHER PARAMETERS ---
2026-03-13 08:50:20 | INFO | GTI: 691.0 W/m^2
2026-03-13 08:50:20 | INFO | DHI: 192.0 W/m^2
2026-03-13 08:50:20 | INFO | DNI: 0.0 W/m^2
2026-03-13 08:50:20 | INFO | Irradiance Ratio (GTI/MAX_GTI): 0.729
2026-03-13 08:50:20 | INFO | Diffuse Ratio (current): 0.278
2026-03-13 08:50:20 | INFO | Irradiance State: VARIABLE_CLEAR
2026-03-13 08:50:20 | INFO | Temp @ 2m: 30.11 C
2026-03-13 08:50:20 | INFO | Wind @ 10m: 10.74 m/s
2026-03-13 08:50:20 | INFO | Weather State: NORMAL
2026-03-13 08:50:20 | INFO | Dynamic Thresholds: cloud_thr=0.1252, shift_thr=0.1242
2026-03-13 08:50:20 | INFO | Multipliers: irradiance=0.65x, temp=0.90x, wind=0.95x
2026-03-13 08:50:20 | INFO | Weather Multiplier (combined): 0.56x
2026-03-13 08:50:20 | INFO | Abrupt Weather Change Detected: False
2026-03-13 08:50:20 | INFO | --- TREND ANALYSIS ---
2026-03-13 08:50:20 | INFO | Trend series (oldest -> latest):
2026-03-13 08:50:20 | INFO |   Block 41: 3.380 MW (source: INTRADAY_FALLBACK)
2026-03-13 08:50:20 | INFO |   Block 40: 3.190 MW (source: INTRADAY_FALLBACK)
2026-03-13 08:50:20 | INFO |   Block 39: 2.980 MW (source: INTRADAY_FALLBACK)
2026-03-13 08:50:20 | INFO |   Block 38: 2.770 MW (source: INTRADAY_FALLBACK)
2026-03-13 08:50:20 | INFO | Trend values used for slope calc: B41=3.380(INTRADAY_FALLBACK), B40=3.190(INTRADAY_FALLBACK), B39=2.980(INTRADAY_FALLBACK), B38=2.770(INTRADAY_FALLBACK)
2026-03-13 08:50:20 | INFO | Detected Trend Type: INCREASING
2026-03-13 08:50:20 | INFO | Trend Slope Percentage: 22.06%
2026-03-13 08:50:20 | INFO | Trend EPS Threshold: 1.50%
2026-03-13 08:50:20 | INFO | --- SCHEDULE CALCULATION ---
2026-03-13 08:50:20 | INFO | Condition Applied: CONDITION_3
2026-03-13 08:50:20 | INFO | Effective Base Forecast Used for Adjustments: 3.459 MW
2026-03-13 08:50:20 | INFO | Condition-3 (Phase-6) Applied:
2026-03-13 08:50:20 | INFO |   Forecast Mismatch: Intraday (3.530) != Day-ahead (3.520)
2026-03-13 08:50:20 | INFO |   Operation: ADD
2026-03-13 08:50:20 | INFO |   Base Adjustment %: 3.00%
2026-03-13 08:50:20 | INFO |   Irradiance Multiplier: 0.65x
2026-03-13 08:50:20 | INFO |   Temp Multiplier: 0.90x
2026-03-13 08:50:20 | INFO |   Wind Multiplier: 0.95x
2026-03-13 08:50:20 | INFO |   Weather Multiplier: 0.56x
2026-03-13 08:50:20 | INFO |   Final Adjustment %: 1.67%
2026-03-13 08:50:20 | INFO |   Calculation: 3.459 MW * (1 + 1.67% / 100)
2026-03-13 08:50:20 | INFO |   Formula (expanded): raw=3.4594*(1+1.6673/100)=3.5171
2026-03-13 08:50:20 | INFO | --- FINAL RESULT ---
2026-03-13 08:50:20 | INFO | Raw Schedule (before smoothing): 3.517 MW
2026-03-13 08:50:20 | INFO | Final Scheduled MW: 3.447 MW
2026-03-13 08:50:20 | INFO | Previous Schedule Value: 3.417 MW
2026-03-13 08:50:20 | INFO | --------------------------------------------------------------------------------
2026-03-13 08:50:20 | INFO | --------------------------------------------------------------------------------
2026-03-13 08:50:20 | INFO | BLOCK 43
2026-03-13 08:50:20 | INFO | --------------------------------------------------------------------------------
2026-03-13 08:50:20 | INFO | --- METERED DATA ---
2026-03-13 08:50:20 | INFO | Metered Value: NOT YET AVAILABLE
2026-03-13 08:50:20 | INFO | Last Two Metered Values (for trend): ['1.416', '1.736']
2026-03-13 08:50:20 | INFO | --- FORECAST DATA ---
2026-03-13 08:50:20 | INFO | Intraday Forecast (Enercast): 3.670 MW
2026-03-13 08:50:20 | INFO | Day-ahead Forecast (Enercast): 3.660 MW
2026-03-13 08:50:20 | INFO | Base Forecast (raw, before curtailment/shutdown): 3.597 MW
2026-03-13 08:50:20 | INFO | Base Forecast (used for schedule): 3.597 MW
2026-03-13 08:50:20 | INFO | Effective Base Forecast (after curtailment/shutdown): 3.597 MW
2026-03-13 08:50:20 | INFO | Base Blend Inputs: meter_ref=0.000 MW, meter_factor=1.000, meter_weight=0.020
2026-03-13 08:50:20 | INFO | Plant Status: NORMAL
2026-03-13 08:50:20 | INFO | Effective Base Forecast = Base Forecast (raw) = 3.597 MW
2026-03-13 08:50:20 | INFO | --- WEATHER PARAMETERS ---
2026-03-13 08:50:20 | INFO | GTI: 733.0 W/m^2
2026-03-13 08:50:20 | INFO | DHI: 200.0 W/m^2
2026-03-13 08:50:20 | INFO | DNI: 0.0 W/m^2
2026-03-13 08:50:20 | INFO | Irradiance Ratio (GTI/MAX_GTI): 0.773
2026-03-13 08:50:20 | INFO | Diffuse Ratio (current): 0.273
2026-03-13 08:50:20 | INFO | Irradiance State: STABLE_CLEAR
2026-03-13 08:50:20 | INFO | Temp @ 2m: 30.56 C
2026-03-13 08:50:20 | INFO | Wind @ 10m: 10.83 m/s
2026-03-13 08:50:20 | INFO | Weather State: NORMAL
2026-03-13 08:50:20 | INFO | Dynamic Thresholds: cloud_thr=0.1252, shift_thr=0.1242
2026-03-13 08:50:20 | INFO | Multipliers: irradiance=0.85x, temp=0.90x, wind=0.95x
2026-03-13 08:50:20 | INFO | Weather Multiplier (combined): 0.73x
2026-03-13 08:50:20 | INFO | Abrupt Weather Change Detected: False
2026-03-13 08:50:20 | INFO | --- TREND ANALYSIS ---
2026-03-13 08:50:20 | INFO | Trend series (oldest -> latest):
2026-03-13 08:50:20 | INFO |   Block 42: 3.530 MW (source: INTRADAY_FALLBACK)
2026-03-13 08:50:20 | INFO |   Block 41: 3.380 MW (source: INTRADAY_FALLBACK)
2026-03-13 08:50:20 | INFO |   Block 40: 3.190 MW (source: INTRADAY_FALLBACK)
2026-03-13 08:50:20 | INFO |   Block 39: 2.980 MW (source: INTRADAY_FALLBACK)
2026-03-13 08:50:20 | INFO | Trend values used for slope calc: B42=3.530(INTRADAY_FALLBACK), B41=3.380(INTRADAY_FALLBACK), B40=3.190(INTRADAY_FALLBACK), B39=2.980(INTRADAY_FALLBACK)
2026-03-13 08:50:20 | INFO | Detected Trend Type: INCREASING
2026-03-13 08:50:20 | INFO | Trend Slope Percentage: 18.44%
2026-03-13 08:50:20 | INFO | Trend EPS Threshold: 1.50%
2026-03-13 08:50:20 | INFO | --- SCHEDULE CALCULATION ---
2026-03-13 08:50:20 | INFO | Condition Applied: CONDITION_3
2026-03-13 08:50:20 | INFO | Effective Base Forecast Used for Adjustments: 3.597 MW
2026-03-13 08:50:20 | INFO | Condition-3 (Phase-6) Applied:
2026-03-13 08:50:20 | INFO |   Forecast Mismatch: Intraday (3.670) != Day-ahead (3.660)
2026-03-13 08:50:20 | INFO |   Operation: ADD
2026-03-13 08:50:20 | INFO |   Base Adjustment %: 3.00%
2026-03-13 08:50:20 | INFO |   Irradiance Multiplier: 0.85x
2026-03-13 08:50:20 | INFO |   Temp Multiplier: 0.90x
2026-03-13 08:50:20 | INFO |   Wind Multiplier: 0.95x
2026-03-13 08:50:20 | INFO |   Weather Multiplier: 0.73x
2026-03-13 08:50:20 | INFO |   Final Adjustment %: 2.18%
2026-03-13 08:50:20 | INFO |   Calculation: 3.597 MW * (1 + 2.18% / 100)
2026-03-13 08:50:20 | INFO |   Formula (expanded): raw=3.5966*(1+2.1803/100)=3.6750
2026-03-13 08:50:20 | INFO | --- FINAL RESULT ---
2026-03-13 08:50:20 | INFO | Raw Schedule (before smoothing): 3.675 MW
2026-03-13 08:50:20 | INFO | Final Scheduled MW: 3.626 MW
2026-03-13 08:50:20 | INFO | Previous Schedule Value: 3.605 MW
2026-03-13 08:50:20 | INFO | --------------------------------------------------------------------------------
2026-03-13 08:50:20 | INFO | --------------------------------------------------------------------------------
2026-03-13 08:50:20 | INFO | BLOCK 44
2026-03-13 08:50:20 | INFO | --------------------------------------------------------------------------------
2026-03-13 08:50:20 | INFO | --- METERED DATA ---
2026-03-13 08:50:20 | INFO | Metered Value: NOT YET AVAILABLE
2026-03-13 08:50:20 | INFO | Last Two Metered Values (for trend): ['1.416', '1.736']
2026-03-13 08:50:20 | INFO | --- FORECAST DATA ---
2026-03-13 08:50:20 | INFO | Intraday Forecast (Enercast): 3.790 MW
2026-03-13 08:50:20 | INFO | Day-ahead Forecast (Enercast): 3.790 MW
2026-03-13 08:50:20 | INFO | Base Forecast (raw, before curtailment/shutdown): 3.714 MW
2026-03-13 08:50:20 | INFO | Base Forecast (used for schedule): 3.714 MW
2026-03-13 08:50:20 | INFO | Effective Base Forecast (after curtailment/shutdown): 3.714 MW
2026-03-13 08:50:20 | INFO | Base Blend Inputs: meter_ref=0.000 MW, meter_factor=1.000, meter_weight=0.020
2026-03-13 08:50:20 | INFO | Plant Status: NORMAL
2026-03-13 08:50:20 | INFO | Effective Base Forecast = Base Forecast (raw) = 3.714 MW
2026-03-13 08:50:20 | INFO | --- WEATHER PARAMETERS ---
2026-03-13 08:50:20 | INFO | GTI: 770.0 W/m^2
2026-03-13 08:50:20 | INFO | DHI: 207.0 W/m^2
2026-03-13 08:50:20 | INFO | DNI: 0.0 W/m^2
2026-03-13 08:50:20 | INFO | Irradiance Ratio (GTI/MAX_GTI): 0.812
2026-03-13 08:50:20 | INFO | Diffuse Ratio (current): 0.269
2026-03-13 08:50:20 | INFO | Irradiance State: STABLE_CLEAR
2026-03-13 08:50:20 | INFO | Temp @ 2m: 30.96 C
2026-03-13 08:50:20 | INFO | Wind @ 10m: 10.83 m/s
2026-03-13 08:50:20 | INFO | Weather State: NORMAL
2026-03-13 08:50:20 | INFO | Dynamic Thresholds: cloud_thr=0.1252, shift_thr=0.1242
2026-03-13 08:50:20 | INFO | Multipliers: irradiance=0.85x, temp=0.90x, wind=0.95x
2026-03-13 08:50:20 | INFO | Weather Multiplier (combined): 0.73x
2026-03-13 08:50:20 | INFO | Abrupt Weather Change Detected: False
2026-03-13 08:50:20 | INFO | --- TREND ANALYSIS ---
2026-03-13 08:50:20 | INFO | Trend series (oldest -> latest):
2026-03-13 08:50:20 | INFO |   Block 43: 3.670 MW (source: INTRADAY_FALLBACK)
2026-03-13 08:50:20 | INFO |   Block 42: 3.530 MW (source: INTRADAY_FALLBACK)
2026-03-13 08:50:20 | INFO |   Block 41: 3.380 MW (source: INTRADAY_FALLBACK)
2026-03-13 08:50:20 | INFO |   Block 40: 3.190 MW (source: INTRADAY_FALLBACK)
2026-03-13 08:50:20 | INFO | Trend values used for slope calc: B43=3.670(INTRADAY_FALLBACK), B42=3.530(INTRADAY_FALLBACK), B41=3.380(INTRADAY_FALLBACK), B40=3.190(INTRADAY_FALLBACK)
2026-03-13 08:50:20 | INFO | Detected Trend Type: INCREASING
2026-03-13 08:50:20 | INFO | Trend Slope Percentage: 14.89%
2026-03-13 08:50:20 | INFO | Trend EPS Threshold: 1.50%
2026-03-13 08:50:20 | INFO | --- SCHEDULE CALCULATION ---
2026-03-13 08:50:20 | INFO | Condition Applied: CONDITION_3
2026-03-13 08:50:20 | INFO | Effective Base Forecast Used for Adjustments: 3.714 MW
2026-03-13 08:50:20 | INFO | Condition-3 (Phase-6) Applied:
2026-03-13 08:50:20 | INFO |   Forecast Mismatch: Intraday (3.790) != Day-ahead (3.790)
2026-03-13 08:50:20 | INFO |   Operation: ADD
2026-03-13 08:50:20 | INFO |   Base Adjustment %: 3.00%
2026-03-13 08:50:20 | INFO |   Irradiance Multiplier: 0.85x
2026-03-13 08:50:20 | INFO |   Temp Multiplier: 0.90x
2026-03-13 08:50:20 | INFO |   Wind Multiplier: 0.95x
2026-03-13 08:50:20 | INFO |   Weather Multiplier: 0.73x
2026-03-13 08:50:20 | INFO |   Final Adjustment %: 2.18%
2026-03-13 08:50:20 | INFO |   Calculation: 3.714 MW * (1 + 2.18% / 100)
2026-03-13 08:50:20 | INFO |   Formula (expanded): raw=3.7142*(1+2.1803/100)=3.7952
2026-03-13 08:50:20 | INFO | --- FINAL RESULT ---
2026-03-13 08:50:20 | INFO | Raw Schedule (before smoothing): 3.795 MW
2026-03-13 08:50:20 | INFO | Final Scheduled MW: 3.774 MW
2026-03-13 08:50:20 | INFO | Previous Schedule Value: 3.765 MW
2026-03-13 08:50:20 | INFO | --------------------------------------------------------------------------------
2026-03-13 08:50:20 | INFO | --------------------------------------------------------------------------------
2026-03-13 08:50:20 | INFO | BLOCK 45
2026-03-13 08:50:20 | INFO | --------------------------------------------------------------------------------
2026-03-13 08:50:20 | INFO | --- METERED DATA ---
2026-03-13 08:50:20 | INFO | Metered Value: NOT YET AVAILABLE
2026-03-13 08:50:20 | INFO | Last Two Metered Values (for trend): ['1.416', '1.736']
2026-03-13 08:50:20 | INFO | --- FORECAST DATA ---
2026-03-13 08:50:20 | INFO | Intraday Forecast (Enercast): 3.900 MW
2026-03-13 08:50:20 | INFO | Day-ahead Forecast (Enercast): 3.900 MW
2026-03-13 08:50:20 | INFO | Base Forecast (raw, before curtailment/shutdown): 3.822 MW
2026-03-13 08:50:20 | INFO | Base Forecast (used for schedule): 3.822 MW
2026-03-13 08:50:20 | INFO | Effective Base Forecast (after curtailment/shutdown): 3.822 MW
2026-03-13 08:50:20 | INFO | Base Blend Inputs: meter_ref=0.000 MW, meter_factor=1.000, meter_weight=0.020
2026-03-13 08:50:20 | INFO | Plant Status: NORMAL
2026-03-13 08:50:20 | INFO | Effective Base Forecast = Base Forecast (raw) = 3.822 MW
2026-03-13 08:50:20 | INFO | --- WEATHER PARAMETERS ---
2026-03-13 08:50:20 | INFO | GTI: 805.0 W/m^2
2026-03-13 08:50:20 | INFO | DHI: 210.0 W/m^2
2026-03-13 08:50:20 | INFO | DNI: 0.0 W/m^2
2026-03-13 08:50:20 | INFO | Irradiance Ratio (GTI/MAX_GTI): 0.849
2026-03-13 08:50:20 | INFO | Diffuse Ratio (current): 0.261
2026-03-13 08:50:20 | INFO | Irradiance State: STABLE_CLEAR
2026-03-13 08:50:20 | INFO | Temp @ 2m: 31.26 C
2026-03-13 08:50:20 | INFO | Wind @ 10m: 10.48 m/s
2026-03-13 08:50:20 | INFO | Weather State: NORMAL
2026-03-13 08:50:20 | INFO | Dynamic Thresholds: cloud_thr=0.1252, shift_thr=0.1242
2026-03-13 08:50:20 | INFO | Multipliers: irradiance=0.85x, temp=0.90x, wind=0.95x
2026-03-13 08:50:20 | INFO | Weather Multiplier (combined): 0.73x
2026-03-13 08:50:20 | INFO | Abrupt Weather Change Detected: False
2026-03-13 08:50:20 | INFO | --- TREND ANALYSIS ---
2026-03-13 08:50:20 | INFO | Trend series (oldest -> latest):
2026-03-13 08:50:20 | INFO |   Block 44: 3.790 MW (source: INTRADAY_FALLBACK)
2026-03-13 08:50:20 | INFO |   Block 43: 3.670 MW (source: INTRADAY_FALLBACK)
2026-03-13 08:50:20 | INFO |   Block 42: 3.530 MW (source: INTRADAY_FALLBACK)
2026-03-13 08:50:20 | INFO |   Block 41: 3.380 MW (source: INTRADAY_FALLBACK)
2026-03-13 08:50:20 | INFO | Trend values used for slope calc: B44=3.790(INTRADAY_FALLBACK), B43=3.670(INTRADAY_FALLBACK), B42=3.530(INTRADAY_FALLBACK), B41=3.380(INTRADAY_FALLBACK)
2026-03-13 08:50:20 | INFO | Detected Trend Type: INCREASING
2026-03-13 08:50:20 | INFO | Trend Slope Percentage: 12.13%
2026-03-13 08:50:20 | INFO | Trend EPS Threshold: 1.50%
2026-03-13 08:50:20 | INFO | --- SCHEDULE CALCULATION ---
2026-03-13 08:50:20 | INFO | Condition Applied: CONDITION_3
2026-03-13 08:50:20 | INFO | Effective Base Forecast Used for Adjustments: 3.822 MW
2026-03-13 08:50:20 | INFO | Condition-3 (Phase-6) Applied:
2026-03-13 08:50:20 | INFO |   Forecast Mismatch: Intraday (3.900) != Day-ahead (3.900)
2026-03-13 08:50:20 | INFO |   Operation: ADD
2026-03-13 08:50:20 | INFO |   Base Adjustment %: 3.00%
2026-03-13 08:50:20 | INFO |   Irradiance Multiplier: 0.85x
2026-03-13 08:50:20 | INFO |   Temp Multiplier: 0.90x
2026-03-13 08:50:20 | INFO |   Wind Multiplier: 0.95x
2026-03-13 08:50:20 | INFO |   Weather Multiplier: 0.73x
2026-03-13 08:50:20 | INFO |   Final Adjustment %: 2.18%
2026-03-13 08:50:20 | INFO |   Calculation: 3.822 MW * (1 + 2.18% / 100)
2026-03-13 08:50:20 | INFO |   Formula (expanded): raw=3.8220*(1+2.1803/100)=3.9053
2026-03-13 08:50:20 | INFO | --- FINAL RESULT ---
2026-03-13 08:50:20 | INFO | Raw Schedule (before smoothing): 3.905 MW
2026-03-13 08:50:20 | INFO | Final Scheduled MW: 3.891 MW
2026-03-13 08:50:20 | INFO | Previous Schedule Value: 3.885 MW
2026-03-13 08:50:20 | INFO | --------------------------------------------------------------------------------
2026-03-13 08:50:20 | INFO | --------------------------------------------------------------------------------
2026-03-13 08:50:20 | INFO | BLOCK 46
2026-03-13 08:50:20 | INFO | --------------------------------------------------------------------------------
2026-03-13 08:50:20 | INFO | --- METERED DATA ---
2026-03-13 08:50:20 | INFO | Metered Value: NOT YET AVAILABLE
2026-03-13 08:50:20 | INFO | Last Two Metered Values (for trend): ['1.416', '1.736']
2026-03-13 08:50:20 | INFO | --- FORECAST DATA ---
2026-03-13 08:50:20 | INFO | Intraday Forecast (Enercast): 3.990 MW
2026-03-13 08:50:20 | INFO | Day-ahead Forecast (Enercast): 3.990 MW
2026-03-13 08:50:20 | INFO | Base Forecast (raw, before curtailment/shutdown): 3.910 MW
2026-03-13 08:50:20 | INFO | Base Forecast (used for schedule): 3.910 MW
2026-03-13 08:50:20 | INFO | Effective Base Forecast (after curtailment/shutdown): 3.910 MW
2026-03-13 08:50:20 | INFO | Base Blend Inputs: meter_ref=0.000 MW, meter_factor=1.000, meter_weight=0.020
2026-03-13 08:50:20 | INFO | Plant Status: NORMAL
2026-03-13 08:50:20 | INFO | Effective Base Forecast = Base Forecast (raw) = 3.910 MW
2026-03-13 08:50:20 | INFO | --- WEATHER PARAMETERS ---
2026-03-13 08:50:20 | INFO | GTI: 840.0 W/m^2
2026-03-13 08:50:20 | INFO | DHI: 204.0 W/m^2
2026-03-13 08:50:20 | INFO | DNI: 0.0 W/m^2
2026-03-13 08:50:20 | INFO | Irradiance Ratio (GTI/MAX_GTI): 0.886
2026-03-13 08:50:20 | INFO | Diffuse Ratio (current): 0.243
2026-03-13 08:50:20 | INFO | Irradiance State: STABLE_CLEAR
2026-03-13 08:50:20 | INFO | Temp @ 2m: 31.56 C
2026-03-13 08:50:20 | INFO | Wind @ 10m: 10.14 m/s
2026-03-13 08:50:20 | INFO | Weather State: NORMAL
2026-03-13 08:50:20 | INFO | Dynamic Thresholds: cloud_thr=0.1252, shift_thr=0.1242
2026-03-13 08:50:20 | INFO | Multipliers: irradiance=0.85x, temp=0.90x, wind=0.95x
2026-03-13 08:50:20 | INFO | Weather Multiplier (combined): 0.73x
2026-03-13 08:50:20 | INFO | Abrupt Weather Change Detected: False
2026-03-13 08:50:20 | INFO | --- TREND ANALYSIS ---
2026-03-13 08:50:20 | INFO | Trend series (oldest -> latest):
2026-03-13 08:50:20 | INFO |   Block 45: 3.900 MW (source: INTRADAY_FALLBACK)
2026-03-13 08:50:20 | INFO |   Block 44: 3.790 MW (source: INTRADAY_FALLBACK)
2026-03-13 08:50:20 | INFO |   Block 43: 3.670 MW (source: INTRADAY_FALLBACK)
2026-03-13 08:50:20 | INFO |   Block 42: 3.530 MW (source: INTRADAY_FALLBACK)
2026-03-13 08:50:20 | INFO | Trend values used for slope calc: B45=3.900(INTRADAY_FALLBACK), B44=3.790(INTRADAY_FALLBACK), B43=3.670(INTRADAY_FALLBACK), B42=3.530(INTRADAY_FALLBACK)
2026-03-13 08:50:20 | INFO | Detected Trend Type: INCREASING
2026-03-13 08:50:20 | INFO | Trend Slope Percentage: 10.43%
2026-03-13 08:50:20 | INFO | Trend EPS Threshold: 1.50%
2026-03-13 08:50:20 | INFO | --- SCHEDULE CALCULATION ---
2026-03-13 08:50:20 | INFO | Condition Applied: CONDITION_3
2026-03-13 08:50:20 | INFO | Effective Base Forecast Used for Adjustments: 3.910 MW
2026-03-13 08:50:20 | INFO | Condition-3 (Phase-6) Applied:
2026-03-13 08:50:20 | INFO |   Forecast Mismatch: Intraday (3.990) != Day-ahead (3.990)
2026-03-13 08:50:20 | INFO |   Operation: ADD
2026-03-13 08:50:20 | INFO |   Base Adjustment %: 3.00%
2026-03-13 08:50:20 | INFO |   Irradiance Multiplier: 0.85x
2026-03-13 08:50:20 | INFO |   Temp Multiplier: 0.90x
2026-03-13 08:50:20 | INFO |   Wind Multiplier: 0.95x
2026-03-13 08:50:20 | INFO |   Weather Multiplier: 0.73x
2026-03-13 08:50:20 | INFO |   Final Adjustment %: 2.18%
2026-03-13 08:50:20 | INFO |   Calculation: 3.910 MW * (1 + 2.18% / 100)
2026-03-13 08:50:20 | INFO |   Formula (expanded): raw=3.9102*(1+2.1803/100)=3.9955
2026-03-13 08:50:20 | INFO | --- FINAL RESULT ---
2026-03-13 08:50:20 | INFO | Raw Schedule (before smoothing): 3.995 MW
2026-03-13 08:50:20 | INFO | Final Scheduled MW: 3.981 MW
2026-03-13 08:50:20 | INFO | Previous Schedule Value: 3.975 MW
2026-03-13 08:50:20 | INFO | --------------------------------------------------------------------------------
2026-03-13 08:50:20 | INFO | --------------------------------------------------------------------------------
2026-03-13 08:50:20 | INFO | BLOCK 47
2026-03-13 08:50:20 | INFO | --------------------------------------------------------------------------------
2026-03-13 08:50:20 | INFO | --- METERED DATA ---
2026-03-13 08:50:20 | INFO | Metered Value: NOT YET AVAILABLE
2026-03-13 08:50:20 | INFO | Last Two Metered Values (for trend): ['1.416', '1.736']
2026-03-13 08:50:20 | INFO | --- FORECAST DATA ---
2026-03-13 08:50:20 | INFO | Intraday Forecast (Enercast): 4.060 MW
2026-03-13 08:50:20 | INFO | Day-ahead Forecast (Enercast): 4.060 MW
2026-03-13 08:50:20 | INFO | Base Forecast (raw, before curtailment/shutdown): 3.979 MW
2026-03-13 08:50:20 | INFO | Base Forecast (used for schedule): 3.979 MW
2026-03-13 08:50:20 | INFO | Effective Base Forecast (after curtailment/shutdown): 3.979 MW
2026-03-13 08:50:20 | INFO | Base Blend Inputs: meter_ref=0.000 MW, meter_factor=1.000, meter_weight=0.020
2026-03-13 08:50:20 | INFO | Plant Status: NORMAL
2026-03-13 08:50:20 | INFO | Effective Base Forecast = Base Forecast (raw) = 3.979 MW
2026-03-13 08:50:20 | INFO | --- WEATHER PARAMETERS ---
2026-03-13 08:50:20 | INFO | GTI: 876.0 W/m^2
2026-03-13 08:50:20 | INFO | DHI: 186.0 W/m^2
2026-03-13 08:50:20 | INFO | DNI: 0.0 W/m^2
2026-03-13 08:50:20 | INFO | Irradiance Ratio (GTI/MAX_GTI): 0.924
2026-03-13 08:50:20 | INFO | Diffuse Ratio (current): 0.212
2026-03-13 08:50:20 | INFO | Irradiance State: STABLE_CLEAR
2026-03-13 08:50:20 | INFO | Temp @ 2m: 31.91 C
2026-03-13 08:50:20 | INFO | Wind @ 10m: 10.04 m/s
2026-03-13 08:50:20 | INFO | Weather State: NORMAL
2026-03-13 08:50:20 | INFO | Dynamic Thresholds: cloud_thr=0.1252, shift_thr=0.1242
2026-03-13 08:50:20 | INFO | Multipliers: irradiance=0.85x, temp=0.90x, wind=0.95x
2026-03-13 08:50:20 | INFO | Weather Multiplier (combined): 0.73x
2026-03-13 08:50:20 | INFO | Abrupt Weather Change Detected: False
2026-03-13 08:50:20 | INFO | --- TREND ANALYSIS ---
2026-03-13 08:50:20 | INFO | Trend series (oldest -> latest):
2026-03-13 08:50:20 | INFO |   Block 46: 3.990 MW (source: INTRADAY_FALLBACK)
2026-03-13 08:50:20 | INFO |   Block 45: 3.900 MW (source: INTRADAY_FALLBACK)
2026-03-13 08:50:20 | INFO |   Block 44: 3.790 MW (source: INTRADAY_FALLBACK)
2026-03-13 08:50:20 | INFO |   Block 43: 3.670 MW (source: INTRADAY_FALLBACK)
2026-03-13 08:50:20 | INFO | Trend values used for slope calc: B46=3.990(INTRADAY_FALLBACK), B45=3.900(INTRADAY_FALLBACK), B44=3.790(INTRADAY_FALLBACK), B43=3.670(INTRADAY_FALLBACK)
2026-03-13 08:50:20 | INFO | Detected Trend Type: INCREASING
2026-03-13 08:50:20 | INFO | Trend Slope Percentage: 8.73%
2026-03-13 08:50:20 | INFO | Trend EPS Threshold: 1.50%
2026-03-13 08:50:20 | INFO | --- SCHEDULE CALCULATION ---
2026-03-13 08:50:20 | INFO | Condition Applied: CONDITION_3
2026-03-13 08:50:20 | INFO | Effective Base Forecast Used for Adjustments: 3.979 MW
2026-03-13 08:50:20 | INFO | Condition-3 (Phase-6) Applied:
2026-03-13 08:50:20 | INFO |   Forecast Mismatch: Intraday (4.060) != Day-ahead (4.060)
2026-03-13 08:50:20 | INFO |   Operation: ADD
2026-03-13 08:50:20 | INFO |   Base Adjustment %: 3.00%
2026-03-13 08:50:20 | INFO |   Irradiance Multiplier: 0.85x
2026-03-13 08:50:20 | INFO |   Temp Multiplier: 0.90x
2026-03-13 08:50:20 | INFO |   Wind Multiplier: 0.95x
2026-03-13 08:50:20 | INFO |   Weather Multiplier: 0.73x
2026-03-13 08:50:20 | INFO |   Final Adjustment %: 2.18%
2026-03-13 08:50:20 | INFO |   Calculation: 3.979 MW * (1 + 2.18% / 100)
2026-03-13 08:50:20 | INFO |   Formula (expanded): raw=3.9788*(1+2.1803/100)=4.0655
2026-03-13 08:50:20 | INFO | --- FINAL RESULT ---
2026-03-13 08:50:20 | INFO | Raw Schedule (before smoothing): 4.066 MW
2026-03-13 08:50:20 | INFO | Final Scheduled MW: 4.059 MW
2026-03-13 08:50:20 | INFO | Previous Schedule Value: 4.056 MW
2026-03-13 08:50:20 | INFO | --------------------------------------------------------------------------------
2026-03-13 08:50:20 | INFO | --------------------------------------------------------------------------------
2026-03-13 08:50:20 | INFO | BLOCK 48
2026-03-13 08:50:20 | INFO | --------------------------------------------------------------------------------
2026-03-13 08:50:20 | INFO | --- METERED DATA ---
2026-03-13 08:50:20 | INFO | Metered Value: NOT YET AVAILABLE
2026-03-13 08:50:20 | INFO | Last Two Metered Values (for trend): ['1.416', '1.736']
2026-03-13 08:50:20 | INFO | --- FORECAST DATA ---
2026-03-13 08:50:20 | INFO | Intraday Forecast (Enercast): 4.120 MW
2026-03-13 08:50:20 | INFO | Day-ahead Forecast (Enercast): 4.110 MW
2026-03-13 08:50:20 | INFO | Base Forecast (raw, before curtailment/shutdown): 4.038 MW
2026-03-13 08:50:20 | INFO | Base Forecast (used for schedule): 4.038 MW
2026-03-13 08:50:20 | INFO | Effective Base Forecast (after curtailment/shutdown): 4.038 MW
2026-03-13 08:50:20 | INFO | Base Blend Inputs: meter_ref=0.000 MW, meter_factor=1.000, meter_weight=0.020
2026-03-13 08:50:20 | INFO | Plant Status: NORMAL
2026-03-13 08:50:20 | INFO | Effective Base Forecast = Base Forecast (raw) = 4.038 MW
2026-03-13 08:50:20 | INFO | --- WEATHER PARAMETERS ---
2026-03-13 08:50:20 | INFO | GTI: 909.0 W/m^2
2026-03-13 08:50:20 | INFO | DHI: 163.0 W/m^2
2026-03-13 08:50:20 | INFO | DNI: 0.0 W/m^2
2026-03-13 08:50:20 | INFO | Irradiance Ratio (GTI/MAX_GTI): 0.959
2026-03-13 08:50:20 | INFO | Diffuse Ratio (current): 0.179
2026-03-13 08:50:20 | INFO | Irradiance State: STABLE_CLEAR
2026-03-13 08:50:20 | INFO | Temp @ 2m: 32.26 C
2026-03-13 08:50:20 | INFO | Wind @ 10m: 9.89 m/s
2026-03-13 08:50:20 | INFO | Weather State: NORMAL
2026-03-13 08:50:20 | INFO | Dynamic Thresholds: cloud_thr=0.1252, shift_thr=0.1242
2026-03-13 08:50:20 | INFO | Multipliers: irradiance=0.85x, temp=0.90x, wind=0.95x
2026-03-13 08:50:20 | INFO | Weather Multiplier (combined): 0.73x
2026-03-13 08:50:20 | INFO | Abrupt Weather Change Detected: False
2026-03-13 08:50:20 | INFO | --- TREND ANALYSIS ---
2026-03-13 08:50:20 | INFO | Trend series (oldest -> latest):
2026-03-13 08:50:20 | INFO |   Block 47: 4.060 MW (source: INTRADAY_FALLBACK)
2026-03-13 08:50:20 | INFO |   Block 46: 3.990 MW (source: INTRADAY_FALLBACK)
2026-03-13 08:50:20 | INFO |   Block 45: 3.900 MW (source: INTRADAY_FALLBACK)
2026-03-13 08:50:20 | INFO |   Block 44: 3.790 MW (source: INTRADAY_FALLBACK)
2026-03-13 08:50:20 | INFO | Trend values used for slope calc: B47=4.060(INTRADAY_FALLBACK), B46=3.990(INTRADAY_FALLBACK), B45=3.900(INTRADAY_FALLBACK), B44=3.790(INTRADAY_FALLBACK)
2026-03-13 08:50:20 | INFO | Detected Trend Type: INCREASING
2026-03-13 08:50:20 | INFO | Trend Slope Percentage: 7.11%
2026-03-13 08:50:20 | INFO | Trend EPS Threshold: 1.50%
2026-03-13 08:50:20 | INFO | --- SCHEDULE CALCULATION ---
2026-03-13 08:50:20 | INFO | Condition Applied: CONDITION_3
2026-03-13 08:50:20 | INFO | Effective Base Forecast Used for Adjustments: 4.038 MW
2026-03-13 08:50:20 | INFO | Condition-3 (Phase-6) Applied:
2026-03-13 08:50:20 | INFO |   Forecast Mismatch: Intraday (4.120) != Day-ahead (4.110)
2026-03-13 08:50:20 | INFO |   Operation: ADD
2026-03-13 08:50:20 | INFO |   Base Adjustment %: 3.00%
2026-03-13 08:50:20 | INFO |   Irradiance Multiplier: 0.85x
2026-03-13 08:50:20 | INFO |   Temp Multiplier: 0.90x
2026-03-13 08:50:20 | INFO |   Wind Multiplier: 0.95x
2026-03-13 08:50:20 | INFO |   Weather Multiplier: 0.73x
2026-03-13 08:50:20 | INFO |   Final Adjustment %: 2.18%
2026-03-13 08:50:20 | INFO |   Calculation: 4.038 MW * (1 + 2.18% / 100)
2026-03-13 08:50:20 | INFO |   Formula (expanded): raw=4.0376*(1+2.1803/100)=4.1256
2026-03-13 08:50:20 | INFO | --- FINAL RESULT ---
2026-03-13 08:50:20 | INFO | Raw Schedule (before smoothing): 4.126 MW
2026-03-13 08:50:20 | INFO | Final Scheduled MW: 4.119 MW
2026-03-13 08:50:20 | INFO | Previous Schedule Value: 4.116 MW
2026-03-13 08:50:20 | INFO | --------------------------------------------------------------------------------
2026-03-13 08:50:20 | INFO | --------------------------------------------------------------------------------
2026-03-13 08:50:20 | INFO | BLOCK 49
2026-03-13 08:50:20 | INFO | --------------------------------------------------------------------------------
2026-03-13 08:50:20 | INFO | --- METERED DATA ---
2026-03-13 08:50:20 | INFO | Metered Value: NOT YET AVAILABLE
2026-03-13 08:50:20 | INFO | Last Two Metered Values (for trend): ['1.416', '1.736']
2026-03-13 08:50:20 | INFO | --- FORECAST DATA ---
2026-03-13 08:50:20 | INFO | Intraday Forecast (Enercast): 4.160 MW
2026-03-13 08:50:20 | INFO | Day-ahead Forecast (Enercast): 4.150 MW
2026-03-13 08:50:20 | INFO | Base Forecast (raw, before curtailment/shutdown): 4.077 MW
2026-03-13 08:50:20 | INFO | Base Forecast (used for schedule): 4.077 MW
2026-03-13 08:50:20 | INFO | Effective Base Forecast (after curtailment/shutdown): 4.077 MW
2026-03-13 08:50:20 | INFO | Base Blend Inputs: meter_ref=0.000 MW, meter_factor=1.000, meter_weight=0.020
2026-03-13 08:50:20 | INFO | Plant Status: NORMAL
2026-03-13 08:50:20 | INFO | Effective Base Forecast = Base Forecast (raw) = 4.077 MW
2026-03-13 08:50:20 | INFO | --- WEATHER PARAMETERS ---
2026-03-13 08:50:20 | INFO | GTI: 934.0 W/m^2
2026-03-13 08:50:20 | INFO | DHI: 147.0 W/m^2
2026-03-13 08:50:20 | INFO | DNI: 0.0 W/m^2
2026-03-13 08:50:20 | INFO | Irradiance Ratio (GTI/MAX_GTI): 0.985
2026-03-13 08:50:20 | INFO | Diffuse Ratio (current): 0.157
2026-03-13 08:50:20 | INFO | Irradiance State: STABLE_CLEAR
2026-03-13 08:50:20 | INFO | Temp @ 2m: 32.61 C
2026-03-13 08:50:20 | INFO | Wind @ 10m: 10.14 m/s
2026-03-13 08:50:20 | INFO | Weather State: NORMAL
2026-03-13 08:50:20 | INFO | Dynamic Thresholds: cloud_thr=0.1252, shift_thr=0.1242
2026-03-13 08:50:20 | INFO | Multipliers: irradiance=0.85x, temp=0.90x, wind=0.95x
2026-03-13 08:50:20 | INFO | Weather Multiplier (combined): 0.73x
2026-03-13 08:50:20 | INFO | Abrupt Weather Change Detected: False
2026-03-13 08:50:20 | INFO | --- TREND ANALYSIS ---
2026-03-13 08:50:20 | INFO | Trend series (oldest -> latest):
2026-03-13 08:50:20 | INFO |   Block 48: 4.120 MW (source: INTRADAY_FALLBACK)
2026-03-13 08:50:20 | INFO |   Block 47: 4.060 MW (source: INTRADAY_FALLBACK)
2026-03-13 08:50:20 | INFO |   Block 46: 3.990 MW (source: INTRADAY_FALLBACK)
2026-03-13 08:50:20 | INFO |   Block 45: 3.900 MW (source: INTRADAY_FALLBACK)
2026-03-13 08:50:20 | INFO | Trend values used for slope calc: B48=4.120(INTRADAY_FALLBACK), B47=4.060(INTRADAY_FALLBACK), B46=3.990(INTRADAY_FALLBACK), B45=3.900(INTRADAY_FALLBACK)
2026-03-13 08:50:20 | INFO | Detected Trend Type: INCREASING
2026-03-13 08:50:20 | INFO | Trend Slope Percentage: 5.60%
2026-03-13 08:50:20 | INFO | Trend EPS Threshold: 1.50%
2026-03-13 08:50:20 | INFO | --- SCHEDULE CALCULATION ---
2026-03-13 08:50:20 | INFO | Condition Applied: CONDITION_3
2026-03-13 08:50:20 | INFO | Effective Base Forecast Used for Adjustments: 4.077 MW
2026-03-13 08:50:20 | INFO | Condition-3 (Phase-6) Applied:
2026-03-13 08:50:20 | INFO |   Forecast Mismatch: Intraday (4.160) != Day-ahead (4.150)
2026-03-13 08:50:20 | INFO |   Operation: ADD
2026-03-13 08:50:20 | INFO |   Base Adjustment %: 2.00%
2026-03-13 08:50:20 | INFO |   Irradiance Multiplier: 0.85x
2026-03-13 08:50:20 | INFO |   Temp Multiplier: 0.90x
2026-03-13 08:50:20 | INFO |   Wind Multiplier: 0.95x
2026-03-13 08:50:20 | INFO |   Weather Multiplier: 0.73x
2026-03-13 08:50:20 | INFO |   Final Adjustment %: 1.45%
2026-03-13 08:50:20 | INFO |   Calculation: 4.077 MW * (1 + 1.45% / 100)
2026-03-13 08:50:20 | INFO |   Formula (expanded): raw=4.0768*(1+1.4535/100)=4.1361
2026-03-13 08:50:20 | INFO | --- FINAL RESULT ---
2026-03-13 08:50:20 | INFO | Raw Schedule (before smoothing): 4.136 MW
2026-03-13 08:50:20 | INFO | Final Scheduled MW: 4.129 MW
2026-03-13 08:50:20 | INFO | Previous Schedule Value: 4.126 MW
2026-03-13 08:50:20 | INFO | --------------------------------------------------------------------------------
2026-03-13 08:50:20 | INFO | --------------------------------------------------------------------------------
2026-03-13 08:50:20 | INFO | BLOCK 50
2026-03-13 08:50:20 | INFO | --------------------------------------------------------------------------------
2026-03-13 08:50:20 | INFO | --- METERED DATA ---
2026-03-13 08:50:20 | INFO | Metered Value: NOT YET AVAILABLE
2026-03-13 08:50:20 | INFO | Last Two Metered Values (for trend): ['1.416', '1.736']
2026-03-13 08:50:20 | INFO | --- FORECAST DATA ---
2026-03-13 08:50:20 | INFO | Intraday Forecast (Enercast): 4.180 MW
2026-03-13 08:50:20 | INFO | Day-ahead Forecast (Enercast): 4.170 MW
2026-03-13 08:50:20 | INFO | Base Forecast (raw, before curtailment/shutdown): 4.096 MW
2026-03-13 08:50:20 | INFO | Base Forecast (used for schedule): 4.096 MW
2026-03-13 08:50:20 | INFO | Effective Base Forecast (after curtailment/shutdown): 4.096 MW
2026-03-13 08:50:20 | INFO | Base Blend Inputs: meter_ref=0.000 MW, meter_factor=1.000, meter_weight=0.020
2026-03-13 08:50:20 | INFO | Plant Status: NORMAL
2026-03-13 08:50:20 | INFO | Effective Base Forecast = Base Forecast (raw) = 4.096 MW
2026-03-13 08:50:20 | INFO | --- WEATHER PARAMETERS ---
2026-03-13 08:50:20 | INFO | GTI: 947.0 W/m^2
2026-03-13 08:50:20 | INFO | DHI: 148.0 W/m^2
2026-03-13 08:50:20 | INFO | DNI: 0.0 W/m^2
2026-03-13 08:50:20 | INFO | Irradiance Ratio (GTI/MAX_GTI): 0.999
2026-03-13 08:50:20 | INFO | Diffuse Ratio (current): 0.156
2026-03-13 08:50:20 | INFO | Irradiance State: STABLE_CLEAR
2026-03-13 08:50:20 | INFO | Temp @ 2m: 32.96 C
2026-03-13 08:50:20 | INFO | Wind @ 10m: 10.08 m/s
2026-03-13 08:50:20 | INFO | Weather State: NORMAL
2026-03-13 08:50:20 | INFO | Dynamic Thresholds: cloud_thr=0.1252, shift_thr=0.1242
2026-03-13 08:50:20 | INFO | Multipliers: irradiance=0.85x, temp=0.90x, wind=0.95x
2026-03-13 08:50:20 | INFO | Weather Multiplier (combined): 0.73x
2026-03-13 08:50:20 | INFO | Abrupt Weather Change Detected: False
2026-03-13 08:50:20 | INFO | --- TREND ANALYSIS ---
2026-03-13 08:50:20 | INFO | Trend series (oldest -> latest):
2026-03-13 08:50:20 | INFO |   Block 49: 4.160 MW (source: INTRADAY_FALLBACK)
2026-03-13 08:50:20 | INFO |   Block 48: 4.120 MW (source: INTRADAY_FALLBACK)
2026-03-13 08:50:20 | INFO |   Block 47: 4.060 MW (source: INTRADAY_FALLBACK)
2026-03-13 08:50:20 | INFO |   Block 46: 3.990 MW (source: INTRADAY_FALLBACK)
2026-03-13 08:50:20 | INFO | Trend values used for slope calc: B49=4.160(INTRADAY_FALLBACK), B48=4.120(INTRADAY_FALLBACK), B47=4.060(INTRADAY_FALLBACK), B46=3.990(INTRADAY_FALLBACK)
2026-03-13 08:50:20 | INFO | Detected Trend Type: INCREASING
2026-03-13 08:50:20 | INFO | Trend Slope Percentage: 4.28%
2026-03-13 08:50:20 | INFO | Trend EPS Threshold: 1.50%
2026-03-13 08:50:20 | INFO | --- SCHEDULE CALCULATION ---
2026-03-13 08:50:20 | INFO | Condition Applied: CONDITION_3
2026-03-13 08:50:20 | INFO | Effective Base Forecast Used for Adjustments: 4.096 MW
2026-03-13 08:50:20 | INFO | Condition-3 (Phase-6) Applied:
2026-03-13 08:50:20 | INFO |   Forecast Mismatch: Intraday (4.180) != Day-ahead (4.170)
2026-03-13 08:50:20 | INFO |   Operation: ADD
2026-03-13 08:50:20 | INFO |   Base Adjustment %: 2.00%
2026-03-13 08:50:20 | INFO |   Irradiance Multiplier: 0.85x
2026-03-13 08:50:20 | INFO |   Temp Multiplier: 0.90x
2026-03-13 08:50:20 | INFO |   Wind Multiplier: 0.95x
2026-03-13 08:50:20 | INFO |   Weather Multiplier: 0.73x
2026-03-13 08:50:20 | INFO |   Final Adjustment %: 1.45%
2026-03-13 08:50:20 | INFO |   Calculation: 4.096 MW * (1 + 1.45% / 100)
2026-03-13 08:50:20 | INFO |   Formula (expanded): raw=4.0964*(1+1.4535/100)=4.1559
2026-03-13 08:50:20 | INFO | --- FINAL RESULT ---
2026-03-13 08:50:20 | INFO | Raw Schedule (before smoothing): 4.156 MW
2026-03-13 08:50:20 | INFO | Final Scheduled MW: 4.156 MW
2026-03-13 08:50:20 | INFO | Previous Schedule Value: 4.156 MW
2026-03-13 08:50:20 | INFO | --------------------------------------------------------------------------------
2026-03-13 08:50:20 | INFO | --------------------------------------------------------------------------------
2026-03-13 08:50:20 | INFO | BLOCK 51
2026-03-13 08:50:20 | INFO | --------------------------------------------------------------------------------
2026-03-13 08:50:20 | INFO | --- METERED DATA ---
2026-03-13 08:50:20 | INFO | Metered Value: NOT YET AVAILABLE
2026-03-13 08:50:20 | INFO | Last Two Metered Values (for trend): ['1.416', '1.736']
2026-03-13 08:50:20 | INFO | --- FORECAST DATA ---
2026-03-13 08:50:20 | INFO | Intraday Forecast (Enercast): 4.180 MW
2026-03-13 08:50:20 | INFO | Day-ahead Forecast (Enercast): 4.190 MW
2026-03-13 08:50:20 | INFO | Base Forecast (raw, before curtailment/shutdown): 4.096 MW
2026-03-13 08:50:20 | INFO | Base Forecast (used for schedule): 4.096 MW
2026-03-13 08:50:20 | INFO | Effective Base Forecast (after curtailment/shutdown): 4.096 MW
2026-03-13 08:50:20 | INFO | Base Blend Inputs: meter_ref=0.000 MW, meter_factor=1.000, meter_weight=0.020
2026-03-13 08:50:20 | INFO | Plant Status: NORMAL
2026-03-13 08:50:20 | INFO | Effective Base Forecast = Base Forecast (raw) = 4.096 MW
2026-03-13 08:50:20 | INFO | --- WEATHER PARAMETERS ---
2026-03-13 08:50:20 | INFO | GTI: 948.0 W/m^2
2026-03-13 08:50:20 | INFO | DHI: 168.0 W/m^2
2026-03-13 08:50:20 | INFO | DNI: 0.0 W/m^2
2026-03-13 08:50:20 | INFO | Irradiance Ratio (GTI/MAX_GTI): 1.000
2026-03-13 08:50:20 | INFO | Diffuse Ratio (current): 0.177
2026-03-13 08:50:20 | INFO | Irradiance State: STABLE_CLEAR
2026-03-13 08:50:20 | INFO | Temp @ 2m: 33.31 C
2026-03-13 08:50:20 | INFO | Wind @ 10m: 10.45 m/s
2026-03-13 08:50:20 | INFO | Weather State: NORMAL
2026-03-13 08:50:20 | INFO | Dynamic Thresholds: cloud_thr=0.1252, shift_thr=0.1242
2026-03-13 08:50:20 | INFO | Multipliers: irradiance=0.85x, temp=0.90x, wind=0.95x
2026-03-13 08:50:20 | INFO | Weather Multiplier (combined): 0.73x
2026-03-13 08:50:20 | INFO | Abrupt Weather Change Detected: False
2026-03-13 08:50:20 | INFO | --- TREND ANALYSIS ---
2026-03-13 08:50:20 | INFO | Trend series (oldest -> latest):
2026-03-13 08:50:20 | INFO |   Block 50: 4.180 MW (source: INTRADAY_FALLBACK)
2026-03-13 08:50:20 | INFO |   Block 49: 4.160 MW (source: INTRADAY_FALLBACK)
2026-03-13 08:50:20 | INFO |   Block 48: 4.120 MW (source: INTRADAY_FALLBACK)
2026-03-13 08:50:20 | INFO |   Block 47: 4.060 MW (source: INTRADAY_FALLBACK)
2026-03-13 08:50:20 | INFO | Trend values used for slope calc: B50=4.180(INTRADAY_FALLBACK), B49=4.160(INTRADAY_FALLBACK), B48=4.120(INTRADAY_FALLBACK), B47=4.060(INTRADAY_FALLBACK)
2026-03-13 08:50:20 | INFO | Detected Trend Type: INCREASING
2026-03-13 08:50:20 | INFO | Trend Slope Percentage: 2.95%
2026-03-13 08:50:20 | INFO | Trend EPS Threshold: 1.50%
2026-03-13 08:50:20 | INFO | --- SCHEDULE CALCULATION ---
2026-03-13 08:50:20 | INFO | Condition Applied: CONDITION_3
2026-03-13 08:50:20 | INFO | Effective Base Forecast Used for Adjustments: 4.096 MW
2026-03-13 08:50:20 | INFO | Condition-3 (Phase-6) Applied:
2026-03-13 08:50:20 | INFO |   Forecast Mismatch: Intraday (4.180) != Day-ahead (4.190)
2026-03-13 08:50:20 | INFO |   Operation: ADD
2026-03-13 08:50:20 | INFO |   Base Adjustment %: 1.00%
2026-03-13 08:50:20 | INFO |   Irradiance Multiplier: 0.85x
2026-03-13 08:50:20 | INFO |   Temp Multiplier: 0.90x
2026-03-13 08:50:20 | INFO |   Wind Multiplier: 0.95x
2026-03-13 08:50:20 | INFO |   Weather Multiplier: 0.73x
2026-03-13 08:50:20 | INFO |   Final Adjustment %: 0.73%
2026-03-13 08:50:20 | INFO |   Calculation: 4.096 MW * (1 + 0.73% / 100)
2026-03-13 08:50:20 | INFO |   Formula (expanded): raw=4.0964*(1+0.7268/100)=4.1262
2026-03-13 08:50:20 | INFO | --- FINAL RESULT ---
2026-03-13 08:50:20 | INFO | Raw Schedule (before smoothing): 4.126 MW
2026-03-13 08:50:20 | INFO | Final Scheduled MW: 4.126 MW
2026-03-13 08:50:20 | INFO | Previous Schedule Value: 4.126 MW
2026-03-13 08:50:20 | INFO | --------------------------------------------------------------------------------
2026-03-13 08:50:20 | INFO | --------------------------------------------------------------------------------
2026-03-13 08:50:20 | INFO | BLOCK 52
2026-03-13 08:50:20 | INFO | --------------------------------------------------------------------------------
2026-03-13 08:50:20 | INFO | --- METERED DATA ---
2026-03-13 08:50:20 | INFO | Metered Value: NOT YET AVAILABLE
2026-03-13 08:50:20 | INFO | Last Two Metered Values (for trend): ['1.416', '1.736']
2026-03-13 08:50:20 | INFO | --- FORECAST DATA ---
2026-03-13 08:50:20 | INFO | Intraday Forecast (Enercast): 4.190 MW
2026-03-13 08:50:20 | INFO | Day-ahead Forecast (Enercast): 4.180 MW
2026-03-13 08:50:20 | INFO | Base Forecast (raw, before curtailment/shutdown): 4.106 MW
2026-03-13 08:50:20 | INFO | Base Forecast (used for schedule): 4.106 MW
2026-03-13 08:50:20 | INFO | Effective Base Forecast (after curtailment/shutdown): 4.106 MW
2026-03-13 08:50:20 | INFO | Base Blend Inputs: meter_ref=0.000 MW, meter_factor=1.000, meter_weight=0.020
2026-03-13 08:50:20 | INFO | Plant Status: NORMAL
2026-03-13 08:50:20 | INFO | Effective Base Forecast = Base Forecast (raw) = 4.106 MW
2026-03-13 08:50:20 | INFO | --- WEATHER PARAMETERS ---
2026-03-13 08:50:20 | INFO | GTI: 941.0 W/m^2
2026-03-13 08:50:20 | INFO | DHI: 195.0 W/m^2
2026-03-13 08:50:20 | INFO | DNI: 0.0 W/m^2
2026-03-13 08:50:20 | INFO | Irradiance Ratio (GTI/MAX_GTI): 0.993
2026-03-13 08:50:20 | INFO | Diffuse Ratio (current): 0.207
2026-03-13 08:50:20 | INFO | Irradiance State: STABLE_CLEAR
2026-03-13 08:50:20 | INFO | Temp @ 2m: 33.61 C
2026-03-13 08:50:20 | INFO | Wind @ 10m: 10.81 m/s
2026-03-13 08:50:20 | INFO | Weather State: NORMAL
2026-03-13 08:50:20 | INFO | Dynamic Thresholds: cloud_thr=0.1252, shift_thr=0.1242
2026-03-13 08:50:20 | INFO | Multipliers: irradiance=0.85x, temp=0.90x, wind=0.95x
2026-03-13 08:50:20 | INFO | Weather Multiplier (combined): 0.73x
2026-03-13 08:50:20 | INFO | Abrupt Weather Change Detected: False
2026-03-13 08:50:20 | INFO | --- TREND ANALYSIS ---
2026-03-13 08:50:20 | INFO | Trend series (oldest -> latest):
2026-03-13 08:50:20 | INFO |   Block 51: 4.180 MW (source: INTRADAY_FALLBACK)
2026-03-13 08:50:20 | INFO |   Block 50: 4.180 MW (source: INTRADAY_FALLBACK)
2026-03-13 08:50:20 | INFO |   Block 49: 4.160 MW (source: INTRADAY_FALLBACK)
2026-03-13 08:50:20 | INFO |   Block 48: 4.120 MW (source: INTRADAY_FALLBACK)
2026-03-13 08:50:20 | INFO | Trend values used for slope calc: B51=4.180(INTRADAY_FALLBACK), B50=4.180(INTRADAY_FALLBACK), B49=4.160(INTRADAY_FALLBACK), B48=4.120(INTRADAY_FALLBACK)
2026-03-13 08:50:20 | INFO | Detected Trend Type: FLAT
2026-03-13 08:50:20 | INFO | Trend Slope Percentage: 1.45%
2026-03-13 08:50:20 | INFO | Trend EPS Threshold: 1.50%
2026-03-13 08:50:20 | INFO | --- SCHEDULE CALCULATION ---
2026-03-13 08:50:20 | INFO | Condition Applied: CONDITION_3
2026-03-13 08:50:20 | INFO | Effective Base Forecast Used for Adjustments: 4.106 MW
2026-03-13 08:50:20 | INFO | Condition-3 (Phase-6) Applied:
2026-03-13 08:50:20 | INFO |   Forecast Mismatch: Intraday (4.190) != Day-ahead (4.180)
2026-03-13 08:50:20 | INFO |   Operation: ADD
2026-03-13 08:50:20 | INFO |   Base Adjustment %: 0.00%
2026-03-13 08:50:20 | INFO |   Irradiance Multiplier: 0.85x
2026-03-13 08:50:20 | INFO |   Temp Multiplier: 0.90x
2026-03-13 08:50:20 | INFO |   Wind Multiplier: 0.95x
2026-03-13 08:50:20 | INFO |   Weather Multiplier: 0.73x
2026-03-13 08:50:20 | INFO |   Final Adjustment %: 0.00%
2026-03-13 08:50:20 | INFO |   Calculation: 4.106 MW * (1 + 0.00% / 100)
2026-03-13 08:50:20 | INFO |   Formula (expanded): raw=4.1062*(1+0.0000/100)=4.1062
2026-03-13 08:50:20 | INFO | --- FINAL RESULT ---
2026-03-13 08:50:20 | INFO | Raw Schedule (before smoothing): 4.106 MW
2026-03-13 08:50:20 | INFO | Final Scheduled MW: 4.106 MW
2026-03-13 08:50:20 | INFO | Previous Schedule Value: 4.106 MW
2026-03-13 08:50:20 | INFO | --------------------------------------------------------------------------------
2026-03-13 08:50:20 | INFO | --------------------------------------------------------------------------------
2026-03-13 08:50:20 | INFO | BLOCK 53
2026-03-13 08:50:20 | INFO | --------------------------------------------------------------------------------
2026-03-13 08:50:20 | INFO | --- METERED DATA ---
2026-03-13 08:50:20 | INFO | Metered Value: NOT YET AVAILABLE
2026-03-13 08:50:20 | INFO | Last Two Metered Values (for trend): ['1.416', '1.736']
2026-03-13 08:50:20 | INFO | --- FORECAST DATA ---
2026-03-13 08:50:20 | INFO | Intraday Forecast (Enercast): 4.150 MW
2026-03-13 08:50:20 | INFO | Day-ahead Forecast (Enercast): 4.150 MW
2026-03-13 08:50:20 | INFO | Base Forecast (raw, before curtailment/shutdown): 4.067 MW
2026-03-13 08:50:20 | INFO | Base Forecast (used for schedule): 4.067 MW
2026-03-13 08:50:20 | INFO | Effective Base Forecast (after curtailment/shutdown): 4.067 MW
2026-03-13 08:50:20 | INFO | Base Blend Inputs: meter_ref=0.000 MW, meter_factor=1.000, meter_weight=0.020
2026-03-13 08:50:20 | INFO | Plant Status: NORMAL
2026-03-13 08:50:20 | INFO | Effective Base Forecast = Base Forecast (raw) = 4.067 MW
2026-03-13 08:50:20 | INFO | --- WEATHER PARAMETERS ---
2026-03-13 08:50:20 | INFO | GTI: 930.0 W/m^2
2026-03-13 08:50:20 | INFO | DHI: 217.0 W/m^2
2026-03-13 08:50:20 | INFO | DNI: 0.0 W/m^2
2026-03-13 08:50:20 | INFO | Irradiance Ratio (GTI/MAX_GTI): 0.981
2026-03-13 08:50:20 | INFO | Diffuse Ratio (current): 0.233
2026-03-13 08:50:20 | INFO | Irradiance State: STABLE_CLEAR
2026-03-13 08:50:20 | INFO | Temp @ 2m: 33.86 C
2026-03-13 08:50:20 | INFO | Wind @ 10m: 11.16 m/s
2026-03-13 08:50:20 | INFO | Weather State: NORMAL
2026-03-13 08:50:20 | INFO | Dynamic Thresholds: cloud_thr=0.1252, shift_thr=0.1242
2026-03-13 08:50:20 | INFO | Multipliers: irradiance=0.85x, temp=0.90x, wind=0.95x
2026-03-13 08:50:20 | INFO | Weather Multiplier (combined): 0.73x
2026-03-13 08:50:20 | INFO | Abrupt Weather Change Detected: False
2026-03-13 08:50:20 | INFO | --- TREND ANALYSIS ---
2026-03-13 08:50:20 | INFO | Trend series (oldest -> latest):
2026-03-13 08:50:20 | INFO |   Block 52: 4.190 MW (source: INTRADAY_FALLBACK)
2026-03-13 08:50:20 | INFO |   Block 51: 4.180 MW (source: INTRADAY_FALLBACK)
2026-03-13 08:50:20 | INFO |   Block 50: 4.180 MW (source: INTRADAY_FALLBACK)
2026-03-13 08:50:20 | INFO |   Block 49: 4.160 MW (source: INTRADAY_FALLBACK)
2026-03-13 08:50:20 | INFO | Trend values used for slope calc: B52=4.190(INTRADAY_FALLBACK), B51=4.180(INTRADAY_FALLBACK), B50=4.180(INTRADAY_FALLBACK), B49=4.160(INTRADAY_FALLBACK)
2026-03-13 08:50:20 | INFO | Detected Trend Type: FLAT
2026-03-13 08:50:20 | INFO | Trend Slope Percentage: 0.65%
2026-03-13 08:50:20 | INFO | Trend EPS Threshold: 1.50%
2026-03-13 08:50:20 | INFO | --- SCHEDULE CALCULATION ---
2026-03-13 08:50:20 | INFO | Condition Applied: CONDITION_3
2026-03-13 08:50:20 | INFO | Effective Base Forecast Used for Adjustments: 4.067 MW
2026-03-13 08:50:20 | INFO | Condition-3 (Phase-6) Applied:
2026-03-13 08:50:20 | INFO |   Forecast Mismatch: Intraday (4.150) != Day-ahead (4.150)
2026-03-13 08:50:20 | INFO |   Operation: ADD
2026-03-13 08:50:20 | INFO |   Base Adjustment %: 0.00%
2026-03-13 08:50:20 | INFO |   Irradiance Multiplier: 0.85x
2026-03-13 08:50:20 | INFO |   Temp Multiplier: 0.90x
2026-03-13 08:50:20 | INFO |   Wind Multiplier: 0.95x
2026-03-13 08:50:20 | INFO |   Weather Multiplier: 0.73x
2026-03-13 08:50:20 | INFO |   Final Adjustment %: 0.00%
2026-03-13 08:50:20 | INFO |   Calculation: 4.067 MW * (1 + 0.00% / 100)
2026-03-13 08:50:20 | INFO |   Formula (expanded): raw=4.0670*(1+0.0000/100)=4.0670
2026-03-13 08:50:20 | INFO | --- FINAL RESULT ---
2026-03-13 08:50:20 | INFO | Raw Schedule (before smoothing): 4.067 MW
2026-03-13 08:50:20 | INFO | Final Scheduled MW: 4.067 MW
2026-03-13 08:50:20 | INFO | Previous Schedule Value: 4.067 MW
2026-03-13 08:50:20 | INFO | --------------------------------------------------------------------------------
2026-03-13 08:50:20 | INFO | --------------------------------------------------------------------------------
2026-03-13 08:50:20 | INFO | BLOCK 54
2026-03-13 08:50:20 | INFO | --------------------------------------------------------------------------------
2026-03-13 08:50:20 | INFO | --- METERED DATA ---
2026-03-13 08:50:20 | INFO | Metered Value: NOT YET AVAILABLE
2026-03-13 08:50:20 | INFO | Last Two Metered Values (for trend): ['1.416', '1.736']
2026-03-13 08:50:20 | INFO | --- FORECAST DATA ---
2026-03-13 08:50:20 | INFO | Intraday Forecast (Enercast): 4.090 MW
2026-03-13 08:50:20 | INFO | Day-ahead Forecast (Enercast): 4.080 MW
2026-03-13 08:50:20 | INFO | Base Forecast (raw, before curtailment/shutdown): 4.008 MW
2026-03-13 08:50:20 | INFO | Base Forecast (used for schedule): 4.008 MW
2026-03-13 08:50:20 | INFO | Effective Base Forecast (after curtailment/shutdown): 4.008 MW
2026-03-13 08:50:20 | INFO | Base Blend Inputs: meter_ref=0.000 MW, meter_factor=1.000, meter_weight=0.020
2026-03-13 08:50:20 | INFO | Plant Status: NORMAL
2026-03-13 08:50:20 | INFO | Effective Base Forecast = Base Forecast (raw) = 4.008 MW
2026-03-13 08:50:20 | INFO | --- WEATHER PARAMETERS ---
2026-03-13 08:50:20 | INFO | GTI: 921.0 W/m^2
2026-03-13 08:50:20 | INFO | DHI: 222.0 W/m^2
2026-03-13 08:50:20 | INFO | DNI: 0.0 W/m^2
2026-03-13 08:50:20 | INFO | Irradiance Ratio (GTI/MAX_GTI): 0.972
2026-03-13 08:50:20 | INFO | Diffuse Ratio (current): 0.241
2026-03-13 08:50:20 | INFO | Irradiance State: STABLE_CLEAR
2026-03-13 08:50:20 | INFO | Temp @ 2m: 34.11 C
2026-03-13 08:50:20 | INFO | Wind @ 10m: 11.17 m/s
2026-03-13 08:50:20 | INFO | Weather State: NORMAL
2026-03-13 08:50:20 | INFO | Dynamic Thresholds: cloud_thr=0.1252, shift_thr=0.1242
2026-03-13 08:50:20 | INFO | Multipliers: irradiance=0.85x, temp=0.90x, wind=0.95x
2026-03-13 08:50:20 | INFO | Weather Multiplier (combined): 0.73x
2026-03-13 08:50:20 | INFO | Abrupt Weather Change Detected: False
2026-03-13 08:50:20 | INFO | --- TREND ANALYSIS ---
2026-03-13 08:50:20 | INFO | Trend series (oldest -> latest):
2026-03-13 08:50:20 | INFO |   Block 53: 4.150 MW (source: INTRADAY_FALLBACK)
2026-03-13 08:50:20 | INFO |   Block 52: 4.190 MW (source: INTRADAY_FALLBACK)
2026-03-13 08:50:20 | INFO |   Block 51: 4.180 MW (source: INTRADAY_FALLBACK)
2026-03-13 08:50:20 | INFO |   Block 50: 4.180 MW (source: INTRADAY_FALLBACK)
2026-03-13 08:50:20 | INFO | Trend values used for slope calc: B53=4.150(INTRADAY_FALLBACK), B52=4.190(INTRADAY_FALLBACK), B51=4.180(INTRADAY_FALLBACK), B50=4.180(INTRADAY_FALLBACK)
2026-03-13 08:50:20 | INFO | Detected Trend Type: FLAT
2026-03-13 08:50:20 | INFO | Trend Slope Percentage: -0.57%
2026-03-13 08:50:20 | INFO | Trend EPS Threshold: 1.50%
2026-03-13 08:50:20 | INFO | --- SCHEDULE CALCULATION ---
2026-03-13 08:50:20 | INFO | Condition Applied: CONDITION_3
2026-03-13 08:50:20 | INFO | Effective Base Forecast Used for Adjustments: 4.008 MW
2026-03-13 08:50:20 | INFO | Condition-3 (Phase-6) Applied:
2026-03-13 08:50:20 | INFO |   Forecast Mismatch: Intraday (4.090) != Day-ahead (4.080)
2026-03-13 08:50:20 | INFO |   Operation: ADD
2026-03-13 08:50:20 | INFO |   Base Adjustment %: 0.00%
2026-03-13 08:50:20 | INFO |   Irradiance Multiplier: 0.85x
2026-03-13 08:50:20 | INFO |   Temp Multiplier: 0.90x
2026-03-13 08:50:20 | INFO |   Wind Multiplier: 0.95x
2026-03-13 08:50:20 | INFO |   Weather Multiplier: 0.73x
2026-03-13 08:50:20 | INFO |   Final Adjustment %: 0.00%
2026-03-13 08:50:20 | INFO |   Calculation: 4.008 MW * (1 + 0.00% / 100)
2026-03-13 08:50:20 | INFO |   Formula (expanded): raw=4.0082*(1+0.0000/100)=4.0082
2026-03-13 08:50:20 | INFO | --- FINAL RESULT ---
2026-03-13 08:50:20 | INFO | Raw Schedule (before smoothing): 4.008 MW
2026-03-13 08:50:20 | INFO | Final Scheduled MW: 4.008 MW
2026-03-13 08:50:20 | INFO | Previous Schedule Value: 4.008 MW
2026-03-13 08:50:20 | INFO | --------------------------------------------------------------------------------
2026-03-13 08:50:20 | INFO | --------------------------------------------------------------------------------
2026-03-13 08:50:20 | INFO | BLOCK 55
2026-03-13 08:50:20 | INFO | --------------------------------------------------------------------------------
2026-03-13 08:50:20 | INFO | --- METERED DATA ---
2026-03-13 08:50:20 | INFO | Metered Value: NOT YET AVAILABLE
2026-03-13 08:50:20 | INFO | Last Two Metered Values (for trend): ['1.416', '1.736']
2026-03-13 08:50:20 | INFO | --- FORECAST DATA ---
2026-03-13 08:50:20 | INFO | Intraday Forecast (Enercast): 4.020 MW
2026-03-13 08:50:20 | INFO | Day-ahead Forecast (Enercast): 4.000 MW
2026-03-13 08:50:20 | INFO | Base Forecast (raw, before curtailment/shutdown): 3.940 MW
2026-03-13 08:50:20 | INFO | Base Forecast (used for schedule): 3.940 MW
2026-03-13 08:50:20 | INFO | Effective Base Forecast (after curtailment/shutdown): 3.940 MW
2026-03-13 08:50:20 | INFO | Base Blend Inputs: meter_ref=0.000 MW, meter_factor=1.000, meter_weight=0.020
2026-03-13 08:50:20 | INFO | Plant Status: NORMAL
2026-03-13 08:50:20 | INFO | Effective Base Forecast = Base Forecast (raw) = 3.940 MW
2026-03-13 08:50:20 | INFO | --- WEATHER PARAMETERS ---
2026-03-13 08:50:20 | INFO | GTI: 912.0 W/m^2
2026-03-13 08:50:20 | INFO | DHI: 215.0 W/m^2
2026-03-13 08:50:20 | INFO | DNI: 0.0 W/m^2
2026-03-13 08:50:20 | INFO | Irradiance Ratio (GTI/MAX_GTI): 0.962
2026-03-13 08:50:20 | INFO | Diffuse Ratio (current): 0.236
2026-03-13 08:50:20 | INFO | Irradiance State: STABLE_CLEAR
2026-03-13 08:50:20 | INFO | Temp @ 2m: 34.36 C
2026-03-13 08:50:20 | INFO | Wind @ 10m: 11.54 m/s
2026-03-13 08:50:20 | INFO | Weather State: NORMAL
2026-03-13 08:50:20 | INFO | Dynamic Thresholds: cloud_thr=0.1252, shift_thr=0.1242
2026-03-13 08:50:20 | INFO | Multipliers: irradiance=0.85x, temp=0.90x, wind=0.95x
2026-03-13 08:50:20 | INFO | Weather Multiplier (combined): 0.73x
2026-03-13 08:50:20 | INFO | Abrupt Weather Change Detected: False
2026-03-13 08:50:20 | INFO | --- TREND ANALYSIS ---
2026-03-13 08:50:20 | INFO | Trend series (oldest -> latest):
2026-03-13 08:50:20 | INFO |   Block 54: 4.090 MW (source: INTRADAY_FALLBACK)
2026-03-13 08:50:20 | INFO |   Block 53: 4.150 MW (source: INTRADAY_FALLBACK)
2026-03-13 08:50:20 | INFO |   Block 52: 4.190 MW (source: INTRADAY_FALLBACK)
2026-03-13 08:50:20 | INFO |   Block 51: 4.180 MW (source: INTRADAY_FALLBACK)
2026-03-13 08:50:20 | INFO | Trend values used for slope calc: B54=4.090(INTRADAY_FALLBACK), B53=4.150(INTRADAY_FALLBACK), B52=4.190(INTRADAY_FALLBACK), B51=4.180(INTRADAY_FALLBACK)
2026-03-13 08:50:20 | INFO | Detected Trend Type: DECREASING
2026-03-13 08:50:20 | INFO | Trend Slope Percentage: -2.21%
2026-03-13 08:50:20 | INFO | Trend EPS Threshold: 1.50%
2026-03-13 08:50:20 | INFO | --- SCHEDULE CALCULATION ---
2026-03-13 08:50:20 | INFO | Condition Applied: CONDITION_3
2026-03-13 08:50:20 | INFO | Effective Base Forecast Used for Adjustments: 3.940 MW
2026-03-13 08:50:20 | INFO | Condition-3 (Phase-6) Applied:
2026-03-13 08:50:20 | INFO |   Forecast Mismatch: Intraday (4.020) != Day-ahead (4.000)
2026-03-13 08:50:20 | INFO |   Operation: SUBTRACT
2026-03-13 08:50:20 | INFO |   Base Adjustment %: 1.00%
2026-03-13 08:50:20 | INFO |   Irradiance Multiplier: 0.85x
2026-03-13 08:50:20 | INFO |   Temp Multiplier: 0.90x
2026-03-13 08:50:20 | INFO |   Wind Multiplier: 0.95x
2026-03-13 08:50:20 | INFO |   Weather Multiplier: 0.73x
2026-03-13 08:50:20 | INFO |   Final Adjustment %: -0.73%
2026-03-13 08:50:20 | INFO |   Calculation: 3.940 MW * (1 + -0.73% / 100)
2026-03-13 08:50:20 | INFO |   Formula (expanded): raw=3.9396*(1+-0.7268/100)=3.9110
2026-03-13 08:50:20 | INFO | --- FINAL RESULT ---
2026-03-13 08:50:20 | INFO | Raw Schedule (before smoothing): 3.911 MW
2026-03-13 08:50:20 | INFO | Final Scheduled MW: 3.911 MW
2026-03-13 08:50:20 | INFO | Previous Schedule Value: 3.911 MW
2026-03-13 08:50:20 | INFO | --------------------------------------------------------------------------------
2026-03-13 08:50:20 | INFO | --------------------------------------------------------------------------------
2026-03-13 08:50:20 | INFO | BLOCK 56
2026-03-13 08:50:20 | INFO | --------------------------------------------------------------------------------
2026-03-13 08:50:20 | INFO | --- METERED DATA ---
2026-03-13 08:50:20 | INFO | Metered Value: NOT YET AVAILABLE
2026-03-13 08:50:20 | INFO | Last Two Metered Values (for trend): ['1.416', '1.736']
2026-03-13 08:50:20 | INFO | --- FORECAST DATA ---
2026-03-13 08:50:20 | INFO | Intraday Forecast (Enercast): 3.920 MW
2026-03-13 08:50:20 | INFO | Day-ahead Forecast (Enercast): 3.900 MW
2026-03-13 08:50:20 | INFO | Base Forecast (raw, before curtailment/shutdown): 3.842 MW
2026-03-13 08:50:20 | INFO | Base Forecast (used for schedule): 3.842 MW
2026-03-13 08:50:20 | INFO | Effective Base Forecast (after curtailment/shutdown): 3.842 MW
2026-03-13 08:50:20 | INFO | Base Blend Inputs: meter_ref=0.000 MW, meter_factor=1.000, meter_weight=0.020
2026-03-13 08:50:20 | INFO | Plant Status: NORMAL
2026-03-13 08:50:20 | INFO | Effective Base Forecast = Base Forecast (raw) = 3.842 MW
2026-03-13 08:50:20 | INFO | --- WEATHER PARAMETERS ---
2026-03-13 08:50:20 | INFO | GTI: 901.0 W/m^2
2026-03-13 08:50:20 | INFO | DHI: 202.0 W/m^2
2026-03-13 08:50:20 | INFO | DNI: 0.0 W/m^2
2026-03-13 08:50:20 | INFO | Irradiance Ratio (GTI/MAX_GTI): 0.950
2026-03-13 08:50:20 | INFO | Diffuse Ratio (current): 0.224
2026-03-13 08:50:20 | INFO | Irradiance State: STABLE_CLEAR
2026-03-13 08:50:20 | INFO | Temp @ 2m: 34.56 C
2026-03-13 08:50:20 | INFO | Wind @ 10m: 11.93 m/s
2026-03-13 08:50:20 | INFO | Weather State: NORMAL
2026-03-13 08:50:20 | INFO | Dynamic Thresholds: cloud_thr=0.1252, shift_thr=0.1242
2026-03-13 08:50:20 | INFO | Multipliers: irradiance=0.85x, temp=0.90x, wind=0.95x
2026-03-13 08:50:20 | INFO | Weather Multiplier (combined): 0.73x
2026-03-13 08:50:20 | INFO | Abrupt Weather Change Detected: False
2026-03-13 08:50:20 | INFO | --- TREND ANALYSIS ---
2026-03-13 08:50:20 | INFO | Trend series (oldest -> latest):
2026-03-13 08:50:20 | INFO |   Block 55: 4.020 MW (source: INTRADAY_FALLBACK)
2026-03-13 08:50:20 | INFO |   Block 54: 4.090 MW (source: INTRADAY_FALLBACK)
2026-03-13 08:50:20 | INFO |   Block 53: 4.150 MW (source: INTRADAY_FALLBACK)
2026-03-13 08:50:20 | INFO |   Block 52: 4.190 MW (source: INTRADAY_FALLBACK)
2026-03-13 08:50:20 | INFO | Trend values used for slope calc: B55=4.020(INTRADAY_FALLBACK), B54=4.090(INTRADAY_FALLBACK), B53=4.150(INTRADAY_FALLBACK), B52=4.190(INTRADAY_FALLBACK)
2026-03-13 08:50:20 | INFO | Detected Trend Type: DECREASING
2026-03-13 08:50:20 | INFO | Trend Slope Percentage: -4.07%
2026-03-13 08:50:20 | INFO | Trend EPS Threshold: 1.50%
2026-03-13 08:50:20 | INFO | --- SCHEDULE CALCULATION ---
2026-03-13 08:50:20 | INFO | Condition Applied: CONDITION_3
2026-03-13 08:50:20 | INFO | Effective Base Forecast Used for Adjustments: 3.842 MW
2026-03-13 08:50:20 | INFO | Condition-3 (Phase-6) Applied:
2026-03-13 08:50:20 | INFO |   Forecast Mismatch: Intraday (3.920) != Day-ahead (3.900)
2026-03-13 08:50:20 | INFO |   Operation: SUBTRACT
2026-03-13 08:50:20 | INFO |   Base Adjustment %: 2.00%
2026-03-13 08:50:20 | INFO |   Irradiance Multiplier: 0.85x
2026-03-13 08:50:20 | INFO |   Temp Multiplier: 0.90x
2026-03-13 08:50:20 | INFO |   Wind Multiplier: 0.95x
2026-03-13 08:50:20 | INFO |   Weather Multiplier: 0.73x
2026-03-13 08:50:20 | INFO |   Final Adjustment %: -1.45%
2026-03-13 08:50:20 | INFO |   Calculation: 3.842 MW * (1 + -1.45% / 100)
2026-03-13 08:50:20 | INFO |   Formula (expanded): raw=3.8416*(1+-1.4535/100)=3.7858
2026-03-13 08:50:20 | INFO | --- FINAL RESULT ---
2026-03-13 08:50:20 | INFO | Raw Schedule (before smoothing): 3.786 MW
2026-03-13 08:50:20 | INFO | Final Scheduled MW: 3.786 MW
2026-03-13 08:50:20 | INFO | Previous Schedule Value: 3.786 MW
2026-03-13 08:50:20 | INFO | --------------------------------------------------------------------------------
2026-03-13 08:50:20 | INFO | --------------------------------------------------------------------------------
2026-03-13 08:50:20 | INFO | BLOCK 57
2026-03-13 08:50:20 | INFO | --------------------------------------------------------------------------------
2026-03-13 08:50:20 | INFO | --- METERED DATA ---
2026-03-13 08:50:20 | INFO | Metered Value: NOT YET AVAILABLE
2026-03-13 08:50:20 | INFO | Last Two Metered Values (for trend): ['1.416', '1.736']
2026-03-13 08:50:20 | INFO | --- FORECAST DATA ---
2026-03-13 08:50:20 | INFO | Intraday Forecast (Enercast): 3.810 MW
2026-03-13 08:50:20 | INFO | Day-ahead Forecast (Enercast): 3.790 MW
2026-03-13 08:50:20 | INFO | Base Forecast (raw, before curtailment/shutdown): 3.734 MW
2026-03-13 08:50:20 | INFO | Base Forecast (used for schedule): 3.734 MW
2026-03-13 08:50:20 | INFO | Effective Base Forecast (after curtailment/shutdown): 3.734 MW
2026-03-13 08:50:20 | INFO | Base Blend Inputs: meter_ref=0.000 MW, meter_factor=1.000, meter_weight=0.020
2026-03-13 08:50:20 | INFO | Plant Status: NORMAL
2026-03-13 08:50:20 | INFO | Effective Base Forecast = Base Forecast (raw) = 3.734 MW
2026-03-13 08:50:20 | INFO | --- WEATHER PARAMETERS ---
2026-03-13 08:50:20 | INFO | GTI: 885.0 W/m^2
2026-03-13 08:50:20 | INFO | DHI: 186.0 W/m^2
2026-03-13 08:50:20 | INFO | DNI: 0.0 W/m^2
2026-03-13 08:50:20 | INFO | Irradiance Ratio (GTI/MAX_GTI): 0.934
2026-03-13 08:50:20 | INFO | Diffuse Ratio (current): 0.210
2026-03-13 08:50:20 | INFO | Irradiance State: STABLE_CLEAR
2026-03-13 08:50:20 | INFO | Temp @ 2m: 34.76 C
2026-03-13 08:50:20 | INFO | Wind @ 10m: 12.02 m/s
2026-03-13 08:50:20 | INFO | Weather State: NORMAL
2026-03-13 08:50:20 | INFO | Dynamic Thresholds: cloud_thr=0.1252, shift_thr=0.1242
2026-03-13 08:50:20 | INFO | Multipliers: irradiance=0.85x, temp=0.90x, wind=0.95x
2026-03-13 08:50:20 | INFO | Weather Multiplier (combined): 0.73x
2026-03-13 08:50:20 | INFO | Abrupt Weather Change Detected: False
2026-03-13 08:50:20 | INFO | --- TREND ANALYSIS ---
2026-03-13 08:50:20 | INFO | Trend series (oldest -> latest):
2026-03-13 08:50:20 | INFO |   Block 56: 3.920 MW (source: INTRADAY_FALLBACK)
2026-03-13 08:50:20 | INFO |   Block 55: 4.020 MW (source: INTRADAY_FALLBACK)
2026-03-13 08:50:20 | INFO |   Block 54: 4.090 MW (source: INTRADAY_FALLBACK)
2026-03-13 08:50:20 | INFO |   Block 53: 4.150 MW (source: INTRADAY_FALLBACK)
2026-03-13 08:50:20 | INFO | Trend values used for slope calc: B56=3.920(INTRADAY_FALLBACK), B55=4.020(INTRADAY_FALLBACK), B54=4.090(INTRADAY_FALLBACK), B53=4.150(INTRADAY_FALLBACK)
2026-03-13 08:50:20 | INFO | Detected Trend Type: DECREASING
2026-03-13 08:50:20 | INFO | Trend Slope Percentage: -5.48%
2026-03-13 08:50:20 | INFO | Trend EPS Threshold: 1.50%
2026-03-13 08:50:20 | INFO | --- SCHEDULE CALCULATION ---
2026-03-13 08:50:20 | INFO | Condition Applied: CONDITION_3
2026-03-13 08:50:20 | INFO | Effective Base Forecast Used for Adjustments: 3.734 MW
2026-03-13 08:50:20 | INFO | Condition-3 (Phase-6) Applied:
2026-03-13 08:50:20 | INFO |   Forecast Mismatch: Intraday (3.810) != Day-ahead (3.790)
2026-03-13 08:50:20 | INFO |   Operation: SUBTRACT
2026-03-13 08:50:20 | INFO |   Base Adjustment %: 2.00%
2026-03-13 08:50:20 | INFO |   Irradiance Multiplier: 0.85x
2026-03-13 08:50:20 | INFO |   Temp Multiplier: 0.90x
2026-03-13 08:50:20 | INFO |   Wind Multiplier: 0.95x
2026-03-13 08:50:20 | INFO |   Weather Multiplier: 0.73x
2026-03-13 08:50:20 | INFO |   Final Adjustment %: -1.45%
2026-03-13 08:50:20 | INFO |   Calculation: 3.734 MW * (1 + -1.45% / 100)
2026-03-13 08:50:20 | INFO |   Formula (expanded): raw=3.7338*(1+-1.4535/100)=3.6795
2026-03-13 08:50:20 | INFO | --- FINAL RESULT ---
2026-03-13 08:50:20 | INFO | Raw Schedule (before smoothing): 3.680 MW
2026-03-13 08:50:20 | INFO | Final Scheduled MW: 3.680 MW
2026-03-13 08:50:20 | INFO | Previous Schedule Value: 3.680 MW
2026-03-13 08:50:20 | INFO | --------------------------------------------------------------------------------
2026-03-13 08:50:20 | INFO | --------------------------------------------------------------------------------
2026-03-13 08:50:20 | INFO | BLOCK 58
2026-03-13 08:50:20 | INFO | --------------------------------------------------------------------------------
2026-03-13 08:50:20 | INFO | --- METERED DATA ---
2026-03-13 08:50:20 | INFO | Metered Value: NOT YET AVAILABLE
2026-03-13 08:50:20 | INFO | Last Two Metered Values (for trend): ['1.416', '1.736']
2026-03-13 08:50:20 | INFO | --- FORECAST DATA ---
2026-03-13 08:50:20 | INFO | Intraday Forecast (Enercast): 3.690 MW
2026-03-13 08:50:20 | INFO | Day-ahead Forecast (Enercast): 3.670 MW
2026-03-13 08:50:20 | INFO | Base Forecast (raw, before curtailment/shutdown): 3.616 MW
2026-03-13 08:50:20 | INFO | Base Forecast (used for schedule): 3.616 MW
2026-03-13 08:50:20 | INFO | Effective Base Forecast (after curtailment/shutdown): 3.616 MW
2026-03-13 08:50:20 | INFO | Base Blend Inputs: meter_ref=0.000 MW, meter_factor=1.000, meter_weight=0.020
2026-03-13 08:50:20 | INFO | Plant Status: NORMAL
2026-03-13 08:50:20 | INFO | Effective Base Forecast = Base Forecast (raw) = 3.616 MW
2026-03-13 08:50:20 | INFO | --- WEATHER PARAMETERS ---
2026-03-13 08:50:20 | INFO | GTI: 864.0 W/m^2
2026-03-13 08:50:20 | INFO | DHI: 169.0 W/m^2
2026-03-13 08:50:20 | INFO | DNI: 0.0 W/m^2
2026-03-13 08:50:20 | INFO | Irradiance Ratio (GTI/MAX_GTI): 0.911
2026-03-13 08:50:20 | INFO | Diffuse Ratio (current): 0.196
2026-03-13 08:50:20 | INFO | Irradiance State: STABLE_CLEAR
2026-03-13 08:50:20 | INFO | Temp @ 2m: 34.96 C
2026-03-13 08:50:20 | INFO | Wind @ 10m: 12.50 m/s
2026-03-13 08:50:20 | INFO | Weather State: NORMAL
2026-03-13 08:50:20 | INFO | Dynamic Thresholds: cloud_thr=0.1252, shift_thr=0.1242
2026-03-13 08:50:20 | INFO | Multipliers: irradiance=0.85x, temp=0.90x, wind=0.95x
2026-03-13 08:50:20 | INFO | Weather Multiplier (combined): 0.73x
2026-03-13 08:50:20 | INFO | Abrupt Weather Change Detected: False
2026-03-13 08:50:20 | INFO | --- TREND ANALYSIS ---
2026-03-13 08:50:20 | INFO | Trend series (oldest -> latest):
2026-03-13 08:50:20 | INFO |   Block 57: 3.810 MW (source: INTRADAY_FALLBACK)
2026-03-13 08:50:20 | INFO |   Block 56: 3.920 MW (source: INTRADAY_FALLBACK)
2026-03-13 08:50:20 | INFO |   Block 55: 4.020 MW (source: INTRADAY_FALLBACK)
2026-03-13 08:50:20 | INFO |   Block 54: 4.090 MW (source: INTRADAY_FALLBACK)
2026-03-13 08:50:20 | INFO | Trend values used for slope calc: B57=3.810(INTRADAY_FALLBACK), B56=3.920(INTRADAY_FALLBACK), B55=4.020(INTRADAY_FALLBACK), B54=4.090(INTRADAY_FALLBACK)
2026-03-13 08:50:20 | INFO | Detected Trend Type: DECREASING
2026-03-13 08:50:20 | INFO | Trend Slope Percentage: -6.88%
2026-03-13 08:50:20 | INFO | Trend EPS Threshold: 1.50%
2026-03-13 08:50:20 | INFO | --- SCHEDULE CALCULATION ---
2026-03-13 08:50:20 | INFO | Condition Applied: CONDITION_3
2026-03-13 08:50:20 | INFO | Effective Base Forecast Used for Adjustments: 3.616 MW
2026-03-13 08:50:20 | INFO | Condition-3 (Phase-6) Applied:
2026-03-13 08:50:20 | INFO |   Forecast Mismatch: Intraday (3.690) != Day-ahead (3.670)
2026-03-13 08:50:20 | INFO |   Operation: SUBTRACT
2026-03-13 08:50:20 | INFO |   Base Adjustment %: 3.00%
2026-03-13 08:50:20 | INFO |   Irradiance Multiplier: 0.85x
2026-03-13 08:50:20 | INFO |   Temp Multiplier: 0.90x
2026-03-13 08:50:20 | INFO |   Wind Multiplier: 0.95x
2026-03-13 08:50:20 | INFO |   Weather Multiplier: 0.73x
2026-03-13 08:50:20 | INFO |   Final Adjustment %: -2.18%
2026-03-13 08:50:20 | INFO |   Calculation: 3.616 MW * (1 + -2.18% / 100)
2026-03-13 08:50:20 | INFO |   Formula (expanded): raw=3.6162*(1+-2.1803/100)=3.5374
2026-03-13 08:50:20 | INFO | --- FINAL RESULT ---
2026-03-13 08:50:20 | INFO | Raw Schedule (before smoothing): 3.537 MW
2026-03-13 08:50:20 | INFO | Final Scheduled MW: 3.537 MW
2026-03-13 08:50:20 | INFO | Previous Schedule Value: 3.537 MW
2026-03-13 08:50:20 | INFO | --------------------------------------------------------------------------------
2026-03-13 08:50:20 | INFO | --------------------------------------------------------------------------------
2026-03-13 08:50:20 | INFO | BLOCK 59
2026-03-13 08:50:20 | INFO | --------------------------------------------------------------------------------
2026-03-13 08:50:20 | INFO | --- METERED DATA ---
2026-03-13 08:50:20 | INFO | Metered Value: NOT YET AVAILABLE
2026-03-13 08:50:20 | INFO | Last Two Metered Values (for trend): ['1.416', '1.736']
2026-03-13 08:50:20 | INFO | --- FORECAST DATA ---
2026-03-13 08:50:20 | INFO | Intraday Forecast (Enercast): 3.560 MW
2026-03-13 08:50:20 | INFO | Day-ahead Forecast (Enercast): 3.490 MW
2026-03-13 08:50:20 | INFO | Base Forecast (raw, before curtailment/shutdown): 3.489 MW
2026-03-13 08:50:20 | INFO | Base Forecast (used for schedule): 3.489 MW
2026-03-13 08:50:20 | INFO | Effective Base Forecast (after curtailment/shutdown): 3.489 MW
2026-03-13 08:50:20 | INFO | Base Blend Inputs: meter_ref=0.000 MW, meter_factor=1.000, meter_weight=0.020
2026-03-13 08:50:20 | INFO | Plant Status: NORMAL
2026-03-13 08:50:20 | INFO | Effective Base Forecast = Base Forecast (raw) = 3.489 MW
2026-03-13 08:50:20 | INFO | --- WEATHER PARAMETERS ---
2026-03-13 08:50:20 | INFO | GTI: 840.0 W/m^2
2026-03-13 08:50:20 | INFO | DHI: 148.0 W/m^2
2026-03-13 08:50:20 | INFO | DNI: 0.0 W/m^2
2026-03-13 08:50:20 | INFO | Irradiance Ratio (GTI/MAX_GTI): 0.886
2026-03-13 08:50:20 | INFO | Diffuse Ratio (current): 0.176
2026-03-13 08:50:20 | INFO | Irradiance State: STABLE_CLEAR
2026-03-13 08:50:20 | INFO | Temp @ 2m: 35.11 C
2026-03-13 08:50:20 | INFO | Wind @ 10m: 12.57 m/s
2026-03-13 08:50:20 | INFO | Weather State: NORMAL
2026-03-13 08:50:20 | INFO | Dynamic Thresholds: cloud_thr=0.1252, shift_thr=0.1242
2026-03-13 08:50:20 | INFO | Multipliers: irradiance=0.85x, temp=0.77x, wind=0.95x
2026-03-13 08:50:20 | INFO | Weather Multiplier (combined): 0.62x
2026-03-13 08:50:20 | INFO | Abrupt Weather Change Detected: False
2026-03-13 08:50:20 | INFO | --- TREND ANALYSIS ---
2026-03-13 08:50:20 | INFO | Trend series (oldest -> latest):
2026-03-13 08:50:20 | INFO |   Block 58: 3.690 MW (source: INTRADAY_FALLBACK)
2026-03-13 08:50:20 | INFO |   Block 57: 3.810 MW (source: INTRADAY_FALLBACK)
2026-03-13 08:50:20 | INFO |   Block 56: 3.920 MW (source: INTRADAY_FALLBACK)
2026-03-13 08:50:20 | INFO |   Block 55: 4.020 MW (source: INTRADAY_FALLBACK)
2026-03-13 08:50:20 | INFO | Trend values used for slope calc: B58=3.690(INTRADAY_FALLBACK), B57=3.810(INTRADAY_FALLBACK), B56=3.920(INTRADAY_FALLBACK), B55=4.020(INTRADAY_FALLBACK)
2026-03-13 08:50:20 | INFO | Detected Trend Type: DECREASING
2026-03-13 08:50:20 | INFO | Trend Slope Percentage: -8.20%
2026-03-13 08:50:20 | INFO | Trend EPS Threshold: 1.50%
2026-03-13 08:50:20 | INFO | --- SCHEDULE CALCULATION ---
2026-03-13 08:50:20 | INFO | Condition Applied: CONDITION_3
2026-03-13 08:50:20 | INFO | Effective Base Forecast Used for Adjustments: 3.489 MW
2026-03-13 08:50:20 | INFO | Condition-3 (Phase-6) Applied:
2026-03-13 08:50:20 | INFO |   Forecast Mismatch: Intraday (3.560) != Day-ahead (3.490)
2026-03-13 08:50:20 | INFO |   Operation: SUBTRACT
2026-03-13 08:50:20 | INFO |   Base Adjustment %: 3.00%
2026-03-13 08:50:20 | INFO |   Irradiance Multiplier: 0.85x
2026-03-13 08:50:20 | INFO |   Temp Multiplier: 0.77x
2026-03-13 08:50:20 | INFO |   Wind Multiplier: 0.95x
2026-03-13 08:50:20 | INFO |   Weather Multiplier: 0.62x
2026-03-13 08:50:20 | INFO |   Final Adjustment %: -1.87%
2026-03-13 08:50:20 | INFO |   Calculation: 3.489 MW * (1 + -1.87% / 100)
2026-03-13 08:50:20 | INFO |   Formula (expanded): raw=3.4888*(1+-1.8653/100)=3.4237
2026-03-13 08:50:20 | INFO | --- FINAL RESULT ---
2026-03-13 08:50:20 | INFO | Raw Schedule (before smoothing): 3.424 MW
2026-03-13 08:50:20 | INFO | Final Scheduled MW: 3.424 MW
2026-03-13 08:50:20 | INFO | Previous Schedule Value: 3.424 MW
2026-03-13 08:50:20 | INFO | --------------------------------------------------------------------------------
2026-03-13 08:50:20 | INFO | --------------------------------------------------------------------------------
2026-03-13 08:50:20 | INFO | BLOCK 60
2026-03-13 08:50:20 | INFO | --------------------------------------------------------------------------------
2026-03-13 08:50:20 | INFO | --- METERED DATA ---
2026-03-13 08:50:20 | INFO | Metered Value: NOT YET AVAILABLE
2026-03-13 08:50:20 | INFO | Last Two Metered Values (for trend): ['1.416', '1.736']
2026-03-13 08:50:20 | INFO | --- FORECAST DATA ---
2026-03-13 08:50:20 | INFO | Intraday Forecast (Enercast): 3.410 MW
2026-03-13 08:50:20 | INFO | Day-ahead Forecast (Enercast): 3.310 MW
2026-03-13 08:50:20 | INFO | Base Forecast (raw, before curtailment/shutdown): 3.342 MW
2026-03-13 08:50:20 | INFO | Base Forecast (used for schedule): 3.342 MW
2026-03-13 08:50:20 | INFO | Effective Base Forecast (after curtailment/shutdown): 3.342 MW
2026-03-13 08:50:20 | INFO | Base Blend Inputs: meter_ref=0.000 MW, meter_factor=1.000, meter_weight=0.020
2026-03-13 08:50:20 | INFO | Plant Status: NORMAL
2026-03-13 08:50:20 | INFO | Effective Base Forecast = Base Forecast (raw) = 3.342 MW
2026-03-13 08:50:20 | INFO | --- WEATHER PARAMETERS ---
2026-03-13 08:50:20 | INFO | GTI: 811.0 W/m^2
2026-03-13 08:50:20 | INFO | DHI: 126.0 W/m^2
2026-03-13 08:50:20 | INFO | DNI: 0.0 W/m^2
2026-03-13 08:50:20 | INFO | Irradiance Ratio (GTI/MAX_GTI): 0.855
2026-03-13 08:50:20 | INFO | Diffuse Ratio (current): 0.155
2026-03-13 08:50:20 | INFO | Irradiance State: STABLE_CLEAR
2026-03-13 08:50:20 | INFO | Temp @ 2m: 35.26 C
2026-03-13 08:50:20 | INFO | Wind @ 10m: 12.66 m/s
2026-03-13 08:50:20 | INFO | Weather State: NORMAL
2026-03-13 08:50:20 | INFO | Dynamic Thresholds: cloud_thr=0.1252, shift_thr=0.1242
2026-03-13 08:50:20 | INFO | Multipliers: irradiance=0.85x, temp=0.77x, wind=0.95x
2026-03-13 08:50:20 | INFO | Weather Multiplier (combined): 0.62x
2026-03-13 08:50:20 | INFO | Abrupt Weather Change Detected: False
2026-03-13 08:50:20 | INFO | --- TREND ANALYSIS ---
2026-03-13 08:50:20 | INFO | Trend series (oldest -> latest):
2026-03-13 08:50:20 | INFO |   Block 59: 3.560 MW (source: INTRADAY_FALLBACK)
2026-03-13 08:50:20 | INFO |   Block 58: 3.690 MW (source: INTRADAY_FALLBACK)
2026-03-13 08:50:20 | INFO |   Block 57: 3.810 MW (source: INTRADAY_FALLBACK)
2026-03-13 08:50:20 | INFO |   Block 56: 3.920 MW (source: INTRADAY_FALLBACK)
2026-03-13 08:50:20 | INFO | Trend values used for slope calc: B59=3.560(INTRADAY_FALLBACK), B58=3.690(INTRADAY_FALLBACK), B57=3.810(INTRADAY_FALLBACK), B56=3.920(INTRADAY_FALLBACK)
2026-03-13 08:50:20 | INFO | Detected Trend Type: DECREASING
2026-03-13 08:50:20 | INFO | Trend Slope Percentage: -9.17%
2026-03-13 08:50:20 | INFO | Trend EPS Threshold: 1.50%
2026-03-13 08:50:20 | INFO | --- SCHEDULE CALCULATION ---
2026-03-13 08:50:20 | INFO | Condition Applied: CONDITION_3
2026-03-13 08:50:20 | INFO | Effective Base Forecast Used for Adjustments: 3.342 MW
2026-03-13 08:50:20 | INFO | Condition-3 (Phase-6) Applied:
2026-03-13 08:50:20 | INFO |   Forecast Mismatch: Intraday (3.410) != Day-ahead (3.310)
2026-03-13 08:50:20 | INFO |   Operation: SUBTRACT
2026-03-13 08:50:20 | INFO |   Base Adjustment %: 3.00%
2026-03-13 08:50:20 | INFO |   Irradiance Multiplier: 0.85x
2026-03-13 08:50:20 | INFO |   Temp Multiplier: 0.77x
2026-03-13 08:50:20 | INFO |   Wind Multiplier: 0.95x
2026-03-13 08:50:20 | INFO |   Weather Multiplier: 0.62x
2026-03-13 08:50:20 | INFO |   Final Adjustment %: -1.87%
2026-03-13 08:50:20 | INFO |   Calculation: 3.342 MW * (1 + -1.87% / 100)
2026-03-13 08:50:20 | INFO |   Formula (expanded): raw=3.3418*(1+-1.8653/100)=3.2795
2026-03-13 08:50:20 | INFO | --- FINAL RESULT ---
2026-03-13 08:50:20 | INFO | Raw Schedule (before smoothing): 3.279 MW
2026-03-13 08:50:20 | INFO | Final Scheduled MW: 3.279 MW
2026-03-13 08:50:20 | INFO | Previous Schedule Value: 3.279 MW
2026-03-13 08:50:20 | INFO | --------------------------------------------------------------------------------
2026-03-13 08:50:20 | INFO | --------------------------------------------------------------------------------
2026-03-13 08:50:20 | INFO | BLOCK 61
2026-03-13 08:50:20 | INFO | --------------------------------------------------------------------------------
2026-03-13 08:50:20 | INFO | --- METERED DATA ---
2026-03-13 08:50:20 | INFO | Metered Value: NOT YET AVAILABLE
2026-03-13 08:50:20 | INFO | Last Two Metered Values (for trend): ['1.416', '1.736']
2026-03-13 08:50:20 | INFO | --- FORECAST DATA ---
2026-03-13 08:50:20 | INFO | Intraday Forecast (Enercast): 3.240 MW
2026-03-13 08:50:20 | INFO | Day-ahead Forecast (Enercast): 3.110 MW
2026-03-13 08:50:20 | INFO | Base Forecast (raw, before curtailment/shutdown): 3.175 MW
2026-03-13 08:50:20 | INFO | Base Forecast (used for schedule): 3.175 MW
2026-03-13 08:50:20 | INFO | Effective Base Forecast (after curtailment/shutdown): 3.175 MW
2026-03-13 08:50:20 | INFO | Base Blend Inputs: meter_ref=0.000 MW, meter_factor=1.000, meter_weight=0.020
2026-03-13 08:50:20 | INFO | Plant Status: NORMAL
2026-03-13 08:50:20 | INFO | Effective Base Forecast = Base Forecast (raw) = 3.175 MW
2026-03-13 08:50:20 | INFO | --- WEATHER PARAMETERS ---
2026-03-13 08:50:20 | INFO | GTI: 777.0 W/m^2
2026-03-13 08:50:20 | INFO | DHI: 108.0 W/m^2
2026-03-13 08:50:20 | INFO | DNI: 0.0 W/m^2
2026-03-13 08:50:20 | INFO | Irradiance Ratio (GTI/MAX_GTI): 0.820
2026-03-13 08:50:20 | INFO | Diffuse Ratio (current): 0.139
2026-03-13 08:50:20 | INFO | Irradiance State: STABLE_CLEAR
2026-03-13 08:50:20 | INFO | Temp @ 2m: 35.36 C
2026-03-13 08:50:20 | INFO | Wind @ 10m: 12.66 m/s
2026-03-13 08:50:20 | INFO | Weather State: NORMAL
2026-03-13 08:50:20 | INFO | Dynamic Thresholds: cloud_thr=0.1252, shift_thr=0.1242
2026-03-13 08:50:20 | INFO | Multipliers: irradiance=0.85x, temp=0.77x, wind=0.95x
2026-03-13 08:50:20 | INFO | Weather Multiplier (combined): 0.62x
2026-03-13 08:50:20 | INFO | Abrupt Weather Change Detected: False
2026-03-13 08:50:20 | INFO | --- TREND ANALYSIS ---
2026-03-13 08:50:20 | INFO | Trend series (oldest -> latest):
2026-03-13 08:50:20 | INFO |   Block 60: 3.410 MW (source: INTRADAY_FALLBACK)
2026-03-13 08:50:20 | INFO |   Block 59: 3.560 MW (source: INTRADAY_FALLBACK)
2026-03-13 08:50:20 | INFO |   Block 58: 3.690 MW (source: INTRADAY_FALLBACK)
2026-03-13 08:50:20 | INFO |   Block 57: 3.810 MW (source: INTRADAY_FALLBACK)
2026-03-13 08:50:20 | INFO | Trend values used for slope calc: B60=3.410(INTRADAY_FALLBACK), B59=3.560(INTRADAY_FALLBACK), B58=3.690(INTRADAY_FALLBACK), B57=3.810(INTRADAY_FALLBACK)
2026-03-13 08:50:20 | INFO | Detected Trend Type: DECREASING
2026-03-13 08:50:20 | INFO | Trend Slope Percentage: -10.45%
2026-03-13 08:50:20 | INFO | Trend EPS Threshold: 1.50%
2026-03-13 08:50:20 | INFO | --- SCHEDULE CALCULATION ---
2026-03-13 08:50:20 | INFO | Condition Applied: CONDITION_3
2026-03-13 08:50:20 | INFO | Effective Base Forecast Used for Adjustments: 3.175 MW
2026-03-13 08:50:20 | INFO | Condition-3 (Phase-6) Applied:
2026-03-13 08:50:20 | INFO |   Forecast Mismatch: Intraday (3.240) != Day-ahead (3.110)
2026-03-13 08:50:20 | INFO |   Operation: SUBTRACT
2026-03-13 08:50:20 | INFO |   Base Adjustment %: 3.00%
2026-03-13 08:50:20 | INFO |   Irradiance Multiplier: 0.85x
2026-03-13 08:50:20 | INFO |   Temp Multiplier: 0.77x
2026-03-13 08:50:20 | INFO |   Wind Multiplier: 0.95x
2026-03-13 08:50:20 | INFO |   Weather Multiplier: 0.62x
2026-03-13 08:50:20 | INFO |   Final Adjustment %: -1.87%
2026-03-13 08:50:20 | INFO |   Calculation: 3.175 MW * (1 + -1.87% / 100)
2026-03-13 08:50:20 | INFO |   Formula (expanded): raw=3.1752*(1+-1.8653/100)=3.1160
2026-03-13 08:50:20 | INFO | --- FINAL RESULT ---
2026-03-13 08:50:20 | INFO | Raw Schedule (before smoothing): 3.116 MW
2026-03-13 08:50:20 | INFO | Final Scheduled MW: 3.116 MW
2026-03-13 08:50:20 | INFO | Previous Schedule Value: 3.116 MW
2026-03-13 08:50:20 | INFO | --------------------------------------------------------------------------------
2026-03-13 08:50:20 | INFO | --------------------------------------------------------------------------------
2026-03-13 08:50:20 | INFO | BLOCK 62
2026-03-13 08:50:20 | INFO | --------------------------------------------------------------------------------
2026-03-13 08:50:20 | INFO | --- METERED DATA ---
2026-03-13 08:50:20 | INFO | Metered Value: NOT YET AVAILABLE
2026-03-13 08:50:20 | INFO | Last Two Metered Values (for trend): ['1.416', '1.736']
2026-03-13 08:50:20 | INFO | --- FORECAST DATA ---
2026-03-13 08:50:20 | INFO | Intraday Forecast (Enercast): 3.060 MW
2026-03-13 08:50:20 | INFO | Day-ahead Forecast (Enercast): 2.890 MW
2026-03-13 08:50:20 | INFO | Base Forecast (raw, before curtailment/shutdown): 2.999 MW
2026-03-13 08:50:20 | INFO | Base Forecast (used for schedule): 2.999 MW
2026-03-13 08:50:20 | INFO | Effective Base Forecast (after curtailment/shutdown): 2.999 MW
2026-03-13 08:50:20 | INFO | Base Blend Inputs: meter_ref=0.000 MW, meter_factor=1.000, meter_weight=0.020
2026-03-13 08:50:20 | INFO | Plant Status: NORMAL
2026-03-13 08:50:20 | INFO | Effective Base Forecast = Base Forecast (raw) = 2.999 MW
2026-03-13 08:50:20 | INFO | --- WEATHER PARAMETERS ---
2026-03-13 08:50:20 | INFO | GTI: 736.0 W/m^2
2026-03-13 08:50:20 | INFO | DHI: 98.0 W/m^2
2026-03-13 08:50:20 | INFO | DNI: 0.0 W/m^2
2026-03-13 08:50:20 | INFO | Irradiance Ratio (GTI/MAX_GTI): 0.776
2026-03-13 08:50:20 | INFO | Diffuse Ratio (current): 0.133
2026-03-13 08:50:20 | INFO | Irradiance State: STABLE_CLEAR
2026-03-13 08:50:20 | INFO | Temp @ 2m: 35.46 C
2026-03-13 08:50:20 | INFO | Wind @ 10m: 12.66 m/s
2026-03-13 08:50:20 | INFO | Weather State: NORMAL
2026-03-13 08:50:20 | INFO | Dynamic Thresholds: cloud_thr=0.1252, shift_thr=0.1242
2026-03-13 08:50:20 | INFO | Multipliers: irradiance=0.85x, temp=0.77x, wind=0.95x
2026-03-13 08:50:20 | INFO | Weather Multiplier (combined): 0.62x
2026-03-13 08:50:20 | INFO | Abrupt Weather Change Detected: False
2026-03-13 08:50:20 | INFO | --- TREND ANALYSIS ---
2026-03-13 08:50:20 | INFO | Trend series (oldest -> latest):
2026-03-13 08:50:20 | INFO |   Block 61: 3.240 MW (source: INTRADAY_FALLBACK)
2026-03-13 08:50:20 | INFO |   Block 60: 3.410 MW (source: INTRADAY_FALLBACK)
2026-03-13 08:50:20 | INFO |   Block 59: 3.560 MW (source: INTRADAY_FALLBACK)
2026-03-13 08:50:20 | INFO |   Block 58: 3.690 MW (source: INTRADAY_FALLBACK)
2026-03-13 08:50:20 | INFO | Trend values used for slope calc: B61=3.240(INTRADAY_FALLBACK), B60=3.410(INTRADAY_FALLBACK), B59=3.560(INTRADAY_FALLBACK), B58=3.690(INTRADAY_FALLBACK)
2026-03-13 08:50:20 | INFO | Detected Trend Type: DECREASING
2026-03-13 08:50:20 | INFO | Trend Slope Percentage: -12.16%
2026-03-13 08:50:20 | INFO | Trend EPS Threshold: 1.50%
2026-03-13 08:50:20 | INFO | --- SCHEDULE CALCULATION ---
2026-03-13 08:50:20 | INFO | Condition Applied: CONDITION_3
2026-03-13 08:50:20 | INFO | Effective Base Forecast Used for Adjustments: 2.999 MW
2026-03-13 08:50:20 | INFO | Condition-3 (Phase-6) Applied:
2026-03-13 08:50:20 | INFO |   Forecast Mismatch: Intraday (3.060) != Day-ahead (2.890)
2026-03-13 08:50:20 | INFO |   Operation: SUBTRACT
2026-03-13 08:50:20 | INFO |   Base Adjustment %: 3.00%
2026-03-13 08:50:20 | INFO |   Irradiance Multiplier: 0.85x
2026-03-13 08:50:20 | INFO |   Temp Multiplier: 0.77x
2026-03-13 08:50:20 | INFO |   Wind Multiplier: 0.95x
2026-03-13 08:50:20 | INFO |   Weather Multiplier: 0.62x
2026-03-13 08:50:20 | INFO |   Final Adjustment %: -1.87%
2026-03-13 08:50:20 | INFO |   Calculation: 2.999 MW * (1 + -1.87% / 100)
2026-03-13 08:50:20 | INFO |   Formula (expanded): raw=2.9988*(1+-1.8653/100)=2.9429
2026-03-13 08:50:20 | INFO | --- FINAL RESULT ---
2026-03-13 08:50:20 | INFO | Raw Schedule (before smoothing): 2.943 MW
2026-03-13 08:50:20 | INFO | Final Scheduled MW: 2.943 MW
2026-03-13 08:50:20 | INFO | Previous Schedule Value: 2.943 MW
2026-03-13 08:50:20 | INFO | --------------------------------------------------------------------------------
2026-03-13 08:50:20 | INFO | --------------------------------------------------------------------------------
2026-03-13 08:50:20 | INFO | BLOCK 63
2026-03-13 08:50:20 | INFO | --------------------------------------------------------------------------------
2026-03-13 08:50:20 | INFO | --- METERED DATA ---
2026-03-13 08:50:20 | INFO | Metered Value: NOT YET AVAILABLE
2026-03-13 08:50:20 | INFO | Last Two Metered Values (for trend): ['1.416', '1.736']
2026-03-13 08:50:20 | INFO | --- FORECAST DATA ---
2026-03-13 08:50:20 | INFO | Intraday Forecast (Enercast): 2.850 MW
2026-03-13 08:50:20 | INFO | Day-ahead Forecast (Enercast): 2.720 MW
2026-03-13 08:50:20 | INFO | Base Forecast (raw, before curtailment/shutdown): 2.793 MW
2026-03-13 08:50:20 | INFO | Base Forecast (used for schedule): 2.793 MW
2026-03-13 08:50:20 | INFO | Effective Base Forecast (after curtailment/shutdown): 2.793 MW
2026-03-13 08:50:20 | INFO | Base Blend Inputs: meter_ref=0.000 MW, meter_factor=1.000, meter_weight=0.020
2026-03-13 08:50:20 | INFO | Plant Status: NORMAL
2026-03-13 08:50:20 | INFO | Effective Base Forecast = Base Forecast (raw) = 2.793 MW
2026-03-13 08:50:20 | INFO | --- WEATHER PARAMETERS ---
2026-03-13 08:50:20 | INFO | GTI: 690.0 W/m^2
2026-03-13 08:50:20 | INFO | DHI: 94.0 W/m^2
2026-03-13 08:50:20 | INFO | DNI: 0.0 W/m^2
2026-03-13 08:50:20 | INFO | Irradiance Ratio (GTI/MAX_GTI): 0.728
2026-03-13 08:50:20 | INFO | Diffuse Ratio (current): 0.136
2026-03-13 08:50:20 | INFO | Irradiance State: VARIABLE_CLEAR
2026-03-13 08:50:20 | INFO | Temp @ 2m: 35.51 C
2026-03-13 08:50:20 | INFO | Wind @ 10m: 12.76 m/s
2026-03-13 08:50:20 | INFO | Weather State: NORMAL
2026-03-13 08:50:20 | INFO | Dynamic Thresholds: cloud_thr=0.1252, shift_thr=0.1242
2026-03-13 08:50:20 | INFO | Multipliers: irradiance=0.65x, temp=0.77x, wind=0.95x
2026-03-13 08:50:20 | INFO | Weather Multiplier (combined): 0.48x
2026-03-13 08:50:20 | INFO | Abrupt Weather Change Detected: False
2026-03-13 08:50:20 | INFO | --- TREND ANALYSIS ---
2026-03-13 08:50:20 | INFO | Trend series (oldest -> latest):
2026-03-13 08:50:20 | INFO |   Block 62: 3.060 MW (source: INTRADAY_FALLBACK)
2026-03-13 08:50:20 | INFO |   Block 61: 3.240 MW (source: INTRADAY_FALLBACK)
2026-03-13 08:50:20 | INFO |   Block 60: 3.410 MW (source: INTRADAY_FALLBACK)
2026-03-13 08:50:20 | INFO |   Block 59: 3.560 MW (source: INTRADAY_FALLBACK)
2026-03-13 08:50:20 | INFO | Trend values used for slope calc: B62=3.060(INTRADAY_FALLBACK), B61=3.240(INTRADAY_FALLBACK), B60=3.410(INTRADAY_FALLBACK), B59=3.560(INTRADAY_FALLBACK)
2026-03-13 08:50:20 | INFO | Detected Trend Type: DECREASING
2026-03-13 08:50:20 | INFO | Trend Slope Percentage: -14.04%
2026-03-13 08:50:20 | INFO | Trend EPS Threshold: 1.50%
2026-03-13 08:50:20 | INFO | --- SCHEDULE CALCULATION ---
2026-03-13 08:50:20 | INFO | Condition Applied: CONDITION_3
2026-03-13 08:50:20 | INFO | Effective Base Forecast Used for Adjustments: 2.793 MW
2026-03-13 08:50:20 | INFO | Condition-3 (Phase-6) Applied:
2026-03-13 08:50:20 | INFO |   Forecast Mismatch: Intraday (2.850) != Day-ahead (2.720)
2026-03-13 08:50:20 | INFO |   Operation: SUBTRACT
2026-03-13 08:50:20 | INFO |   Base Adjustment %: 3.00%
2026-03-13 08:50:20 | INFO |   Irradiance Multiplier: 0.65x
2026-03-13 08:50:20 | INFO |   Temp Multiplier: 0.77x
2026-03-13 08:50:20 | INFO |   Wind Multiplier: 0.95x
2026-03-13 08:50:20 | INFO |   Weather Multiplier: 0.48x
2026-03-13 08:50:20 | INFO |   Final Adjustment %: -1.43%
2026-03-13 08:50:20 | INFO |   Calculation: 2.793 MW * (1 + -1.43% / 100)
2026-03-13 08:50:20 | INFO |   Formula (expanded): raw=2.7930*(1+-1.4264/100)=2.7532
2026-03-13 08:50:20 | INFO | --- FINAL RESULT ---
2026-03-13 08:50:20 | INFO | Raw Schedule (before smoothing): 2.753 MW
2026-03-13 08:50:20 | INFO | Final Scheduled MW: 2.753 MW
2026-03-13 08:50:20 | INFO | Previous Schedule Value: 2.753 MW
2026-03-13 08:50:20 | INFO | --------------------------------------------------------------------------------
2026-03-13 08:50:20 | INFO | --------------------------------------------------------------------------------
2026-03-13 08:50:20 | INFO | BLOCK 64
2026-03-13 08:50:20 | INFO | --------------------------------------------------------------------------------
2026-03-13 08:50:20 | INFO | --- METERED DATA ---
2026-03-13 08:50:20 | INFO | Metered Value: NOT YET AVAILABLE
2026-03-13 08:50:20 | INFO | Last Two Metered Values (for trend): ['1.416', '1.736']
2026-03-13 08:50:20 | INFO | --- FORECAST DATA ---
2026-03-13 08:50:20 | INFO | Intraday Forecast (Enercast): 2.640 MW
2026-03-13 08:50:20 | INFO | Day-ahead Forecast (Enercast): 2.540 MW
2026-03-13 08:50:20 | INFO | Base Forecast (raw, before curtailment/shutdown): 2.587 MW
2026-03-13 08:50:20 | INFO | Base Forecast (used for schedule): 2.587 MW
2026-03-13 08:50:20 | INFO | Effective Base Forecast (after curtailment/shutdown): 2.587 MW
2026-03-13 08:50:20 | INFO | Base Blend Inputs: meter_ref=0.000 MW, meter_factor=1.000, meter_weight=0.020
2026-03-13 08:50:20 | INFO | Plant Status: NORMAL
2026-03-13 08:50:20 | INFO | Effective Base Forecast = Base Forecast (raw) = 2.587 MW
2026-03-13 08:50:20 | INFO | --- WEATHER PARAMETERS ---
2026-03-13 08:50:20 | INFO | GTI: 640.0 W/m^2
2026-03-13 08:50:20 | INFO | DHI: 92.0 W/m^2
2026-03-13 08:50:20 | INFO | DNI: 0.0 W/m^2
2026-03-13 08:50:20 | INFO | Irradiance Ratio (GTI/MAX_GTI): 0.675
2026-03-13 08:50:20 | INFO | Diffuse Ratio (current): 0.144
2026-03-13 08:50:20 | INFO | Irradiance State: VARIABLE_CLEAR
2026-03-13 08:50:20 | INFO | Temp @ 2m: 35.51 C
2026-03-13 08:50:20 | INFO | Wind @ 10m: 12.86 m/s
2026-03-13 08:50:20 | INFO | Weather State: NORMAL
2026-03-13 08:50:20 | INFO | Dynamic Thresholds: cloud_thr=0.1252, shift_thr=0.1242
2026-03-13 08:50:20 | INFO | Multipliers: irradiance=0.65x, temp=0.77x, wind=0.95x
2026-03-13 08:50:20 | INFO | Weather Multiplier (combined): 0.48x
2026-03-13 08:50:20 | INFO | Abrupt Weather Change Detected: False
2026-03-13 08:50:20 | INFO | --- TREND ANALYSIS ---
2026-03-13 08:50:20 | INFO | Trend series (oldest -> latest):
2026-03-13 08:50:20 | INFO |   Block 63: 2.850 MW (source: INTRADAY_FALLBACK)
2026-03-13 08:50:20 | INFO |   Block 62: 3.060 MW (source: INTRADAY_FALLBACK)
2026-03-13 08:50:20 | INFO |   Block 61: 3.240 MW (source: INTRADAY_FALLBACK)
2026-03-13 08:50:20 | INFO |   Block 60: 3.410 MW (source: INTRADAY_FALLBACK)
2026-03-13 08:50:20 | INFO | Trend values used for slope calc: B63=2.850(INTRADAY_FALLBACK), B62=3.060(INTRADAY_FALLBACK), B61=3.240(INTRADAY_FALLBACK), B60=3.410(INTRADAY_FALLBACK)
2026-03-13 08:50:20 | INFO | Detected Trend Type: DECREASING
2026-03-13 08:50:20 | INFO | Trend Slope Percentage: -16.32%
2026-03-13 08:50:20 | INFO | Trend EPS Threshold: 1.50%
2026-03-13 08:50:20 | INFO | --- SCHEDULE CALCULATION ---
2026-03-13 08:50:20 | INFO | Condition Applied: CONDITION_3
2026-03-13 08:50:20 | INFO | Effective Base Forecast Used for Adjustments: 2.587 MW
2026-03-13 08:50:20 | INFO | Condition-3 (Phase-6) Applied:
2026-03-13 08:50:20 | INFO |   Forecast Mismatch: Intraday (2.640) != Day-ahead (2.540)
2026-03-13 08:50:20 | INFO |   Operation: SUBTRACT
2026-03-13 08:50:20 | INFO |   Base Adjustment %: 3.00%
2026-03-13 08:50:20 | INFO |   Irradiance Multiplier: 0.65x
2026-03-13 08:50:20 | INFO |   Temp Multiplier: 0.77x
2026-03-13 08:50:20 | INFO |   Wind Multiplier: 0.95x
2026-03-13 08:50:20 | INFO |   Weather Multiplier: 0.48x
2026-03-13 08:50:20 | INFO |   Final Adjustment %: -1.43%
2026-03-13 08:50:20 | INFO |   Calculation: 2.587 MW * (1 + -1.43% / 100)
2026-03-13 08:50:20 | INFO |   Formula (expanded): raw=2.5872*(1+-1.4264/100)=2.5503
2026-03-13 08:50:20 | INFO | --- FINAL RESULT ---
2026-03-13 08:50:20 | INFO | Raw Schedule (before smoothing): 2.550 MW
2026-03-13 08:50:20 | INFO | Final Scheduled MW: 2.550 MW
2026-03-13 08:50:20 | INFO | Previous Schedule Value: 2.550 MW
2026-03-13 08:50:20 | INFO | --------------------------------------------------------------------------------
2026-03-13 08:50:20 | INFO | --------------------------------------------------------------------------------
2026-03-13 08:50:20 | INFO | BLOCK 65
2026-03-13 08:50:20 | INFO | --------------------------------------------------------------------------------
2026-03-13 08:50:20 | INFO | --- METERED DATA ---
2026-03-13 08:50:20 | INFO | Metered Value: NOT YET AVAILABLE
2026-03-13 08:50:20 | INFO | Last Two Metered Values (for trend): ['1.416', '1.736']
2026-03-13 08:50:20 | INFO | --- FORECAST DATA ---
2026-03-13 08:50:20 | INFO | Intraday Forecast (Enercast): 2.400 MW
2026-03-13 08:50:20 | INFO | Day-ahead Forecast (Enercast): 2.340 MW
2026-03-13 08:50:20 | INFO | Base Forecast (raw, before curtailment/shutdown): 2.352 MW
2026-03-13 08:50:20 | INFO | Base Forecast (used for schedule): 2.352 MW
2026-03-13 08:50:20 | INFO | Effective Base Forecast (after curtailment/shutdown): 2.352 MW
2026-03-13 08:50:20 | INFO | Base Blend Inputs: meter_ref=0.000 MW, meter_factor=1.000, meter_weight=0.020
2026-03-13 08:50:20 | INFO | Plant Status: NORMAL
2026-03-13 08:50:20 | INFO | Effective Base Forecast = Base Forecast (raw) = 2.352 MW
2026-03-13 08:50:20 | INFO | --- WEATHER PARAMETERS ---
2026-03-13 08:50:20 | INFO | GTI: 587.0 W/m^2
2026-03-13 08:50:20 | INFO | DHI: 91.0 W/m^2
2026-03-13 08:50:20 | INFO | DNI: 0.0 W/m^2
2026-03-13 08:50:20 | INFO | Irradiance Ratio (GTI/MAX_GTI): 0.619
2026-03-13 08:50:20 | INFO | Diffuse Ratio (current): 0.155
2026-03-13 08:50:20 | INFO | Irradiance State: VARIABLE_CLEAR
2026-03-13 08:50:20 | INFO | Temp @ 2m: 35.46 C
2026-03-13 08:50:20 | INFO | Wind @ 10m: 12.77 m/s
2026-03-13 08:50:20 | INFO | Weather State: NORMAL
2026-03-13 08:50:20 | INFO | Dynamic Thresholds: cloud_thr=0.1252, shift_thr=0.1242
2026-03-13 08:50:20 | INFO | Multipliers: irradiance=0.65x, temp=0.77x, wind=0.95x
2026-03-13 08:50:20 | INFO | Weather Multiplier (combined): 0.48x
2026-03-13 08:50:20 | INFO | Abrupt Weather Change Detected: False
2026-03-13 08:50:20 | INFO | --- TREND ANALYSIS ---
2026-03-13 08:50:20 | INFO | Trend series (oldest -> latest):
2026-03-13 08:50:20 | INFO |   Block 64: 2.640 MW (source: INTRADAY_FALLBACK)
2026-03-13 08:50:20 | INFO |   Block 63: 2.850 MW (source: INTRADAY_FALLBACK)
2026-03-13 08:50:20 | INFO |   Block 62: 3.060 MW (source: INTRADAY_FALLBACK)
2026-03-13 08:50:20 | INFO |   Block 61: 3.240 MW (source: INTRADAY_FALLBACK)
2026-03-13 08:50:20 | INFO | Trend values used for slope calc: B64=2.640(INTRADAY_FALLBACK), B63=2.850(INTRADAY_FALLBACK), B62=3.060(INTRADAY_FALLBACK), B61=3.240(INTRADAY_FALLBACK)
2026-03-13 08:50:20 | INFO | Detected Trend Type: DECREASING
2026-03-13 08:50:20 | INFO | Trend Slope Percentage: -18.56%
2026-03-13 08:50:20 | INFO | Trend EPS Threshold: 1.50%
2026-03-13 08:50:20 | INFO | --- SCHEDULE CALCULATION ---
2026-03-13 08:50:20 | INFO | Condition Applied: CONDITION_3
2026-03-13 08:50:20 | INFO | Effective Base Forecast Used for Adjustments: 2.352 MW
2026-03-13 08:50:20 | INFO | Condition-3 (Phase-6) Applied:
2026-03-13 08:50:20 | INFO |   Forecast Mismatch: Intraday (2.400) != Day-ahead (2.340)
2026-03-13 08:50:20 | INFO |   Operation: SUBTRACT
2026-03-13 08:50:20 | INFO |   Base Adjustment %: 3.00%
2026-03-13 08:50:20 | INFO |   Irradiance Multiplier: 0.65x
2026-03-13 08:50:20 | INFO |   Temp Multiplier: 0.77x
2026-03-13 08:50:20 | INFO |   Wind Multiplier: 0.95x
2026-03-13 08:50:20 | INFO |   Weather Multiplier: 0.48x
2026-03-13 08:50:20 | INFO |   Final Adjustment %: -1.43%
2026-03-13 08:50:20 | INFO |   Calculation: 2.352 MW * (1 + -1.43% / 100)
2026-03-13 08:50:20 | INFO |   Formula (expanded): raw=2.3520*(1+-1.4264/100)=2.3185
2026-03-13 08:50:20 | INFO | --- FINAL RESULT ---
2026-03-13 08:50:20 | INFO | Raw Schedule (before smoothing): 2.318 MW
2026-03-13 08:50:20 | INFO | Final Scheduled MW: 2.318 MW
2026-03-13 08:50:20 | INFO | Previous Schedule Value: 2.318 MW
2026-03-13 08:50:20 | INFO | --------------------------------------------------------------------------------
2026-03-13 08:50:20 | INFO | --------------------------------------------------------------------------------
2026-03-13 08:50:20 | INFO | BLOCK 66
2026-03-13 08:50:20 | INFO | --------------------------------------------------------------------------------
2026-03-13 08:50:20 | INFO | --- METERED DATA ---
2026-03-13 08:50:20 | INFO | Metered Value: NOT YET AVAILABLE
2026-03-13 08:50:20 | INFO | Last Two Metered Values (for trend): ['1.416', '1.736']
2026-03-13 08:50:20 | INFO | --- FORECAST DATA ---
2026-03-13 08:50:20 | INFO | Intraday Forecast (Enercast): 2.140 MW
2026-03-13 08:50:20 | INFO | Day-ahead Forecast (Enercast): 2.100 MW
2026-03-13 08:50:20 | INFO | Base Forecast (raw, before curtailment/shutdown): 2.097 MW
2026-03-13 08:50:20 | INFO | Base Forecast (used for schedule): 2.097 MW
2026-03-13 08:50:20 | INFO | Effective Base Forecast (after curtailment/shutdown): 2.097 MW
2026-03-13 08:50:20 | INFO | Base Blend Inputs: meter_ref=0.000 MW, meter_factor=1.000, meter_weight=0.020
2026-03-13 08:50:20 | INFO | Plant Status: NORMAL
2026-03-13 08:50:20 | INFO | Effective Base Forecast = Base Forecast (raw) = 2.097 MW
2026-03-13 08:50:20 | INFO | --- WEATHER PARAMETERS ---
2026-03-13 08:50:20 | INFO | GTI: 530.0 W/m^2
2026-03-13 08:50:20 | INFO | DHI: 87.0 W/m^2
2026-03-13 08:50:20 | INFO | DNI: 0.0 W/m^2
2026-03-13 08:50:20 | INFO | Irradiance Ratio (GTI/MAX_GTI): 0.559
2026-03-13 08:50:20 | INFO | Diffuse Ratio (current): 0.164
2026-03-13 08:50:20 | INFO | Irradiance State: VARIABLE_CLEAR
2026-03-13 08:50:20 | INFO | Temp @ 2m: 35.41 C
2026-03-13 08:50:20 | INFO | Wind @ 10m: 12.57 m/s
2026-03-13 08:50:20 | INFO | Weather State: NORMAL
2026-03-13 08:50:20 | INFO | Dynamic Thresholds: cloud_thr=0.1252, shift_thr=0.1242
2026-03-13 08:50:20 | INFO | Multipliers: irradiance=0.65x, temp=0.77x, wind=0.95x
2026-03-13 08:50:20 | INFO | Weather Multiplier (combined): 0.48x
2026-03-13 08:50:20 | INFO | Abrupt Weather Change Detected: False
2026-03-13 08:50:20 | INFO | --- TREND ANALYSIS ---
2026-03-13 08:50:20 | INFO | Trend series (oldest -> latest):
2026-03-13 08:50:20 | INFO |   Block 65: 2.400 MW (source: INTRADAY_FALLBACK)
2026-03-13 08:50:20 | INFO |   Block 64: 2.640 MW (source: INTRADAY_FALLBACK)
2026-03-13 08:50:20 | INFO |   Block 63: 2.850 MW (source: INTRADAY_FALLBACK)
2026-03-13 08:50:20 | INFO |   Block 62: 3.060 MW (source: INTRADAY_FALLBACK)
2026-03-13 08:50:20 | INFO | Trend values used for slope calc: B65=2.400(INTRADAY_FALLBACK), B64=2.640(INTRADAY_FALLBACK), B63=2.850(INTRADAY_FALLBACK), B62=3.060(INTRADAY_FALLBACK)
2026-03-13 08:50:20 | INFO | Detected Trend Type: DECREASING
2026-03-13 08:50:20 | INFO | Trend Slope Percentage: -21.43%
2026-03-13 08:50:20 | INFO | Trend EPS Threshold: 1.50%
2026-03-13 08:50:20 | INFO | --- SCHEDULE CALCULATION ---
2026-03-13 08:50:20 | INFO | Condition Applied: CONDITION_3
2026-03-13 08:50:20 | INFO | Effective Base Forecast Used for Adjustments: 2.097 MW
2026-03-13 08:50:20 | INFO | Condition-3 (Phase-6) Applied:
2026-03-13 08:50:20 | INFO |   Forecast Mismatch: Intraday (2.140) != Day-ahead (2.100)
2026-03-13 08:50:20 | INFO |   Operation: SUBTRACT
2026-03-13 08:50:20 | INFO |   Base Adjustment %: 3.00%
2026-03-13 08:50:20 | INFO |   Irradiance Multiplier: 0.65x
2026-03-13 08:50:20 | INFO |   Temp Multiplier: 0.77x
2026-03-13 08:50:20 | INFO |   Wind Multiplier: 0.95x
2026-03-13 08:50:20 | INFO |   Weather Multiplier: 0.48x
2026-03-13 08:50:20 | INFO |   Final Adjustment %: -1.43%
2026-03-13 08:50:20 | INFO |   Calculation: 2.097 MW * (1 + -1.43% / 100)
2026-03-13 08:50:20 | INFO |   Formula (expanded): raw=2.0972*(1+-1.4264/100)=2.0673
2026-03-13 08:50:20 | INFO | --- FINAL RESULT ---
2026-03-13 08:50:20 | INFO | Raw Schedule (before smoothing): 2.067 MW
2026-03-13 08:50:20 | INFO | Final Scheduled MW: 2.067 MW
2026-03-13 08:50:20 | INFO | Previous Schedule Value: 2.067 MW
2026-03-13 08:50:20 | INFO | --------------------------------------------------------------------------------
2026-03-13 08:50:20 | INFO | --------------------------------------------------------------------------------
2026-03-13 08:50:20 | INFO | BLOCK 67
2026-03-13 08:50:20 | INFO | --------------------------------------------------------------------------------
2026-03-13 08:50:20 | INFO | --- METERED DATA ---
2026-03-13 08:50:20 | INFO | Metered Value: NOT YET AVAILABLE
2026-03-13 08:50:20 | INFO | Last Two Metered Values (for trend): ['1.416', '1.736']
2026-03-13 08:50:20 | INFO | --- FORECAST DATA ---
2026-03-13 08:50:20 | INFO | Intraday Forecast (Enercast): 1.860 MW
2026-03-13 08:50:20 | INFO | Day-ahead Forecast (Enercast): 1.830 MW
2026-03-13 08:50:20 | INFO | Base Forecast (raw, before curtailment/shutdown): 1.823 MW
2026-03-13 08:50:20 | INFO | Base Forecast (used for schedule): 1.823 MW
2026-03-13 08:50:20 | INFO | Effective Base Forecast (after curtailment/shutdown): 1.823 MW
2026-03-13 08:50:20 | INFO | Base Blend Inputs: meter_ref=0.000 MW, meter_factor=1.000, meter_weight=0.020
2026-03-13 08:50:20 | INFO | Plant Status: NORMAL
2026-03-13 08:50:20 | INFO | Effective Base Forecast = Base Forecast (raw) = 1.823 MW
2026-03-13 08:50:20 | INFO | --- WEATHER PARAMETERS ---
2026-03-13 08:50:20 | INFO | GTI: 473.0 W/m^2
2026-03-13 08:50:20 | INFO | DHI: 84.0 W/m^2
2026-03-13 08:50:20 | INFO | DNI: 0.0 W/m^2
2026-03-13 08:50:20 | INFO | Irradiance Ratio (GTI/MAX_GTI): 0.499
2026-03-13 08:50:20 | INFO | Diffuse Ratio (current): 0.178
2026-03-13 08:50:20 | INFO | Irradiance State: VARIABLE_CLEAR
2026-03-13 08:50:20 | INFO | Temp @ 2m: 35.31 C
2026-03-13 08:50:20 | INFO | Wind @ 10m: 12.72 m/s
2026-03-13 08:50:20 | INFO | Weather State: NORMAL
2026-03-13 08:50:20 | INFO | Dynamic Thresholds: cloud_thr=0.1252, shift_thr=0.1242
2026-03-13 08:50:20 | INFO | Multipliers: irradiance=0.65x, temp=0.77x, wind=0.95x
2026-03-13 08:50:20 | INFO | Weather Multiplier (combined): 0.48x
2026-03-13 08:50:20 | INFO | Abrupt Weather Change Detected: False
2026-03-13 08:50:20 | INFO | --- TREND ANALYSIS ---
2026-03-13 08:50:20 | INFO | Trend series (oldest -> latest):
2026-03-13 08:50:20 | INFO |   Block 66: 2.140 MW (source: INTRADAY_FALLBACK)
2026-03-13 08:50:20 | INFO |   Block 65: 2.400 MW (source: INTRADAY_FALLBACK)
2026-03-13 08:50:20 | INFO |   Block 64: 2.640 MW (source: INTRADAY_FALLBACK)
2026-03-13 08:50:20 | INFO |   Block 63: 2.850 MW (source: INTRADAY_FALLBACK)
2026-03-13 08:50:20 | INFO | Trend values used for slope calc: B66=2.140(INTRADAY_FALLBACK), B65=2.400(INTRADAY_FALLBACK), B64=2.640(INTRADAY_FALLBACK), B63=2.850(INTRADAY_FALLBACK)
2026-03-13 08:50:20 | INFO | Detected Trend Type: DECREASING
2026-03-13 08:50:20 | INFO | Trend Slope Percentage: -24.83%
2026-03-13 08:50:20 | INFO | Trend EPS Threshold: 1.50%
2026-03-13 08:50:20 | INFO | --- SCHEDULE CALCULATION ---
2026-03-13 08:50:20 | INFO | Condition Applied: CONDITION_3
2026-03-13 08:50:20 | INFO | Effective Base Forecast Used for Adjustments: 1.823 MW
2026-03-13 08:50:20 | INFO | Condition-3 (Phase-6) Applied:
2026-03-13 08:50:20 | INFO |   Forecast Mismatch: Intraday (1.860) != Day-ahead (1.830)
2026-03-13 08:50:20 | INFO |   Operation: SUBTRACT
2026-03-13 08:50:20 | INFO |   Base Adjustment %: 3.00%
2026-03-13 08:50:20 | INFO |   Irradiance Multiplier: 0.65x
2026-03-13 08:50:20 | INFO |   Temp Multiplier: 0.77x
2026-03-13 08:50:20 | INFO |   Wind Multiplier: 0.95x
2026-03-13 08:50:20 | INFO |   Weather Multiplier: 0.48x
2026-03-13 08:50:20 | INFO |   Final Adjustment %: -1.43%
2026-03-13 08:50:20 | INFO |   Calculation: 1.823 MW * (1 + -1.43% / 100)
2026-03-13 08:50:20 | INFO |   Formula (expanded): raw=1.8228*(1+-1.4264/100)=1.7968
2026-03-13 08:50:20 | INFO | --- FINAL RESULT ---
2026-03-13 08:50:20 | INFO | Raw Schedule (before smoothing): 1.797 MW
2026-03-13 08:50:20 | INFO | Final Scheduled MW: 1.797 MW
2026-03-13 08:50:20 | INFO | Previous Schedule Value: 1.797 MW
2026-03-13 08:50:20 | INFO | --------------------------------------------------------------------------------
2026-03-13 08:50:20 | INFO | --------------------------------------------------------------------------------
2026-03-13 08:50:20 | INFO | BLOCK 68
2026-03-13 08:50:20 | INFO | --------------------------------------------------------------------------------
2026-03-13 08:50:20 | INFO | --- METERED DATA ---
2026-03-13 08:50:20 | INFO | Metered Value: NOT YET AVAILABLE
2026-03-13 08:50:20 | INFO | Last Two Metered Values (for trend): ['1.416', '1.736']
2026-03-13 08:50:20 | INFO | --- FORECAST DATA ---
2026-03-13 08:50:20 | INFO | Intraday Forecast (Enercast): 1.580 MW
2026-03-13 08:50:20 | INFO | Day-ahead Forecast (Enercast): 1.560 MW
2026-03-13 08:50:20 | INFO | Base Forecast (raw, before curtailment/shutdown): 1.548 MW
2026-03-13 08:50:20 | INFO | Base Forecast (used for schedule): 1.548 MW
2026-03-13 08:50:20 | INFO | Effective Base Forecast (after curtailment/shutdown): 1.548 MW
2026-03-13 08:50:20 | INFO | Base Blend Inputs: meter_ref=0.000 MW, meter_factor=1.000, meter_weight=0.020
2026-03-13 08:50:20 | INFO | Plant Status: NORMAL
2026-03-13 08:50:20 | INFO | Effective Base Forecast = Base Forecast (raw) = 1.548 MW
2026-03-13 08:50:20 | INFO | --- WEATHER PARAMETERS ---
2026-03-13 08:50:20 | INFO | GTI: 414.0 W/m^2
2026-03-13 08:50:20 | INFO | DHI: 79.0 W/m^2
2026-03-13 08:50:20 | INFO | DNI: 0.0 W/m^2
2026-03-13 08:50:20 | INFO | Irradiance Ratio (GTI/MAX_GTI): 0.437
2026-03-13 08:50:20 | INFO | Diffuse Ratio (current): 0.191
2026-03-13 08:50:20 | INFO | Irradiance State: CLOUD_TRANSIENT
2026-03-13 08:50:20 | INFO | Temp @ 2m: 35.26 C
2026-03-13 08:50:20 | INFO | Wind @ 10m: 12.72 m/s
2026-03-13 08:50:20 | INFO | Weather State: NORMAL
2026-03-13 08:50:20 | INFO | Dynamic Thresholds: cloud_thr=0.1252, shift_thr=0.1242
2026-03-13 08:50:20 | INFO | Multipliers: irradiance=0.35x, temp=0.77x, wind=0.95x
2026-03-13 08:50:20 | INFO | Weather Multiplier (combined): 0.26x
2026-03-13 08:50:20 | INFO | Abrupt Weather Change Detected: False
2026-03-13 08:50:20 | INFO | --- TREND ANALYSIS ---
2026-03-13 08:50:20 | INFO | Trend series (oldest -> latest):
2026-03-13 08:50:20 | INFO |   Block 67: 1.860 MW (source: INTRADAY_FALLBACK)
2026-03-13 08:50:20 | INFO |   Block 66: 2.140 MW (source: INTRADAY_FALLBACK)
2026-03-13 08:50:20 | INFO |   Block 65: 2.400 MW (source: INTRADAY_FALLBACK)
2026-03-13 08:50:20 | INFO |   Block 64: 2.640 MW (source: INTRADAY_FALLBACK)
2026-03-13 08:50:20 | INFO | Trend values used for slope calc: B67=1.860(INTRADAY_FALLBACK), B66=2.140(INTRADAY_FALLBACK), B65=2.400(INTRADAY_FALLBACK), B64=2.640(INTRADAY_FALLBACK)
2026-03-13 08:50:20 | INFO | Detected Trend Type: DECREASING
2026-03-13 08:50:20 | INFO | Trend Slope Percentage: -29.43%
2026-03-13 08:50:20 | INFO | Trend EPS Threshold: 1.50%
2026-03-13 08:50:20 | INFO | --- SCHEDULE CALCULATION ---
2026-03-13 08:50:20 | INFO | Condition Applied: CONDITION_3
2026-03-13 08:50:20 | INFO | Effective Base Forecast Used for Adjustments: 1.548 MW
2026-03-13 08:50:20 | INFO | Condition-3 (Phase-6) Applied:
2026-03-13 08:50:20 | INFO |   Forecast Mismatch: Intraday (1.580) != Day-ahead (1.560)
2026-03-13 08:50:20 | INFO |   Operation: SUBTRACT
2026-03-13 08:50:20 | INFO |   Base Adjustment %: 3.00%
2026-03-13 08:50:20 | INFO |   Irradiance Multiplier: 0.35x
2026-03-13 08:50:20 | INFO |   Temp Multiplier: 0.77x
2026-03-13 08:50:20 | INFO |   Wind Multiplier: 0.95x
2026-03-13 08:50:20 | INFO |   Weather Multiplier: 0.26x
2026-03-13 08:50:20 | INFO |   Final Adjustment %: -0.77%
2026-03-13 08:50:20 | INFO |   Calculation: 1.548 MW * (1 + -0.77% / 100)
2026-03-13 08:50:20 | INFO |   Formula (expanded): raw=1.5484*(1+-0.7681/100)=1.5365
2026-03-13 08:50:20 | INFO | --- FINAL RESULT ---
2026-03-13 08:50:20 | INFO | Raw Schedule (before smoothing): 1.537 MW
2026-03-13 08:50:20 | INFO | Final Scheduled MW: 1.537 MW
2026-03-13 08:50:20 | INFO | Previous Schedule Value: 1.537 MW
2026-03-13 08:50:20 | INFO | --------------------------------------------------------------------------------
2026-03-13 08:50:20 | INFO | --------------------------------------------------------------------------------
2026-03-13 08:50:20 | INFO | BLOCK 69
2026-03-13 08:50:20 | INFO | --------------------------------------------------------------------------------
2026-03-13 08:50:20 | INFO | --- METERED DATA ---
2026-03-13 08:50:20 | INFO | Metered Value: NOT YET AVAILABLE
2026-03-13 08:50:20 | INFO | Last Two Metered Values (for trend): ['1.416', '1.736']
2026-03-13 08:50:20 | INFO | --- FORECAST DATA ---
2026-03-13 08:50:20 | INFO | Intraday Forecast (Enercast): 1.300 MW
2026-03-13 08:50:20 | INFO | Day-ahead Forecast (Enercast): 1.280 MW
2026-03-13 08:50:20 | INFO | Base Forecast (raw, before curtailment/shutdown): 1.274 MW
2026-03-13 08:50:20 | INFO | Base Forecast (used for schedule): 1.274 MW
2026-03-13 08:50:20 | INFO | Effective Base Forecast (after curtailment/shutdown): 1.274 MW
2026-03-13 08:50:20 | INFO | Base Blend Inputs: meter_ref=0.000 MW, meter_factor=1.000, meter_weight=0.020
2026-03-13 08:50:20 | INFO | Plant Status: NORMAL
2026-03-13 08:50:20 | INFO | Effective Base Forecast = Base Forecast (raw) = 1.274 MW
2026-03-13 08:50:20 | INFO | --- WEATHER PARAMETERS ---
2026-03-13 08:50:20 | INFO | GTI: 352.0 W/m^2
2026-03-13 08:50:20 | INFO | DHI: 74.0 W/m^2
2026-03-13 08:50:20 | INFO | DNI: 0.0 W/m^2
2026-03-13 08:50:20 | INFO | Irradiance Ratio (GTI/MAX_GTI): 0.371
2026-03-13 08:50:20 | INFO | Diffuse Ratio (current): 0.210
2026-03-13 08:50:20 | INFO | Irradiance State: CLOUD_TRANSIENT
2026-03-13 08:50:20 | INFO | Temp @ 2m: 35.16 C
2026-03-13 08:50:20 | INFO | Wind @ 10m: 13.05 m/s
2026-03-13 08:50:20 | INFO | Weather State: NORMAL
2026-03-13 08:50:20 | INFO | Dynamic Thresholds: cloud_thr=0.1252, shift_thr=0.1242
2026-03-13 08:50:20 | INFO | Multipliers: irradiance=0.35x, temp=0.77x, wind=0.95x
2026-03-13 08:50:20 | INFO | Weather Multiplier (combined): 0.26x
2026-03-13 08:50:20 | INFO | Abrupt Weather Change Detected: False
2026-03-13 08:50:20 | INFO | --- TREND ANALYSIS ---
2026-03-13 08:50:20 | INFO | Trend series (oldest -> latest):
2026-03-13 08:50:20 | INFO |   Block 68: 1.580 MW (source: INTRADAY_FALLBACK)
2026-03-13 08:50:20 | INFO |   Block 67: 1.860 MW (source: INTRADAY_FALLBACK)
2026-03-13 08:50:20 | INFO |   Block 66: 2.140 MW (source: INTRADAY_FALLBACK)
2026-03-13 08:50:20 | INFO |   Block 65: 2.400 MW (source: INTRADAY_FALLBACK)
2026-03-13 08:50:20 | INFO | Trend values used for slope calc: B68=1.580(INTRADAY_FALLBACK), B67=1.860(INTRADAY_FALLBACK), B66=2.140(INTRADAY_FALLBACK), B65=2.400(INTRADAY_FALLBACK)
2026-03-13 08:50:20 | INFO | Detected Trend Type: DECREASING
2026-03-13 08:50:20 | INFO | Trend Slope Percentage: -34.16%
2026-03-13 08:50:20 | INFO | Trend EPS Threshold: 1.50%
2026-03-13 08:50:20 | INFO | --- SCHEDULE CALCULATION ---
2026-03-13 08:50:20 | INFO | Condition Applied: CONDITION_3
2026-03-13 08:50:20 | INFO | Effective Base Forecast Used for Adjustments: 1.274 MW
2026-03-13 08:50:20 | INFO | Condition-3 (Phase-6) Applied:
2026-03-13 08:50:20 | INFO |   Forecast Mismatch: Intraday (1.300) != Day-ahead (1.280)
2026-03-13 08:50:20 | INFO |   Operation: SUBTRACT
2026-03-13 08:50:20 | INFO |   Base Adjustment %: 3.00%
2026-03-13 08:50:20 | INFO |   Irradiance Multiplier: 0.35x
2026-03-13 08:50:20 | INFO |   Temp Multiplier: 0.77x
2026-03-13 08:50:20 | INFO |   Wind Multiplier: 0.95x
2026-03-13 08:50:20 | INFO |   Weather Multiplier: 0.26x
2026-03-13 08:50:20 | INFO |   Final Adjustment %: -0.77%
2026-03-13 08:50:20 | INFO |   Calculation: 1.274 MW * (1 + -0.77% / 100)
2026-03-13 08:50:20 | INFO |   Formula (expanded): raw=1.2740*(1+-0.7681/100)=1.2642
2026-03-13 08:50:20 | INFO | --- FINAL RESULT ---
2026-03-13 08:50:20 | INFO | Raw Schedule (before smoothing): 1.264 MW
2026-03-13 08:50:20 | INFO | Final Scheduled MW: 1.264 MW
2026-03-13 08:50:20 | INFO | Previous Schedule Value: 1.264 MW
2026-03-13 08:50:20 | INFO | --------------------------------------------------------------------------------
2026-03-13 08:50:20 | INFO | --------------------------------------------------------------------------------
2026-03-13 08:50:20 | INFO | BLOCK 70
2026-03-13 08:50:20 | INFO | --------------------------------------------------------------------------------
2026-03-13 08:50:20 | INFO | --- METERED DATA ---
2026-03-13 08:50:20 | INFO | Metered Value: NOT YET AVAILABLE
2026-03-13 08:50:20 | INFO | Last Two Metered Values (for trend): ['1.416', '1.736']
2026-03-13 08:50:20 | INFO | --- FORECAST DATA ---
2026-03-13 08:50:20 | INFO | Intraday Forecast (Enercast): 1.030 MW
2026-03-13 08:50:20 | INFO | Day-ahead Forecast (Enercast): 1.010 MW
2026-03-13 08:50:20 | INFO | Base Forecast (raw, before curtailment/shutdown): 1.009 MW
2026-03-13 08:50:20 | INFO | Base Forecast (used for schedule): 1.009 MW
2026-03-13 08:50:20 | INFO | Effective Base Forecast (after curtailment/shutdown): 1.009 MW
2026-03-13 08:50:20 | INFO | Base Blend Inputs: meter_ref=0.000 MW, meter_factor=1.000, meter_weight=0.020
2026-03-13 08:50:20 | INFO | Plant Status: NORMAL
2026-03-13 08:50:20 | INFO | Effective Base Forecast = Base Forecast (raw) = 1.009 MW
2026-03-13 08:50:20 | INFO | --- WEATHER PARAMETERS ---
2026-03-13 08:50:20 | INFO | GTI: 287.0 W/m^2
2026-03-13 08:50:20 | INFO | DHI: 67.0 W/m^2
2026-03-13 08:50:20 | INFO | DNI: 0.0 W/m^2
2026-03-13 08:50:20 | INFO | Irradiance Ratio (GTI/MAX_GTI): 0.303
2026-03-13 08:50:20 | INFO | Diffuse Ratio (current): 0.233
2026-03-13 08:50:20 | INFO | Irradiance State: CLOUD_TRANSIENT
2026-03-13 08:50:20 | INFO | Temp @ 2m: 35.01 C
2026-03-13 08:50:20 | INFO | Wind @ 10m: 13.38 m/s
2026-03-13 08:50:20 | INFO | Weather State: NORMAL
2026-03-13 08:50:20 | INFO | Dynamic Thresholds: cloud_thr=0.1252, shift_thr=0.1242
2026-03-13 08:50:20 | INFO | Multipliers: irradiance=0.35x, temp=0.77x, wind=0.95x
2026-03-13 08:50:20 | INFO | Weather Multiplier (combined): 0.26x
2026-03-13 08:50:20 | INFO | Abrupt Weather Change Detected: False
2026-03-13 08:50:20 | INFO | --- TREND ANALYSIS ---
2026-03-13 08:50:20 | INFO | Trend series (oldest -> latest):
2026-03-13 08:50:20 | INFO |   Block 69: 1.300 MW (source: INTRADAY_FALLBACK)
2026-03-13 08:50:20 | INFO |   Block 68: 1.580 MW (source: INTRADAY_FALLBACK)
2026-03-13 08:50:20 | INFO |   Block 67: 1.860 MW (source: INTRADAY_FALLBACK)
2026-03-13 08:50:20 | INFO |   Block 66: 2.140 MW (source: INTRADAY_FALLBACK)
2026-03-13 08:50:20 | INFO | Trend values used for slope calc: B69=1.300(INTRADAY_FALLBACK), B68=1.580(INTRADAY_FALLBACK), B67=1.860(INTRADAY_FALLBACK), B66=2.140(INTRADAY_FALLBACK)
2026-03-13 08:50:20 | INFO | Detected Trend Type: DECREASING
2026-03-13 08:50:20 | INFO | Trend Slope Percentage: -39.25%
2026-03-13 08:50:20 | INFO | Trend EPS Threshold: 1.50%
2026-03-13 08:50:20 | INFO | --- SCHEDULE CALCULATION ---
2026-03-13 08:50:20 | INFO | Condition Applied: CONDITION_3
2026-03-13 08:50:20 | INFO | Effective Base Forecast Used for Adjustments: 1.009 MW
2026-03-13 08:50:20 | INFO | Condition-3 (Phase-6) Applied:
2026-03-13 08:50:20 | INFO |   Forecast Mismatch: Intraday (1.030) != Day-ahead (1.010)
2026-03-13 08:50:20 | INFO |   Operation: SUBTRACT
2026-03-13 08:50:20 | INFO |   Base Adjustment %: 3.00%
2026-03-13 08:50:20 | INFO |   Irradiance Multiplier: 0.35x
2026-03-13 08:50:20 | INFO |   Temp Multiplier: 0.77x
2026-03-13 08:50:20 | INFO |   Wind Multiplier: 0.95x
2026-03-13 08:50:20 | INFO |   Weather Multiplier: 0.26x
2026-03-13 08:50:20 | INFO |   Final Adjustment %: -0.77%
2026-03-13 08:50:20 | INFO |   Calculation: 1.009 MW * (1 + -0.77% / 100)
2026-03-13 08:50:20 | INFO |   Formula (expanded): raw=1.0094*(1+-0.7681/100)=1.0016
2026-03-13 08:50:20 | INFO | --- FINAL RESULT ---
2026-03-13 08:50:20 | INFO | Raw Schedule (before smoothing): 1.002 MW
2026-03-13 08:50:20 | INFO | Final Scheduled MW: 1.002 MW
2026-03-13 08:50:20 | INFO | Previous Schedule Value: 1.002 MW
2026-03-13 08:50:20 | INFO | --------------------------------------------------------------------------------
2026-03-13 08:50:20 | INFO | --------------------------------------------------------------------------------
2026-03-13 08:50:20 | INFO | BLOCK 71
2026-03-13 08:50:20 | INFO | --------------------------------------------------------------------------------
2026-03-13 08:50:20 | INFO | --- METERED DATA ---
2026-03-13 08:50:20 | INFO | Metered Value: NOT YET AVAILABLE
2026-03-13 08:50:20 | INFO | Last Two Metered Values (for trend): ['1.416', '1.736']
2026-03-13 08:50:20 | INFO | --- FORECAST DATA ---
2026-03-13 08:50:20 | INFO | Intraday Forecast (Enercast): 0.750 MW
2026-03-13 08:50:20 | INFO | Day-ahead Forecast (Enercast): 0.750 MW
2026-03-13 08:50:20 | INFO | Base Forecast (raw, before curtailment/shutdown): 0.735 MW
2026-03-13 08:50:20 | INFO | Base Forecast (used for schedule): 0.735 MW
2026-03-13 08:50:20 | INFO | Effective Base Forecast (after curtailment/shutdown): 0.735 MW
2026-03-13 08:50:20 | INFO | Base Blend Inputs: meter_ref=0.000 MW, meter_factor=1.000, meter_weight=0.020
2026-03-13 08:50:20 | INFO | Plant Status: NORMAL
2026-03-13 08:50:20 | INFO | Effective Base Forecast = Base Forecast (raw) = 0.735 MW
2026-03-13 08:50:20 | INFO | --- WEATHER PARAMETERS ---
2026-03-13 08:50:20 | INFO | GTI: 219.0 W/m^2
2026-03-13 08:50:20 | INFO | DHI: 58.0 W/m^2
2026-03-13 08:50:20 | INFO | DNI: 0.0 W/m^2
2026-03-13 08:50:20 | INFO | Irradiance Ratio (GTI/MAX_GTI): 0.231
2026-03-13 08:50:20 | INFO | Diffuse Ratio (current): 0.265
2026-03-13 08:50:20 | INFO | Irradiance State: CLOUD_TRANSIENT
2026-03-13 08:50:20 | INFO | Temp @ 2m: 34.61 C
2026-03-13 08:50:20 | INFO | Wind @ 10m: 12.90 m/s
2026-03-13 08:50:20 | INFO | Weather State: NORMAL
2026-03-13 08:50:20 | INFO | Dynamic Thresholds: cloud_thr=0.1252, shift_thr=0.1242
2026-03-13 08:50:20 | INFO | Multipliers: irradiance=0.35x, temp=0.90x, wind=0.95x
2026-03-13 08:50:20 | INFO | Weather Multiplier (combined): 0.30x
2026-03-13 08:50:20 | INFO | Abrupt Weather Change Detected: False
2026-03-13 08:50:20 | INFO | --- TREND ANALYSIS ---
2026-03-13 08:50:20 | INFO | Trend series (oldest -> latest):
2026-03-13 08:50:20 | INFO |   Block 70: 1.030 MW (source: INTRADAY_FALLBACK)
2026-03-13 08:50:20 | INFO |   Block 69: 1.300 MW (source: INTRADAY_FALLBACK)
2026-03-13 08:50:20 | INFO |   Block 68: 1.580 MW (source: INTRADAY_FALLBACK)
2026-03-13 08:50:20 | INFO |   Block 67: 1.860 MW (source: INTRADAY_FALLBACK)
2026-03-13 08:50:20 | INFO | Trend values used for slope calc: B70=1.030(INTRADAY_FALLBACK), B69=1.300(INTRADAY_FALLBACK), B68=1.580(INTRADAY_FALLBACK), B67=1.860(INTRADAY_FALLBACK)
2026-03-13 08:50:20 | INFO | Detected Trend Type: DECREASING
2026-03-13 08:50:20 | INFO | Trend Slope Percentage: -44.73%
2026-03-13 08:50:20 | INFO | Trend EPS Threshold: 1.50%
2026-03-13 08:50:20 | INFO | --- SCHEDULE CALCULATION ---
2026-03-13 08:50:20 | INFO | Condition Applied: CONDITION_3
2026-03-13 08:50:20 | INFO | Effective Base Forecast Used for Adjustments: 0.735 MW
2026-03-13 08:50:20 | INFO | Condition-3 (Phase-6) Applied:
2026-03-13 08:50:20 | INFO |   Forecast Mismatch: Intraday (0.750) != Day-ahead (0.750)
2026-03-13 08:50:20 | INFO |   Operation: SUBTRACT
2026-03-13 08:50:20 | INFO |   Base Adjustment %: 3.00%
2026-03-13 08:50:20 | INFO |   Irradiance Multiplier: 0.35x
2026-03-13 08:50:20 | INFO |   Temp Multiplier: 0.90x
2026-03-13 08:50:20 | INFO |   Wind Multiplier: 0.95x
2026-03-13 08:50:20 | INFO |   Weather Multiplier: 0.30x
2026-03-13 08:50:20 | INFO |   Final Adjustment %: -0.90%
2026-03-13 08:50:20 | INFO |   Calculation: 0.735 MW * (1 + -0.90% / 100)
2026-03-13 08:50:20 | INFO |   Formula (expanded): raw=0.7350*(1+-0.8977/100)=0.7284
2026-03-13 08:50:20 | INFO | --- FINAL RESULT ---
2026-03-13 08:50:20 | INFO | Raw Schedule (before smoothing): 0.728 MW
2026-03-13 08:50:20 | INFO | Final Scheduled MW: 0.728 MW
2026-03-13 08:50:20 | INFO | Previous Schedule Value: 0.728 MW
2026-03-13 08:50:20 | INFO | --------------------------------------------------------------------------------
2026-03-13 08:50:20 | INFO | --------------------------------------------------------------------------------
2026-03-13 08:50:20 | INFO | BLOCK 72
2026-03-13 08:50:20 | INFO | --------------------------------------------------------------------------------
2026-03-13 08:50:20 | INFO | --- METERED DATA ---
2026-03-13 08:50:20 | INFO | Metered Value: NOT YET AVAILABLE
2026-03-13 08:50:20 | INFO | Last Two Metered Values (for trend): ['1.416', '1.736']
2026-03-13 08:50:20 | INFO | --- FORECAST DATA ---
2026-03-13 08:50:20 | INFO | Intraday Forecast (Enercast): 0.490 MW
2026-03-13 08:50:20 | INFO | Day-ahead Forecast (Enercast): 0.490 MW
2026-03-13 08:50:20 | INFO | Base Forecast (raw, before curtailment/shutdown): 0.480 MW
2026-03-13 08:50:20 | INFO | Base Forecast (used for schedule): 0.480 MW
2026-03-13 08:50:20 | INFO | Effective Base Forecast (after curtailment/shutdown): 0.480 MW
2026-03-13 08:50:20 | INFO | Base Blend Inputs: meter_ref=0.000 MW, meter_factor=1.000, meter_weight=0.020
2026-03-13 08:50:20 | INFO | Plant Status: NORMAL
2026-03-13 08:50:20 | INFO | Effective Base Forecast = Base Forecast (raw) = 0.480 MW
2026-03-13 08:50:20 | INFO | --- WEATHER PARAMETERS ---
2026-03-13 08:50:20 | INFO | GTI: 157.0 W/m^2
2026-03-13 08:50:20 | INFO | DHI: 49.0 W/m^2
2026-03-13 08:50:20 | INFO | DNI: 0.0 W/m^2
2026-03-13 08:50:20 | INFO | Irradiance Ratio (GTI/MAX_GTI): 0.166
2026-03-13 08:50:20 | INFO | Diffuse Ratio (current): 0.312
2026-03-13 08:50:20 | INFO | Irradiance State: OVERCAST
2026-03-13 08:50:20 | INFO | Temp @ 2m: 33.86 C
2026-03-13 08:50:20 | INFO | Wind @ 10m: 11.77 m/s
2026-03-13 08:50:20 | INFO | Weather State: NORMAL
2026-03-13 08:50:20 | INFO | Dynamic Thresholds: cloud_thr=0.1252, shift_thr=0.1242
2026-03-13 08:50:20 | INFO | Multipliers: irradiance=0.25x, temp=0.90x, wind=0.95x
2026-03-13 08:50:20 | INFO | Weather Multiplier (combined): 0.21x
2026-03-13 08:50:20 | INFO | Abrupt Weather Change Detected: False
2026-03-13 08:50:20 | INFO | --- TREND ANALYSIS ---
2026-03-13 08:50:20 | INFO | Trend series (oldest -> latest):
2026-03-13 08:50:20 | INFO |   Block 71: 0.750 MW (source: INTRADAY_FALLBACK)
2026-03-13 08:50:20 | INFO |   Block 70: 1.030 MW (source: INTRADAY_FALLBACK)
2026-03-13 08:50:20 | INFO |   Block 69: 1.300 MW (source: INTRADAY_FALLBACK)
2026-03-13 08:50:20 | INFO |   Block 68: 1.580 MW (source: INTRADAY_FALLBACK)
2026-03-13 08:50:20 | INFO | Trend values used for slope calc: B71=0.750(INTRADAY_FALLBACK), B70=1.030(INTRADAY_FALLBACK), B69=1.300(INTRADAY_FALLBACK), B68=1.580(INTRADAY_FALLBACK)
2026-03-13 08:50:20 | INFO | Detected Trend Type: DECREASING
2026-03-13 08:50:20 | INFO | Trend Slope Percentage: -52.44%
2026-03-13 08:50:20 | INFO | Trend EPS Threshold: 1.50%
2026-03-13 08:50:20 | INFO | --- SCHEDULE CALCULATION ---
2026-03-13 08:50:20 | INFO | Condition Applied: CONDITION_3
2026-03-13 08:50:20 | INFO | Effective Base Forecast Used for Adjustments: 0.480 MW
2026-03-13 08:50:20 | INFO | Condition-3 (Phase-6) Applied:
2026-03-13 08:50:20 | INFO |   Forecast Mismatch: Intraday (0.490) != Day-ahead (0.490)
2026-03-13 08:50:20 | INFO |   Operation: SUBTRACT
2026-03-13 08:50:20 | INFO |   Base Adjustment %: 3.00%
2026-03-13 08:50:20 | INFO |   Irradiance Multiplier: 0.25x
2026-03-13 08:50:20 | INFO |   Temp Multiplier: 0.90x
2026-03-13 08:50:20 | INFO |   Wind Multiplier: 0.95x
2026-03-13 08:50:20 | INFO |   Weather Multiplier: 0.21x
2026-03-13 08:50:20 | INFO |   Final Adjustment %: -0.64%
2026-03-13 08:50:20 | INFO |   Calculation: 0.480 MW * (1 + -0.64% / 100)
2026-03-13 08:50:20 | INFO |   Formula (expanded): raw=0.4802*(1+-0.6412/100)=0.4771
2026-03-13 08:50:20 | INFO | --- FINAL RESULT ---
2026-03-13 08:50:20 | INFO | Raw Schedule (before smoothing): 0.477 MW
2026-03-13 08:50:20 | INFO | Final Scheduled MW: 0.477 MW
2026-03-13 08:50:20 | INFO | Previous Schedule Value: 0.477 MW
2026-03-13 08:50:20 | INFO | --------------------------------------------------------------------------------
2026-03-13 08:50:20 | INFO | Low GTI ratio (0.111) -> base_forecast damped by 0.85
2026-03-13 08:50:20 | INFO | --------------------------------------------------------------------------------
2026-03-13 08:50:20 | INFO | BLOCK 73
2026-03-13 08:50:20 | INFO | --------------------------------------------------------------------------------
2026-03-13 08:50:20 | INFO | --- METERED DATA ---
2026-03-13 08:50:20 | INFO | Metered Value: NOT YET AVAILABLE
2026-03-13 08:50:20 | INFO | Last Two Metered Values (for trend): ['1.416', '1.736']
2026-03-13 08:50:20 | INFO | --- FORECAST DATA ---
2026-03-13 08:50:20 | INFO | Intraday Forecast (Enercast): 0.260 MW
2026-03-13 08:50:20 | INFO | Day-ahead Forecast (Enercast): 0.260 MW
2026-03-13 08:50:20 | INFO | Base Forecast (raw, before curtailment/shutdown): 0.255 MW
2026-03-13 08:50:20 | INFO | Base Forecast (used for schedule): 0.217 MW
2026-03-13 08:50:20 | INFO | Effective Base Forecast (after curtailment/shutdown): 0.217 MW
2026-03-13 08:50:20 | INFO | Base Blend Inputs: meter_ref=0.000 MW, meter_factor=1.000, meter_weight=0.020
2026-03-13 08:50:20 | INFO | Plant Status: NORMAL
2026-03-13 08:50:20 | INFO | Effective Base Forecast = Base Forecast (raw) = 0.217 MW
2026-03-13 08:50:20 | INFO | --- WEATHER PARAMETERS ---
2026-03-13 08:50:20 | INFO | GTI: 105.0 W/m^2
2026-03-13 08:50:20 | INFO | DHI: 37.0 W/m^2
2026-03-13 08:50:20 | INFO | DNI: 0.0 W/m^2
2026-03-13 08:50:20 | INFO | Irradiance Ratio (GTI/MAX_GTI): 0.111
2026-03-13 08:50:20 | INFO | Diffuse Ratio (current): 0.352
2026-03-13 08:50:20 | INFO | Irradiance State: OVERCAST
2026-03-13 08:50:20 | INFO | Temp @ 2m: 32.86 C
2026-03-13 08:50:20 | INFO | Wind @ 10m: 10.31 m/s
2026-03-13 08:50:20 | INFO | Weather State: NORMAL
2026-03-13 08:50:20 | INFO | Dynamic Thresholds: cloud_thr=0.1252, shift_thr=0.1242
2026-03-13 08:50:20 | INFO | Multipliers: irradiance=0.25x, temp=0.90x, wind=0.95x
2026-03-13 08:50:20 | INFO | Weather Multiplier (combined): 0.21x
2026-03-13 08:50:20 | INFO | Abrupt Weather Change Detected: False
2026-03-13 08:50:20 | INFO | --- TREND ANALYSIS ---
2026-03-13 08:50:20 | INFO | Trend series (oldest -> latest):
2026-03-13 08:50:20 | INFO |   Block 72: 0.490 MW (source: INTRADAY_FALLBACK)
2026-03-13 08:50:20 | INFO |   Block 71: 0.750 MW (source: INTRADAY_FALLBACK)
2026-03-13 08:50:20 | INFO |   Block 70: 1.030 MW (source: INTRADAY_FALLBACK)
2026-03-13 08:50:20 | INFO |   Block 69: 1.300 MW (source: INTRADAY_FALLBACK)
2026-03-13 08:50:20 | INFO | Trend values used for slope calc: B72=0.490(INTRADAY_FALLBACK), B71=0.750(INTRADAY_FALLBACK), B70=1.030(INTRADAY_FALLBACK), B69=1.300(INTRADAY_FALLBACK)
2026-03-13 08:50:20 | INFO | Detected Trend Type: DECREASING
2026-03-13 08:50:20 | INFO | Trend Slope Percentage: -62.59%
2026-03-13 08:50:20 | INFO | Trend EPS Threshold: 1.50%
2026-03-13 08:50:20 | INFO | --- SCHEDULE CALCULATION ---
2026-03-13 08:50:20 | INFO | Condition Applied: CONDITION_3
2026-03-13 08:50:20 | INFO | Effective Base Forecast Used for Adjustments: 0.217 MW
2026-03-13 08:50:20 | INFO | Condition-3 (Phase-6) Applied:
2026-03-13 08:50:20 | INFO |   Forecast Mismatch: Intraday (0.260) != Day-ahead (0.260)
2026-03-13 08:50:20 | INFO |   Operation: SUBTRACT
2026-03-13 08:50:20 | INFO |   Base Adjustment %: 3.00%
2026-03-13 08:50:20 | INFO |   Irradiance Multiplier: 0.25x
2026-03-13 08:50:20 | INFO |   Temp Multiplier: 0.90x
2026-03-13 08:50:20 | INFO |   Wind Multiplier: 0.95x
2026-03-13 08:50:20 | INFO |   Weather Multiplier: 1.00x
2026-03-13 08:50:20 | INFO |   Final Adjustment %: -3.00%
2026-03-13 08:50:20 | INFO |   Calculation: 0.217 MW * (1 + -3.00% / 100)
2026-03-13 08:50:20 | INFO |   Formula (expanded): raw=0.2166*(1+-3.0000/100)=0.2101
2026-03-13 08:50:20 | INFO | --- FINAL RESULT ---
2026-03-13 08:50:20 | INFO | Raw Schedule (before smoothing): 0.210 MW
2026-03-13 08:50:20 | INFO | Final Scheduled MW: 0.210 MW
2026-03-13 08:50:20 | INFO | Previous Schedule Value: 0.210 MW
2026-03-13 08:50:20 | INFO | --------------------------------------------------------------------------------
2026-03-13 08:50:20 | INFO | Low GTI ratio (0.068) -> base_forecast damped by 0.85
2026-03-13 08:50:20 | INFO | --------------------------------------------------------------------------------
2026-03-13 08:50:20 | INFO | BLOCK 74
2026-03-13 08:50:20 | INFO | --------------------------------------------------------------------------------
2026-03-13 08:50:20 | INFO | --- METERED DATA ---
2026-03-13 08:50:20 | INFO | Metered Value: NOT YET AVAILABLE
2026-03-13 08:50:20 | INFO | Last Two Metered Values (for trend): ['1.416', '1.736']
2026-03-13 08:50:20 | INFO | --- FORECAST DATA ---
2026-03-13 08:50:20 | INFO | Intraday Forecast (Enercast): 0.080 MW
2026-03-13 08:50:20 | INFO | Day-ahead Forecast (Enercast): 0.090 MW
2026-03-13 08:50:20 | INFO | Base Forecast (raw, before curtailment/shutdown): 0.078 MW
2026-03-13 08:50:20 | INFO | Base Forecast (used for schedule): 0.067 MW
2026-03-13 08:50:20 | INFO | Effective Base Forecast (after curtailment/shutdown): 0.067 MW
2026-03-13 08:50:20 | INFO | Base Blend Inputs: meter_ref=0.000 MW, meter_factor=1.000, meter_weight=0.020
2026-03-13 08:50:20 | INFO | Plant Status: NORMAL
2026-03-13 08:50:20 | INFO | Effective Base Forecast = Base Forecast (raw) = 0.067 MW
2026-03-13 08:50:20 | INFO | --- WEATHER PARAMETERS ---
2026-03-13 08:50:20 | INFO | GTI: 64.0 W/m^2
2026-03-13 08:50:20 | INFO | DHI: 24.0 W/m^2
2026-03-13 08:50:20 | INFO | DNI: 0.0 W/m^2
2026-03-13 08:50:20 | INFO | Irradiance Ratio (GTI/MAX_GTI): 0.068
2026-03-13 08:50:20 | INFO | Diffuse Ratio (current): 0.375
2026-03-13 08:50:20 | INFO | Irradiance State: OVERCAST
2026-03-13 08:50:20 | INFO | Temp @ 2m: 31.86 C
2026-03-13 08:50:20 | INFO | Wind @ 10m: 8.85 m/s
2026-03-13 08:50:20 | INFO | Weather State: NORMAL
2026-03-13 08:50:20 | INFO | Dynamic Thresholds: cloud_thr=0.1252, shift_thr=0.1242
2026-03-13 08:50:20 | INFO | Multipliers: irradiance=0.25x, temp=0.90x, wind=0.95x
2026-03-13 08:50:20 | INFO | Weather Multiplier (combined): 0.21x
2026-03-13 08:50:20 | INFO | Abrupt Weather Change Detected: False
2026-03-13 08:50:20 | INFO | --- TREND ANALYSIS ---
2026-03-13 08:50:20 | INFO | Trend series (oldest -> latest):
2026-03-13 08:50:20 | INFO |   Block 73: 0.260 MW (source: INTRADAY_FALLBACK)
2026-03-13 08:50:20 | INFO |   Block 72: 0.490 MW (source: INTRADAY_FALLBACK)
2026-03-13 08:50:20 | INFO |   Block 71: 0.750 MW (source: INTRADAY_FALLBACK)
2026-03-13 08:50:20 | INFO |   Block 70: 1.030 MW (source: INTRADAY_FALLBACK)
2026-03-13 08:50:20 | INFO | Trend values used for slope calc: B73=0.260(INTRADAY_FALLBACK), B72=0.490(INTRADAY_FALLBACK), B71=0.750(INTRADAY_FALLBACK), B70=1.030(INTRADAY_FALLBACK)
2026-03-13 08:50:20 | INFO | Detected Trend Type: DECREASING
2026-03-13 08:50:20 | INFO | Trend Slope Percentage: -75.74%
2026-03-13 08:50:20 | INFO | Trend EPS Threshold: 1.50%
2026-03-13 08:50:20 | INFO | --- SCHEDULE CALCULATION ---
2026-03-13 08:50:20 | INFO | Condition Applied: CONDITION_3
2026-03-13 08:50:20 | INFO | Effective Base Forecast Used for Adjustments: 0.067 MW
2026-03-13 08:50:20 | INFO | Condition-3 (Phase-6) Applied:
2026-03-13 08:50:20 | INFO |   Forecast Mismatch: Intraday (0.080) != Day-ahead (0.090)
2026-03-13 08:50:20 | INFO |   Operation: SUBTRACT
2026-03-13 08:50:20 | INFO |   Base Adjustment %: 3.00%
2026-03-13 08:50:20 | INFO |   Irradiance Multiplier: 0.25x
2026-03-13 08:50:20 | INFO |   Temp Multiplier: 0.90x
2026-03-13 08:50:20 | INFO |   Wind Multiplier: 0.95x
2026-03-13 08:50:20 | INFO |   Weather Multiplier: 1.00x
2026-03-13 08:50:20 | INFO |   Final Adjustment %: -3.00%
2026-03-13 08:50:20 | INFO |   Calculation: 0.067 MW * (1 + -3.00% / 100)
2026-03-13 08:50:20 | INFO |   Formula (expanded): raw=0.0666*(1+-3.0000/100)=0.0646
2026-03-13 08:50:20 | INFO | --- FINAL RESULT ---
2026-03-13 08:50:20 | INFO | Raw Schedule (before smoothing): 0.065 MW
2026-03-13 08:50:20 | INFO | Final Scheduled MW: 0.065 MW
2026-03-13 08:50:20 | INFO | Previous Schedule Value: 0.065 MW
2026-03-13 08:50:20 | INFO | --------------------------------------------------------------------------------
2026-03-13 08:50:20 | INFO | Low GTI ratio (0.028) -> base_forecast damped by 0.85
2026-03-13 08:50:20 | INFO | --------------------------------------------------------------------------------
2026-03-13 08:50:20 | INFO | BLOCK 75
2026-03-13 08:50:20 | INFO | --------------------------------------------------------------------------------
2026-03-13 08:50:20 | INFO | --- METERED DATA ---
2026-03-13 08:50:20 | INFO | Metered Value: NOT YET AVAILABLE
2026-03-13 08:50:20 | INFO | Last Two Metered Values (for trend): ['1.416', '1.736']
2026-03-13 08:50:20 | INFO | --- FORECAST DATA ---
2026-03-13 08:50:20 | INFO | Intraday Forecast (Enercast): 0.000 MW
2026-03-13 08:50:20 | INFO | Day-ahead Forecast (Enercast): 0.000 MW
2026-03-13 08:50:20 | INFO | Base Forecast (raw, before curtailment/shutdown): 0.000 MW
2026-03-13 08:50:20 | INFO | Base Forecast (used for schedule): 0.000 MW
2026-03-13 08:50:20 | INFO | Effective Base Forecast (after curtailment/shutdown): 0.000 MW
2026-03-13 08:50:20 | INFO | Base Blend Inputs: meter_ref=0.000 MW, meter_factor=1.000, meter_weight=0.020
2026-03-13 08:50:20 | INFO | Plant Status: NORMAL
2026-03-13 08:50:20 | INFO | Effective Base Forecast = Base Forecast (raw) = 0.000 MW
2026-03-13 08:50:20 | INFO | --- WEATHER PARAMETERS ---
2026-03-13 08:50:20 | INFO | GTI: 27.0 W/m^2
2026-03-13 08:50:20 | INFO | DHI: 11.0 W/m^2
2026-03-13 08:50:20 | INFO | DNI: 0.0 W/m^2
2026-03-13 08:50:20 | INFO | Irradiance Ratio (GTI/MAX_GTI): 0.028
2026-03-13 08:50:20 | INFO | Diffuse Ratio (current): 0.220
2026-03-13 08:50:20 | INFO | Irradiance State: OVERCAST
2026-03-13 08:50:20 | INFO | Temp @ 2m: 31.01 C
2026-03-13 08:50:20 | INFO | Wind @ 10m: 7.57 m/s
2026-03-13 08:50:20 | INFO | Weather State: NORMAL
2026-03-13 08:50:20 | INFO | Dynamic Thresholds: cloud_thr=0.1252, shift_thr=0.1242
2026-03-13 08:50:20 | INFO | Multipliers: irradiance=0.25x, temp=0.90x, wind=0.95x
2026-03-13 08:50:20 | INFO | Weather Multiplier (combined): 0.21x
2026-03-13 08:50:20 | INFO | Abrupt Weather Change Detected: False
2026-03-13 08:50:20 | INFO | --- TREND ANALYSIS ---
2026-03-13 08:50:20 | INFO | Trend series (oldest -> latest):
2026-03-13 08:50:20 | INFO |   Block 74: 0.080 MW (source: INTRADAY_FALLBACK)
2026-03-13 08:50:20 | INFO |   Block 73: 0.260 MW (source: INTRADAY_FALLBACK)
2026-03-13 08:50:20 | INFO |   Block 72: 0.490 MW (source: INTRADAY_FALLBACK)
2026-03-13 08:50:20 | INFO |   Block 71: 0.750 MW (source: INTRADAY_FALLBACK)
2026-03-13 08:50:20 | INFO | Trend values used for slope calc: B74=0.080(INTRADAY_FALLBACK), B73=0.260(INTRADAY_FALLBACK), B72=0.490(INTRADAY_FALLBACK), B71=0.750(INTRADAY_FALLBACK)
2026-03-13 08:50:20 | INFO | Detected Trend Type: DECREASING
2026-03-13 08:50:20 | INFO | Trend Slope Percentage: -91.93%
2026-03-13 08:50:20 | INFO | Trend EPS Threshold: 1.50%
2026-03-13 08:50:20 | INFO | --- SCHEDULE CALCULATION ---
2026-03-13 08:50:20 | INFO | Condition Applied: CONDITION_3
2026-03-13 08:50:20 | INFO | Effective Base Forecast Used for Adjustments: 0.000 MW
2026-03-13 08:50:20 | INFO | Condition-3 (Phase-6) Applied:
2026-03-13 08:50:20 | INFO |   Forecast Mismatch: Intraday (0.000) != Day-ahead (0.000)
2026-03-13 08:50:20 | INFO |   Operation: SUBTRACT
2026-03-13 08:50:20 | INFO |   Base Adjustment %: 3.00%
2026-03-13 08:50:20 | INFO |   Irradiance Multiplier: 0.25x
2026-03-13 08:50:20 | INFO |   Temp Multiplier: 0.90x
2026-03-13 08:50:20 | INFO |   Wind Multiplier: 0.95x
2026-03-13 08:50:20 | INFO |   Weather Multiplier: 1.00x
2026-03-13 08:50:20 | INFO |   Final Adjustment %: -3.00%
2026-03-13 08:50:20 | INFO |   Calculation: 0.000 MW * (1 + -3.00% / 100)
2026-03-13 08:50:20 | INFO |   Formula (expanded): raw=0.0000*(1+-3.0000/100)=0.0000
2026-03-13 08:50:20 | INFO | --- FINAL RESULT ---
2026-03-13 08:50:20 | INFO | Raw Schedule (before smoothing): 0.000 MW
2026-03-13 08:50:20 | INFO | Final Scheduled MW: 0.000 MW
2026-03-13 08:50:20 | INFO | Previous Schedule Value: 0.000 MW
2026-03-13 08:50:20 | INFO | --------------------------------------------------------------------------------
2026-03-13 08:50:20 | INFO | --------------------------------------------------------------------------------
2026-03-13 08:50:20 | INFO | BLOCK 76
2026-03-13 08:50:20 | INFO | --------------------------------------------------------------------------------
2026-03-13 08:50:20 | INFO | --- METERED DATA ---
2026-03-13 08:50:20 | INFO | Metered Value: NOT YET AVAILABLE
2026-03-13 08:50:20 | INFO | Last Two Metered Values (for trend): ['1.416', '1.736']
2026-03-13 08:50:20 | INFO | --- FORECAST DATA ---
2026-03-13 08:50:20 | INFO | Intraday Forecast (Enercast): 0.000 MW
2026-03-13 08:50:20 | INFO | Day-ahead Forecast (Enercast): 0.000 MW
2026-03-13 08:50:20 | INFO | Base Forecast (raw, before curtailment/shutdown): 0.000 MW
2026-03-13 08:50:20 | INFO | Base Forecast (used for schedule): 0.000 MW
2026-03-13 08:50:20 | INFO | Effective Base Forecast (after curtailment/shutdown): 0.000 MW
2026-03-13 08:50:20 | INFO | Base Blend Inputs: meter_ref=0.000 MW, meter_factor=1.000, meter_weight=0.020
2026-03-13 08:50:20 | INFO | Plant Status: NORMAL
2026-03-13 08:50:20 | INFO | Effective Base Forecast = Base Forecast (raw) = 0.000 MW
2026-03-13 08:50:20 | INFO | --- WEATHER PARAMETERS ---
2026-03-13 08:50:20 | INFO | GTI: 0.0 W/m^2
2026-03-13 08:50:20 | INFO | DHI: 0.0 W/m^2
2026-03-13 08:50:20 | INFO | DNI: 0.0 W/m^2
2026-03-13 08:50:20 | INFO | Irradiance Ratio (GTI/MAX_GTI): 0.000
2026-03-13 08:50:20 | INFO | Diffuse Ratio (current): 0.000
2026-03-13 08:50:20 | INFO | Irradiance State: OVERCAST
2026-03-13 08:50:20 | INFO | Temp @ 2m: 30.41 C
2026-03-13 08:50:20 | INFO | Wind @ 10m: 6.73 m/s
2026-03-13 08:50:20 | INFO | Weather State: NORMAL
2026-03-13 08:50:20 | INFO | Dynamic Thresholds: cloud_thr=0.1252, shift_thr=0.1242
2026-03-13 08:50:20 | INFO | Multipliers: irradiance=0.25x, temp=0.90x, wind=0.95x
2026-03-13 08:50:20 | INFO | Weather Multiplier (combined): 0.21x
2026-03-13 08:50:20 | INFO | Abrupt Weather Change Detected: False
2026-03-13 08:50:20 | INFO | --- TREND ANALYSIS ---
2026-03-13 08:50:20 | INFO | Trend series: INSUFFICIENT DATA
2026-03-13 08:50:20 | INFO | Detected Trend Type: FLAT
2026-03-13 08:50:20 | INFO | Trend Slope Percentage: 0.00%
2026-03-13 08:50:20 | INFO | Trend EPS Threshold: 1.50%
2026-03-13 08:50:20 | INFO | --- SCHEDULE CALCULATION ---
2026-03-13 08:50:20 | INFO | Condition Applied: SUNSET_CLAMP
2026-03-13 08:50:20 | INFO | Effective Base Forecast Used for Adjustments: 0.000 MW
2026-03-13 08:50:20 | INFO | Condition-3: NOT APPLIED for this block path
2026-03-13 08:50:20 | INFO |   Final Adjustment %: 0.00%
2026-03-13 08:50:20 | INFO |   Formula (expanded): SUNSET_CLAMP: GTI=0.000 < 0.02*MAX_GTI=18.960 => raw=0
2026-03-13 08:50:20 | INFO | --- FINAL RESULT ---
2026-03-13 08:50:20 | INFO | Raw Schedule (before smoothing): 0.000 MW
2026-03-13 08:50:20 | INFO | Final Scheduled MW: 0.000 MW
2026-03-13 08:50:20 | INFO | Previous Schedule Value: 0.000 MW
2026-03-13 08:50:20 | INFO | --------------------------------------------------------------------------------
2026-03-13 08:50:20 | INFO | --------------------------------------------------------------------------------
2026-03-13 08:50:20 | INFO | BLOCK 77
2026-03-13 08:50:20 | INFO | --------------------------------------------------------------------------------
2026-03-13 08:50:20 | INFO | --- METERED DATA ---
2026-03-13 08:50:20 | INFO | Metered Value: NOT YET AVAILABLE
2026-03-13 08:50:20 | INFO | Last Two Metered Values (for trend): ['1.416', '1.736']
2026-03-13 08:50:20 | INFO | --- FORECAST DATA ---
2026-03-13 08:50:20 | INFO | Intraday Forecast (Enercast): 0.000 MW
2026-03-13 08:50:20 | INFO | Day-ahead Forecast (Enercast): 0.000 MW
2026-03-13 08:50:20 | INFO | Base Forecast (raw, before curtailment/shutdown): 0.000 MW
2026-03-13 08:50:20 | INFO | Base Forecast (used for schedule): 0.000 MW
2026-03-13 08:50:20 | INFO | Effective Base Forecast (after curtailment/shutdown): 0.000 MW
2026-03-13 08:50:20 | INFO | Base Blend Inputs: meter_ref=0.000 MW, meter_factor=1.000, meter_weight=0.020
2026-03-13 08:50:20 | INFO | Plant Status: NORMAL
2026-03-13 08:50:20 | INFO | Effective Base Forecast = Base Forecast (raw) = 0.000 MW
2026-03-13 08:50:20 | INFO | --- WEATHER PARAMETERS ---
2026-03-13 08:50:20 | INFO | GTI: 0.0 W/m^2
2026-03-13 08:50:20 | INFO | DHI: 0.0 W/m^2
2026-03-13 08:50:20 | INFO | DNI: 0.0 W/m^2
2026-03-13 08:50:20 | INFO | Irradiance Ratio (GTI/MAX_GTI): 0.000
2026-03-13 08:50:20 | INFO | Diffuse Ratio (current): 0.000
2026-03-13 08:50:20 | INFO | Irradiance State: OVERCAST
2026-03-13 08:50:20 | INFO | Temp @ 2m: 29.96 C
2026-03-13 08:50:20 | INFO | Wind @ 10m: 6.49 m/s
2026-03-13 08:50:20 | INFO | Weather State: NORMAL
2026-03-13 08:50:20 | INFO | Dynamic Thresholds: cloud_thr=0.1252, shift_thr=0.1242
2026-03-13 08:50:20 | INFO | Multipliers: irradiance=0.25x, temp=0.90x, wind=0.95x
2026-03-13 08:50:20 | INFO | Weather Multiplier (combined): 0.21x
2026-03-13 08:50:20 | INFO | Abrupt Weather Change Detected: False
2026-03-13 08:50:20 | INFO | --- TREND ANALYSIS ---
2026-03-13 08:50:20 | INFO | Trend series: INSUFFICIENT DATA
2026-03-13 08:50:20 | INFO | Detected Trend Type: FLAT
2026-03-13 08:50:20 | INFO | Trend Slope Percentage: 0.00%
2026-03-13 08:50:20 | INFO | Trend EPS Threshold: 1.50%
2026-03-13 08:50:20 | INFO | --- SCHEDULE CALCULATION ---
2026-03-13 08:50:20 | INFO | Condition Applied: SUNSET_CLAMP
2026-03-13 08:50:20 | INFO | Effective Base Forecast Used for Adjustments: 0.000 MW
2026-03-13 08:50:20 | INFO | Condition-3: NOT APPLIED for this block path
2026-03-13 08:50:20 | INFO |   Final Adjustment %: 0.00%
2026-03-13 08:50:20 | INFO |   Formula (expanded): SUNSET_CLAMP: GTI=0.000 < 0.02*MAX_GTI=18.960 => raw=0
2026-03-13 08:50:20 | INFO | --- FINAL RESULT ---
2026-03-13 08:50:20 | INFO | Raw Schedule (before smoothing): 0.000 MW
2026-03-13 08:50:20 | INFO | Final Scheduled MW: 0.000 MW
2026-03-13 08:50:20 | INFO | Previous Schedule Value: 0.000 MW
2026-03-13 08:50:20 | INFO | --------------------------------------------------------------------------------
2026-03-13 08:50:20 | INFO | --------------------------------------------------------------------------------
2026-03-13 08:50:20 | INFO | BLOCK 78
2026-03-13 08:50:20 | INFO | --------------------------------------------------------------------------------
2026-03-13 08:50:20 | INFO | --- METERED DATA ---
2026-03-13 08:50:20 | INFO | Metered Value: NOT YET AVAILABLE
2026-03-13 08:50:20 | INFO | Last Two Metered Values (for trend): ['1.416', '1.736']
2026-03-13 08:50:20 | INFO | --- FORECAST DATA ---
2026-03-13 08:50:20 | INFO | Intraday Forecast (Enercast): 0.000 MW
2026-03-13 08:50:20 | INFO | Day-ahead Forecast (Enercast): 0.000 MW
2026-03-13 08:50:20 | INFO | Base Forecast (raw, before curtailment/shutdown): 0.000 MW
2026-03-13 08:50:20 | INFO | Base Forecast (used for schedule): 0.000 MW
2026-03-13 08:50:20 | INFO | Effective Base Forecast (after curtailment/shutdown): 0.000 MW
2026-03-13 08:50:20 | INFO | Base Blend Inputs: meter_ref=0.000 MW, meter_factor=1.000, meter_weight=0.020
2026-03-13 08:50:20 | INFO | Plant Status: NORMAL
2026-03-13 08:50:20 | INFO | Effective Base Forecast = Base Forecast (raw) = 0.000 MW
2026-03-13 08:50:20 | INFO | --- WEATHER PARAMETERS ---
2026-03-13 08:50:20 | INFO | GTI: 0.0 W/m^2
2026-03-13 08:50:20 | INFO | DHI: 0.0 W/m^2
2026-03-13 08:50:20 | INFO | DNI: 0.0 W/m^2
2026-03-13 08:50:20 | INFO | Irradiance Ratio (GTI/MAX_GTI): 0.000
2026-03-13 08:50:20 | INFO | Diffuse Ratio (current): 0.000
2026-03-13 08:50:20 | INFO | Irradiance State: OVERCAST
2026-03-13 08:50:20 | INFO | Temp @ 2m: 29.61 C
2026-03-13 08:50:20 | INFO | Wind @ 10m: 6.29 m/s
2026-03-13 08:50:20 | INFO | Weather State: NORMAL
2026-03-13 08:50:20 | INFO | Dynamic Thresholds: cloud_thr=0.1252, shift_thr=0.1242
2026-03-13 08:50:20 | INFO | Multipliers: irradiance=0.25x, temp=0.90x, wind=0.95x
2026-03-13 08:50:20 | INFO | Weather Multiplier (combined): 0.21x
2026-03-13 08:50:20 | INFO | Abrupt Weather Change Detected: False
2026-03-13 08:50:20 | INFO | --- TREND ANALYSIS ---
2026-03-13 08:50:20 | INFO | Trend series: INSUFFICIENT DATA
2026-03-13 08:50:20 | INFO | Detected Trend Type: FLAT
2026-03-13 08:50:20 | INFO | Trend Slope Percentage: 0.00%
2026-03-13 08:50:20 | INFO | Trend EPS Threshold: 1.50%
2026-03-13 08:50:20 | INFO | --- SCHEDULE CALCULATION ---
2026-03-13 08:50:20 | INFO | Condition Applied: SUNSET_CLAMP
2026-03-13 08:50:20 | INFO | Effective Base Forecast Used for Adjustments: 0.000 MW
2026-03-13 08:50:20 | INFO | Condition-3: NOT APPLIED for this block path
2026-03-13 08:50:20 | INFO |   Final Adjustment %: 0.00%
2026-03-13 08:50:20 | INFO |   Formula (expanded): SUNSET_CLAMP: GTI=0.000 < 0.02*MAX_GTI=18.960 => raw=0
2026-03-13 08:50:20 | INFO | --- FINAL RESULT ---
2026-03-13 08:50:20 | INFO | Raw Schedule (before smoothing): 0.000 MW
2026-03-13 08:50:20 | INFO | Final Scheduled MW: 0.000 MW
2026-03-13 08:50:20 | INFO | Previous Schedule Value: 0.000 MW
2026-03-13 08:50:20 | INFO | --------------------------------------------------------------------------------
2026-03-13 08:50:20 | INFO | --------------------------------------------------------------------------------
2026-03-13 08:50:20 | INFO | BLOCK 79
2026-03-13 08:50:20 | INFO | --------------------------------------------------------------------------------
2026-03-13 08:50:20 | INFO | --- METERED DATA ---
2026-03-13 08:50:20 | INFO | Metered Value: NOT YET AVAILABLE
2026-03-13 08:50:20 | INFO | Last Two Metered Values (for trend): ['1.416', '1.736']
2026-03-13 08:50:20 | INFO | --- FORECAST DATA ---
2026-03-13 08:50:20 | INFO | Intraday Forecast (Enercast): 0.000 MW
2026-03-13 08:50:20 | INFO | Day-ahead Forecast (Enercast): 0.000 MW
2026-03-13 08:50:20 | INFO | Base Forecast (raw, before curtailment/shutdown): 0.000 MW
2026-03-13 08:50:20 | INFO | Base Forecast (used for schedule): 0.000 MW
2026-03-13 08:50:20 | INFO | Effective Base Forecast (after curtailment/shutdown): 0.000 MW
2026-03-13 08:50:20 | INFO | Base Blend Inputs: meter_ref=0.000 MW, meter_factor=1.000, meter_weight=0.020
2026-03-13 08:50:20 | INFO | Plant Status: NORMAL
2026-03-13 08:50:20 | INFO | Effective Base Forecast = Base Forecast (raw) = 0.000 MW
2026-03-13 08:50:20 | INFO | --- WEATHER PARAMETERS ---
2026-03-13 08:50:20 | INFO | GTI: 0.0 W/m^2
2026-03-13 08:50:20 | INFO | DHI: 0.0 W/m^2
2026-03-13 08:50:20 | INFO | DNI: 0.0 W/m^2
2026-03-13 08:50:20 | INFO | Irradiance Ratio (GTI/MAX_GTI): 0.000
2026-03-13 08:50:20 | INFO | Diffuse Ratio (current): 0.000
2026-03-13 08:50:20 | INFO | Irradiance State: OVERCAST
2026-03-13 08:50:20 | INFO | Temp @ 2m: 29.21 C
2026-03-13 08:50:20 | INFO | Wind @ 10m: 6.62 m/s
2026-03-13 08:50:20 | INFO | Weather State: NORMAL
2026-03-13 08:50:20 | INFO | Dynamic Thresholds: cloud_thr=0.1252, shift_thr=0.1242
2026-03-13 08:50:20 | INFO | Multipliers: irradiance=0.25x, temp=0.90x, wind=0.95x
2026-03-13 08:50:20 | INFO | Weather Multiplier (combined): 0.21x
2026-03-13 08:50:20 | INFO | Abrupt Weather Change Detected: False
2026-03-13 08:50:20 | INFO | --- TREND ANALYSIS ---
2026-03-13 08:50:20 | INFO | Trend series: INSUFFICIENT DATA
2026-03-13 08:50:20 | INFO | Detected Trend Type: FLAT
2026-03-13 08:50:20 | INFO | Trend Slope Percentage: 0.00%
2026-03-13 08:50:20 | INFO | Trend EPS Threshold: 1.50%
2026-03-13 08:50:20 | INFO | --- SCHEDULE CALCULATION ---
2026-03-13 08:50:20 | INFO | Condition Applied: SUNSET_CLAMP
2026-03-13 08:50:20 | INFO | Effective Base Forecast Used for Adjustments: 0.000 MW
2026-03-13 08:50:20 | INFO | Condition-3: NOT APPLIED for this block path
2026-03-13 08:50:20 | INFO |   Final Adjustment %: 0.00%
2026-03-13 08:50:20 | INFO |   Formula (expanded): SUNSET_CLAMP: GTI=0.000 < 0.02*MAX_GTI=18.960 => raw=0
2026-03-13 08:50:20 | INFO | --- FINAL RESULT ---
2026-03-13 08:50:20 | INFO | Raw Schedule (before smoothing): 0.000 MW
2026-03-13 08:50:20 | INFO | Final Scheduled MW: 0.000 MW
2026-03-13 08:50:20 | INFO | Previous Schedule Value: 0.000 MW
2026-03-13 08:50:20 | INFO | --------------------------------------------------------------------------------
2026-03-13 08:50:20 | INFO | --------------------------------------------------------------------------------
2026-03-13 08:50:20 | INFO | BLOCK 80
2026-03-13 08:50:20 | INFO | --------------------------------------------------------------------------------
2026-03-13 08:50:20 | INFO | --- METERED DATA ---
2026-03-13 08:50:20 | INFO | Metered Value: NOT YET AVAILABLE
2026-03-13 08:50:20 | INFO | Last Two Metered Values (for trend): ['1.416', '1.736']
2026-03-13 08:50:20 | INFO | --- FORECAST DATA ---
2026-03-13 08:50:20 | INFO | Intraday Forecast (Enercast): 0.000 MW
2026-03-13 08:50:20 | INFO | Day-ahead Forecast (Enercast): 0.000 MW
2026-03-13 08:50:20 | INFO | Base Forecast (raw, before curtailment/shutdown): 0.000 MW
2026-03-13 08:50:20 | INFO | Base Forecast (used for schedule): 0.000 MW
2026-03-13 08:50:20 | INFO | Effective Base Forecast (after curtailment/shutdown): 0.000 MW
2026-03-13 08:50:20 | INFO | Base Blend Inputs: meter_ref=0.000 MW, meter_factor=1.000, meter_weight=0.020
2026-03-13 08:50:20 | INFO | Plant Status: NORMAL
2026-03-13 08:50:20 | INFO | Effective Base Forecast = Base Forecast (raw) = 0.000 MW
2026-03-13 08:50:20 | INFO | --- WEATHER PARAMETERS ---
2026-03-13 08:50:20 | INFO | GTI: 0.0 W/m^2
2026-03-13 08:50:20 | INFO | DHI: 0.0 W/m^2
2026-03-13 08:50:20 | INFO | DNI: 0.0 W/m^2
2026-03-13 08:50:20 | INFO | Irradiance Ratio (GTI/MAX_GTI): 0.000
2026-03-13 08:50:20 | INFO | Diffuse Ratio (current): 0.000
2026-03-13 08:50:20 | INFO | Irradiance State: OVERCAST
2026-03-13 08:50:20 | INFO | Temp @ 2m: 28.81 C
2026-03-13 08:50:20 | INFO | Wind @ 10m: 6.61 m/s
2026-03-13 08:50:20 | INFO | Weather State: NORMAL
2026-03-13 08:50:20 | INFO | Dynamic Thresholds: cloud_thr=0.1252, shift_thr=0.1242
2026-03-13 08:50:20 | INFO | Multipliers: irradiance=0.25x, temp=0.90x, wind=0.95x
2026-03-13 08:50:20 | INFO | Weather Multiplier (combined): 0.21x
2026-03-13 08:50:20 | INFO | Abrupt Weather Change Detected: False
2026-03-13 08:50:20 | INFO | --- TREND ANALYSIS ---
2026-03-13 08:50:20 | INFO | Trend series: INSUFFICIENT DATA
2026-03-13 08:50:20 | INFO | Detected Trend Type: FLAT
2026-03-13 08:50:20 | INFO | Trend Slope Percentage: 0.00%
2026-03-13 08:50:20 | INFO | Trend EPS Threshold: 1.50%
2026-03-13 08:50:20 | INFO | --- SCHEDULE CALCULATION ---
2026-03-13 08:50:20 | INFO | Condition Applied: SUNSET_CLAMP
2026-03-13 08:50:20 | INFO | Effective Base Forecast Used for Adjustments: 0.000 MW
2026-03-13 08:50:20 | INFO | Condition-3: NOT APPLIED for this block path
2026-03-13 08:50:20 | INFO |   Final Adjustment %: 0.00%
2026-03-13 08:50:20 | INFO |   Formula (expanded): SUNSET_CLAMP: GTI=0.000 < 0.02*MAX_GTI=18.960 => raw=0
2026-03-13 08:50:20 | INFO | --- FINAL RESULT ---
2026-03-13 08:50:20 | INFO | Raw Schedule (before smoothing): 0.000 MW
2026-03-13 08:50:20 | INFO | Final Scheduled MW: 0.000 MW
2026-03-13 08:50:20 | INFO | Previous Schedule Value: 0.000 MW
2026-03-13 08:50:20 | INFO | --------------------------------------------------------------------------------
2026-03-13 08:50:20 | INFO | --------------------------------------------------------------------------------
2026-03-13 08:50:20 | INFO | BLOCK 81
2026-03-13 08:50:20 | INFO | --------------------------------------------------------------------------------
2026-03-13 08:50:20 | INFO | --- METERED DATA ---
2026-03-13 08:50:20 | INFO | Metered Value: NOT YET AVAILABLE
2026-03-13 08:50:20 | INFO | Last Two Metered Values (for trend): ['1.416', '1.736']
2026-03-13 08:50:20 | INFO | --- FORECAST DATA ---
2026-03-13 08:50:20 | INFO | Intraday Forecast (Enercast): 0.000 MW
2026-03-13 08:50:20 | INFO | Day-ahead Forecast (Enercast): 0.000 MW
2026-03-13 08:50:20 | INFO | Base Forecast (raw, before curtailment/shutdown): 0.000 MW
2026-03-13 08:50:20 | INFO | Base Forecast (used for schedule): 0.000 MW
2026-03-13 08:50:20 | INFO | Effective Base Forecast (after curtailment/shutdown): 0.000 MW
2026-03-13 08:50:20 | INFO | Base Blend Inputs: meter_ref=0.000 MW, meter_factor=1.000, meter_weight=0.020
2026-03-13 08:50:20 | INFO | Plant Status: NORMAL
2026-03-13 08:50:20 | INFO | Effective Base Forecast = Base Forecast (raw) = 0.000 MW
2026-03-13 08:50:20 | INFO | --- WEATHER PARAMETERS ---
2026-03-13 08:50:20 | INFO | GTI: 0.0 W/m^2
2026-03-13 08:50:20 | INFO | DHI: 0.0 W/m^2
2026-03-13 08:50:20 | INFO | DNI: 0.0 W/m^2
2026-03-13 08:50:20 | INFO | Irradiance Ratio (GTI/MAX_GTI): 0.000
2026-03-13 08:50:20 | INFO | Diffuse Ratio (current): 0.000
2026-03-13 08:50:20 | INFO | Irradiance State: OVERCAST
2026-03-13 08:50:20 | INFO | Temp @ 2m: 28.41 C
2026-03-13 08:50:20 | INFO | Wind @ 10m: 6.41 m/s
2026-03-13 08:50:20 | INFO | Weather State: NORMAL
2026-03-13 08:50:20 | INFO | Dynamic Thresholds: cloud_thr=0.1252, shift_thr=0.1242
2026-03-13 08:50:20 | INFO | Multipliers: irradiance=0.25x, temp=0.90x, wind=0.95x
2026-03-13 08:50:20 | INFO | Weather Multiplier (combined): 0.21x
2026-03-13 08:50:20 | INFO | Abrupt Weather Change Detected: False
2026-03-13 08:50:20 | INFO | --- TREND ANALYSIS ---
2026-03-13 08:50:20 | INFO | Trend series: INSUFFICIENT DATA
2026-03-13 08:50:20 | INFO | Detected Trend Type: FLAT
2026-03-13 08:50:20 | INFO | Trend Slope Percentage: 0.00%
2026-03-13 08:50:20 | INFO | Trend EPS Threshold: 1.50%
2026-03-13 08:50:20 | INFO | --- SCHEDULE CALCULATION ---
2026-03-13 08:50:20 | INFO | Condition Applied: SUNSET_CLAMP
2026-03-13 08:50:20 | INFO | Effective Base Forecast Used for Adjustments: 0.000 MW
2026-03-13 08:50:20 | INFO | Condition-3: NOT APPLIED for this block path
2026-03-13 08:50:20 | INFO |   Final Adjustment %: 0.00%
2026-03-13 08:50:20 | INFO |   Formula (expanded): SUNSET_CLAMP: GTI=0.000 < 0.02*MAX_GTI=18.960 => raw=0
2026-03-13 08:50:20 | INFO | --- FINAL RESULT ---
2026-03-13 08:50:20 | INFO | Raw Schedule (before smoothing): 0.000 MW
2026-03-13 08:50:20 | INFO | Final Scheduled MW: 0.000 MW
2026-03-13 08:50:20 | INFO | Previous Schedule Value: 0.000 MW
2026-03-13 08:50:20 | INFO | --------------------------------------------------------------------------------
2026-03-13 08:50:20 | INFO | --------------------------------------------------------------------------------
2026-03-13 08:50:20 | INFO | BLOCK 82
2026-03-13 08:50:20 | INFO | --------------------------------------------------------------------------------
2026-03-13 08:50:20 | INFO | --- METERED DATA ---
2026-03-13 08:50:20 | INFO | Metered Value: NOT YET AVAILABLE
2026-03-13 08:50:20 | INFO | Last Two Metered Values (for trend): ['1.416', '1.736']
2026-03-13 08:50:20 | INFO | --- FORECAST DATA ---
2026-03-13 08:50:20 | INFO | Intraday Forecast (Enercast): 0.000 MW
2026-03-13 08:50:20 | INFO | Day-ahead Forecast (Enercast): 0.000 MW
2026-03-13 08:50:20 | INFO | Base Forecast (raw, before curtailment/shutdown): 0.000 MW
2026-03-13 08:50:20 | INFO | Base Forecast (used for schedule): 0.000 MW
2026-03-13 08:50:20 | INFO | Effective Base Forecast (after curtailment/shutdown): 0.000 MW
2026-03-13 08:50:20 | INFO | Base Blend Inputs: meter_ref=0.000 MW, meter_factor=1.000, meter_weight=0.020
2026-03-13 08:50:20 | INFO | Plant Status: NORMAL
2026-03-13 08:50:20 | INFO | Effective Base Forecast = Base Forecast (raw) = 0.000 MW
2026-03-13 08:50:20 | INFO | --- WEATHER PARAMETERS ---
2026-03-13 08:50:20 | INFO | GTI: 0.0 W/m^2
2026-03-13 08:50:20 | INFO | DHI: 0.0 W/m^2
2026-03-13 08:50:20 | INFO | DNI: 0.0 W/m^2
2026-03-13 08:50:20 | INFO | Irradiance Ratio (GTI/MAX_GTI): 0.000
2026-03-13 08:50:20 | INFO | Diffuse Ratio (current): 0.000
2026-03-13 08:50:20 | INFO | Irradiance State: OVERCAST
2026-03-13 08:50:20 | INFO | Temp @ 2m: 28.06 C
2026-03-13 08:50:20 | INFO | Wind @ 10m: 5.86 m/s
2026-03-13 08:50:20 | INFO | Weather State: NORMAL
2026-03-13 08:50:20 | INFO | Dynamic Thresholds: cloud_thr=0.1252, shift_thr=0.1242
2026-03-13 08:50:20 | INFO | Multipliers: irradiance=0.25x, temp=0.90x, wind=0.95x
2026-03-13 08:50:20 | INFO | Weather Multiplier (combined): 0.21x
2026-03-13 08:50:20 | INFO | Abrupt Weather Change Detected: False
2026-03-13 08:50:20 | INFO | --- TREND ANALYSIS ---
2026-03-13 08:50:20 | INFO | Trend series: INSUFFICIENT DATA
2026-03-13 08:50:20 | INFO | Detected Trend Type: FLAT
2026-03-13 08:50:20 | INFO | Trend Slope Percentage: 0.00%
2026-03-13 08:50:20 | INFO | Trend EPS Threshold: 1.50%
2026-03-13 08:50:20 | INFO | --- SCHEDULE CALCULATION ---
2026-03-13 08:50:20 | INFO | Condition Applied: SUNSET_CLAMP
2026-03-13 08:50:20 | INFO | Effective Base Forecast Used for Adjustments: 0.000 MW
2026-03-13 08:50:20 | INFO | Condition-3: NOT APPLIED for this block path
2026-03-13 08:50:20 | INFO |   Final Adjustment %: 0.00%
2026-03-13 08:50:20 | INFO |   Formula (expanded): SUNSET_CLAMP: GTI=0.000 < 0.02*MAX_GTI=18.960 => raw=0
2026-03-13 08:50:20 | INFO | --- FINAL RESULT ---
2026-03-13 08:50:20 | INFO | Raw Schedule (before smoothing): 0.000 MW
2026-03-13 08:50:20 | INFO | Final Scheduled MW: 0.000 MW
2026-03-13 08:50:20 | INFO | Previous Schedule Value: 0.000 MW
2026-03-13 08:50:20 | INFO | --------------------------------------------------------------------------------
2026-03-13 08:50:20 | INFO | --------------------------------------------------------------------------------
2026-03-13 08:50:20 | INFO | BLOCK 83
2026-03-13 08:50:20 | INFO | --------------------------------------------------------------------------------
2026-03-13 08:50:20 | INFO | --- METERED DATA ---
2026-03-13 08:50:20 | INFO | Metered Value: NOT YET AVAILABLE
2026-03-13 08:50:20 | INFO | Last Two Metered Values (for trend): ['1.416', '1.736']
2026-03-13 08:50:20 | INFO | --- FORECAST DATA ---
2026-03-13 08:50:20 | INFO | Intraday Forecast (Enercast): 0.000 MW
2026-03-13 08:50:20 | INFO | Day-ahead Forecast (Enercast): 0.000 MW
2026-03-13 08:50:20 | INFO | Base Forecast (raw, before curtailment/shutdown): 0.000 MW
2026-03-13 08:50:20 | INFO | Base Forecast (used for schedule): 0.000 MW
2026-03-13 08:50:20 | INFO | Effective Base Forecast (after curtailment/shutdown): 0.000 MW
2026-03-13 08:50:20 | INFO | Base Blend Inputs: meter_ref=0.000 MW, meter_factor=1.000, meter_weight=0.020
2026-03-13 08:50:20 | INFO | Plant Status: NORMAL
2026-03-13 08:50:20 | INFO | Effective Base Forecast = Base Forecast (raw) = 0.000 MW
2026-03-13 08:50:20 | INFO | --- WEATHER PARAMETERS ---
2026-03-13 08:50:20 | INFO | GTI: 0.0 W/m^2
2026-03-13 08:50:20 | INFO | DHI: 0.0 W/m^2
2026-03-13 08:50:20 | INFO | DNI: 0.0 W/m^2
2026-03-13 08:50:20 | INFO | Irradiance Ratio (GTI/MAX_GTI): 0.000
2026-03-13 08:50:20 | INFO | Diffuse Ratio (current): 0.000
2026-03-13 08:50:20 | INFO | Irradiance State: OVERCAST
2026-03-13 08:50:20 | INFO | Temp @ 2m: 27.71 C
2026-03-13 08:50:20 | INFO | Wind @ 10m: 5.60 m/s
2026-03-13 08:50:20 | INFO | Weather State: NORMAL
2026-03-13 08:50:20 | INFO | Dynamic Thresholds: cloud_thr=0.1252, shift_thr=0.1242
2026-03-13 08:50:20 | INFO | Multipliers: irradiance=0.25x, temp=0.90x, wind=0.95x
2026-03-13 08:50:20 | INFO | Weather Multiplier (combined): 0.21x
2026-03-13 08:50:20 | INFO | Abrupt Weather Change Detected: False
2026-03-13 08:50:20 | INFO | --- TREND ANALYSIS ---
2026-03-13 08:50:20 | INFO | Trend series: INSUFFICIENT DATA
2026-03-13 08:50:20 | INFO | Detected Trend Type: FLAT
2026-03-13 08:50:20 | INFO | Trend Slope Percentage: 0.00%
2026-03-13 08:50:20 | INFO | Trend EPS Threshold: 1.50%
2026-03-13 08:50:20 | INFO | --- SCHEDULE CALCULATION ---
2026-03-13 08:50:20 | INFO | Condition Applied: SUNSET_CLAMP
2026-03-13 08:50:20 | INFO | Effective Base Forecast Used for Adjustments: 0.000 MW
2026-03-13 08:50:20 | INFO | Condition-3: NOT APPLIED for this block path
2026-03-13 08:50:20 | INFO |   Final Adjustment %: 0.00%
2026-03-13 08:50:20 | INFO |   Formula (expanded): SUNSET_CLAMP: GTI=0.000 < 0.02*MAX_GTI=18.960 => raw=0
2026-03-13 08:50:20 | INFO | --- FINAL RESULT ---
2026-03-13 08:50:20 | INFO | Raw Schedule (before smoothing): 0.000 MW
2026-03-13 08:50:20 | INFO | Final Scheduled MW: 0.000 MW
2026-03-13 08:50:20 | INFO | Previous Schedule Value: 0.000 MW
2026-03-13 08:50:20 | INFO | --------------------------------------------------------------------------------
2026-03-13 08:50:20 | INFO | --------------------------------------------------------------------------------
2026-03-13 08:50:20 | INFO | BLOCK 84
2026-03-13 08:50:20 | INFO | --------------------------------------------------------------------------------
2026-03-13 08:50:20 | INFO | --- METERED DATA ---
2026-03-13 08:50:20 | INFO | Metered Value: NOT YET AVAILABLE
2026-03-13 08:50:20 | INFO | Last Two Metered Values (for trend): ['1.416', '1.736']
2026-03-13 08:50:20 | INFO | --- FORECAST DATA ---
2026-03-13 08:50:20 | INFO | Intraday Forecast (Enercast): 0.000 MW
2026-03-13 08:50:20 | INFO | Day-ahead Forecast (Enercast): 0.000 MW
2026-03-13 08:50:20 | INFO | Base Forecast (raw, before curtailment/shutdown): 0.000 MW
2026-03-13 08:50:20 | INFO | Base Forecast (used for schedule): 0.000 MW
2026-03-13 08:50:20 | INFO | Effective Base Forecast (after curtailment/shutdown): 0.000 MW
2026-03-13 08:50:20 | INFO | Base Blend Inputs: meter_ref=0.000 MW, meter_factor=1.000, meter_weight=0.020
2026-03-13 08:50:20 | INFO | Plant Status: NORMAL
2026-03-13 08:50:20 | INFO | Effective Base Forecast = Base Forecast (raw) = 0.000 MW
2026-03-13 08:50:20 | INFO | --- WEATHER PARAMETERS ---
2026-03-13 08:50:20 | INFO | GTI: 0.0 W/m^2
2026-03-13 08:50:20 | INFO | DHI: 0.0 W/m^2
2026-03-13 08:50:20 | INFO | DNI: 0.0 W/m^2
2026-03-13 08:50:20 | INFO | Irradiance Ratio (GTI/MAX_GTI): 0.000
2026-03-13 08:50:20 | INFO | Diffuse Ratio (current): 0.000
2026-03-13 08:50:20 | INFO | Irradiance State: OVERCAST
2026-03-13 08:50:20 | INFO | Temp @ 2m: 27.41 C
2026-03-13 08:50:20 | INFO | Wind @ 10m: 5.62 m/s
2026-03-13 08:50:20 | INFO | Weather State: NORMAL
2026-03-13 08:50:20 | INFO | Dynamic Thresholds: cloud_thr=0.1252, shift_thr=0.1242
2026-03-13 08:50:20 | INFO | Multipliers: irradiance=0.25x, temp=0.90x, wind=0.95x
2026-03-13 08:50:20 | INFO | Weather Multiplier (combined): 0.21x
2026-03-13 08:50:20 | INFO | Abrupt Weather Change Detected: False
2026-03-13 08:50:20 | INFO | --- TREND ANALYSIS ---
2026-03-13 08:50:20 | INFO | Trend series: INSUFFICIENT DATA
2026-03-13 08:50:20 | INFO | Detected Trend Type: FLAT
2026-03-13 08:50:20 | INFO | Trend Slope Percentage: 0.00%
2026-03-13 08:50:20 | INFO | Trend EPS Threshold: 1.50%
2026-03-13 08:50:20 | INFO | --- SCHEDULE CALCULATION ---
2026-03-13 08:50:20 | INFO | Condition Applied: SUNSET_CLAMP
2026-03-13 08:50:20 | INFO | Effective Base Forecast Used for Adjustments: 0.000 MW
2026-03-13 08:50:20 | INFO | Condition-3: NOT APPLIED for this block path
2026-03-13 08:50:20 | INFO |   Final Adjustment %: 0.00%
2026-03-13 08:50:20 | INFO |   Formula (expanded): SUNSET_CLAMP: GTI=0.000 < 0.02*MAX_GTI=18.960 => raw=0
2026-03-13 08:50:20 | INFO | --- FINAL RESULT ---
2026-03-13 08:50:20 | INFO | Raw Schedule (before smoothing): 0.000 MW
2026-03-13 08:50:20 | INFO | Final Scheduled MW: 0.000 MW
2026-03-13 08:50:20 | INFO | Previous Schedule Value: 0.000 MW
2026-03-13 08:50:20 | INFO | --------------------------------------------------------------------------------
2026-03-13 08:50:20 | INFO | --------------------------------------------------------------------------------
2026-03-13 08:50:20 | INFO | BLOCK 85
2026-03-13 08:50:20 | INFO | --------------------------------------------------------------------------------
2026-03-13 08:50:20 | INFO | --- METERED DATA ---
2026-03-13 08:50:20 | INFO | Metered Value: NOT YET AVAILABLE
2026-03-13 08:50:20 | INFO | Last Two Metered Values (for trend): ['1.416', '1.736']
2026-03-13 08:50:20 | INFO | --- FORECAST DATA ---
2026-03-13 08:50:20 | INFO | Intraday Forecast (Enercast): 0.000 MW
2026-03-13 08:50:20 | INFO | Day-ahead Forecast (Enercast): 0.000 MW
2026-03-13 08:50:20 | INFO | Base Forecast (raw, before curtailment/shutdown): 0.000 MW
2026-03-13 08:50:20 | INFO | Base Forecast (used for schedule): 0.000 MW
2026-03-13 08:50:20 | INFO | Effective Base Forecast (after curtailment/shutdown): 0.000 MW
2026-03-13 08:50:20 | INFO | Base Blend Inputs: meter_ref=0.000 MW, meter_factor=1.000, meter_weight=0.020
2026-03-13 08:50:20 | INFO | Plant Status: NORMAL
2026-03-13 08:50:20 | INFO | Effective Base Forecast = Base Forecast (raw) = 0.000 MW
2026-03-13 08:50:20 | INFO | --- WEATHER PARAMETERS ---
2026-03-13 08:50:20 | INFO | GTI: 0.0 W/m^2
2026-03-13 08:50:20 | INFO | DHI: 0.0 W/m^2
2026-03-13 08:50:20 | INFO | DNI: 0.0 W/m^2
2026-03-13 08:50:20 | INFO | Irradiance Ratio (GTI/MAX_GTI): 0.000
2026-03-13 08:50:20 | INFO | Diffuse Ratio (current): 0.000
2026-03-13 08:50:20 | INFO | Irradiance State: OVERCAST
2026-03-13 08:50:20 | INFO | Temp @ 2m: 27.16 C
2026-03-13 08:50:20 | INFO | Wind @ 10m: 5.32 m/s
2026-03-13 08:50:20 | INFO | Weather State: NORMAL
2026-03-13 08:50:20 | INFO | Dynamic Thresholds: cloud_thr=0.1252, shift_thr=0.1242
2026-03-13 08:50:20 | INFO | Multipliers: irradiance=0.25x, temp=0.90x, wind=0.95x
2026-03-13 08:50:20 | INFO | Weather Multiplier (combined): 0.21x
2026-03-13 08:50:20 | INFO | Abrupt Weather Change Detected: False
2026-03-13 08:50:20 | INFO | --- TREND ANALYSIS ---
2026-03-13 08:50:20 | INFO | Trend series: INSUFFICIENT DATA
2026-03-13 08:50:20 | INFO | Detected Trend Type: FLAT
2026-03-13 08:50:20 | INFO | Trend Slope Percentage: 0.00%
2026-03-13 08:50:20 | INFO | Trend EPS Threshold: 1.50%
2026-03-13 08:50:20 | INFO | --- SCHEDULE CALCULATION ---
2026-03-13 08:50:20 | INFO | Condition Applied: SUNSET_CLAMP
2026-03-13 08:50:20 | INFO | Effective Base Forecast Used for Adjustments: 0.000 MW
2026-03-13 08:50:20 | INFO | Condition-3: NOT APPLIED for this block path
2026-03-13 08:50:20 | INFO |   Final Adjustment %: 0.00%
2026-03-13 08:50:20 | INFO |   Formula (expanded): SUNSET_CLAMP: GTI=0.000 < 0.02*MAX_GTI=18.960 => raw=0
2026-03-13 08:50:20 | INFO | --- FINAL RESULT ---
2026-03-13 08:50:20 | INFO | Raw Schedule (before smoothing): 0.000 MW
2026-03-13 08:50:20 | INFO | Final Scheduled MW: 0.000 MW
2026-03-13 08:50:20 | INFO | Previous Schedule Value: 0.000 MW
2026-03-13 08:50:20 | INFO | --------------------------------------------------------------------------------
2026-03-13 08:50:20 | INFO | --------------------------------------------------------------------------------
2026-03-13 08:50:20 | INFO | BLOCK 86
2026-03-13 08:50:20 | INFO | --------------------------------------------------------------------------------
2026-03-13 08:50:20 | INFO | --- METERED DATA ---
2026-03-13 08:50:20 | INFO | Metered Value: NOT YET AVAILABLE
2026-03-13 08:50:20 | INFO | Last Two Metered Values (for trend): ['1.416', '1.736']
2026-03-13 08:50:20 | INFO | --- FORECAST DATA ---
2026-03-13 08:50:20 | INFO | Intraday Forecast (Enercast): 0.000 MW
2026-03-13 08:50:20 | INFO | Day-ahead Forecast (Enercast): 0.000 MW
2026-03-13 08:50:20 | INFO | Base Forecast (raw, before curtailment/shutdown): 0.000 MW
2026-03-13 08:50:20 | INFO | Base Forecast (used for schedule): 0.000 MW
2026-03-13 08:50:20 | INFO | Effective Base Forecast (after curtailment/shutdown): 0.000 MW
2026-03-13 08:50:20 | INFO | Base Blend Inputs: meter_ref=0.000 MW, meter_factor=1.000, meter_weight=0.020
2026-03-13 08:50:20 | INFO | Plant Status: NORMAL
2026-03-13 08:50:20 | INFO | Effective Base Forecast = Base Forecast (raw) = 0.000 MW
2026-03-13 08:50:20 | INFO | --- WEATHER PARAMETERS ---
2026-03-13 08:50:20 | INFO | GTI: 0.0 W/m^2
2026-03-13 08:50:20 | INFO | DHI: 0.0 W/m^2
2026-03-13 08:50:20 | INFO | DNI: 0.0 W/m^2
2026-03-13 08:50:20 | INFO | Irradiance Ratio (GTI/MAX_GTI): 0.000
2026-03-13 08:50:20 | INFO | Diffuse Ratio (current): 0.000
2026-03-13 08:50:20 | INFO | Irradiance State: OVERCAST
2026-03-13 08:50:20 | INFO | Temp @ 2m: 26.91 C
2026-03-13 08:50:20 | INFO | Wind @ 10m: 5.69 m/s
2026-03-13 08:50:20 | INFO | Weather State: NORMAL
2026-03-13 08:50:20 | INFO | Dynamic Thresholds: cloud_thr=0.1252, shift_thr=0.1242
2026-03-13 08:50:20 | INFO | Multipliers: irradiance=0.25x, temp=0.90x, wind=0.95x
2026-03-13 08:50:20 | INFO | Weather Multiplier (combined): 0.21x
2026-03-13 08:50:20 | INFO | Abrupt Weather Change Detected: False
2026-03-13 08:50:20 | INFO | --- TREND ANALYSIS ---
2026-03-13 08:50:20 | INFO | Trend series: INSUFFICIENT DATA
2026-03-13 08:50:20 | INFO | Detected Trend Type: FLAT
2026-03-13 08:50:20 | INFO | Trend Slope Percentage: 0.00%
2026-03-13 08:50:20 | INFO | Trend EPS Threshold: 1.50%
2026-03-13 08:50:20 | INFO | --- SCHEDULE CALCULATION ---
2026-03-13 08:50:20 | INFO | Condition Applied: SUNSET_CLAMP
2026-03-13 08:50:20 | INFO | Effective Base Forecast Used for Adjustments: 0.000 MW
2026-03-13 08:50:20 | INFO | Condition-3: NOT APPLIED for this block path
2026-03-13 08:50:20 | INFO |   Final Adjustment %: 0.00%
2026-03-13 08:50:20 | INFO |   Formula (expanded): SUNSET_CLAMP: GTI=0.000 < 0.02*MAX_GTI=18.960 => raw=0
2026-03-13 08:50:20 | INFO | --- FINAL RESULT ---
2026-03-13 08:50:20 | INFO | Raw Schedule (before smoothing): 0.000 MW
2026-03-13 08:50:20 | INFO | Final Scheduled MW: 0.000 MW
2026-03-13 08:50:20 | INFO | Previous Schedule Value: 0.000 MW
2026-03-13 08:50:20 | INFO | --------------------------------------------------------------------------------
2026-03-13 08:50:20 | INFO | --------------------------------------------------------------------------------
2026-03-13 08:50:20 | INFO | BLOCK 87
2026-03-13 08:50:20 | INFO | --------------------------------------------------------------------------------
2026-03-13 08:50:20 | INFO | --- METERED DATA ---
2026-03-13 08:50:20 | INFO | Metered Value: NOT YET AVAILABLE
2026-03-13 08:50:20 | INFO | Last Two Metered Values (for trend): ['1.416', '1.736']
2026-03-13 08:50:20 | INFO | --- FORECAST DATA ---
2026-03-13 08:50:20 | INFO | Intraday Forecast (Enercast): 0.000 MW
2026-03-13 08:50:20 | INFO | Day-ahead Forecast (Enercast): 0.000 MW
2026-03-13 08:50:20 | INFO | Base Forecast (raw, before curtailment/shutdown): 0.000 MW
2026-03-13 08:50:20 | INFO | Base Forecast (used for schedule): 0.000 MW
2026-03-13 08:50:20 | INFO | Effective Base Forecast (after curtailment/shutdown): 0.000 MW
2026-03-13 08:50:20 | INFO | Base Blend Inputs: meter_ref=0.000 MW, meter_factor=1.000, meter_weight=0.020
2026-03-13 08:50:20 | INFO | Plant Status: NORMAL
2026-03-13 08:50:20 | INFO | Effective Base Forecast = Base Forecast (raw) = 0.000 MW
2026-03-13 08:50:20 | INFO | --- WEATHER PARAMETERS ---
2026-03-13 08:50:20 | INFO | GTI: 0.0 W/m^2
2026-03-13 08:50:20 | INFO | DHI: 0.0 W/m^2
2026-03-13 08:50:20 | INFO | DNI: 0.0 W/m^2
2026-03-13 08:50:20 | INFO | Irradiance Ratio (GTI/MAX_GTI): 0.000
2026-03-13 08:50:20 | INFO | Diffuse Ratio (current): 0.000
2026-03-13 08:50:20 | INFO | Irradiance State: OVERCAST
2026-03-13 08:50:20 | INFO | Temp @ 2m: 26.61 C
2026-03-13 08:50:20 | INFO | Wind @ 10m: 5.86 m/s
2026-03-13 08:50:20 | INFO | Weather State: NORMAL
2026-03-13 08:50:20 | INFO | Dynamic Thresholds: cloud_thr=0.1252, shift_thr=0.1242
2026-03-13 08:50:20 | INFO | Multipliers: irradiance=0.25x, temp=0.90x, wind=0.95x
2026-03-13 08:50:20 | INFO | Weather Multiplier (combined): 0.21x
2026-03-13 08:50:20 | INFO | Abrupt Weather Change Detected: False
2026-03-13 08:50:20 | INFO | --- TREND ANALYSIS ---
2026-03-13 08:50:20 | INFO | Trend series: INSUFFICIENT DATA
2026-03-13 08:50:20 | INFO | Detected Trend Type: FLAT
2026-03-13 08:50:20 | INFO | Trend Slope Percentage: 0.00%
2026-03-13 08:50:20 | INFO | Trend EPS Threshold: 1.50%
2026-03-13 08:50:20 | INFO | --- SCHEDULE CALCULATION ---
2026-03-13 08:50:20 | INFO | Condition Applied: SUNSET_CLAMP
2026-03-13 08:50:20 | INFO | Effective Base Forecast Used for Adjustments: 0.000 MW
2026-03-13 08:50:20 | INFO | Condition-3: NOT APPLIED for this block path
2026-03-13 08:50:20 | INFO |   Final Adjustment %: 0.00%
2026-03-13 08:50:20 | INFO |   Formula (expanded): SUNSET_CLAMP: GTI=0.000 < 0.02*MAX_GTI=18.960 => raw=0
2026-03-13 08:50:20 | INFO | --- FINAL RESULT ---
2026-03-13 08:50:20 | INFO | Raw Schedule (before smoothing): 0.000 MW
2026-03-13 08:50:20 | INFO | Final Scheduled MW: 0.000 MW
2026-03-13 08:50:20 | INFO | Previous Schedule Value: 0.000 MW
2026-03-13 08:50:20 | INFO | --------------------------------------------------------------------------------
2026-03-13 08:50:20 | INFO | --------------------------------------------------------------------------------
2026-03-13 08:50:20 | INFO | BLOCK 88
2026-03-13 08:50:20 | INFO | --------------------------------------------------------------------------------
2026-03-13 08:50:20 | INFO | --- METERED DATA ---
2026-03-13 08:50:20 | INFO | Metered Value: NOT YET AVAILABLE
2026-03-13 08:50:20 | INFO | Last Two Metered Values (for trend): ['1.416', '1.736']
2026-03-13 08:50:20 | INFO | --- FORECAST DATA ---
2026-03-13 08:50:20 | INFO | Intraday Forecast (Enercast): 0.000 MW
2026-03-13 08:50:20 | INFO | Day-ahead Forecast (Enercast): 0.000 MW
2026-03-13 08:50:20 | INFO | Base Forecast (raw, before curtailment/shutdown): 0.000 MW
2026-03-13 08:50:20 | INFO | Base Forecast (used for schedule): 0.000 MW
2026-03-13 08:50:20 | INFO | Effective Base Forecast (after curtailment/shutdown): 0.000 MW
2026-03-13 08:50:20 | INFO | Base Blend Inputs: meter_ref=0.000 MW, meter_factor=1.000, meter_weight=0.020
2026-03-13 08:50:20 | INFO | Plant Status: NORMAL
2026-03-13 08:50:20 | INFO | Effective Base Forecast = Base Forecast (raw) = 0.000 MW
2026-03-13 08:50:20 | INFO | --- WEATHER PARAMETERS ---
2026-03-13 08:50:20 | INFO | GTI: 0.0 W/m^2
2026-03-13 08:50:20 | INFO | DHI: 0.0 W/m^2
2026-03-13 08:50:20 | INFO | DNI: 0.0 W/m^2
2026-03-13 08:50:20 | INFO | Irradiance Ratio (GTI/MAX_GTI): 0.000
2026-03-13 08:50:20 | INFO | Diffuse Ratio (current): 0.000
2026-03-13 08:50:20 | INFO | Irradiance State: OVERCAST
2026-03-13 08:50:20 | INFO | Temp @ 2m: 26.26 C
2026-03-13 08:50:20 | INFO | Wind @ 10m: 5.86 m/s
2026-03-13 08:50:20 | INFO | Weather State: NORMAL
2026-03-13 08:50:20 | INFO | Dynamic Thresholds: cloud_thr=0.1252, shift_thr=0.1242
2026-03-13 08:50:20 | INFO | Multipliers: irradiance=0.25x, temp=0.90x, wind=0.95x
2026-03-13 08:50:20 | INFO | Weather Multiplier (combined): 0.21x
2026-03-13 08:50:20 | INFO | Abrupt Weather Change Detected: False
2026-03-13 08:50:20 | INFO | --- TREND ANALYSIS ---
2026-03-13 08:50:20 | INFO | Trend series: INSUFFICIENT DATA
2026-03-13 08:50:20 | INFO | Detected Trend Type: FLAT
2026-03-13 08:50:20 | INFO | Trend Slope Percentage: 0.00%
2026-03-13 08:50:20 | INFO | Trend EPS Threshold: 1.50%
2026-03-13 08:50:20 | INFO | --- SCHEDULE CALCULATION ---
2026-03-13 08:50:20 | INFO | Condition Applied: SUNSET_CLAMP
2026-03-13 08:50:20 | INFO | Effective Base Forecast Used for Adjustments: 0.000 MW
2026-03-13 08:50:20 | INFO | Condition-3: NOT APPLIED for this block path
2026-03-13 08:50:20 | INFO |   Final Adjustment %: 0.00%
2026-03-13 08:50:20 | INFO |   Formula (expanded): SUNSET_CLAMP: GTI=0.000 < 0.02*MAX_GTI=18.960 => raw=0
2026-03-13 08:50:20 | INFO | --- FINAL RESULT ---
2026-03-13 08:50:20 | INFO | Raw Schedule (before smoothing): 0.000 MW
2026-03-13 08:50:20 | INFO | Final Scheduled MW: 0.000 MW
2026-03-13 08:50:20 | INFO | Previous Schedule Value: 0.000 MW
2026-03-13 08:50:20 | INFO | --------------------------------------------------------------------------------
2026-03-13 08:50:20 | INFO | --------------------------------------------------------------------------------
2026-03-13 08:50:20 | INFO | BLOCK 89
2026-03-13 08:50:20 | INFO | --------------------------------------------------------------------------------
2026-03-13 08:50:20 | INFO | --- METERED DATA ---
2026-03-13 08:50:20 | INFO | Metered Value: NOT YET AVAILABLE
2026-03-13 08:50:20 | INFO | Last Two Metered Values (for trend): ['1.416', '1.736']
2026-03-13 08:50:20 | INFO | --- FORECAST DATA ---
2026-03-13 08:50:20 | INFO | Intraday Forecast (Enercast): 0.000 MW
2026-03-13 08:50:20 | INFO | Day-ahead Forecast (Enercast): 0.000 MW
2026-03-13 08:50:20 | INFO | Base Forecast (raw, before curtailment/shutdown): 0.000 MW
2026-03-13 08:50:20 | INFO | Base Forecast (used for schedule): 0.000 MW
2026-03-13 08:50:20 | INFO | Effective Base Forecast (after curtailment/shutdown): 0.000 MW
2026-03-13 08:50:20 | INFO | Base Blend Inputs: meter_ref=0.000 MW, meter_factor=1.000, meter_weight=0.020
2026-03-13 08:50:20 | INFO | Plant Status: NORMAL
2026-03-13 08:50:20 | INFO | Effective Base Forecast = Base Forecast (raw) = 0.000 MW
2026-03-13 08:50:20 | INFO | --- WEATHER PARAMETERS ---
2026-03-13 08:50:20 | INFO | GTI: 0.0 W/m^2
2026-03-13 08:50:20 | INFO | DHI: 0.0 W/m^2
2026-03-13 08:50:20 | INFO | DNI: 0.0 W/m^2
2026-03-13 08:50:20 | INFO | Irradiance Ratio (GTI/MAX_GTI): 0.000
2026-03-13 08:50:20 | INFO | Diffuse Ratio (current): 0.000
2026-03-13 08:50:20 | INFO | Irradiance State: OVERCAST
2026-03-13 08:50:20 | INFO | Temp @ 2m: 25.86 C
2026-03-13 08:50:20 | INFO | Wind @ 10m: 5.94 m/s
2026-03-13 08:50:20 | INFO | Weather State: NORMAL
2026-03-13 08:50:20 | INFO | Dynamic Thresholds: cloud_thr=0.1252, shift_thr=0.1242
2026-03-13 08:50:20 | INFO | Multipliers: irradiance=0.25x, temp=0.90x, wind=0.95x
2026-03-13 08:50:20 | INFO | Weather Multiplier (combined): 0.21x
2026-03-13 08:50:20 | INFO | Abrupt Weather Change Detected: False
2026-03-13 08:50:20 | INFO | --- TREND ANALYSIS ---
2026-03-13 08:50:20 | INFO | Trend series: INSUFFICIENT DATA
2026-03-13 08:50:20 | INFO | Detected Trend Type: FLAT
2026-03-13 08:50:20 | INFO | Trend Slope Percentage: 0.00%
2026-03-13 08:50:20 | INFO | Trend EPS Threshold: 1.50%
2026-03-13 08:50:20 | INFO | --- SCHEDULE CALCULATION ---
2026-03-13 08:50:20 | INFO | Condition Applied: SUNSET_CLAMP
2026-03-13 08:50:20 | INFO | Effective Base Forecast Used for Adjustments: 0.000 MW
2026-03-13 08:50:20 | INFO | Condition-3: NOT APPLIED for this block path
2026-03-13 08:50:20 | INFO |   Final Adjustment %: 0.00%
2026-03-13 08:50:20 | INFO |   Formula (expanded): SUNSET_CLAMP: GTI=0.000 < 0.02*MAX_GTI=18.960 => raw=0
2026-03-13 08:50:20 | INFO | --- FINAL RESULT ---
2026-03-13 08:50:20 | INFO | Raw Schedule (before smoothing): 0.000 MW
2026-03-13 08:50:20 | INFO | Final Scheduled MW: 0.000 MW
2026-03-13 08:50:20 | INFO | Previous Schedule Value: 0.000 MW
2026-03-13 08:50:20 | INFO | --------------------------------------------------------------------------------
2026-03-13 08:50:20 | INFO | --------------------------------------------------------------------------------
2026-03-13 08:50:20 | INFO | BLOCK 90
2026-03-13 08:50:20 | INFO | --------------------------------------------------------------------------------
2026-03-13 08:50:20 | INFO | --- METERED DATA ---
2026-03-13 08:50:20 | INFO | Metered Value: NOT YET AVAILABLE
2026-03-13 08:50:20 | INFO | Last Two Metered Values (for trend): ['1.416', '1.736']
2026-03-13 08:50:20 | INFO | --- FORECAST DATA ---
2026-03-13 08:50:20 | INFO | Intraday Forecast (Enercast): 0.000 MW
2026-03-13 08:50:20 | INFO | Day-ahead Forecast (Enercast): 0.000 MW
2026-03-13 08:50:20 | INFO | Base Forecast (raw, before curtailment/shutdown): 0.000 MW
2026-03-13 08:50:20 | INFO | Base Forecast (used for schedule): 0.000 MW
2026-03-13 08:50:20 | INFO | Effective Base Forecast (after curtailment/shutdown): 0.000 MW
2026-03-13 08:50:20 | INFO | Base Blend Inputs: meter_ref=0.000 MW, meter_factor=1.000, meter_weight=0.020
2026-03-13 08:50:20 | INFO | Plant Status: NORMAL
2026-03-13 08:50:20 | INFO | Effective Base Forecast = Base Forecast (raw) = 0.000 MW
2026-03-13 08:50:20 | INFO | --- WEATHER PARAMETERS ---
2026-03-13 08:50:20 | INFO | GTI: 0.0 W/m^2
2026-03-13 08:50:20 | INFO | DHI: 0.0 W/m^2
2026-03-13 08:50:20 | INFO | DNI: 0.0 W/m^2
2026-03-13 08:50:20 | INFO | Irradiance Ratio (GTI/MAX_GTI): 0.000
2026-03-13 08:50:20 | INFO | Diffuse Ratio (current): 0.000
2026-03-13 08:50:20 | INFO | Irradiance State: OVERCAST
2026-03-13 08:50:20 | INFO | Temp @ 2m: 25.46 C
2026-03-13 08:50:20 | INFO | Wind @ 10m: 6.03 m/s
2026-03-13 08:50:20 | INFO | Weather State: NORMAL
2026-03-13 08:50:20 | INFO | Dynamic Thresholds: cloud_thr=0.1252, shift_thr=0.1242
2026-03-13 08:50:20 | INFO | Multipliers: irradiance=0.25x, temp=0.90x, wind=0.95x
2026-03-13 08:50:20 | INFO | Weather Multiplier (combined): 0.21x
2026-03-13 08:50:20 | INFO | Abrupt Weather Change Detected: False
2026-03-13 08:50:20 | INFO | --- TREND ANALYSIS ---
2026-03-13 08:50:20 | INFO | Trend series: INSUFFICIENT DATA
2026-03-13 08:50:20 | INFO | Detected Trend Type: FLAT
2026-03-13 08:50:20 | INFO | Trend Slope Percentage: 0.00%
2026-03-13 08:50:20 | INFO | Trend EPS Threshold: 1.50%
2026-03-13 08:50:20 | INFO | --- SCHEDULE CALCULATION ---
2026-03-13 08:50:20 | INFO | Condition Applied: SUNSET_CLAMP
2026-03-13 08:50:20 | INFO | Effective Base Forecast Used for Adjustments: 0.000 MW
2026-03-13 08:50:20 | INFO | Condition-3: NOT APPLIED for this block path
2026-03-13 08:50:20 | INFO |   Final Adjustment %: 0.00%
2026-03-13 08:50:20 | INFO |   Formula (expanded): SUNSET_CLAMP: GTI=0.000 < 0.02*MAX_GTI=18.960 => raw=0
2026-03-13 08:50:20 | INFO | --- FINAL RESULT ---
2026-03-13 08:50:20 | INFO | Raw Schedule (before smoothing): 0.000 MW
2026-03-13 08:50:20 | INFO | Final Scheduled MW: 0.000 MW
2026-03-13 08:50:20 | INFO | Previous Schedule Value: 0.000 MW
2026-03-13 08:50:20 | INFO | --------------------------------------------------------------------------------
2026-03-13 08:50:20 | INFO | --------------------------------------------------------------------------------
2026-03-13 08:50:20 | INFO | BLOCK 91
2026-03-13 08:50:20 | INFO | --------------------------------------------------------------------------------
2026-03-13 08:50:20 | INFO | --- METERED DATA ---
2026-03-13 08:50:20 | INFO | Metered Value: NOT YET AVAILABLE
2026-03-13 08:50:20 | INFO | Last Two Metered Values (for trend): ['1.416', '1.736']
2026-03-13 08:50:20 | INFO | --- FORECAST DATA ---
2026-03-13 08:50:20 | INFO | Intraday Forecast (Enercast): 0.000 MW
2026-03-13 08:50:20 | INFO | Day-ahead Forecast (Enercast): 0.000 MW
2026-03-13 08:50:20 | INFO | Base Forecast (raw, before curtailment/shutdown): 0.000 MW
2026-03-13 08:50:20 | INFO | Base Forecast (used for schedule): 0.000 MW
2026-03-13 08:50:20 | INFO | Effective Base Forecast (after curtailment/shutdown): 0.000 MW
2026-03-13 08:50:20 | INFO | Base Blend Inputs: meter_ref=0.000 MW, meter_factor=1.000, meter_weight=0.020
2026-03-13 08:50:20 | INFO | Plant Status: NORMAL
2026-03-13 08:50:20 | INFO | Effective Base Forecast = Base Forecast (raw) = 0.000 MW
2026-03-13 08:50:20 | INFO | --- WEATHER PARAMETERS ---
2026-03-13 08:50:20 | INFO | GTI: 0.0 W/m^2
2026-03-13 08:50:20 | INFO | DHI: 0.0 W/m^2
2026-03-13 08:50:20 | INFO | DNI: 0.0 W/m^2
2026-03-13 08:50:20 | INFO | Irradiance Ratio (GTI/MAX_GTI): 0.000
2026-03-13 08:50:20 | INFO | Diffuse Ratio (current): 0.000
2026-03-13 08:50:20 | INFO | Irradiance State: OVERCAST
2026-03-13 08:50:20 | INFO | Temp @ 2m: 25.11 C
2026-03-13 08:50:20 | INFO | Wind @ 10m: 6.29 m/s
2026-03-13 08:50:20 | INFO | Weather State: NORMAL
2026-03-13 08:50:20 | INFO | Dynamic Thresholds: cloud_thr=0.1252, shift_thr=0.1242
2026-03-13 08:50:20 | INFO | Multipliers: irradiance=0.25x, temp=0.90x, wind=0.95x
2026-03-13 08:50:20 | INFO | Weather Multiplier (combined): 0.21x
2026-03-13 08:50:20 | INFO | Abrupt Weather Change Detected: False
2026-03-13 08:50:20 | INFO | --- TREND ANALYSIS ---
2026-03-13 08:50:20 | INFO | Trend series: INSUFFICIENT DATA
2026-03-13 08:50:20 | INFO | Detected Trend Type: FLAT
2026-03-13 08:50:20 | INFO | Trend Slope Percentage: 0.00%
2026-03-13 08:50:20 | INFO | Trend EPS Threshold: 1.50%
2026-03-13 08:50:20 | INFO | --- SCHEDULE CALCULATION ---
2026-03-13 08:50:20 | INFO | Condition Applied: SUNSET_CLAMP
2026-03-13 08:50:20 | INFO | Effective Base Forecast Used for Adjustments: 0.000 MW
2026-03-13 08:50:20 | INFO | Condition-3: NOT APPLIED for this block path
2026-03-13 08:50:20 | INFO |   Final Adjustment %: 0.00%
2026-03-13 08:50:20 | INFO |   Formula (expanded): SUNSET_CLAMP: GTI=0.000 < 0.02*MAX_GTI=18.960 => raw=0
2026-03-13 08:50:20 | INFO | --- FINAL RESULT ---
2026-03-13 08:50:20 | INFO | Raw Schedule (before smoothing): 0.000 MW
2026-03-13 08:50:20 | INFO | Final Scheduled MW: 0.000 MW
2026-03-13 08:50:20 | INFO | Previous Schedule Value: 0.000 MW
2026-03-13 08:50:20 | INFO | --------------------------------------------------------------------------------
2026-03-13 08:50:20 | INFO | --------------------------------------------------------------------------------
2026-03-13 08:50:20 | INFO | BLOCK 92
2026-03-13 08:50:20 | INFO | --------------------------------------------------------------------------------
2026-03-13 08:50:20 | INFO | --- METERED DATA ---
2026-03-13 08:50:20 | INFO | Metered Value: NOT YET AVAILABLE
2026-03-13 08:50:20 | INFO | Last Two Metered Values (for trend): ['1.416', '1.736']
2026-03-13 08:50:20 | INFO | --- FORECAST DATA ---
2026-03-13 08:50:20 | INFO | Intraday Forecast (Enercast): 0.000 MW
2026-03-13 08:50:20 | INFO | Day-ahead Forecast (Enercast): 0.000 MW
2026-03-13 08:50:20 | INFO | Base Forecast (raw, before curtailment/shutdown): 0.000 MW
2026-03-13 08:50:20 | INFO | Base Forecast (used for schedule): 0.000 MW
2026-03-13 08:50:20 | INFO | Effective Base Forecast (after curtailment/shutdown): 0.000 MW
2026-03-13 08:50:20 | INFO | Base Blend Inputs: meter_ref=0.000 MW, meter_factor=1.000, meter_weight=0.020
2026-03-13 08:50:20 | INFO | Plant Status: NORMAL
2026-03-13 08:50:20 | INFO | Effective Base Forecast = Base Forecast (raw) = 0.000 MW
2026-03-13 08:50:20 | INFO | --- WEATHER PARAMETERS ---
2026-03-13 08:50:20 | INFO | GTI: 0.0 W/m^2
2026-03-13 08:50:20 | INFO | DHI: 0.0 W/m^2
2026-03-13 08:50:20 | INFO | DNI: 0.0 W/m^2
2026-03-13 08:50:20 | INFO | Irradiance Ratio (GTI/MAX_GTI): 0.000
2026-03-13 08:50:20 | INFO | Diffuse Ratio (current): 0.000
2026-03-13 08:50:20 | INFO | Irradiance State: OVERCAST
2026-03-13 08:50:20 | INFO | Temp @ 2m: 24.76 C
2026-03-13 08:50:20 | INFO | Wind @ 10m: 6.84 m/s
2026-03-13 08:50:20 | INFO | Weather State: NORMAL
2026-03-13 08:50:20 | INFO | Dynamic Thresholds: cloud_thr=0.1252, shift_thr=0.1242
2026-03-13 08:50:20 | INFO | Multipliers: irradiance=0.25x, temp=0.95x, wind=0.95x
2026-03-13 08:50:20 | INFO | Weather Multiplier (combined): 0.23x
2026-03-13 08:50:20 | INFO | Abrupt Weather Change Detected: False
2026-03-13 08:50:20 | INFO | --- TREND ANALYSIS ---
2026-03-13 08:50:20 | INFO | Trend series: INSUFFICIENT DATA
2026-03-13 08:50:20 | INFO | Detected Trend Type: FLAT
2026-03-13 08:50:20 | INFO | Trend Slope Percentage: 0.00%
2026-03-13 08:50:20 | INFO | Trend EPS Threshold: 1.50%
2026-03-13 08:50:20 | INFO | --- SCHEDULE CALCULATION ---
2026-03-13 08:50:20 | INFO | Condition Applied: SUNSET_CLAMP
2026-03-13 08:50:20 | INFO | Effective Base Forecast Used for Adjustments: 0.000 MW
2026-03-13 08:50:20 | INFO | Condition-3: NOT APPLIED for this block path
2026-03-13 08:50:20 | INFO |   Final Adjustment %: 0.00%
2026-03-13 08:50:20 | INFO |   Formula (expanded): SUNSET_CLAMP: GTI=0.000 < 0.02*MAX_GTI=18.960 => raw=0
2026-03-13 08:50:20 | INFO | --- FINAL RESULT ---
2026-03-13 08:50:20 | INFO | Raw Schedule (before smoothing): 0.000 MW
2026-03-13 08:50:20 | INFO | Final Scheduled MW: 0.000 MW
2026-03-13 08:50:20 | INFO | Previous Schedule Value: 0.000 MW
2026-03-13 08:50:20 | INFO | --------------------------------------------------------------------------------
2026-03-13 08:50:20 | INFO | --------------------------------------------------------------------------------
2026-03-13 08:50:20 | INFO | BLOCK 93
2026-03-13 08:50:20 | INFO | --------------------------------------------------------------------------------
2026-03-13 08:50:20 | INFO | --- METERED DATA ---
2026-03-13 08:50:20 | INFO | Metered Value: NOT YET AVAILABLE
2026-03-13 08:50:20 | INFO | Last Two Metered Values (for trend): ['1.416', '1.736']
2026-03-13 08:50:20 | INFO | --- FORECAST DATA ---
2026-03-13 08:50:20 | INFO | Intraday Forecast (Enercast): 0.000 MW
2026-03-13 08:50:20 | INFO | Day-ahead Forecast (Enercast): 0.000 MW
2026-03-13 08:50:20 | INFO | Base Forecast (raw, before curtailment/shutdown): 0.000 MW
2026-03-13 08:50:20 | INFO | Base Forecast (used for schedule): 0.000 MW
2026-03-13 08:50:20 | INFO | Effective Base Forecast (after curtailment/shutdown): 0.000 MW
2026-03-13 08:50:20 | INFO | Base Blend Inputs: meter_ref=0.000 MW, meter_factor=1.000, meter_weight=0.020
2026-03-13 08:50:20 | INFO | Plant Status: NORMAL
2026-03-13 08:50:20 | INFO | Effective Base Forecast = Base Forecast (raw) = 0.000 MW
2026-03-13 08:50:20 | INFO | --- WEATHER PARAMETERS ---
2026-03-13 08:50:20 | INFO | GTI: 0.0 W/m^2
2026-03-13 08:50:20 | INFO | DHI: 0.0 W/m^2
2026-03-13 08:50:20 | INFO | DNI: 0.0 W/m^2
2026-03-13 08:50:20 | INFO | Irradiance Ratio (GTI/MAX_GTI): 0.000
2026-03-13 08:50:20 | INFO | Diffuse Ratio (current): 0.000
2026-03-13 08:50:20 | INFO | Irradiance State: OVERCAST
2026-03-13 08:50:20 | INFO | Temp @ 2m: 24.46 C
2026-03-13 08:50:20 | INFO | Wind @ 10m: 8.12 m/s
2026-03-13 08:50:20 | INFO | Weather State: NORMAL
2026-03-13 08:50:20 | INFO | Dynamic Thresholds: cloud_thr=0.1252, shift_thr=0.1242
2026-03-13 08:50:20 | INFO | Multipliers: irradiance=0.25x, temp=0.95x, wind=0.95x
2026-03-13 08:50:20 | INFO | Weather Multiplier (combined): 0.23x
2026-03-13 08:50:20 | INFO | Abrupt Weather Change Detected: False
2026-03-13 08:50:20 | INFO | --- TREND ANALYSIS ---
2026-03-13 08:50:20 | INFO | Trend series: INSUFFICIENT DATA
2026-03-13 08:50:20 | INFO | Detected Trend Type: FLAT
2026-03-13 08:50:20 | INFO | Trend Slope Percentage: 0.00%
2026-03-13 08:50:20 | INFO | Trend EPS Threshold: 1.50%
2026-03-13 08:50:20 | INFO | --- SCHEDULE CALCULATION ---
2026-03-13 08:50:20 | INFO | Condition Applied: SUNSET_CLAMP
2026-03-13 08:50:20 | INFO | Effective Base Forecast Used for Adjustments: 0.000 MW
2026-03-13 08:50:20 | INFO | Condition-3: NOT APPLIED for this block path
2026-03-13 08:50:20 | INFO |   Final Adjustment %: 0.00%
2026-03-13 08:50:20 | INFO |   Formula (expanded): SUNSET_CLAMP: GTI=0.000 < 0.02*MAX_GTI=18.960 => raw=0
2026-03-13 08:50:20 | INFO | --- FINAL RESULT ---
2026-03-13 08:50:20 | INFO | Raw Schedule (before smoothing): 0.000 MW
2026-03-13 08:50:20 | INFO | Final Scheduled MW: 0.000 MW
2026-03-13 08:50:20 | INFO | Previous Schedule Value: 0.000 MW
2026-03-13 08:50:20 | INFO | --------------------------------------------------------------------------------
2026-03-13 08:50:20 | INFO | --------------------------------------------------------------------------------
2026-03-13 08:50:20 | INFO | BLOCK 94
2026-03-13 08:50:20 | INFO | --------------------------------------------------------------------------------
2026-03-13 08:50:20 | INFO | --- METERED DATA ---
2026-03-13 08:50:20 | INFO | Metered Value: NOT YET AVAILABLE
2026-03-13 08:50:20 | INFO | Last Two Metered Values (for trend): ['1.416', '1.736']
2026-03-13 08:50:20 | INFO | --- FORECAST DATA ---
2026-03-13 08:50:20 | INFO | Intraday Forecast (Enercast): 0.000 MW
2026-03-13 08:50:20 | INFO | Day-ahead Forecast (Enercast): 0.000 MW
2026-03-13 08:50:20 | INFO | Base Forecast (raw, before curtailment/shutdown): 0.000 MW
2026-03-13 08:50:20 | INFO | Base Forecast (used for schedule): 0.000 MW
2026-03-13 08:50:20 | INFO | Effective Base Forecast (after curtailment/shutdown): 0.000 MW
2026-03-13 08:50:20 | INFO | Base Blend Inputs: meter_ref=0.000 MW, meter_factor=1.000, meter_weight=0.020
2026-03-13 08:50:20 | INFO | Plant Status: NORMAL
2026-03-13 08:50:20 | INFO | Effective Base Forecast = Base Forecast (raw) = 0.000 MW
2026-03-13 08:50:20 | INFO | --- WEATHER PARAMETERS ---
2026-03-13 08:50:20 | INFO | GTI: 0.0 W/m^2
2026-03-13 08:50:20 | INFO | DHI: 0.0 W/m^2
2026-03-13 08:50:20 | INFO | DNI: 0.0 W/m^2
2026-03-13 08:50:20 | INFO | Irradiance Ratio (GTI/MAX_GTI): 0.000
2026-03-13 08:50:20 | INFO | Diffuse Ratio (current): 0.000
2026-03-13 08:50:20 | INFO | Irradiance State: OVERCAST
2026-03-13 08:50:20 | INFO | Temp @ 2m: 24.16 C
2026-03-13 08:50:20 | INFO | Wind @ 10m: 9.69 m/s
2026-03-13 08:50:20 | INFO | Weather State: NORMAL
2026-03-13 08:50:20 | INFO | Dynamic Thresholds: cloud_thr=0.1252, shift_thr=0.1242
2026-03-13 08:50:20 | INFO | Multipliers: irradiance=0.25x, temp=0.95x, wind=0.95x
2026-03-13 08:50:20 | INFO | Weather Multiplier (combined): 0.23x
2026-03-13 08:50:20 | INFO | Abrupt Weather Change Detected: False
2026-03-13 08:50:20 | INFO | --- TREND ANALYSIS ---
2026-03-13 08:50:20 | INFO | Trend series: INSUFFICIENT DATA
2026-03-13 08:50:20 | INFO | Detected Trend Type: FLAT
2026-03-13 08:50:20 | INFO | Trend Slope Percentage: 0.00%
2026-03-13 08:50:20 | INFO | Trend EPS Threshold: 1.50%
2026-03-13 08:50:20 | INFO | --- SCHEDULE CALCULATION ---
2026-03-13 08:50:20 | INFO | Condition Applied: SUNSET_CLAMP
2026-03-13 08:50:20 | INFO | Effective Base Forecast Used for Adjustments: 0.000 MW
2026-03-13 08:50:20 | INFO | Condition-3: NOT APPLIED for this block path
2026-03-13 08:50:20 | INFO |   Final Adjustment %: 0.00%
2026-03-13 08:50:20 | INFO |   Formula (expanded): SUNSET_CLAMP: GTI=0.000 < 0.02*MAX_GTI=18.960 => raw=0
2026-03-13 08:50:20 | INFO | --- FINAL RESULT ---
2026-03-13 08:50:20 | INFO | Raw Schedule (before smoothing): 0.000 MW
2026-03-13 08:50:20 | INFO | Final Scheduled MW: 0.000 MW
2026-03-13 08:50:20 | INFO | Previous Schedule Value: 0.000 MW
2026-03-13 08:50:20 | INFO | --------------------------------------------------------------------------------
2026-03-13 08:50:20 | INFO | --------------------------------------------------------------------------------
2026-03-13 08:50:20 | INFO | BLOCK 95
2026-03-13 08:50:20 | INFO | --------------------------------------------------------------------------------
2026-03-13 08:50:20 | INFO | --- METERED DATA ---
2026-03-13 08:50:20 | INFO | Metered Value: NOT YET AVAILABLE
2026-03-13 08:50:20 | INFO | Last Two Metered Values (for trend): ['1.416', '1.736']
2026-03-13 08:50:20 | INFO | --- FORECAST DATA ---
2026-03-13 08:50:20 | INFO | Intraday Forecast (Enercast): 0.000 MW
2026-03-13 08:50:20 | INFO | Day-ahead Forecast (Enercast): 0.000 MW
2026-03-13 08:50:20 | INFO | Base Forecast (raw, before curtailment/shutdown): 0.000 MW
2026-03-13 08:50:20 | INFO | Base Forecast (used for schedule): 0.000 MW
2026-03-13 08:50:20 | INFO | Effective Base Forecast (after curtailment/shutdown): 0.000 MW
2026-03-13 08:50:20 | INFO | Base Blend Inputs: meter_ref=0.000 MW, meter_factor=1.000, meter_weight=0.020
2026-03-13 08:50:20 | INFO | Plant Status: NORMAL
2026-03-13 08:50:20 | INFO | Effective Base Forecast = Base Forecast (raw) = 0.000 MW
2026-03-13 08:50:20 | INFO | --- WEATHER PARAMETERS ---
2026-03-13 08:50:20 | INFO | GTI: 0.0 W/m^2
2026-03-13 08:50:20 | INFO | DHI: 0.0 W/m^2
2026-03-13 08:50:20 | INFO | DNI: 0.0 W/m^2
2026-03-13 08:50:20 | INFO | Irradiance Ratio (GTI/MAX_GTI): 0.000
2026-03-13 08:50:20 | INFO | Diffuse Ratio (current): 0.000
2026-03-13 08:50:20 | INFO | Irradiance State: OVERCAST
2026-03-13 08:50:20 | INFO | Temp @ 2m: 23.91 C
2026-03-13 08:50:20 | INFO | Wind @ 10m: 11.12 m/s
2026-03-13 08:50:20 | INFO | Weather State: NORMAL
2026-03-13 08:50:20 | INFO | Dynamic Thresholds: cloud_thr=0.1252, shift_thr=0.1242
2026-03-13 08:50:20 | INFO | Multipliers: irradiance=0.25x, temp=0.95x, wind=0.95x
2026-03-13 08:50:20 | INFO | Weather Multiplier (combined): 0.23x
2026-03-13 08:50:20 | INFO | Abrupt Weather Change Detected: False
2026-03-13 08:50:20 | INFO | --- TREND ANALYSIS ---
2026-03-13 08:50:20 | INFO | Trend series: INSUFFICIENT DATA
2026-03-13 08:50:20 | INFO | Detected Trend Type: FLAT
2026-03-13 08:50:20 | INFO | Trend Slope Percentage: 0.00%
2026-03-13 08:50:20 | INFO | Trend EPS Threshold: 1.50%
2026-03-13 08:50:20 | INFO | --- SCHEDULE CALCULATION ---
2026-03-13 08:50:20 | INFO | Condition Applied: SUNSET_CLAMP
2026-03-13 08:50:20 | INFO | Effective Base Forecast Used for Adjustments: 0.000 MW
2026-03-13 08:50:20 | INFO | Condition-3: NOT APPLIED for this block path
2026-03-13 08:50:20 | INFO |   Final Adjustment %: 0.00%
2026-03-13 08:50:20 | INFO |   Formula (expanded): SUNSET_CLAMP: GTI=0.000 < 0.02*MAX_GTI=18.960 => raw=0
2026-03-13 08:50:20 | INFO | --- FINAL RESULT ---
2026-03-13 08:50:20 | INFO | Raw Schedule (before smoothing): 0.000 MW
2026-03-13 08:50:20 | INFO | Final Scheduled MW: 0.000 MW
2026-03-13 08:50:20 | INFO | Previous Schedule Value: 0.000 MW
2026-03-13 08:50:20 | INFO | --------------------------------------------------------------------------------
2026-03-13 08:50:20 | INFO | --------------------------------------------------------------------------------
2026-03-13 08:50:20 | INFO | BLOCK 96
2026-03-13 08:50:20 | INFO | --------------------------------------------------------------------------------
2026-03-13 08:50:20 | INFO | --- METERED DATA ---
2026-03-13 08:50:20 | INFO | Metered Value: NOT YET AVAILABLE
2026-03-13 08:50:20 | INFO | Last Two Metered Values (for trend): ['1.416', '1.736']
2026-03-13 08:50:20 | INFO | --- FORECAST DATA ---
2026-03-13 08:50:20 | INFO | Intraday Forecast (Enercast): 0.000 MW
2026-03-13 08:50:20 | INFO | Day-ahead Forecast (Enercast): 0.000 MW
2026-03-13 08:50:20 | INFO | Base Forecast (raw, before curtailment/shutdown): 0.000 MW
2026-03-13 08:50:20 | INFO | Base Forecast (used for schedule): 0.000 MW
2026-03-13 08:50:20 | INFO | Effective Base Forecast (after curtailment/shutdown): 0.000 MW
2026-03-13 08:50:20 | INFO | Base Blend Inputs: meter_ref=0.000 MW, meter_factor=1.000, meter_weight=0.020
2026-03-13 08:50:20 | INFO | Plant Status: NORMAL
2026-03-13 08:50:20 | INFO | Effective Base Forecast = Base Forecast (raw) = 0.000 MW
2026-03-13 08:50:20 | INFO | --- WEATHER PARAMETERS ---
2026-03-13 08:50:20 | INFO | GTI: 0.0 W/m^2
2026-03-13 08:50:20 | INFO | DHI: 0.0 W/m^2
2026-03-13 08:50:20 | INFO | DNI: 0.0 W/m^2
2026-03-13 08:50:20 | INFO | Irradiance Ratio (GTI/MAX_GTI): 0.000
2026-03-13 08:50:20 | INFO | Diffuse Ratio (current): 0.000
2026-03-13 08:50:20 | INFO | Irradiance State: OVERCAST
2026-03-13 08:50:20 | INFO | Temp @ 2m: 23.71 C
2026-03-13 08:50:20 | INFO | Wind @ 10m: 12.29 m/s
2026-03-13 08:50:20 | INFO | Weather State: NORMAL
2026-03-13 08:50:20 | INFO | Dynamic Thresholds: cloud_thr=0.1252, shift_thr=0.1242
2026-03-13 08:50:20 | INFO | Multipliers: irradiance=0.25x, temp=0.95x, wind=0.95x
2026-03-13 08:50:20 | INFO | Weather Multiplier (combined): 0.23x
2026-03-13 08:50:20 | INFO | Abrupt Weather Change Detected: False
2026-03-13 08:50:20 | INFO | --- TREND ANALYSIS ---
2026-03-13 08:50:20 | INFO | Trend series: INSUFFICIENT DATA
2026-03-13 08:50:20 | INFO | Detected Trend Type: FLAT
2026-03-13 08:50:20 | INFO | Trend Slope Percentage: 0.00%
2026-03-13 08:50:20 | INFO | Trend EPS Threshold: 1.50%
2026-03-13 08:50:20 | INFO | --- SCHEDULE CALCULATION ---
2026-03-13 08:50:20 | INFO | Condition Applied: SUNSET_CLAMP
2026-03-13 08:50:20 | INFO | Effective Base Forecast Used for Adjustments: 0.000 MW
2026-03-13 08:50:20 | INFO | Condition-3: NOT APPLIED for this block path
2026-03-13 08:50:20 | INFO |   Final Adjustment %: 0.00%
2026-03-13 08:50:20 | INFO |   Formula (expanded): SUNSET_CLAMP: GTI=0.000 < 0.02*MAX_GTI=18.960 => raw=0
2026-03-13 08:50:20 | INFO | --- FINAL RESULT ---
2026-03-13 08:50:20 | INFO | Raw Schedule (before smoothing): 0.000 MW
2026-03-13 08:50:20 | INFO | Final Scheduled MW: 0.000 MW
2026-03-13 08:50:20 | INFO | Previous Schedule Value: 0.000 MW
2026-03-13 08:50:20 | INFO | --------------------------------------------------------------------------------
