2026-03-26 21:06:41 | INFO | ================================================================================
2026-03-26 21:06:41 | INFO | SCHEDULE FILE: schedule_from_31.csv
2026-03-26 21:06:41 | INFO | DATE: 2026-03-25
2026-03-26 21:06:41 | INFO | ENGINE BLOCK (Start Block): 31
2026-03-26 21:06:41 | INFO | DYNAMIC START BLOCK: 31
2026-03-26 21:06:41 | INFO | SCHEDULE REASON: custom_start
2026-03-26 21:06:41 | INFO | METERED PAIR USED (engine_block-2, engine_block-1): 0.221 MW, 0.319 MW
2026-03-26 21:06:41 | INFO | Generated: 2026-03-26 21:06:41
2026-03-26 21:06:41 | INFO | ================================================================================
2026-03-26 21:06:41 | INFO | BLOCK-WISE WEATHER STATE OVERVIEW
2026-03-26 21:06:41 | INFO | Block | Weather State
2026-03-26 21:06:41 | INFO | 31    | NORMAL
2026-03-26 21:06:41 | INFO | 32    | NORMAL
2026-03-26 21:06:41 | INFO | 33    | NORMAL
2026-03-26 21:06:41 | INFO | 34    | NORMAL
2026-03-26 21:06:41 | INFO | 35    | NORMAL
2026-03-26 21:06:41 | INFO | 36    | NORMAL
2026-03-26 21:06:41 | INFO | 37    | NORMAL
2026-03-26 21:06:41 | INFO | 38    | NORMAL
2026-03-26 21:06:41 | INFO | 39    | NORMAL
2026-03-26 21:06:41 | INFO | 40    | NORMAL
2026-03-26 21:06:41 | INFO | 41    | NORMAL
2026-03-26 21:06:41 | INFO | 42    | NORMAL
2026-03-26 21:06:41 | INFO | 43    | NORMAL
2026-03-26 21:06:41 | INFO | 44    | NORMAL
2026-03-26 21:06:41 | INFO | 45    | NORMAL
2026-03-26 21:06:41 | INFO | 46    | NORMAL
2026-03-26 21:06:41 | INFO | 47    | NORMAL
2026-03-26 21:06:41 | INFO | 48    | NORMAL
2026-03-26 21:06:41 | INFO | 49    | NORMAL
2026-03-26 21:06:41 | INFO | 50    | NORMAL
2026-03-26 21:06:41 | INFO | 51    | NORMAL
2026-03-26 21:06:41 | INFO | 52    | NORMAL
2026-03-26 21:06:41 | INFO | 53    | NORMAL
2026-03-26 21:06:41 | INFO | 54    | NORMAL
2026-03-26 21:06:41 | INFO | 55    | NORMAL
2026-03-26 21:06:41 | INFO | 56    | NORMAL
2026-03-26 21:06:41 | INFO | 57    | NORMAL
2026-03-26 21:06:41 | INFO | 58    | NORMAL
2026-03-26 21:06:41 | INFO | 59    | NORMAL
2026-03-26 21:06:41 | INFO | 60    | NORMAL
2026-03-26 21:06:41 | INFO | 61    | NORMAL
2026-03-26 21:06:41 | INFO | 62    | NORMAL
2026-03-26 21:06:41 | INFO | 63    | NORMAL
2026-03-26 21:06:41 | INFO | 64    | NORMAL
2026-03-26 21:06:41 | INFO | 65    | NORMAL
2026-03-26 21:06:41 | INFO | 66    | NORMAL
2026-03-26 21:06:41 | INFO | 67    | NORMAL
2026-03-26 21:06:41 | INFO | 68    | NORMAL
2026-03-26 21:06:41 | INFO | 69    | NORMAL
2026-03-26 21:06:41 | INFO | 70    | NORMAL
2026-03-26 21:06:41 | INFO | 71    | NORMAL
2026-03-26 21:06:41 | INFO | 72    | NORMAL
2026-03-26 21:06:41 | INFO | 73    | NORMAL
2026-03-26 21:06:41 | INFO | 74    | NORMAL
2026-03-26 21:06:41 | INFO | 75    | NORMAL
2026-03-26 21:06:41 | INFO | 76    | NORMAL
2026-03-26 21:06:41 | INFO | 77    | NORMAL
2026-03-26 21:06:41 | INFO | 78    | NORMAL
2026-03-26 21:06:41 | INFO | 79    | NORMAL
2026-03-26 21:06:41 | INFO | 80    | NORMAL
2026-03-26 21:06:41 | INFO | 81    | NORMAL
2026-03-26 21:06:41 | INFO | 82    | NORMAL
2026-03-26 21:06:41 | INFO | 83    | NORMAL
2026-03-26 21:06:41 | INFO | 84    | NORMAL
2026-03-26 21:06:41 | INFO | 85    | NORMAL
2026-03-26 21:06:41 | INFO | 86    | NORMAL
2026-03-26 21:06:41 | INFO | 87    | NORMAL
2026-03-26 21:06:41 | INFO | 88    | NORMAL
2026-03-26 21:06:41 | INFO | 89    | NORMAL
2026-03-26 21:06:41 | INFO | 90    | NORMAL
2026-03-26 21:06:41 | INFO | 91    | NORMAL
2026-03-26 21:06:41 | INFO | 92    | NORMAL
2026-03-26 21:06:41 | INFO | 93    | NORMAL
2026-03-26 21:06:41 | INFO | 94    | NORMAL
2026-03-26 21:06:41 | INFO | 95    | NORMAL
2026-03-26 21:06:41 | INFO | 96    | NORMAL
2026-03-26 21:06:41 | INFO | --------------------------------------------------------------------------------
2026-03-26 21:06:41 | INFO | ITERATION FORECAST CONTEXT | reason=custom_start | meter_ref=0.7068 | intraday_T=0.6900
2026-03-26 21:06:41 | INFO | --------------------------------------------------------------------------------
2026-03-26 21:06:41 | INFO | BLOCK 01
2026-03-26 21:06:41 | INFO | --------------------------------------------------------------------------------
2026-03-26 21:06:41 | INFO | --- METERED DATA ---
2026-03-26 21:06:41 | INFO | Metered Value: NOT YET AVAILABLE
2026-03-26 21:06:41 | INFO | Last Two Metered Values (for trend): ['0.221', '0.319']
2026-03-26 21:06:41 | INFO | --- FORECAST DATA ---
2026-03-26 21:06:41 | INFO | Intraday Forecast (Enercast): 0.000 MW
2026-03-26 21:06:41 | INFO | Day-ahead Forecast (Enercast): 0.000 MW
2026-03-26 21:06:41 | INFO | Base Forecast (raw, before curtailment/shutdown): 0.000 MW
2026-03-26 21:06:41 | INFO | Base Forecast (used for schedule): 0.000 MW
2026-03-26 21:06:41 | INFO | Effective Base Forecast (after curtailment/shutdown): 0.000 MW
2026-03-26 21:06:41 | INFO | Base Blend Inputs: meter_ref=0.000 MW, meter_factor=1.000, meter_weight=0.020
2026-03-26 21:06:41 | INFO | Plant Status: NORMAL
2026-03-26 21:06:41 | INFO | Effective Base Forecast = Base Forecast (raw) = 0.000 MW
2026-03-26 21:06:41 | INFO | --- WEATHER PARAMETERS ---
2026-03-26 21:06:41 | INFO | GTI: 0.0 W/m^2
2026-03-26 21:06:41 | INFO | DHI: 0.0 W/m^2
2026-03-26 21:06:41 | INFO | DNI: 0.0 W/m^2
2026-03-26 21:06:41 | INFO | Irradiance Ratio (GTI/MAX_GTI): 0.000
2026-03-26 21:06:41 | INFO | Diffuse Ratio (current): 0.000
2026-03-26 21:06:41 | INFO | Irradiance State: OVERCAST
2026-03-26 21:06:41 | INFO | Temp @ 2m: 27.16 C
2026-03-26 21:06:41 | INFO | Wind @ 10m: 3.42 m/s
2026-03-26 21:06:41 | INFO | Weather State: NORMAL
2026-03-26 21:06:41 | INFO | Dynamic Thresholds: cloud_thr=0.0000, shift_thr=0.0000
2026-03-26 21:06:41 | INFO | Multipliers: irradiance=0.55x, temp=1.00x, wind=1.03x
2026-03-26 21:06:41 | INFO | Weather Multiplier (combined): 0.57x
2026-03-26 21:06:41 | INFO | Abrupt Weather Change Detected: False
2026-03-26 21:06:41 | INFO | --- TREND ANALYSIS ---
2026-03-26 21:06:41 | INFO | Trend series: INSUFFICIENT DATA
2026-03-26 21:06:41 | INFO | Detected Trend Type: FLAT
2026-03-26 21:06:41 | INFO | Trend Slope Percentage: 0.00%
2026-03-26 21:06:41 | INFO | Trend EPS Threshold: 1.50%
2026-03-26 21:06:41 | INFO | --- SCHEDULE CALCULATION ---
2026-03-26 21:06:41 | INFO | Condition Applied: PRE_START
2026-03-26 21:06:41 | INFO | Effective Base Forecast Used for Adjustments: 0.000 MW
2026-03-26 21:06:41 | INFO | Condition-3: NOT APPLIED for this block path
2026-03-26 21:06:41 | INFO |   Final Adjustment %: 0.00%
2026-03-26 21:06:41 | INFO |   Formula (expanded): PRE_START: raw=0
2026-03-26 21:06:41 | INFO | --- FINAL RESULT ---
2026-03-26 21:06:41 | INFO | Raw Schedule (before smoothing): 0.000 MW
2026-03-26 21:06:41 | INFO | Final Scheduled MW: 0.000 MW
2026-03-26 21:06:41 | INFO | --------------------------------------------------------------------------------
2026-03-26 21:06:41 | INFO | --------------------------------------------------------------------------------
2026-03-26 21:06:41 | INFO | BLOCK 02
2026-03-26 21:06:41 | INFO | --------------------------------------------------------------------------------
2026-03-26 21:06:41 | INFO | --- METERED DATA ---
2026-03-26 21:06:41 | INFO | Metered Value: NOT YET AVAILABLE
2026-03-26 21:06:41 | INFO | Last Two Metered Values (for trend): ['0.221', '0.319']
2026-03-26 21:06:41 | INFO | --- FORECAST DATA ---
2026-03-26 21:06:41 | INFO | Intraday Forecast (Enercast): 0.000 MW
2026-03-26 21:06:41 | INFO | Day-ahead Forecast (Enercast): 0.000 MW
2026-03-26 21:06:41 | INFO | Base Forecast (raw, before curtailment/shutdown): 0.000 MW
2026-03-26 21:06:41 | INFO | Base Forecast (used for schedule): 0.000 MW
2026-03-26 21:06:41 | INFO | Effective Base Forecast (after curtailment/shutdown): 0.000 MW
2026-03-26 21:06:41 | INFO | Base Blend Inputs: meter_ref=0.000 MW, meter_factor=1.000, meter_weight=0.020
2026-03-26 21:06:41 | INFO | Plant Status: NORMAL
2026-03-26 21:06:41 | INFO | Effective Base Forecast = Base Forecast (raw) = 0.000 MW
2026-03-26 21:06:41 | INFO | --- WEATHER PARAMETERS ---
2026-03-26 21:06:41 | INFO | GTI: 0.0 W/m^2
2026-03-26 21:06:41 | INFO | DHI: 0.0 W/m^2
2026-03-26 21:06:41 | INFO | DNI: 0.0 W/m^2
2026-03-26 21:06:41 | INFO | Irradiance Ratio (GTI/MAX_GTI): 0.000
2026-03-26 21:06:41 | INFO | Diffuse Ratio (current): 0.000
2026-03-26 21:06:41 | INFO | Irradiance State: OVERCAST
2026-03-26 21:06:41 | INFO | Temp @ 2m: 26.96 C
2026-03-26 21:06:41 | INFO | Wind @ 10m: 3.26 m/s
2026-03-26 21:06:41 | INFO | Weather State: NORMAL
2026-03-26 21:06:41 | INFO | Dynamic Thresholds: cloud_thr=0.0000, shift_thr=0.0000
2026-03-26 21:06:41 | INFO | Multipliers: irradiance=0.55x, temp=1.00x, wind=1.03x
2026-03-26 21:06:41 | INFO | Weather Multiplier (combined): 0.57x
2026-03-26 21:06:41 | INFO | Abrupt Weather Change Detected: False
2026-03-26 21:06:41 | INFO | --- TREND ANALYSIS ---
2026-03-26 21:06:41 | INFO | Trend series: INSUFFICIENT DATA
2026-03-26 21:06:41 | INFO | Detected Trend Type: FLAT
2026-03-26 21:06:41 | INFO | Trend Slope Percentage: 0.00%
2026-03-26 21:06:41 | INFO | Trend EPS Threshold: 1.50%
2026-03-26 21:06:41 | INFO | --- SCHEDULE CALCULATION ---
2026-03-26 21:06:41 | INFO | Condition Applied: PRE_START
2026-03-26 21:06:41 | INFO | Effective Base Forecast Used for Adjustments: 0.000 MW
2026-03-26 21:06:41 | INFO | Condition-3: NOT APPLIED for this block path
2026-03-26 21:06:41 | INFO |   Final Adjustment %: 0.00%
2026-03-26 21:06:41 | INFO |   Formula (expanded): PRE_START: raw=0
2026-03-26 21:06:41 | INFO | --- FINAL RESULT ---
2026-03-26 21:06:41 | INFO | Raw Schedule (before smoothing): 0.000 MW
2026-03-26 21:06:41 | INFO | Final Scheduled MW: 0.000 MW
2026-03-26 21:06:41 | INFO | --------------------------------------------------------------------------------
2026-03-26 21:06:41 | INFO | --------------------------------------------------------------------------------
2026-03-26 21:06:41 | INFO | BLOCK 03
2026-03-26 21:06:41 | INFO | --------------------------------------------------------------------------------
2026-03-26 21:06:41 | INFO | --- METERED DATA ---
2026-03-26 21:06:41 | INFO | Metered Value: NOT YET AVAILABLE
2026-03-26 21:06:41 | INFO | Last Two Metered Values (for trend): ['0.221', '0.319']
2026-03-26 21:06:41 | INFO | --- FORECAST DATA ---
2026-03-26 21:06:41 | INFO | Intraday Forecast (Enercast): 0.000 MW
2026-03-26 21:06:41 | INFO | Day-ahead Forecast (Enercast): 0.000 MW
2026-03-26 21:06:41 | INFO | Base Forecast (raw, before curtailment/shutdown): 0.000 MW
2026-03-26 21:06:41 | INFO | Base Forecast (used for schedule): 0.000 MW
2026-03-26 21:06:41 | INFO | Effective Base Forecast (after curtailment/shutdown): 0.000 MW
2026-03-26 21:06:41 | INFO | Base Blend Inputs: meter_ref=0.000 MW, meter_factor=1.000, meter_weight=0.020
2026-03-26 21:06:41 | INFO | Plant Status: NORMAL
2026-03-26 21:06:41 | INFO | Effective Base Forecast = Base Forecast (raw) = 0.000 MW
2026-03-26 21:06:41 | INFO | --- WEATHER PARAMETERS ---
2026-03-26 21:06:41 | INFO | GTI: 0.0 W/m^2
2026-03-26 21:06:41 | INFO | DHI: 0.0 W/m^2
2026-03-26 21:06:41 | INFO | DNI: 0.0 W/m^2
2026-03-26 21:06:41 | INFO | Irradiance Ratio (GTI/MAX_GTI): 0.000
2026-03-26 21:06:41 | INFO | Diffuse Ratio (current): 0.000
2026-03-26 21:06:41 | INFO | Irradiance State: OVERCAST
2026-03-26 21:06:41 | INFO | Temp @ 2m: 26.81 C
2026-03-26 21:06:41 | INFO | Wind @ 10m: 3.26 m/s
2026-03-26 21:06:41 | INFO | Weather State: NORMAL
2026-03-26 21:06:41 | INFO | Dynamic Thresholds: cloud_thr=0.0000, shift_thr=0.0000
2026-03-26 21:06:41 | INFO | Multipliers: irradiance=0.55x, temp=1.00x, wind=1.03x
2026-03-26 21:06:41 | INFO | Weather Multiplier (combined): 0.57x
2026-03-26 21:06:41 | INFO | Abrupt Weather Change Detected: False
2026-03-26 21:06:41 | INFO | --- TREND ANALYSIS ---
2026-03-26 21:06:41 | INFO | Trend series: INSUFFICIENT DATA
2026-03-26 21:06:41 | INFO | Detected Trend Type: FLAT
2026-03-26 21:06:41 | INFO | Trend Slope Percentage: 0.00%
2026-03-26 21:06:41 | INFO | Trend EPS Threshold: 1.50%
2026-03-26 21:06:41 | INFO | --- SCHEDULE CALCULATION ---
2026-03-26 21:06:41 | INFO | Condition Applied: PRE_START
2026-03-26 21:06:41 | INFO | Effective Base Forecast Used for Adjustments: 0.000 MW
2026-03-26 21:06:41 | INFO | Condition-3: NOT APPLIED for this block path
2026-03-26 21:06:41 | INFO |   Final Adjustment %: 0.00%
2026-03-26 21:06:41 | INFO |   Formula (expanded): PRE_START: raw=0
2026-03-26 21:06:41 | INFO | --- FINAL RESULT ---
2026-03-26 21:06:41 | INFO | Raw Schedule (before smoothing): 0.000 MW
2026-03-26 21:06:41 | INFO | Final Scheduled MW: 0.000 MW
2026-03-26 21:06:41 | INFO | --------------------------------------------------------------------------------
2026-03-26 21:06:41 | INFO | --------------------------------------------------------------------------------
2026-03-26 21:06:41 | INFO | BLOCK 04
2026-03-26 21:06:41 | INFO | --------------------------------------------------------------------------------
2026-03-26 21:06:41 | INFO | --- METERED DATA ---
2026-03-26 21:06:41 | INFO | Metered Value: NOT YET AVAILABLE
2026-03-26 21:06:41 | INFO | Last Two Metered Values (for trend): ['0.221', '0.319']
2026-03-26 21:06:41 | INFO | --- FORECAST DATA ---
2026-03-26 21:06:41 | INFO | Intraday Forecast (Enercast): 0.000 MW
2026-03-26 21:06:41 | INFO | Day-ahead Forecast (Enercast): 0.000 MW
2026-03-26 21:06:41 | INFO | Base Forecast (raw, before curtailment/shutdown): 0.000 MW
2026-03-26 21:06:41 | INFO | Base Forecast (used for schedule): 0.000 MW
2026-03-26 21:06:41 | INFO | Effective Base Forecast (after curtailment/shutdown): 0.000 MW
2026-03-26 21:06:41 | INFO | Base Blend Inputs: meter_ref=0.000 MW, meter_factor=1.000, meter_weight=0.020
2026-03-26 21:06:41 | INFO | Plant Status: NORMAL
2026-03-26 21:06:41 | INFO | Effective Base Forecast = Base Forecast (raw) = 0.000 MW
2026-03-26 21:06:41 | INFO | --- WEATHER PARAMETERS ---
2026-03-26 21:06:41 | INFO | GTI: 0.0 W/m^2
2026-03-26 21:06:41 | INFO | DHI: 0.0 W/m^2
2026-03-26 21:06:41 | INFO | DNI: 0.0 W/m^2
2026-03-26 21:06:41 | INFO | Irradiance Ratio (GTI/MAX_GTI): 0.000
2026-03-26 21:06:41 | INFO | Diffuse Ratio (current): 0.000
2026-03-26 21:06:41 | INFO | Irradiance State: OVERCAST
2026-03-26 21:06:41 | INFO | Temp @ 2m: 26.71 C
2026-03-26 21:06:41 | INFO | Wind @ 10m: 3.42 m/s
2026-03-26 21:06:41 | INFO | Weather State: NORMAL
2026-03-26 21:06:41 | INFO | Dynamic Thresholds: cloud_thr=0.0000, shift_thr=0.0000
2026-03-26 21:06:41 | INFO | Multipliers: irradiance=0.55x, temp=1.00x, wind=1.03x
2026-03-26 21:06:41 | INFO | Weather Multiplier (combined): 0.57x
2026-03-26 21:06:41 | INFO | Abrupt Weather Change Detected: False
2026-03-26 21:06:41 | INFO | --- TREND ANALYSIS ---
2026-03-26 21:06:41 | INFO | Trend series: INSUFFICIENT DATA
2026-03-26 21:06:41 | INFO | Detected Trend Type: FLAT
2026-03-26 21:06:41 | INFO | Trend Slope Percentage: 0.00%
2026-03-26 21:06:41 | INFO | Trend EPS Threshold: 1.50%
2026-03-26 21:06:41 | INFO | --- SCHEDULE CALCULATION ---
2026-03-26 21:06:41 | INFO | Condition Applied: PRE_START
2026-03-26 21:06:41 | INFO | Effective Base Forecast Used for Adjustments: 0.000 MW
2026-03-26 21:06:41 | INFO | Condition-3: NOT APPLIED for this block path
2026-03-26 21:06:41 | INFO |   Final Adjustment %: 0.00%
2026-03-26 21:06:41 | INFO |   Formula (expanded): PRE_START: raw=0
2026-03-26 21:06:41 | INFO | --- FINAL RESULT ---
2026-03-26 21:06:41 | INFO | Raw Schedule (before smoothing): 0.000 MW
2026-03-26 21:06:41 | INFO | Final Scheduled MW: 0.000 MW
2026-03-26 21:06:41 | INFO | --------------------------------------------------------------------------------
2026-03-26 21:06:41 | INFO | --------------------------------------------------------------------------------
2026-03-26 21:06:41 | INFO | BLOCK 05
2026-03-26 21:06:41 | INFO | --------------------------------------------------------------------------------
2026-03-26 21:06:41 | INFO | --- METERED DATA ---
2026-03-26 21:06:41 | INFO | Metered Value: NOT YET AVAILABLE
2026-03-26 21:06:41 | INFO | Last Two Metered Values (for trend): ['0.221', '0.319']
2026-03-26 21:06:41 | INFO | --- FORECAST DATA ---
2026-03-26 21:06:41 | INFO | Intraday Forecast (Enercast): 0.000 MW
2026-03-26 21:06:41 | INFO | Day-ahead Forecast (Enercast): 0.000 MW
2026-03-26 21:06:41 | INFO | Base Forecast (raw, before curtailment/shutdown): 0.000 MW
2026-03-26 21:06:41 | INFO | Base Forecast (used for schedule): 0.000 MW
2026-03-26 21:06:41 | INFO | Effective Base Forecast (after curtailment/shutdown): 0.000 MW
2026-03-26 21:06:41 | INFO | Base Blend Inputs: meter_ref=0.000 MW, meter_factor=1.000, meter_weight=0.020
2026-03-26 21:06:41 | INFO | Plant Status: NORMAL
2026-03-26 21:06:41 | INFO | Effective Base Forecast = Base Forecast (raw) = 0.000 MW
2026-03-26 21:06:41 | INFO | --- WEATHER PARAMETERS ---
2026-03-26 21:06:41 | INFO | GTI: 0.0 W/m^2
2026-03-26 21:06:41 | INFO | DHI: 0.0 W/m^2
2026-03-26 21:06:41 | INFO | DNI: 0.0 W/m^2
2026-03-26 21:06:41 | INFO | Irradiance Ratio (GTI/MAX_GTI): 0.000
2026-03-26 21:06:41 | INFO | Diffuse Ratio (current): 0.000
2026-03-26 21:06:41 | INFO | Irradiance State: OVERCAST
2026-03-26 21:06:41 | INFO | Temp @ 2m: 26.61 C
2026-03-26 21:06:41 | INFO | Wind @ 10m: 3.40 m/s
2026-03-26 21:06:41 | INFO | Weather State: NORMAL
2026-03-26 21:06:41 | INFO | Dynamic Thresholds: cloud_thr=0.0000, shift_thr=0.0000
2026-03-26 21:06:41 | INFO | Multipliers: irradiance=0.55x, temp=1.00x, wind=1.03x
2026-03-26 21:06:41 | INFO | Weather Multiplier (combined): 0.57x
2026-03-26 21:06:41 | INFO | Abrupt Weather Change Detected: False
2026-03-26 21:06:41 | INFO | --- TREND ANALYSIS ---
2026-03-26 21:06:41 | INFO | Trend series: INSUFFICIENT DATA
2026-03-26 21:06:41 | INFO | Detected Trend Type: FLAT
2026-03-26 21:06:41 | INFO | Trend Slope Percentage: 0.00%
2026-03-26 21:06:41 | INFO | Trend EPS Threshold: 1.50%
2026-03-26 21:06:41 | INFO | --- SCHEDULE CALCULATION ---
2026-03-26 21:06:41 | INFO | Condition Applied: PRE_START
2026-03-26 21:06:41 | INFO | Effective Base Forecast Used for Adjustments: 0.000 MW
2026-03-26 21:06:41 | INFO | Condition-3: NOT APPLIED for this block path
2026-03-26 21:06:41 | INFO |   Final Adjustment %: 0.00%
2026-03-26 21:06:41 | INFO |   Formula (expanded): PRE_START: raw=0
2026-03-26 21:06:41 | INFO | --- FINAL RESULT ---
2026-03-26 21:06:41 | INFO | Raw Schedule (before smoothing): 0.000 MW
2026-03-26 21:06:41 | INFO | Final Scheduled MW: 0.000 MW
2026-03-26 21:06:41 | INFO | --------------------------------------------------------------------------------
2026-03-26 21:06:41 | INFO | --------------------------------------------------------------------------------
2026-03-26 21:06:41 | INFO | BLOCK 06
2026-03-26 21:06:41 | INFO | --------------------------------------------------------------------------------
2026-03-26 21:06:41 | INFO | --- METERED DATA ---
2026-03-26 21:06:41 | INFO | Metered Value: NOT YET AVAILABLE
2026-03-26 21:06:41 | INFO | Last Two Metered Values (for trend): ['0.221', '0.319']
2026-03-26 21:06:41 | INFO | --- FORECAST DATA ---
2026-03-26 21:06:41 | INFO | Intraday Forecast (Enercast): 0.000 MW
2026-03-26 21:06:41 | INFO | Day-ahead Forecast (Enercast): 0.000 MW
2026-03-26 21:06:41 | INFO | Base Forecast (raw, before curtailment/shutdown): 0.000 MW
2026-03-26 21:06:41 | INFO | Base Forecast (used for schedule): 0.000 MW
2026-03-26 21:06:41 | INFO | Effective Base Forecast (after curtailment/shutdown): 0.000 MW
2026-03-26 21:06:41 | INFO | Base Blend Inputs: meter_ref=0.000 MW, meter_factor=1.000, meter_weight=0.020
2026-03-26 21:06:41 | INFO | Plant Status: NORMAL
2026-03-26 21:06:41 | INFO | Effective Base Forecast = Base Forecast (raw) = 0.000 MW
2026-03-26 21:06:41 | INFO | --- WEATHER PARAMETERS ---
2026-03-26 21:06:41 | INFO | GTI: 0.0 W/m^2
2026-03-26 21:06:41 | INFO | DHI: 0.0 W/m^2
2026-03-26 21:06:41 | INFO | DNI: 0.0 W/m^2
2026-03-26 21:06:41 | INFO | Irradiance Ratio (GTI/MAX_GTI): 0.000
2026-03-26 21:06:41 | INFO | Diffuse Ratio (current): 0.000
2026-03-26 21:06:41 | INFO | Irradiance State: OVERCAST
2026-03-26 21:06:41 | INFO | Temp @ 2m: 26.51 C
2026-03-26 21:06:41 | INFO | Wind @ 10m: 3.32 m/s
2026-03-26 21:06:41 | INFO | Weather State: NORMAL
2026-03-26 21:06:41 | INFO | Dynamic Thresholds: cloud_thr=0.0000, shift_thr=0.0000
2026-03-26 21:06:41 | INFO | Multipliers: irradiance=0.55x, temp=1.00x, wind=1.03x
2026-03-26 21:06:41 | INFO | Weather Multiplier (combined): 0.57x
2026-03-26 21:06:41 | INFO | Abrupt Weather Change Detected: False
2026-03-26 21:06:41 | INFO | --- TREND ANALYSIS ---
2026-03-26 21:06:41 | INFO | Trend series: INSUFFICIENT DATA
2026-03-26 21:06:41 | INFO | Detected Trend Type: FLAT
2026-03-26 21:06:41 | INFO | Trend Slope Percentage: 0.00%
2026-03-26 21:06:41 | INFO | Trend EPS Threshold: 1.50%
2026-03-26 21:06:41 | INFO | --- SCHEDULE CALCULATION ---
2026-03-26 21:06:41 | INFO | Condition Applied: PRE_START
2026-03-26 21:06:41 | INFO | Effective Base Forecast Used for Adjustments: 0.000 MW
2026-03-26 21:06:41 | INFO | Condition-3: NOT APPLIED for this block path
2026-03-26 21:06:41 | INFO |   Final Adjustment %: 0.00%
2026-03-26 21:06:41 | INFO |   Formula (expanded): PRE_START: raw=0
2026-03-26 21:06:41 | INFO | --- FINAL RESULT ---
2026-03-26 21:06:41 | INFO | Raw Schedule (before smoothing): 0.000 MW
2026-03-26 21:06:41 | INFO | Final Scheduled MW: 0.000 MW
2026-03-26 21:06:41 | INFO | --------------------------------------------------------------------------------
2026-03-26 21:06:41 | INFO | --------------------------------------------------------------------------------
2026-03-26 21:06:41 | INFO | BLOCK 07
2026-03-26 21:06:41 | INFO | --------------------------------------------------------------------------------
2026-03-26 21:06:41 | INFO | --- METERED DATA ---
2026-03-26 21:06:41 | INFO | Metered Value: NOT YET AVAILABLE
2026-03-26 21:06:41 | INFO | Last Two Metered Values (for trend): ['0.221', '0.319']
2026-03-26 21:06:41 | INFO | --- FORECAST DATA ---
2026-03-26 21:06:41 | INFO | Intraday Forecast (Enercast): 0.000 MW
2026-03-26 21:06:41 | INFO | Day-ahead Forecast (Enercast): 0.000 MW
2026-03-26 21:06:41 | INFO | Base Forecast (raw, before curtailment/shutdown): 0.000 MW
2026-03-26 21:06:41 | INFO | Base Forecast (used for schedule): 0.000 MW
2026-03-26 21:06:41 | INFO | Effective Base Forecast (after curtailment/shutdown): 0.000 MW
2026-03-26 21:06:41 | INFO | Base Blend Inputs: meter_ref=0.000 MW, meter_factor=1.000, meter_weight=0.020
2026-03-26 21:06:41 | INFO | Plant Status: NORMAL
2026-03-26 21:06:41 | INFO | Effective Base Forecast = Base Forecast (raw) = 0.000 MW
2026-03-26 21:06:41 | INFO | --- WEATHER PARAMETERS ---
2026-03-26 21:06:41 | INFO | GTI: 0.0 W/m^2
2026-03-26 21:06:41 | INFO | DHI: 0.0 W/m^2
2026-03-26 21:06:41 | INFO | DNI: 0.0 W/m^2
2026-03-26 21:06:41 | INFO | Irradiance Ratio (GTI/MAX_GTI): 0.000
2026-03-26 21:06:41 | INFO | Diffuse Ratio (current): 0.000
2026-03-26 21:06:41 | INFO | Irradiance State: OVERCAST
2026-03-26 21:06:41 | INFO | Temp @ 2m: 26.41 C
2026-03-26 21:06:41 | INFO | Wind @ 10m: 3.56 m/s
2026-03-26 21:06:41 | INFO | Weather State: NORMAL
2026-03-26 21:06:41 | INFO | Dynamic Thresholds: cloud_thr=0.0000, shift_thr=0.0000
2026-03-26 21:06:41 | INFO | Multipliers: irradiance=0.55x, temp=1.00x, wind=1.03x
2026-03-26 21:06:41 | INFO | Weather Multiplier (combined): 0.57x
2026-03-26 21:06:41 | INFO | Abrupt Weather Change Detected: False
2026-03-26 21:06:41 | INFO | --- TREND ANALYSIS ---
2026-03-26 21:06:41 | INFO | Trend series: INSUFFICIENT DATA
2026-03-26 21:06:41 | INFO | Detected Trend Type: FLAT
2026-03-26 21:06:41 | INFO | Trend Slope Percentage: 0.00%
2026-03-26 21:06:41 | INFO | Trend EPS Threshold: 1.50%
2026-03-26 21:06:41 | INFO | --- SCHEDULE CALCULATION ---
2026-03-26 21:06:41 | INFO | Condition Applied: PRE_START
2026-03-26 21:06:41 | INFO | Effective Base Forecast Used for Adjustments: 0.000 MW
2026-03-26 21:06:41 | INFO | Condition-3: NOT APPLIED for this block path
2026-03-26 21:06:41 | INFO |   Final Adjustment %: 0.00%
2026-03-26 21:06:41 | INFO |   Formula (expanded): PRE_START: raw=0
2026-03-26 21:06:41 | INFO | --- FINAL RESULT ---
2026-03-26 21:06:41 | INFO | Raw Schedule (before smoothing): 0.000 MW
2026-03-26 21:06:41 | INFO | Final Scheduled MW: 0.000 MW
2026-03-26 21:06:41 | INFO | --------------------------------------------------------------------------------
2026-03-26 21:06:41 | INFO | --------------------------------------------------------------------------------
2026-03-26 21:06:41 | INFO | BLOCK 08
2026-03-26 21:06:41 | INFO | --------------------------------------------------------------------------------
2026-03-26 21:06:41 | INFO | --- METERED DATA ---
2026-03-26 21:06:41 | INFO | Metered Value: NOT YET AVAILABLE
2026-03-26 21:06:41 | INFO | Last Two Metered Values (for trend): ['0.221', '0.319']
2026-03-26 21:06:41 | INFO | --- FORECAST DATA ---
2026-03-26 21:06:41 | INFO | Intraday Forecast (Enercast): 0.000 MW
2026-03-26 21:06:41 | INFO | Day-ahead Forecast (Enercast): 0.000 MW
2026-03-26 21:06:41 | INFO | Base Forecast (raw, before curtailment/shutdown): 0.000 MW
2026-03-26 21:06:41 | INFO | Base Forecast (used for schedule): 0.000 MW
2026-03-26 21:06:41 | INFO | Effective Base Forecast (after curtailment/shutdown): 0.000 MW
2026-03-26 21:06:41 | INFO | Base Blend Inputs: meter_ref=0.000 MW, meter_factor=1.000, meter_weight=0.020
2026-03-26 21:06:41 | INFO | Plant Status: NORMAL
2026-03-26 21:06:41 | INFO | Effective Base Forecast = Base Forecast (raw) = 0.000 MW
2026-03-26 21:06:41 | INFO | --- WEATHER PARAMETERS ---
2026-03-26 21:06:41 | INFO | GTI: 0.0 W/m^2
2026-03-26 21:06:41 | INFO | DHI: 0.0 W/m^2
2026-03-26 21:06:41 | INFO | DNI: 0.0 W/m^2
2026-03-26 21:06:41 | INFO | Irradiance Ratio (GTI/MAX_GTI): 0.000
2026-03-26 21:06:41 | INFO | Diffuse Ratio (current): 0.000
2026-03-26 21:06:41 | INFO | Irradiance State: OVERCAST
2026-03-26 21:06:41 | INFO | Temp @ 2m: 26.31 C
2026-03-26 21:06:41 | INFO | Wind @ 10m: 3.32 m/s
2026-03-26 21:06:41 | INFO | Weather State: NORMAL
2026-03-26 21:06:41 | INFO | Dynamic Thresholds: cloud_thr=0.0000, shift_thr=0.0000
2026-03-26 21:06:41 | INFO | Multipliers: irradiance=0.55x, temp=1.00x, wind=1.03x
2026-03-26 21:06:41 | INFO | Weather Multiplier (combined): 0.57x
2026-03-26 21:06:41 | INFO | Abrupt Weather Change Detected: False
2026-03-26 21:06:41 | INFO | --- TREND ANALYSIS ---
2026-03-26 21:06:41 | INFO | Trend series: INSUFFICIENT DATA
2026-03-26 21:06:41 | INFO | Detected Trend Type: FLAT
2026-03-26 21:06:41 | INFO | Trend Slope Percentage: 0.00%
2026-03-26 21:06:41 | INFO | Trend EPS Threshold: 1.50%
2026-03-26 21:06:41 | INFO | --- SCHEDULE CALCULATION ---
2026-03-26 21:06:41 | INFO | Condition Applied: PRE_START
2026-03-26 21:06:41 | INFO | Effective Base Forecast Used for Adjustments: 0.000 MW
2026-03-26 21:06:41 | INFO | Condition-3: NOT APPLIED for this block path
2026-03-26 21:06:41 | INFO |   Final Adjustment %: 0.00%
2026-03-26 21:06:41 | INFO |   Formula (expanded): PRE_START: raw=0
2026-03-26 21:06:41 | INFO | --- FINAL RESULT ---
2026-03-26 21:06:41 | INFO | Raw Schedule (before smoothing): 0.000 MW
2026-03-26 21:06:41 | INFO | Final Scheduled MW: 0.000 MW
2026-03-26 21:06:41 | INFO | --------------------------------------------------------------------------------
2026-03-26 21:06:41 | INFO | --------------------------------------------------------------------------------
2026-03-26 21:06:41 | INFO | BLOCK 09
2026-03-26 21:06:41 | INFO | --------------------------------------------------------------------------------
2026-03-26 21:06:41 | INFO | --- METERED DATA ---
2026-03-26 21:06:41 | INFO | Metered Value: NOT YET AVAILABLE
2026-03-26 21:06:41 | INFO | Last Two Metered Values (for trend): ['0.221', '0.319']
2026-03-26 21:06:41 | INFO | --- FORECAST DATA ---
2026-03-26 21:06:41 | INFO | Intraday Forecast (Enercast): 0.000 MW
2026-03-26 21:06:41 | INFO | Day-ahead Forecast (Enercast): 0.000 MW
2026-03-26 21:06:41 | INFO | Base Forecast (raw, before curtailment/shutdown): 0.000 MW
2026-03-26 21:06:41 | INFO | Base Forecast (used for schedule): 0.000 MW
2026-03-26 21:06:41 | INFO | Effective Base Forecast (after curtailment/shutdown): 0.000 MW
2026-03-26 21:06:41 | INFO | Base Blend Inputs: meter_ref=0.000 MW, meter_factor=1.000, meter_weight=0.020
2026-03-26 21:06:41 | INFO | Plant Status: NORMAL
2026-03-26 21:06:41 | INFO | Effective Base Forecast = Base Forecast (raw) = 0.000 MW
2026-03-26 21:06:41 | INFO | --- WEATHER PARAMETERS ---
2026-03-26 21:06:41 | INFO | GTI: 0.0 W/m^2
2026-03-26 21:06:41 | INFO | DHI: 0.0 W/m^2
2026-03-26 21:06:41 | INFO | DNI: 0.0 W/m^2
2026-03-26 21:06:41 | INFO | Irradiance Ratio (GTI/MAX_GTI): 0.000
2026-03-26 21:06:41 | INFO | Diffuse Ratio (current): 0.000
2026-03-26 21:06:41 | INFO | Irradiance State: OVERCAST
2026-03-26 21:06:41 | INFO | Temp @ 2m: 26.16 C
2026-03-26 21:06:41 | INFO | Wind @ 10m: 3.22 m/s
2026-03-26 21:06:41 | INFO | Weather State: NORMAL
2026-03-26 21:06:41 | INFO | Dynamic Thresholds: cloud_thr=0.0000, shift_thr=0.0000
2026-03-26 21:06:41 | INFO | Multipliers: irradiance=0.55x, temp=1.00x, wind=1.03x
2026-03-26 21:06:41 | INFO | Weather Multiplier (combined): 0.57x
2026-03-26 21:06:41 | INFO | Abrupt Weather Change Detected: False
2026-03-26 21:06:41 | INFO | --- TREND ANALYSIS ---
2026-03-26 21:06:41 | INFO | Trend series: INSUFFICIENT DATA
2026-03-26 21:06:41 | INFO | Detected Trend Type: FLAT
2026-03-26 21:06:41 | INFO | Trend Slope Percentage: 0.00%
2026-03-26 21:06:41 | INFO | Trend EPS Threshold: 1.50%
2026-03-26 21:06:41 | INFO | --- SCHEDULE CALCULATION ---
2026-03-26 21:06:41 | INFO | Condition Applied: PRE_START
2026-03-26 21:06:41 | INFO | Effective Base Forecast Used for Adjustments: 0.000 MW
2026-03-26 21:06:41 | INFO | Condition-3: NOT APPLIED for this block path
2026-03-26 21:06:41 | INFO |   Final Adjustment %: 0.00%
2026-03-26 21:06:41 | INFO |   Formula (expanded): PRE_START: raw=0
2026-03-26 21:06:41 | INFO | --- FINAL RESULT ---
2026-03-26 21:06:41 | INFO | Raw Schedule (before smoothing): 0.000 MW
2026-03-26 21:06:41 | INFO | Final Scheduled MW: 0.000 MW
2026-03-26 21:06:41 | INFO | --------------------------------------------------------------------------------
2026-03-26 21:06:41 | INFO | --------------------------------------------------------------------------------
2026-03-26 21:06:41 | INFO | BLOCK 10
2026-03-26 21:06:41 | INFO | --------------------------------------------------------------------------------
2026-03-26 21:06:41 | INFO | --- METERED DATA ---
2026-03-26 21:06:41 | INFO | Metered Value: NOT YET AVAILABLE
2026-03-26 21:06:41 | INFO | Last Two Metered Values (for trend): ['0.221', '0.319']
2026-03-26 21:06:41 | INFO | --- FORECAST DATA ---
2026-03-26 21:06:41 | INFO | Intraday Forecast (Enercast): 0.000 MW
2026-03-26 21:06:41 | INFO | Day-ahead Forecast (Enercast): 0.000 MW
2026-03-26 21:06:41 | INFO | Base Forecast (raw, before curtailment/shutdown): 0.000 MW
2026-03-26 21:06:41 | INFO | Base Forecast (used for schedule): 0.000 MW
2026-03-26 21:06:41 | INFO | Effective Base Forecast (after curtailment/shutdown): 0.000 MW
2026-03-26 21:06:41 | INFO | Base Blend Inputs: meter_ref=0.000 MW, meter_factor=1.000, meter_weight=0.020
2026-03-26 21:06:41 | INFO | Plant Status: NORMAL
2026-03-26 21:06:41 | INFO | Effective Base Forecast = Base Forecast (raw) = 0.000 MW
2026-03-26 21:06:41 | INFO | --- WEATHER PARAMETERS ---
2026-03-26 21:06:41 | INFO | GTI: 0.0 W/m^2
2026-03-26 21:06:41 | INFO | DHI: 0.0 W/m^2
2026-03-26 21:06:41 | INFO | DNI: 0.0 W/m^2
2026-03-26 21:06:41 | INFO | Irradiance Ratio (GTI/MAX_GTI): 0.000
2026-03-26 21:06:41 | INFO | Diffuse Ratio (current): 0.000
2026-03-26 21:06:41 | INFO | Irradiance State: OVERCAST
2026-03-26 21:06:41 | INFO | Temp @ 2m: 26.06 C
2026-03-26 21:06:41 | INFO | Wind @ 10m: 3.32 m/s
2026-03-26 21:06:41 | INFO | Weather State: NORMAL
2026-03-26 21:06:41 | INFO | Dynamic Thresholds: cloud_thr=0.0000, shift_thr=0.0000
2026-03-26 21:06:41 | INFO | Multipliers: irradiance=0.55x, temp=1.00x, wind=1.03x
2026-03-26 21:06:41 | INFO | Weather Multiplier (combined): 0.57x
2026-03-26 21:06:41 | INFO | Abrupt Weather Change Detected: False
2026-03-26 21:06:41 | INFO | --- TREND ANALYSIS ---
2026-03-26 21:06:41 | INFO | Trend series: INSUFFICIENT DATA
2026-03-26 21:06:41 | INFO | Detected Trend Type: FLAT
2026-03-26 21:06:41 | INFO | Trend Slope Percentage: 0.00%
2026-03-26 21:06:41 | INFO | Trend EPS Threshold: 1.50%
2026-03-26 21:06:41 | INFO | --- SCHEDULE CALCULATION ---
2026-03-26 21:06:41 | INFO | Condition Applied: PRE_START
2026-03-26 21:06:41 | INFO | Effective Base Forecast Used for Adjustments: 0.000 MW
2026-03-26 21:06:41 | INFO | Condition-3: NOT APPLIED for this block path
2026-03-26 21:06:41 | INFO |   Final Adjustment %: 0.00%
2026-03-26 21:06:41 | INFO |   Formula (expanded): PRE_START: raw=0
2026-03-26 21:06:41 | INFO | --- FINAL RESULT ---
2026-03-26 21:06:41 | INFO | Raw Schedule (before smoothing): 0.000 MW
2026-03-26 21:06:41 | INFO | Final Scheduled MW: 0.000 MW
2026-03-26 21:06:41 | INFO | --------------------------------------------------------------------------------
2026-03-26 21:06:41 | INFO | --------------------------------------------------------------------------------
2026-03-26 21:06:41 | INFO | BLOCK 11
2026-03-26 21:06:41 | INFO | --------------------------------------------------------------------------------
2026-03-26 21:06:41 | INFO | --- METERED DATA ---
2026-03-26 21:06:41 | INFO | Metered Value: NOT YET AVAILABLE
2026-03-26 21:06:41 | INFO | Last Two Metered Values (for trend): ['0.221', '0.319']
2026-03-26 21:06:41 | INFO | --- FORECAST DATA ---
2026-03-26 21:06:41 | INFO | Intraday Forecast (Enercast): 0.000 MW
2026-03-26 21:06:41 | INFO | Day-ahead Forecast (Enercast): 0.000 MW
2026-03-26 21:06:41 | INFO | Base Forecast (raw, before curtailment/shutdown): 0.000 MW
2026-03-26 21:06:41 | INFO | Base Forecast (used for schedule): 0.000 MW
2026-03-26 21:06:41 | INFO | Effective Base Forecast (after curtailment/shutdown): 0.000 MW
2026-03-26 21:06:41 | INFO | Base Blend Inputs: meter_ref=0.000 MW, meter_factor=1.000, meter_weight=0.020
2026-03-26 21:06:41 | INFO | Plant Status: NORMAL
2026-03-26 21:06:41 | INFO | Effective Base Forecast = Base Forecast (raw) = 0.000 MW
2026-03-26 21:06:41 | INFO | --- WEATHER PARAMETERS ---
2026-03-26 21:06:41 | INFO | GTI: 0.0 W/m^2
2026-03-26 21:06:41 | INFO | DHI: 0.0 W/m^2
2026-03-26 21:06:41 | INFO | DNI: 0.0 W/m^2
2026-03-26 21:06:41 | INFO | Irradiance Ratio (GTI/MAX_GTI): 0.000
2026-03-26 21:06:41 | INFO | Diffuse Ratio (current): 0.000
2026-03-26 21:06:41 | INFO | Irradiance State: OVERCAST
2026-03-26 21:06:41 | INFO | Temp @ 2m: 25.91 C
2026-03-26 21:06:41 | INFO | Wind @ 10m: 3.60 m/s
2026-03-26 21:06:41 | INFO | Weather State: NORMAL
2026-03-26 21:06:41 | INFO | Dynamic Thresholds: cloud_thr=0.0000, shift_thr=0.0000
2026-03-26 21:06:41 | INFO | Multipliers: irradiance=0.55x, temp=1.00x, wind=1.03x
2026-03-26 21:06:41 | INFO | Weather Multiplier (combined): 0.57x
2026-03-26 21:06:41 | INFO | Abrupt Weather Change Detected: False
2026-03-26 21:06:41 | INFO | --- TREND ANALYSIS ---
2026-03-26 21:06:41 | INFO | Trend series: INSUFFICIENT DATA
2026-03-26 21:06:41 | INFO | Detected Trend Type: FLAT
2026-03-26 21:06:41 | INFO | Trend Slope Percentage: 0.00%
2026-03-26 21:06:41 | INFO | Trend EPS Threshold: 1.50%
2026-03-26 21:06:41 | INFO | --- SCHEDULE CALCULATION ---
2026-03-26 21:06:41 | INFO | Condition Applied: PRE_START
2026-03-26 21:06:41 | INFO | Effective Base Forecast Used for Adjustments: 0.000 MW
2026-03-26 21:06:41 | INFO | Condition-3: NOT APPLIED for this block path
2026-03-26 21:06:41 | INFO |   Final Adjustment %: 0.00%
2026-03-26 21:06:41 | INFO |   Formula (expanded): PRE_START: raw=0
2026-03-26 21:06:41 | INFO | --- FINAL RESULT ---
2026-03-26 21:06:41 | INFO | Raw Schedule (before smoothing): 0.000 MW
2026-03-26 21:06:41 | INFO | Final Scheduled MW: 0.000 MW
2026-03-26 21:06:41 | INFO | --------------------------------------------------------------------------------
2026-03-26 21:06:41 | INFO | --------------------------------------------------------------------------------
2026-03-26 21:06:41 | INFO | BLOCK 12
2026-03-26 21:06:41 | INFO | --------------------------------------------------------------------------------
2026-03-26 21:06:41 | INFO | --- METERED DATA ---
2026-03-26 21:06:41 | INFO | Metered Value: NOT YET AVAILABLE
2026-03-26 21:06:41 | INFO | Last Two Metered Values (for trend): ['0.221', '0.319']
2026-03-26 21:06:41 | INFO | --- FORECAST DATA ---
2026-03-26 21:06:41 | INFO | Intraday Forecast (Enercast): 0.000 MW
2026-03-26 21:06:41 | INFO | Day-ahead Forecast (Enercast): 0.000 MW
2026-03-26 21:06:41 | INFO | Base Forecast (raw, before curtailment/shutdown): 0.000 MW
2026-03-26 21:06:41 | INFO | Base Forecast (used for schedule): 0.000 MW
2026-03-26 21:06:41 | INFO | Effective Base Forecast (after curtailment/shutdown): 0.000 MW
2026-03-26 21:06:41 | INFO | Base Blend Inputs: meter_ref=0.000 MW, meter_factor=1.000, meter_weight=0.020
2026-03-26 21:06:41 | INFO | Plant Status: NORMAL
2026-03-26 21:06:41 | INFO | Effective Base Forecast = Base Forecast (raw) = 0.000 MW
2026-03-26 21:06:41 | INFO | --- WEATHER PARAMETERS ---
2026-03-26 21:06:41 | INFO | GTI: 0.0 W/m^2
2026-03-26 21:06:41 | INFO | DHI: 0.0 W/m^2
2026-03-26 21:06:41 | INFO | DNI: 0.0 W/m^2
2026-03-26 21:06:41 | INFO | Irradiance Ratio (GTI/MAX_GTI): 0.000
2026-03-26 21:06:41 | INFO | Diffuse Ratio (current): 0.000
2026-03-26 21:06:41 | INFO | Irradiance State: OVERCAST
2026-03-26 21:06:41 | INFO | Temp @ 2m: 25.76 C
2026-03-26 21:06:41 | INFO | Wind @ 10m: 4.38 m/s
2026-03-26 21:06:41 | INFO | Weather State: NORMAL
2026-03-26 21:06:41 | INFO | Dynamic Thresholds: cloud_thr=0.0000, shift_thr=0.0000
2026-03-26 21:06:41 | INFO | Multipliers: irradiance=0.55x, temp=1.00x, wind=1.03x
2026-03-26 21:06:41 | INFO | Weather Multiplier (combined): 0.57x
2026-03-26 21:06:41 | INFO | Abrupt Weather Change Detected: False
2026-03-26 21:06:41 | INFO | --- TREND ANALYSIS ---
2026-03-26 21:06:41 | INFO | Trend series: INSUFFICIENT DATA
2026-03-26 21:06:41 | INFO | Detected Trend Type: FLAT
2026-03-26 21:06:41 | INFO | Trend Slope Percentage: 0.00%
2026-03-26 21:06:41 | INFO | Trend EPS Threshold: 1.50%
2026-03-26 21:06:41 | INFO | --- SCHEDULE CALCULATION ---
2026-03-26 21:06:41 | INFO | Condition Applied: PRE_START
2026-03-26 21:06:41 | INFO | Effective Base Forecast Used for Adjustments: 0.000 MW
2026-03-26 21:06:41 | INFO | Condition-3: NOT APPLIED for this block path
2026-03-26 21:06:41 | INFO |   Final Adjustment %: 0.00%
2026-03-26 21:06:41 | INFO |   Formula (expanded): PRE_START: raw=0
2026-03-26 21:06:41 | INFO | --- FINAL RESULT ---
2026-03-26 21:06:41 | INFO | Raw Schedule (before smoothing): 0.000 MW
2026-03-26 21:06:41 | INFO | Final Scheduled MW: 0.000 MW
2026-03-26 21:06:41 | INFO | --------------------------------------------------------------------------------
2026-03-26 21:06:41 | INFO | --------------------------------------------------------------------------------
2026-03-26 21:06:41 | INFO | BLOCK 13
2026-03-26 21:06:41 | INFO | --------------------------------------------------------------------------------
2026-03-26 21:06:41 | INFO | --- METERED DATA ---
2026-03-26 21:06:41 | INFO | Metered Value: NOT YET AVAILABLE
2026-03-26 21:06:41 | INFO | Last Two Metered Values (for trend): ['0.221', '0.319']
2026-03-26 21:06:41 | INFO | --- FORECAST DATA ---
2026-03-26 21:06:41 | INFO | Intraday Forecast (Enercast): 0.000 MW
2026-03-26 21:06:41 | INFO | Day-ahead Forecast (Enercast): 0.000 MW
2026-03-26 21:06:41 | INFO | Base Forecast (raw, before curtailment/shutdown): 0.000 MW
2026-03-26 21:06:41 | INFO | Base Forecast (used for schedule): 0.000 MW
2026-03-26 21:06:41 | INFO | Effective Base Forecast (after curtailment/shutdown): 0.000 MW
2026-03-26 21:06:41 | INFO | Base Blend Inputs: meter_ref=0.000 MW, meter_factor=1.000, meter_weight=0.020
2026-03-26 21:06:41 | INFO | Plant Status: NORMAL
2026-03-26 21:06:41 | INFO | Effective Base Forecast = Base Forecast (raw) = 0.000 MW
2026-03-26 21:06:41 | INFO | --- WEATHER PARAMETERS ---
2026-03-26 21:06:41 | INFO | GTI: 0.0 W/m^2
2026-03-26 21:06:41 | INFO | DHI: 0.0 W/m^2
2026-03-26 21:06:41 | INFO | DNI: 0.0 W/m^2
2026-03-26 21:06:41 | INFO | Irradiance Ratio (GTI/MAX_GTI): 0.000
2026-03-26 21:06:41 | INFO | Diffuse Ratio (current): 0.000
2026-03-26 21:06:41 | INFO | Irradiance State: OVERCAST
2026-03-26 21:06:41 | INFO | Temp @ 2m: 25.61 C
2026-03-26 21:06:41 | INFO | Wind @ 10m: 5.24 m/s
2026-03-26 21:06:41 | INFO | Weather State: NORMAL
2026-03-26 21:06:41 | INFO | Dynamic Thresholds: cloud_thr=0.0000, shift_thr=0.0000
2026-03-26 21:06:41 | INFO | Multipliers: irradiance=0.55x, temp=1.00x, wind=1.05x
2026-03-26 21:06:41 | INFO | Weather Multiplier (combined): 0.58x
2026-03-26 21:06:41 | INFO | Abrupt Weather Change Detected: False
2026-03-26 21:06:41 | INFO | --- TREND ANALYSIS ---
2026-03-26 21:06:41 | INFO | Trend series: INSUFFICIENT DATA
2026-03-26 21:06:41 | INFO | Detected Trend Type: FLAT
2026-03-26 21:06:41 | INFO | Trend Slope Percentage: 0.00%
2026-03-26 21:06:41 | INFO | Trend EPS Threshold: 1.50%
2026-03-26 21:06:41 | INFO | --- SCHEDULE CALCULATION ---
2026-03-26 21:06:41 | INFO | Condition Applied: PRE_START
2026-03-26 21:06:41 | INFO | Effective Base Forecast Used for Adjustments: 0.000 MW
2026-03-26 21:06:41 | INFO | Condition-3: NOT APPLIED for this block path
2026-03-26 21:06:41 | INFO |   Final Adjustment %: 0.00%
2026-03-26 21:06:41 | INFO |   Formula (expanded): PRE_START: raw=0
2026-03-26 21:06:41 | INFO | --- FINAL RESULT ---
2026-03-26 21:06:41 | INFO | Raw Schedule (before smoothing): 0.000 MW
2026-03-26 21:06:41 | INFO | Final Scheduled MW: 0.000 MW
2026-03-26 21:06:41 | INFO | --------------------------------------------------------------------------------
2026-03-26 21:06:41 | INFO | --------------------------------------------------------------------------------
2026-03-26 21:06:41 | INFO | BLOCK 14
2026-03-26 21:06:41 | INFO | --------------------------------------------------------------------------------
2026-03-26 21:06:41 | INFO | --- METERED DATA ---
2026-03-26 21:06:41 | INFO | Metered Value: NOT YET AVAILABLE
2026-03-26 21:06:41 | INFO | Last Two Metered Values (for trend): ['0.221', '0.319']
2026-03-26 21:06:41 | INFO | --- FORECAST DATA ---
2026-03-26 21:06:41 | INFO | Intraday Forecast (Enercast): 0.000 MW
2026-03-26 21:06:41 | INFO | Day-ahead Forecast (Enercast): 0.000 MW
2026-03-26 21:06:41 | INFO | Base Forecast (raw, before curtailment/shutdown): 0.000 MW
2026-03-26 21:06:41 | INFO | Base Forecast (used for schedule): 0.000 MW
2026-03-26 21:06:41 | INFO | Effective Base Forecast (after curtailment/shutdown): 0.000 MW
2026-03-26 21:06:41 | INFO | Base Blend Inputs: meter_ref=0.000 MW, meter_factor=1.000, meter_weight=0.020
2026-03-26 21:06:41 | INFO | Plant Status: NORMAL
2026-03-26 21:06:41 | INFO | Effective Base Forecast = Base Forecast (raw) = 0.000 MW
2026-03-26 21:06:41 | INFO | --- WEATHER PARAMETERS ---
2026-03-26 21:06:41 | INFO | GTI: 0.0 W/m^2
2026-03-26 21:06:41 | INFO | DHI: 0.0 W/m^2
2026-03-26 21:06:41 | INFO | DNI: 0.0 W/m^2
2026-03-26 21:06:41 | INFO | Irradiance Ratio (GTI/MAX_GTI): 0.000
2026-03-26 21:06:41 | INFO | Diffuse Ratio (current): 0.000
2026-03-26 21:06:41 | INFO | Irradiance State: OVERCAST
2026-03-26 21:06:41 | INFO | Temp @ 2m: 25.46 C
2026-03-26 21:06:41 | INFO | Wind @ 10m: 6.49 m/s
2026-03-26 21:06:41 | INFO | Weather State: NORMAL
2026-03-26 21:06:41 | INFO | Dynamic Thresholds: cloud_thr=0.0000, shift_thr=0.0000
2026-03-26 21:06:41 | INFO | Multipliers: irradiance=0.55x, temp=1.00x, wind=1.05x
2026-03-26 21:06:41 | INFO | Weather Multiplier (combined): 0.58x
2026-03-26 21:06:41 | INFO | Abrupt Weather Change Detected: False
2026-03-26 21:06:41 | INFO | --- TREND ANALYSIS ---
2026-03-26 21:06:41 | INFO | Trend series: INSUFFICIENT DATA
2026-03-26 21:06:41 | INFO | Detected Trend Type: FLAT
2026-03-26 21:06:41 | INFO | Trend Slope Percentage: 0.00%
2026-03-26 21:06:41 | INFO | Trend EPS Threshold: 1.50%
2026-03-26 21:06:41 | INFO | --- SCHEDULE CALCULATION ---
2026-03-26 21:06:41 | INFO | Condition Applied: PRE_START
2026-03-26 21:06:41 | INFO | Effective Base Forecast Used for Adjustments: 0.000 MW
2026-03-26 21:06:41 | INFO | Condition-3: NOT APPLIED for this block path
2026-03-26 21:06:41 | INFO |   Final Adjustment %: 0.00%
2026-03-26 21:06:41 | INFO |   Formula (expanded): PRE_START: raw=0
2026-03-26 21:06:41 | INFO | --- FINAL RESULT ---
2026-03-26 21:06:41 | INFO | Raw Schedule (before smoothing): 0.000 MW
2026-03-26 21:06:41 | INFO | Final Scheduled MW: 0.000 MW
2026-03-26 21:06:41 | INFO | --------------------------------------------------------------------------------
2026-03-26 21:06:41 | INFO | --------------------------------------------------------------------------------
2026-03-26 21:06:41 | INFO | BLOCK 15
2026-03-26 21:06:41 | INFO | --------------------------------------------------------------------------------
2026-03-26 21:06:41 | INFO | --- METERED DATA ---
2026-03-26 21:06:41 | INFO | Metered Value: NOT YET AVAILABLE
2026-03-26 21:06:41 | INFO | Last Two Metered Values (for trend): ['0.221', '0.319']
2026-03-26 21:06:41 | INFO | --- FORECAST DATA ---
2026-03-26 21:06:41 | INFO | Intraday Forecast (Enercast): 0.000 MW
2026-03-26 21:06:41 | INFO | Day-ahead Forecast (Enercast): 0.000 MW
2026-03-26 21:06:41 | INFO | Base Forecast (raw, before curtailment/shutdown): 0.000 MW
2026-03-26 21:06:41 | INFO | Base Forecast (used for schedule): 0.000 MW
2026-03-26 21:06:41 | INFO | Effective Base Forecast (after curtailment/shutdown): 0.000 MW
2026-03-26 21:06:41 | INFO | Base Blend Inputs: meter_ref=0.000 MW, meter_factor=1.000, meter_weight=0.020
2026-03-26 21:06:41 | INFO | Plant Status: NORMAL
2026-03-26 21:06:41 | INFO | Effective Base Forecast = Base Forecast (raw) = 0.000 MW
2026-03-26 21:06:41 | INFO | --- WEATHER PARAMETERS ---
2026-03-26 21:06:41 | INFO | GTI: 0.0 W/m^2
2026-03-26 21:06:41 | INFO | DHI: 0.0 W/m^2
2026-03-26 21:06:41 | INFO | DNI: 0.0 W/m^2
2026-03-26 21:06:41 | INFO | Irradiance Ratio (GTI/MAX_GTI): 0.000
2026-03-26 21:06:41 | INFO | Diffuse Ratio (current): 0.000
2026-03-26 21:06:41 | INFO | Irradiance State: OVERCAST
2026-03-26 21:06:41 | INFO | Temp @ 2m: 25.31 C
2026-03-26 21:06:41 | INFO | Wind @ 10m: 6.95 m/s
2026-03-26 21:06:41 | INFO | Weather State: NORMAL
2026-03-26 21:06:41 | INFO | Dynamic Thresholds: cloud_thr=0.0000, shift_thr=0.0000
2026-03-26 21:06:41 | INFO | Multipliers: irradiance=0.55x, temp=1.00x, wind=1.05x
2026-03-26 21:06:41 | INFO | Weather Multiplier (combined): 0.58x
2026-03-26 21:06:41 | INFO | Abrupt Weather Change Detected: False
2026-03-26 21:06:41 | INFO | --- TREND ANALYSIS ---
2026-03-26 21:06:41 | INFO | Trend series: INSUFFICIENT DATA
2026-03-26 21:06:41 | INFO | Detected Trend Type: FLAT
2026-03-26 21:06:41 | INFO | Trend Slope Percentage: 0.00%
2026-03-26 21:06:41 | INFO | Trend EPS Threshold: 1.50%
2026-03-26 21:06:41 | INFO | --- SCHEDULE CALCULATION ---
2026-03-26 21:06:41 | INFO | Condition Applied: PRE_START
2026-03-26 21:06:41 | INFO | Effective Base Forecast Used for Adjustments: 0.000 MW
2026-03-26 21:06:41 | INFO | Condition-3: NOT APPLIED for this block path
2026-03-26 21:06:41 | INFO |   Final Adjustment %: 0.00%
2026-03-26 21:06:41 | INFO |   Formula (expanded): PRE_START: raw=0
2026-03-26 21:06:41 | INFO | --- FINAL RESULT ---
2026-03-26 21:06:41 | INFO | Raw Schedule (before smoothing): 0.000 MW
2026-03-26 21:06:41 | INFO | Final Scheduled MW: 0.000 MW
2026-03-26 21:06:41 | INFO | --------------------------------------------------------------------------------
2026-03-26 21:06:41 | INFO | --------------------------------------------------------------------------------
2026-03-26 21:06:41 | INFO | BLOCK 16
2026-03-26 21:06:41 | INFO | --------------------------------------------------------------------------------
2026-03-26 21:06:41 | INFO | --- METERED DATA ---
2026-03-26 21:06:41 | INFO | Metered Value: NOT YET AVAILABLE
2026-03-26 21:06:41 | INFO | Last Two Metered Values (for trend): ['0.221', '0.319']
2026-03-26 21:06:41 | INFO | --- FORECAST DATA ---
2026-03-26 21:06:41 | INFO | Intraday Forecast (Enercast): 0.000 MW
2026-03-26 21:06:41 | INFO | Day-ahead Forecast (Enercast): 0.000 MW
2026-03-26 21:06:41 | INFO | Base Forecast (raw, before curtailment/shutdown): 0.000 MW
2026-03-26 21:06:41 | INFO | Base Forecast (used for schedule): 0.000 MW
2026-03-26 21:06:41 | INFO | Effective Base Forecast (after curtailment/shutdown): 0.000 MW
2026-03-26 21:06:41 | INFO | Base Blend Inputs: meter_ref=0.000 MW, meter_factor=1.000, meter_weight=0.020
2026-03-26 21:06:41 | INFO | Plant Status: NORMAL
2026-03-26 21:06:41 | INFO | Effective Base Forecast = Base Forecast (raw) = 0.000 MW
2026-03-26 21:06:41 | INFO | --- WEATHER PARAMETERS ---
2026-03-26 21:06:41 | INFO | GTI: 0.0 W/m^2
2026-03-26 21:06:41 | INFO | DHI: 0.0 W/m^2
2026-03-26 21:06:41 | INFO | DNI: 0.0 W/m^2
2026-03-26 21:06:41 | INFO | Irradiance Ratio (GTI/MAX_GTI): 0.000
2026-03-26 21:06:41 | INFO | Diffuse Ratio (current): 0.000
2026-03-26 21:06:41 | INFO | Irradiance State: OVERCAST
2026-03-26 21:06:41 | INFO | Temp @ 2m: 25.16 C
2026-03-26 21:06:41 | INFO | Wind @ 10m: 6.73 m/s
2026-03-26 21:06:41 | INFO | Weather State: NORMAL
2026-03-26 21:06:41 | INFO | Dynamic Thresholds: cloud_thr=0.0000, shift_thr=0.0000
2026-03-26 21:06:41 | INFO | Multipliers: irradiance=0.55x, temp=1.00x, wind=1.05x
2026-03-26 21:06:41 | INFO | Weather Multiplier (combined): 0.58x
2026-03-26 21:06:41 | INFO | Abrupt Weather Change Detected: False
2026-03-26 21:06:41 | INFO | --- TREND ANALYSIS ---
2026-03-26 21:06:41 | INFO | Trend series: INSUFFICIENT DATA
2026-03-26 21:06:41 | INFO | Detected Trend Type: FLAT
2026-03-26 21:06:41 | INFO | Trend Slope Percentage: 0.00%
2026-03-26 21:06:41 | INFO | Trend EPS Threshold: 1.50%
2026-03-26 21:06:41 | INFO | --- SCHEDULE CALCULATION ---
2026-03-26 21:06:41 | INFO | Condition Applied: PRE_START
2026-03-26 21:06:41 | INFO | Effective Base Forecast Used for Adjustments: 0.000 MW
2026-03-26 21:06:41 | INFO | Condition-3: NOT APPLIED for this block path
2026-03-26 21:06:41 | INFO |   Final Adjustment %: 0.00%
2026-03-26 21:06:41 | INFO |   Formula (expanded): PRE_START: raw=0
2026-03-26 21:06:41 | INFO | --- FINAL RESULT ---
2026-03-26 21:06:41 | INFO | Raw Schedule (before smoothing): 0.000 MW
2026-03-26 21:06:41 | INFO | Final Scheduled MW: 0.000 MW
2026-03-26 21:06:41 | INFO | --------------------------------------------------------------------------------
2026-03-26 21:06:41 | INFO | --------------------------------------------------------------------------------
2026-03-26 21:06:41 | INFO | BLOCK 17
2026-03-26 21:06:41 | INFO | --------------------------------------------------------------------------------
2026-03-26 21:06:41 | INFO | --- METERED DATA ---
2026-03-26 21:06:41 | INFO | Metered Value: NOT YET AVAILABLE
2026-03-26 21:06:41 | INFO | Last Two Metered Values (for trend): ['0.221', '0.319']
2026-03-26 21:06:41 | INFO | --- FORECAST DATA ---
2026-03-26 21:06:41 | INFO | Intraday Forecast (Enercast): 0.000 MW
2026-03-26 21:06:41 | INFO | Day-ahead Forecast (Enercast): 0.000 MW
2026-03-26 21:06:41 | INFO | Base Forecast (raw, before curtailment/shutdown): 0.000 MW
2026-03-26 21:06:41 | INFO | Base Forecast (used for schedule): 0.000 MW
2026-03-26 21:06:41 | INFO | Effective Base Forecast (after curtailment/shutdown): 0.000 MW
2026-03-26 21:06:41 | INFO | Base Blend Inputs: meter_ref=0.000 MW, meter_factor=1.000, meter_weight=0.020
2026-03-26 21:06:41 | INFO | Plant Status: NORMAL
2026-03-26 21:06:41 | INFO | Effective Base Forecast = Base Forecast (raw) = 0.000 MW
2026-03-26 21:06:41 | INFO | --- WEATHER PARAMETERS ---
2026-03-26 21:06:41 | INFO | GTI: 0.0 W/m^2
2026-03-26 21:06:41 | INFO | DHI: 0.0 W/m^2
2026-03-26 21:06:41 | INFO | DNI: 0.0 W/m^2
2026-03-26 21:06:41 | INFO | Irradiance Ratio (GTI/MAX_GTI): 0.000
2026-03-26 21:06:41 | INFO | Diffuse Ratio (current): 0.000
2026-03-26 21:06:41 | INFO | Irradiance State: OVERCAST
2026-03-26 21:06:41 | INFO | Temp @ 2m: 25.06 C
2026-03-26 21:06:41 | INFO | Wind @ 10m: 6.16 m/s
2026-03-26 21:06:41 | INFO | Weather State: NORMAL
2026-03-26 21:06:41 | INFO | Dynamic Thresholds: cloud_thr=0.0000, shift_thr=0.0000
2026-03-26 21:06:41 | INFO | Multipliers: irradiance=0.55x, temp=1.00x, wind=1.05x
2026-03-26 21:06:41 | INFO | Weather Multiplier (combined): 0.58x
2026-03-26 21:06:41 | INFO | Abrupt Weather Change Detected: False
2026-03-26 21:06:41 | INFO | --- TREND ANALYSIS ---
2026-03-26 21:06:41 | INFO | Trend series: INSUFFICIENT DATA
2026-03-26 21:06:41 | INFO | Detected Trend Type: FLAT
2026-03-26 21:06:41 | INFO | Trend Slope Percentage: 0.00%
2026-03-26 21:06:41 | INFO | Trend EPS Threshold: 1.50%
2026-03-26 21:06:41 | INFO | --- SCHEDULE CALCULATION ---
2026-03-26 21:06:41 | INFO | Condition Applied: PRE_START
2026-03-26 21:06:41 | INFO | Effective Base Forecast Used for Adjustments: 0.000 MW
2026-03-26 21:06:41 | INFO | Condition-3: NOT APPLIED for this block path
2026-03-26 21:06:41 | INFO |   Final Adjustment %: 0.00%
2026-03-26 21:06:41 | INFO |   Formula (expanded): PRE_START: raw=0
2026-03-26 21:06:41 | INFO | --- FINAL RESULT ---
2026-03-26 21:06:41 | INFO | Raw Schedule (before smoothing): 0.000 MW
2026-03-26 21:06:41 | INFO | Final Scheduled MW: 0.000 MW
2026-03-26 21:06:41 | INFO | --------------------------------------------------------------------------------
2026-03-26 21:06:41 | INFO | --------------------------------------------------------------------------------
2026-03-26 21:06:41 | INFO | BLOCK 18
2026-03-26 21:06:41 | INFO | --------------------------------------------------------------------------------
2026-03-26 21:06:41 | INFO | --- METERED DATA ---
2026-03-26 21:06:41 | INFO | Metered Value: NOT YET AVAILABLE
2026-03-26 21:06:41 | INFO | Last Two Metered Values (for trend): ['0.221', '0.319']
2026-03-26 21:06:41 | INFO | --- FORECAST DATA ---
2026-03-26 21:06:41 | INFO | Intraday Forecast (Enercast): 0.000 MW
2026-03-26 21:06:41 | INFO | Day-ahead Forecast (Enercast): 0.000 MW
2026-03-26 21:06:41 | INFO | Base Forecast (raw, before curtailment/shutdown): 0.000 MW
2026-03-26 21:06:41 | INFO | Base Forecast (used for schedule): 0.000 MW
2026-03-26 21:06:41 | INFO | Effective Base Forecast (after curtailment/shutdown): 0.000 MW
2026-03-26 21:06:41 | INFO | Base Blend Inputs: meter_ref=0.000 MW, meter_factor=1.000, meter_weight=0.020
2026-03-26 21:06:41 | INFO | Plant Status: NORMAL
2026-03-26 21:06:41 | INFO | Effective Base Forecast = Base Forecast (raw) = 0.000 MW
2026-03-26 21:06:41 | INFO | --- WEATHER PARAMETERS ---
2026-03-26 21:06:41 | INFO | GTI: 0.0 W/m^2
2026-03-26 21:06:41 | INFO | DHI: 0.0 W/m^2
2026-03-26 21:06:41 | INFO | DNI: 0.0 W/m^2
2026-03-26 21:06:41 | INFO | Irradiance Ratio (GTI/MAX_GTI): 0.000
2026-03-26 21:06:41 | INFO | Diffuse Ratio (current): 0.000
2026-03-26 21:06:41 | INFO | Irradiance State: OVERCAST
2026-03-26 21:06:41 | INFO | Temp @ 2m: 24.96 C
2026-03-26 21:06:41 | INFO | Wind @ 10m: 5.76 m/s
2026-03-26 21:06:41 | INFO | Weather State: NORMAL
2026-03-26 21:06:41 | INFO | Dynamic Thresholds: cloud_thr=0.0000, shift_thr=0.0000
2026-03-26 21:06:41 | INFO | Multipliers: irradiance=0.55x, temp=1.03x, wind=1.05x
2026-03-26 21:06:41 | INFO | Weather Multiplier (combined): 0.59x
2026-03-26 21:06:41 | INFO | Abrupt Weather Change Detected: False
2026-03-26 21:06:41 | INFO | --- TREND ANALYSIS ---
2026-03-26 21:06:41 | INFO | Trend series: INSUFFICIENT DATA
2026-03-26 21:06:41 | INFO | Detected Trend Type: FLAT
2026-03-26 21:06:41 | INFO | Trend Slope Percentage: 0.00%
2026-03-26 21:06:41 | INFO | Trend EPS Threshold: 1.50%
2026-03-26 21:06:41 | INFO | --- SCHEDULE CALCULATION ---
2026-03-26 21:06:41 | INFO | Condition Applied: PRE_START
2026-03-26 21:06:41 | INFO | Effective Base Forecast Used for Adjustments: 0.000 MW
2026-03-26 21:06:41 | INFO | Condition-3: NOT APPLIED for this block path
2026-03-26 21:06:41 | INFO |   Final Adjustment %: 0.00%
2026-03-26 21:06:41 | INFO |   Formula (expanded): PRE_START: raw=0
2026-03-26 21:06:41 | INFO | --- FINAL RESULT ---
2026-03-26 21:06:41 | INFO | Raw Schedule (before smoothing): 0.000 MW
2026-03-26 21:06:41 | INFO | Final Scheduled MW: 0.000 MW
2026-03-26 21:06:41 | INFO | --------------------------------------------------------------------------------
2026-03-26 21:06:41 | INFO | --------------------------------------------------------------------------------
2026-03-26 21:06:41 | INFO | BLOCK 19
2026-03-26 21:06:41 | INFO | --------------------------------------------------------------------------------
2026-03-26 21:06:41 | INFO | --- METERED DATA ---
2026-03-26 21:06:41 | INFO | Metered Value: NOT YET AVAILABLE
2026-03-26 21:06:41 | INFO | Last Two Metered Values (for trend): ['0.221', '0.319']
2026-03-26 21:06:41 | INFO | --- FORECAST DATA ---
2026-03-26 21:06:41 | INFO | Intraday Forecast (Enercast): 0.000 MW
2026-03-26 21:06:41 | INFO | Day-ahead Forecast (Enercast): 0.000 MW
2026-03-26 21:06:41 | INFO | Base Forecast (raw, before curtailment/shutdown): 0.000 MW
2026-03-26 21:06:41 | INFO | Base Forecast (used for schedule): 0.000 MW
2026-03-26 21:06:41 | INFO | Effective Base Forecast (after curtailment/shutdown): 0.000 MW
2026-03-26 21:06:41 | INFO | Base Blend Inputs: meter_ref=0.000 MW, meter_factor=1.000, meter_weight=0.020
2026-03-26 21:06:41 | INFO | Plant Status: NORMAL
2026-03-26 21:06:41 | INFO | Effective Base Forecast = Base Forecast (raw) = 0.000 MW
2026-03-26 21:06:41 | INFO | --- WEATHER PARAMETERS ---
2026-03-26 21:06:41 | INFO | GTI: 0.0 W/m^2
2026-03-26 21:06:41 | INFO | DHI: 0.0 W/m^2
2026-03-26 21:06:41 | INFO | DNI: 0.0 W/m^2
2026-03-26 21:06:41 | INFO | Irradiance Ratio (GTI/MAX_GTI): 0.000
2026-03-26 21:06:41 | INFO | Diffuse Ratio (current): 0.000
2026-03-26 21:06:41 | INFO | Irradiance State: OVERCAST
2026-03-26 21:06:41 | INFO | Temp @ 2m: 24.81 C
2026-03-26 21:06:41 | INFO | Wind @ 10m: 5.05 m/s
2026-03-26 21:06:41 | INFO | Weather State: NORMAL
2026-03-26 21:06:41 | INFO | Dynamic Thresholds: cloud_thr=0.0000, shift_thr=0.0000
2026-03-26 21:06:41 | INFO | Multipliers: irradiance=0.55x, temp=1.03x, wind=1.05x
2026-03-26 21:06:41 | INFO | Weather Multiplier (combined): 0.59x
2026-03-26 21:06:41 | INFO | Abrupt Weather Change Detected: False
2026-03-26 21:06:41 | INFO | --- TREND ANALYSIS ---
2026-03-26 21:06:41 | INFO | Trend series: INSUFFICIENT DATA
2026-03-26 21:06:41 | INFO | Detected Trend Type: FLAT
2026-03-26 21:06:41 | INFO | Trend Slope Percentage: 0.00%
2026-03-26 21:06:41 | INFO | Trend EPS Threshold: 1.50%
2026-03-26 21:06:41 | INFO | --- SCHEDULE CALCULATION ---
2026-03-26 21:06:41 | INFO | Condition Applied: PRE_START
2026-03-26 21:06:41 | INFO | Effective Base Forecast Used for Adjustments: 0.000 MW
2026-03-26 21:06:41 | INFO | Condition-3: NOT APPLIED for this block path
2026-03-26 21:06:41 | INFO |   Final Adjustment %: 0.00%
2026-03-26 21:06:41 | INFO |   Formula (expanded): PRE_START: raw=0
2026-03-26 21:06:41 | INFO | --- FINAL RESULT ---
2026-03-26 21:06:41 | INFO | Raw Schedule (before smoothing): 0.000 MW
2026-03-26 21:06:41 | INFO | Final Scheduled MW: 0.000 MW
2026-03-26 21:06:41 | INFO | --------------------------------------------------------------------------------
2026-03-26 21:06:41 | INFO | --------------------------------------------------------------------------------
2026-03-26 21:06:41 | INFO | BLOCK 20
2026-03-26 21:06:41 | INFO | --------------------------------------------------------------------------------
2026-03-26 21:06:41 | INFO | --- METERED DATA ---
2026-03-26 21:06:41 | INFO | Metered Value: NOT YET AVAILABLE
2026-03-26 21:06:41 | INFO | Last Two Metered Values (for trend): ['0.221', '0.319']
2026-03-26 21:06:41 | INFO | --- FORECAST DATA ---
2026-03-26 21:06:41 | INFO | Intraday Forecast (Enercast): 0.000 MW
2026-03-26 21:06:41 | INFO | Day-ahead Forecast (Enercast): 0.000 MW
2026-03-26 21:06:41 | INFO | Base Forecast (raw, before curtailment/shutdown): 0.000 MW
2026-03-26 21:06:41 | INFO | Base Forecast (used for schedule): 0.000 MW
2026-03-26 21:06:41 | INFO | Effective Base Forecast (after curtailment/shutdown): 0.000 MW
2026-03-26 21:06:41 | INFO | Base Blend Inputs: meter_ref=0.000 MW, meter_factor=1.000, meter_weight=0.020
2026-03-26 21:06:41 | INFO | Plant Status: NORMAL
2026-03-26 21:06:41 | INFO | Effective Base Forecast = Base Forecast (raw) = 0.000 MW
2026-03-26 21:06:41 | INFO | --- WEATHER PARAMETERS ---
2026-03-26 21:06:41 | INFO | GTI: 0.0 W/m^2
2026-03-26 21:06:41 | INFO | DHI: 0.0 W/m^2
2026-03-26 21:06:41 | INFO | DNI: 0.0 W/m^2
2026-03-26 21:06:41 | INFO | Irradiance Ratio (GTI/MAX_GTI): 0.000
2026-03-26 21:06:41 | INFO | Diffuse Ratio (current): 0.000
2026-03-26 21:06:41 | INFO | Irradiance State: OVERCAST
2026-03-26 21:06:41 | INFO | Temp @ 2m: 24.66 C
2026-03-26 21:06:41 | INFO | Wind @ 10m: 4.38 m/s
2026-03-26 21:06:41 | INFO | Weather State: NORMAL
2026-03-26 21:06:41 | INFO | Dynamic Thresholds: cloud_thr=0.0000, shift_thr=0.0000
2026-03-26 21:06:41 | INFO | Multipliers: irradiance=0.55x, temp=1.03x, wind=1.03x
2026-03-26 21:06:41 | INFO | Weather Multiplier (combined): 0.58x
2026-03-26 21:06:41 | INFO | Abrupt Weather Change Detected: False
2026-03-26 21:06:41 | INFO | --- TREND ANALYSIS ---
2026-03-26 21:06:41 | INFO | Trend series: INSUFFICIENT DATA
2026-03-26 21:06:41 | INFO | Detected Trend Type: FLAT
2026-03-26 21:06:41 | INFO | Trend Slope Percentage: 0.00%
2026-03-26 21:06:41 | INFO | Trend EPS Threshold: 1.50%
2026-03-26 21:06:41 | INFO | --- SCHEDULE CALCULATION ---
2026-03-26 21:06:41 | INFO | Condition Applied: PRE_START
2026-03-26 21:06:41 | INFO | Effective Base Forecast Used for Adjustments: 0.000 MW
2026-03-26 21:06:41 | INFO | Condition-3: NOT APPLIED for this block path
2026-03-26 21:06:41 | INFO |   Final Adjustment %: 0.00%
2026-03-26 21:06:41 | INFO |   Formula (expanded): PRE_START: raw=0
2026-03-26 21:06:41 | INFO | --- FINAL RESULT ---
2026-03-26 21:06:41 | INFO | Raw Schedule (before smoothing): 0.000 MW
2026-03-26 21:06:41 | INFO | Final Scheduled MW: 0.000 MW
2026-03-26 21:06:41 | INFO | --------------------------------------------------------------------------------
2026-03-26 21:06:41 | INFO | --------------------------------------------------------------------------------
2026-03-26 21:06:41 | INFO | BLOCK 21
2026-03-26 21:06:41 | INFO | --------------------------------------------------------------------------------
2026-03-26 21:06:41 | INFO | --- METERED DATA ---
2026-03-26 21:06:41 | INFO | Metered Value: NOT YET AVAILABLE
2026-03-26 21:06:41 | INFO | Last Two Metered Values (for trend): ['0.221', '0.319']
2026-03-26 21:06:41 | INFO | --- FORECAST DATA ---
2026-03-26 21:06:41 | INFO | Intraday Forecast (Enercast): 0.000 MW
2026-03-26 21:06:41 | INFO | Day-ahead Forecast (Enercast): 0.000 MW
2026-03-26 21:06:41 | INFO | Base Forecast (raw, before curtailment/shutdown): 0.000 MW
2026-03-26 21:06:41 | INFO | Base Forecast (used for schedule): 0.000 MW
2026-03-26 21:06:41 | INFO | Effective Base Forecast (after curtailment/shutdown): 0.000 MW
2026-03-26 21:06:41 | INFO | Base Blend Inputs: meter_ref=0.000 MW, meter_factor=1.000, meter_weight=0.020
2026-03-26 21:06:41 | INFO | Plant Status: NORMAL
2026-03-26 21:06:41 | INFO | Effective Base Forecast = Base Forecast (raw) = 0.000 MW
2026-03-26 21:06:41 | INFO | --- WEATHER PARAMETERS ---
2026-03-26 21:06:41 | INFO | GTI: 0.0 W/m^2
2026-03-26 21:06:41 | INFO | DHI: 0.0 W/m^2
2026-03-26 21:06:41 | INFO | DNI: 0.0 W/m^2
2026-03-26 21:06:41 | INFO | Irradiance Ratio (GTI/MAX_GTI): 0.000
2026-03-26 21:06:41 | INFO | Diffuse Ratio (current): 0.000
2026-03-26 21:06:41 | INFO | Irradiance State: OVERCAST
2026-03-26 21:06:41 | INFO | Temp @ 2m: 24.46 C
2026-03-26 21:06:41 | INFO | Wind @ 10m: 4.10 m/s
2026-03-26 21:06:41 | INFO | Weather State: NORMAL
2026-03-26 21:06:41 | INFO | Dynamic Thresholds: cloud_thr=0.0000, shift_thr=0.0000
2026-03-26 21:06:41 | INFO | Multipliers: irradiance=0.55x, temp=1.03x, wind=1.03x
2026-03-26 21:06:41 | INFO | Weather Multiplier (combined): 0.58x
2026-03-26 21:06:41 | INFO | Abrupt Weather Change Detected: False
2026-03-26 21:06:41 | INFO | --- TREND ANALYSIS ---
2026-03-26 21:06:41 | INFO | Trend series: INSUFFICIENT DATA
2026-03-26 21:06:41 | INFO | Detected Trend Type: FLAT
2026-03-26 21:06:41 | INFO | Trend Slope Percentage: 0.00%
2026-03-26 21:06:41 | INFO | Trend EPS Threshold: 1.50%
2026-03-26 21:06:41 | INFO | --- SCHEDULE CALCULATION ---
2026-03-26 21:06:41 | INFO | Condition Applied: PRE_START
2026-03-26 21:06:41 | INFO | Effective Base Forecast Used for Adjustments: 0.000 MW
2026-03-26 21:06:41 | INFO | Condition-3: NOT APPLIED for this block path
2026-03-26 21:06:41 | INFO |   Final Adjustment %: 0.00%
2026-03-26 21:06:41 | INFO |   Formula (expanded): PRE_START: raw=0
2026-03-26 21:06:41 | INFO | --- FINAL RESULT ---
2026-03-26 21:06:41 | INFO | Raw Schedule (before smoothing): 0.000 MW
2026-03-26 21:06:41 | INFO | Final Scheduled MW: 0.000 MW
2026-03-26 21:06:41 | INFO | --------------------------------------------------------------------------------
2026-03-26 21:06:41 | INFO | --------------------------------------------------------------------------------
2026-03-26 21:06:41 | INFO | BLOCK 22
2026-03-26 21:06:41 | INFO | --------------------------------------------------------------------------------
2026-03-26 21:06:41 | INFO | --- METERED DATA ---
2026-03-26 21:06:41 | INFO | Metered Value: NOT YET AVAILABLE
2026-03-26 21:06:41 | INFO | Last Two Metered Values (for trend): ['0.221', '0.319']
2026-03-26 21:06:41 | INFO | --- FORECAST DATA ---
2026-03-26 21:06:41 | INFO | Intraday Forecast (Enercast): 0.000 MW
2026-03-26 21:06:41 | INFO | Day-ahead Forecast (Enercast): 0.000 MW
2026-03-26 21:06:41 | INFO | Base Forecast (raw, before curtailment/shutdown): 0.000 MW
2026-03-26 21:06:41 | INFO | Base Forecast (used for schedule): 0.000 MW
2026-03-26 21:06:41 | INFO | Effective Base Forecast (after curtailment/shutdown): 0.000 MW
2026-03-26 21:06:41 | INFO | Base Blend Inputs: meter_ref=0.000 MW, meter_factor=1.000, meter_weight=0.020
2026-03-26 21:06:41 | INFO | Plant Status: NORMAL
2026-03-26 21:06:41 | INFO | Effective Base Forecast = Base Forecast (raw) = 0.000 MW
2026-03-26 21:06:41 | INFO | --- WEATHER PARAMETERS ---
2026-03-26 21:06:41 | INFO | GTI: 0.0 W/m^2
2026-03-26 21:06:41 | INFO | DHI: 0.0 W/m^2
2026-03-26 21:06:41 | INFO | DNI: 0.0 W/m^2
2026-03-26 21:06:41 | INFO | Irradiance Ratio (GTI/MAX_GTI): 0.000
2026-03-26 21:06:41 | INFO | Diffuse Ratio (current): 0.000
2026-03-26 21:06:41 | INFO | Irradiance State: OVERCAST
2026-03-26 21:06:41 | INFO | Temp @ 2m: 24.26 C
2026-03-26 21:06:41 | INFO | Wind @ 10m: 5.32 m/s
2026-03-26 21:06:41 | INFO | Weather State: NORMAL
2026-03-26 21:06:41 | INFO | Dynamic Thresholds: cloud_thr=0.0000, shift_thr=0.0000
2026-03-26 21:06:41 | INFO | Multipliers: irradiance=0.55x, temp=1.03x, wind=1.05x
2026-03-26 21:06:41 | INFO | Weather Multiplier (combined): 0.59x
2026-03-26 21:06:41 | INFO | Abrupt Weather Change Detected: False
2026-03-26 21:06:41 | INFO | --- TREND ANALYSIS ---
2026-03-26 21:06:41 | INFO | Trend series: INSUFFICIENT DATA
2026-03-26 21:06:41 | INFO | Detected Trend Type: FLAT
2026-03-26 21:06:41 | INFO | Trend Slope Percentage: 0.00%
2026-03-26 21:06:41 | INFO | Trend EPS Threshold: 1.50%
2026-03-26 21:06:41 | INFO | --- SCHEDULE CALCULATION ---
2026-03-26 21:06:41 | INFO | Condition Applied: PRE_START
2026-03-26 21:06:41 | INFO | Effective Base Forecast Used for Adjustments: 0.000 MW
2026-03-26 21:06:41 | INFO | Condition-3: NOT APPLIED for this block path
2026-03-26 21:06:41 | INFO |   Final Adjustment %: 0.00%
2026-03-26 21:06:41 | INFO |   Formula (expanded): PRE_START: raw=0
2026-03-26 21:06:41 | INFO | --- FINAL RESULT ---
2026-03-26 21:06:41 | INFO | Raw Schedule (before smoothing): 0.000 MW
2026-03-26 21:06:41 | INFO | Final Scheduled MW: 0.000 MW
2026-03-26 21:06:41 | INFO | --------------------------------------------------------------------------------
2026-03-26 21:06:41 | INFO | --------------------------------------------------------------------------------
2026-03-26 21:06:41 | INFO | BLOCK 23
2026-03-26 21:06:41 | INFO | --------------------------------------------------------------------------------
2026-03-26 21:06:41 | INFO | --- METERED DATA ---
2026-03-26 21:06:41 | INFO | Metered Value: NOT YET AVAILABLE
2026-03-26 21:06:41 | INFO | Last Two Metered Values (for trend): ['0.221', '0.319']
2026-03-26 21:06:41 | INFO | --- FORECAST DATA ---
2026-03-26 21:06:41 | INFO | Intraday Forecast (Enercast): 0.000 MW
2026-03-26 21:06:41 | INFO | Day-ahead Forecast (Enercast): 0.000 MW
2026-03-26 21:06:41 | INFO | Base Forecast (raw, before curtailment/shutdown): 0.000 MW
2026-03-26 21:06:41 | INFO | Base Forecast (used for schedule): 0.000 MW
2026-03-26 21:06:41 | INFO | Effective Base Forecast (after curtailment/shutdown): 0.000 MW
2026-03-26 21:06:41 | INFO | Base Blend Inputs: meter_ref=0.000 MW, meter_factor=1.000, meter_weight=0.020
2026-03-26 21:06:41 | INFO | Plant Status: NORMAL
2026-03-26 21:06:41 | INFO | Effective Base Forecast = Base Forecast (raw) = 0.000 MW
2026-03-26 21:06:41 | INFO | --- WEATHER PARAMETERS ---
2026-03-26 21:06:41 | INFO | GTI: 0.0 W/m^2
2026-03-26 21:06:41 | INFO | DHI: 0.0 W/m^2
2026-03-26 21:06:41 | INFO | DNI: 0.0 W/m^2
2026-03-26 21:06:41 | INFO | Irradiance Ratio (GTI/MAX_GTI): 0.000
2026-03-26 21:06:41 | INFO | Diffuse Ratio (current): 0.000
2026-03-26 21:06:41 | INFO | Irradiance State: OVERCAST
2026-03-26 21:06:41 | INFO | Temp @ 2m: 24.11 C
2026-03-26 21:06:41 | INFO | Wind @ 10m: 6.38 m/s
2026-03-26 21:06:41 | INFO | Weather State: NORMAL
2026-03-26 21:06:41 | INFO | Dynamic Thresholds: cloud_thr=0.0000, shift_thr=0.0000
2026-03-26 21:06:41 | INFO | Multipliers: irradiance=0.55x, temp=1.03x, wind=1.05x
2026-03-26 21:06:41 | INFO | Weather Multiplier (combined): 0.59x
2026-03-26 21:06:41 | INFO | Abrupt Weather Change Detected: False
2026-03-26 21:06:41 | INFO | --- TREND ANALYSIS ---
2026-03-26 21:06:41 | INFO | Trend series: INSUFFICIENT DATA
2026-03-26 21:06:41 | INFO | Detected Trend Type: FLAT
2026-03-26 21:06:41 | INFO | Trend Slope Percentage: 0.00%
2026-03-26 21:06:41 | INFO | Trend EPS Threshold: 1.50%
2026-03-26 21:06:41 | INFO | --- SCHEDULE CALCULATION ---
2026-03-26 21:06:41 | INFO | Condition Applied: PRE_START
2026-03-26 21:06:41 | INFO | Effective Base Forecast Used for Adjustments: 0.000 MW
2026-03-26 21:06:41 | INFO | Condition-3: NOT APPLIED for this block path
2026-03-26 21:06:41 | INFO |   Final Adjustment %: 0.00%
2026-03-26 21:06:41 | INFO |   Formula (expanded): PRE_START: raw=0
2026-03-26 21:06:41 | INFO | --- FINAL RESULT ---
2026-03-26 21:06:41 | INFO | Raw Schedule (before smoothing): 0.000 MW
2026-03-26 21:06:41 | INFO | Final Scheduled MW: 0.000 MW
2026-03-26 21:06:41 | INFO | --------------------------------------------------------------------------------
2026-03-26 21:06:41 | INFO | --------------------------------------------------------------------------------
2026-03-26 21:06:41 | INFO | BLOCK 24
2026-03-26 21:06:41 | INFO | --------------------------------------------------------------------------------
2026-03-26 21:06:41 | INFO | --- METERED DATA ---
2026-03-26 21:06:41 | INFO | Metered Value (actual): -0.005 MW
2026-03-26 21:06:41 | INFO | Last Two Metered Values (for trend): ['0.221', '0.319']
2026-03-26 21:06:41 | INFO | --- FORECAST DATA ---
2026-03-26 21:06:41 | INFO | Intraday Forecast (Enercast): 0.000 MW
2026-03-26 21:06:41 | INFO | Day-ahead Forecast (Enercast): 0.000 MW
2026-03-26 21:06:41 | INFO | Base Forecast (raw, before curtailment/shutdown): 0.000 MW
2026-03-26 21:06:41 | INFO | Base Forecast (used for schedule): 0.000 MW
2026-03-26 21:06:41 | INFO | Effective Base Forecast (after curtailment/shutdown): 0.000 MW
2026-03-26 21:06:41 | INFO | Base Blend Inputs: meter_ref=-0.005 MW, meter_factor=1.000, meter_weight=0.020
2026-03-26 21:06:41 | INFO | Plant Status: NORMAL
2026-03-26 21:06:41 | INFO | Effective Base Forecast = Base Forecast (raw) = 0.000 MW
2026-03-26 21:06:41 | INFO | --- WEATHER PARAMETERS ---
2026-03-26 21:06:41 | INFO | GTI: 0.0 W/m^2
2026-03-26 21:06:41 | INFO | DHI: 0.0 W/m^2
2026-03-26 21:06:41 | INFO | DNI: 0.0 W/m^2
2026-03-26 21:06:41 | INFO | Irradiance Ratio (GTI/MAX_GTI): 0.000
2026-03-26 21:06:41 | INFO | Diffuse Ratio (current): 0.000
2026-03-26 21:06:41 | INFO | Irradiance State: OVERCAST
2026-03-26 21:06:41 | INFO | Temp @ 2m: 23.91 C
2026-03-26 21:06:41 | INFO | Wind @ 10m: 6.64 m/s
2026-03-26 21:06:41 | INFO | Weather State: NORMAL
2026-03-26 21:06:41 | INFO | Dynamic Thresholds: cloud_thr=0.0000, shift_thr=0.0000
2026-03-26 21:06:41 | INFO | Multipliers: irradiance=0.55x, temp=1.03x, wind=1.05x
2026-03-26 21:06:41 | INFO | Weather Multiplier (combined): 0.59x
2026-03-26 21:06:41 | INFO | Abrupt Weather Change Detected: False
2026-03-26 21:06:41 | INFO | --- TREND ANALYSIS ---
2026-03-26 21:06:41 | INFO | Trend series: INSUFFICIENT DATA
2026-03-26 21:06:41 | INFO | Detected Trend Type: FLAT
2026-03-26 21:06:41 | INFO | Trend Slope Percentage: 0.00%
2026-03-26 21:06:41 | INFO | Trend EPS Threshold: 1.50%
2026-03-26 21:06:41 | INFO | --- SCHEDULE CALCULATION ---
2026-03-26 21:06:41 | INFO | Condition Applied: PRE_START
2026-03-26 21:06:41 | INFO | Effective Base Forecast Used for Adjustments: 0.000 MW
2026-03-26 21:06:41 | INFO | Condition-3: NOT APPLIED for this block path
2026-03-26 21:06:41 | INFO |   Final Adjustment %: 0.00%
2026-03-26 21:06:41 | INFO |   Formula (expanded): PRE_START: raw=0
2026-03-26 21:06:41 | INFO | --- FINAL RESULT ---
2026-03-26 21:06:41 | INFO | Raw Schedule (before smoothing): 0.000 MW
2026-03-26 21:06:41 | INFO | Final Scheduled MW: 0.000 MW
2026-03-26 21:06:41 | INFO | Deviation from Metered: +0.005 MW
2026-03-26 21:06:41 | INFO | --------------------------------------------------------------------------------
2026-03-26 21:06:41 | INFO | --------------------------------------------------------------------------------
2026-03-26 21:06:41 | INFO | BLOCK 25
2026-03-26 21:06:41 | INFO | --------------------------------------------------------------------------------
2026-03-26 21:06:41 | INFO | --- METERED DATA ---
2026-03-26 21:06:41 | INFO | Metered Value (actual): -0.005 MW
2026-03-26 21:06:41 | INFO | Last Two Metered Values (for trend): ['0.221', '0.319']
2026-03-26 21:06:41 | INFO | --- FORECAST DATA ---
2026-03-26 21:06:41 | INFO | Intraday Forecast (Enercast): 0.000 MW
2026-03-26 21:06:41 | INFO | Day-ahead Forecast (Enercast): 0.000 MW
2026-03-26 21:06:41 | INFO | Base Forecast (raw, before curtailment/shutdown): 0.000 MW
2026-03-26 21:06:41 | INFO | Base Forecast (used for schedule): 0.000 MW
2026-03-26 21:06:41 | INFO | Effective Base Forecast (after curtailment/shutdown): 0.000 MW
2026-03-26 21:06:41 | INFO | Base Blend Inputs: meter_ref=-0.005 MW, meter_factor=1.000, meter_weight=0.020
2026-03-26 21:06:41 | INFO | Plant Status: NORMAL
2026-03-26 21:06:41 | INFO | Effective Base Forecast = Base Forecast (raw) = 0.000 MW
2026-03-26 21:06:41 | INFO | --- WEATHER PARAMETERS ---
2026-03-26 21:06:41 | INFO | GTI: 0.0 W/m^2
2026-03-26 21:06:41 | INFO | DHI: 0.0 W/m^2
2026-03-26 21:06:41 | INFO | DNI: 0.0 W/m^2
2026-03-26 21:06:41 | INFO | Irradiance Ratio (GTI/MAX_GTI): 0.000
2026-03-26 21:06:41 | INFO | Diffuse Ratio (current): 0.000
2026-03-26 21:06:41 | INFO | Irradiance State: OVERCAST
2026-03-26 21:06:41 | INFO | Temp @ 2m: 23.76 C
2026-03-26 21:06:41 | INFO | Wind @ 10m: 6.64 m/s
2026-03-26 21:06:41 | INFO | Weather State: NORMAL
2026-03-26 21:06:41 | INFO | Dynamic Thresholds: cloud_thr=0.0000, shift_thr=0.0000
2026-03-26 21:06:41 | INFO | Multipliers: irradiance=0.55x, temp=1.03x, wind=1.05x
2026-03-26 21:06:41 | INFO | Weather Multiplier (combined): 0.59x
2026-03-26 21:06:41 | INFO | Abrupt Weather Change Detected: False
2026-03-26 21:06:41 | INFO | --- TREND ANALYSIS ---
2026-03-26 21:06:41 | INFO | Trend series: INSUFFICIENT DATA
2026-03-26 21:06:41 | INFO | Detected Trend Type: FLAT
2026-03-26 21:06:41 | INFO | Trend Slope Percentage: 0.00%
2026-03-26 21:06:41 | INFO | Trend EPS Threshold: 1.50%
2026-03-26 21:06:41 | INFO | --- SCHEDULE CALCULATION ---
2026-03-26 21:06:41 | INFO | Condition Applied: PRE_START
2026-03-26 21:06:41 | INFO | Effective Base Forecast Used for Adjustments: 0.000 MW
2026-03-26 21:06:41 | INFO | Condition-3: NOT APPLIED for this block path
2026-03-26 21:06:41 | INFO |   Final Adjustment %: 0.00%
2026-03-26 21:06:41 | INFO |   Formula (expanded): PRE_START: raw=0
2026-03-26 21:06:41 | INFO | --- FINAL RESULT ---
2026-03-26 21:06:41 | INFO | Raw Schedule (before smoothing): 0.000 MW
2026-03-26 21:06:41 | INFO | Final Scheduled MW: 0.000 MW
2026-03-26 21:06:41 | INFO | Deviation from Metered: +0.005 MW
2026-03-26 21:06:41 | INFO | --------------------------------------------------------------------------------
2026-03-26 21:06:41 | INFO | --------------------------------------------------------------------------------
2026-03-26 21:06:41 | INFO | BLOCK 26
2026-03-26 21:06:41 | INFO | --------------------------------------------------------------------------------
2026-03-26 21:06:41 | INFO | --- METERED DATA ---
2026-03-26 21:06:41 | INFO | Metered Value (actual): 0.004 MW
2026-03-26 21:06:41 | INFO | Last Two Metered Values (for trend): ['0.221', '0.319']
2026-03-26 21:06:41 | INFO | --- FORECAST DATA ---
2026-03-26 21:06:41 | INFO | Intraday Forecast (Enercast): 0.000 MW
2026-03-26 21:06:41 | INFO | Day-ahead Forecast (Enercast): 0.000 MW
2026-03-26 21:06:41 | INFO | Base Forecast (raw, before curtailment/shutdown): 0.000 MW
2026-03-26 21:06:41 | INFO | Base Forecast (used for schedule): 0.000 MW
2026-03-26 21:06:41 | INFO | Effective Base Forecast (after curtailment/shutdown): 0.000 MW
2026-03-26 21:06:41 | INFO | Base Blend Inputs: meter_ref=0.004 MW, meter_factor=1.000, meter_weight=0.020
2026-03-26 21:06:41 | INFO | Plant Status: NORMAL
2026-03-26 21:06:41 | INFO | Effective Base Forecast = Base Forecast (raw) = 0.000 MW
2026-03-26 21:06:41 | INFO | --- WEATHER PARAMETERS ---
2026-03-26 21:06:41 | INFO | GTI: 0.0 W/m^2
2026-03-26 21:06:41 | INFO | DHI: 0.0 W/m^2
2026-03-26 21:06:41 | INFO | DNI: 0.0 W/m^2
2026-03-26 21:06:41 | INFO | Irradiance Ratio (GTI/MAX_GTI): 0.000
2026-03-26 21:06:41 | INFO | Diffuse Ratio (current): 0.000
2026-03-26 21:06:41 | INFO | Irradiance State: OVERCAST
2026-03-26 21:06:41 | INFO | Temp @ 2m: 23.61 C
2026-03-26 21:06:41 | INFO | Wind @ 10m: 6.64 m/s
2026-03-26 21:06:41 | INFO | Weather State: NORMAL
2026-03-26 21:06:41 | INFO | Dynamic Thresholds: cloud_thr=0.0000, shift_thr=0.0000
2026-03-26 21:06:41 | INFO | Multipliers: irradiance=0.55x, temp=1.03x, wind=1.05x
2026-03-26 21:06:41 | INFO | Weather Multiplier (combined): 0.59x
2026-03-26 21:06:41 | INFO | Abrupt Weather Change Detected: False
2026-03-26 21:06:41 | INFO | --- TREND ANALYSIS ---
2026-03-26 21:06:41 | INFO | Trend series: INSUFFICIENT DATA
2026-03-26 21:06:41 | INFO | Detected Trend Type: FLAT
2026-03-26 21:06:41 | INFO | Trend Slope Percentage: 0.00%
2026-03-26 21:06:41 | INFO | Trend EPS Threshold: 1.50%
2026-03-26 21:06:41 | INFO | --- SCHEDULE CALCULATION ---
2026-03-26 21:06:41 | INFO | Condition Applied: PRE_START
2026-03-26 21:06:41 | INFO | Effective Base Forecast Used for Adjustments: 0.000 MW
2026-03-26 21:06:41 | INFO | Condition-3: NOT APPLIED for this block path
2026-03-26 21:06:41 | INFO |   Final Adjustment %: 0.00%
2026-03-26 21:06:41 | INFO |   Formula (expanded): PRE_START: raw=0
2026-03-26 21:06:41 | INFO | --- FINAL RESULT ---
2026-03-26 21:06:41 | INFO | Raw Schedule (before smoothing): 0.000 MW
2026-03-26 21:06:41 | INFO | Final Scheduled MW: 0.000 MW
2026-03-26 21:06:41 | INFO | Deviation from Metered: -0.004 MW
2026-03-26 21:06:41 | INFO | --------------------------------------------------------------------------------
2026-03-26 21:06:41 | INFO | --------------------------------------------------------------------------------
2026-03-26 21:06:41 | INFO | BLOCK 27
2026-03-26 21:06:41 | INFO | --------------------------------------------------------------------------------
2026-03-26 21:06:41 | INFO | --- METERED DATA ---
2026-03-26 21:06:41 | INFO | Metered Value (actual): 0.029 MW
2026-03-26 21:06:41 | INFO | Last Two Metered Values (for trend): ['0.221', '0.319']
2026-03-26 21:06:41 | INFO | --- FORECAST DATA ---
2026-03-26 21:06:41 | INFO | Intraday Forecast (Enercast): 0.010 MW
2026-03-26 21:06:41 | INFO | Day-ahead Forecast (Enercast): 0.020 MW
2026-03-26 21:06:41 | INFO | Base Forecast (raw, before curtailment/shutdown): 0.000 MW
2026-03-26 21:06:41 | INFO | Base Forecast (used for schedule): 0.000 MW
2026-03-26 21:06:41 | INFO | Effective Base Forecast (after curtailment/shutdown): 0.000 MW
2026-03-26 21:06:41 | INFO | Base Blend Inputs: meter_ref=0.029 MW, meter_factor=1.000, meter_weight=0.020
2026-03-26 21:06:41 | INFO | Plant Status: NORMAL
2026-03-26 21:06:41 | INFO | Effective Base Forecast = Base Forecast (raw) = 0.000 MW
2026-03-26 21:06:41 | INFO | --- WEATHER PARAMETERS ---
2026-03-26 21:06:41 | INFO | GTI: 0.0 W/m^2
2026-03-26 21:06:41 | INFO | DHI: 0.0 W/m^2
2026-03-26 21:06:41 | INFO | DNI: 0.0 W/m^2
2026-03-26 21:06:41 | INFO | Irradiance Ratio (GTI/MAX_GTI): 0.000
2026-03-26 21:06:41 | INFO | Diffuse Ratio (current): 0.000
2026-03-26 21:06:41 | INFO | Irradiance State: OVERCAST
2026-03-26 21:06:41 | INFO | Temp @ 2m: 23.61 C
2026-03-26 21:06:41 | INFO | Wind @ 10m: 6.64 m/s
2026-03-26 21:06:41 | INFO | Weather State: NORMAL
2026-03-26 21:06:41 | INFO | Dynamic Thresholds: cloud_thr=0.0000, shift_thr=0.0000
2026-03-26 21:06:41 | INFO | Multipliers: irradiance=0.55x, temp=1.03x, wind=1.05x
2026-03-26 21:06:41 | INFO | Weather Multiplier (combined): 0.59x
2026-03-26 21:06:41 | INFO | Abrupt Weather Change Detected: False
2026-03-26 21:06:41 | INFO | --- TREND ANALYSIS ---
2026-03-26 21:06:41 | INFO | Trend series: INSUFFICIENT DATA
2026-03-26 21:06:41 | INFO | Detected Trend Type: FLAT
2026-03-26 21:06:41 | INFO | Trend Slope Percentage: 0.00%
2026-03-26 21:06:41 | INFO | Trend EPS Threshold: 1.50%
2026-03-26 21:06:41 | INFO | --- SCHEDULE CALCULATION ---
2026-03-26 21:06:41 | INFO | Condition Applied: PRE_START
2026-03-26 21:06:41 | INFO | Effective Base Forecast Used for Adjustments: 0.000 MW
2026-03-26 21:06:41 | INFO | Condition-3: NOT APPLIED for this block path
2026-03-26 21:06:41 | INFO |   Final Adjustment %: 0.00%
2026-03-26 21:06:41 | INFO |   Formula (expanded): PRE_START: raw=0
2026-03-26 21:06:41 | INFO | --- FINAL RESULT ---
2026-03-26 21:06:41 | INFO | Raw Schedule (before smoothing): 0.000 MW
2026-03-26 21:06:41 | INFO | Final Scheduled MW: 0.000 MW
2026-03-26 21:06:41 | INFO | Deviation from Metered: -0.029 MW
2026-03-26 21:06:41 | INFO | --------------------------------------------------------------------------------
2026-03-26 21:06:41 | INFO | --------------------------------------------------------------------------------
2026-03-26 21:06:41 | INFO | BLOCK 28
2026-03-26 21:06:41 | INFO | --------------------------------------------------------------------------------
2026-03-26 21:06:41 | INFO | --- METERED DATA ---
2026-03-26 21:06:41 | INFO | Metered Value (actual): 0.151 MW
2026-03-26 21:06:41 | INFO | Last Two Metered Values (for trend): ['0.221', '0.319']
2026-03-26 21:06:41 | INFO | --- FORECAST DATA ---
2026-03-26 21:06:41 | INFO | Intraday Forecast (Enercast): 0.110 MW
2026-03-26 21:06:41 | INFO | Day-ahead Forecast (Enercast): 0.130 MW
2026-03-26 21:06:41 | INFO | Base Forecast (raw, before curtailment/shutdown): 0.000 MW
2026-03-26 21:06:41 | INFO | Base Forecast (used for schedule): 0.000 MW
2026-03-26 21:06:41 | INFO | Effective Base Forecast (after curtailment/shutdown): 0.000 MW
2026-03-26 21:06:41 | INFO | Base Blend Inputs: meter_ref=0.151 MW, meter_factor=1.000, meter_weight=0.020
2026-03-26 21:06:41 | INFO | Plant Status: NORMAL
2026-03-26 21:06:41 | INFO | Effective Base Forecast = Base Forecast (raw) = 0.000 MW
2026-03-26 21:06:41 | INFO | --- WEATHER PARAMETERS ---
2026-03-26 21:06:41 | INFO | GTI: 13.0 W/m^2
2026-03-26 21:06:41 | INFO | DHI: 6.0 W/m^2
2026-03-26 21:06:41 | INFO | DNI: 0.0 W/m^2
2026-03-26 21:06:41 | INFO | Irradiance Ratio (GTI/MAX_GTI): 0.014
2026-03-26 21:06:41 | INFO | Diffuse Ratio (current): 0.120
2026-03-26 21:06:41 | INFO | Irradiance State: OVERCAST
2026-03-26 21:06:41 | INFO | Temp @ 2m: 23.76 C
2026-03-26 21:06:41 | INFO | Wind @ 10m: 7.28 m/s
2026-03-26 21:06:41 | INFO | Weather State: NORMAL
2026-03-26 21:06:41 | INFO | Dynamic Thresholds: cloud_thr=0.0000, shift_thr=0.0000
2026-03-26 21:06:41 | INFO | Multipliers: irradiance=0.55x, temp=1.03x, wind=1.05x
2026-03-26 21:06:41 | INFO | Weather Multiplier (combined): 0.59x
2026-03-26 21:06:41 | INFO | Abrupt Weather Change Detected: False
2026-03-26 21:06:41 | INFO | --- TREND ANALYSIS ---
2026-03-26 21:06:41 | INFO | Trend series: INSUFFICIENT DATA
2026-03-26 21:06:41 | INFO | Detected Trend Type: FLAT
2026-03-26 21:06:41 | INFO | Trend Slope Percentage: 0.00%
2026-03-26 21:06:41 | INFO | Trend EPS Threshold: 1.50%
2026-03-26 21:06:41 | INFO | --- SCHEDULE CALCULATION ---
2026-03-26 21:06:41 | INFO | Condition Applied: PRE_START
2026-03-26 21:06:41 | INFO | Effective Base Forecast Used for Adjustments: 0.000 MW
2026-03-26 21:06:41 | INFO | Condition-3: NOT APPLIED for this block path
2026-03-26 21:06:41 | INFO |   Final Adjustment %: 0.00%
2026-03-26 21:06:41 | INFO |   Formula (expanded): PRE_START: raw=0
2026-03-26 21:06:41 | INFO | --- FINAL RESULT ---
2026-03-26 21:06:41 | INFO | Raw Schedule (before smoothing): 0.000 MW
2026-03-26 21:06:41 | INFO | Final Scheduled MW: 0.000 MW
2026-03-26 21:06:41 | INFO | Deviation from Metered: -0.151 MW
2026-03-26 21:06:41 | INFO | --------------------------------------------------------------------------------
2026-03-26 21:06:41 | INFO | --------------------------------------------------------------------------------
2026-03-26 21:06:41 | INFO | BLOCK 29
2026-03-26 21:06:41 | INFO | --------------------------------------------------------------------------------
2026-03-26 21:06:41 | INFO | --- METERED DATA ---
2026-03-26 21:06:41 | INFO | Metered Value (actual): 0.221 MW
2026-03-26 21:06:41 | INFO | Last Two Metered Values (for trend): ['0.221', '0.319']
2026-03-26 21:06:41 | INFO | --- FORECAST DATA ---
2026-03-26 21:06:41 | INFO | Intraday Forecast (Enercast): 0.260 MW
2026-03-26 21:06:41 | INFO | Day-ahead Forecast (Enercast): 0.320 MW
2026-03-26 21:06:41 | INFO | Base Forecast (raw, before curtailment/shutdown): 0.000 MW
2026-03-26 21:06:41 | INFO | Base Forecast (used for schedule): 0.000 MW
2026-03-26 21:06:41 | INFO | Effective Base Forecast (after curtailment/shutdown): 0.000 MW
2026-03-26 21:06:41 | INFO | Base Blend Inputs: meter_ref=0.221 MW, meter_factor=1.000, meter_weight=0.020
2026-03-26 21:06:41 | INFO | Plant Status: NORMAL
2026-03-26 21:06:41 | INFO | Effective Base Forecast = Base Forecast (raw) = 0.000 MW
2026-03-26 21:06:41 | INFO | --- WEATHER PARAMETERS ---
2026-03-26 21:06:41 | INFO | GTI: 44.0 W/m^2
2026-03-26 21:06:41 | INFO | DHI: 20.0 W/m^2
2026-03-26 21:06:41 | INFO | DNI: 0.0 W/m^2
2026-03-26 21:06:41 | INFO | Irradiance Ratio (GTI/MAX_GTI): 0.046
2026-03-26 21:06:41 | INFO | Diffuse Ratio (current): 0.400
2026-03-26 21:06:41 | INFO | Irradiance State: OVERCAST
2026-03-26 21:06:41 | INFO | Temp @ 2m: 24.01 C
2026-03-26 21:06:41 | INFO | Wind @ 10m: 7.99 m/s
2026-03-26 21:06:41 | INFO | Weather State: NORMAL
2026-03-26 21:06:41 | INFO | Dynamic Thresholds: cloud_thr=0.0000, shift_thr=0.0000
2026-03-26 21:06:41 | INFO | Multipliers: irradiance=0.55x, temp=1.03x, wind=1.05x
2026-03-26 21:06:41 | INFO | Weather Multiplier (combined): 0.59x
2026-03-26 21:06:41 | INFO | Abrupt Weather Change Detected: False
2026-03-26 21:06:41 | INFO | --- TREND ANALYSIS ---
2026-03-26 21:06:41 | INFO | Trend series: INSUFFICIENT DATA
2026-03-26 21:06:41 | INFO | Detected Trend Type: FLAT
2026-03-26 21:06:41 | INFO | Trend Slope Percentage: 0.00%
2026-03-26 21:06:41 | INFO | Trend EPS Threshold: 1.50%
2026-03-26 21:06:41 | INFO | --- SCHEDULE CALCULATION ---
2026-03-26 21:06:41 | INFO | Condition Applied: PRE_START
2026-03-26 21:06:41 | INFO | Effective Base Forecast Used for Adjustments: 0.000 MW
2026-03-26 21:06:41 | INFO | Condition-3: NOT APPLIED for this block path
2026-03-26 21:06:41 | INFO |   Final Adjustment %: 0.00%
2026-03-26 21:06:41 | INFO |   Formula (expanded): PRE_START: raw=0
2026-03-26 21:06:41 | INFO | --- FINAL RESULT ---
2026-03-26 21:06:41 | INFO | Raw Schedule (before smoothing): 0.000 MW
2026-03-26 21:06:41 | INFO | Final Scheduled MW: 0.000 MW
2026-03-26 21:06:41 | INFO | Deviation from Metered: -0.221 MW
2026-03-26 21:06:41 | INFO | --------------------------------------------------------------------------------
2026-03-26 21:06:41 | INFO | --------------------------------------------------------------------------------
2026-03-26 21:06:41 | INFO | BLOCK 30
2026-03-26 21:06:41 | INFO | --------------------------------------------------------------------------------
2026-03-26 21:06:41 | INFO | --- METERED DATA ---
2026-03-26 21:06:41 | INFO | Metered Value (actual): 0.319 MW
2026-03-26 21:06:41 | INFO | Last Two Metered Values (for trend): ['0.221', '0.319']
2026-03-26 21:06:41 | INFO | --- FORECAST DATA ---
2026-03-26 21:06:41 | INFO | Intraday Forecast (Enercast): 0.460 MW
2026-03-26 21:06:41 | INFO | Day-ahead Forecast (Enercast): 0.560 MW
2026-03-26 21:06:41 | INFO | Base Forecast (raw, before curtailment/shutdown): 0.000 MW
2026-03-26 21:06:41 | INFO | Base Forecast (used for schedule): 0.000 MW
2026-03-26 21:06:41 | INFO | Effective Base Forecast (after curtailment/shutdown): 0.000 MW
2026-03-26 21:06:41 | INFO | Base Blend Inputs: meter_ref=0.319 MW, meter_factor=1.000, meter_weight=0.020
2026-03-26 21:06:41 | INFO | Plant Status: NORMAL
2026-03-26 21:06:41 | INFO | Effective Base Forecast = Base Forecast (raw) = 0.000 MW
2026-03-26 21:06:41 | INFO | --- WEATHER PARAMETERS ---
2026-03-26 21:06:41 | INFO | GTI: 80.0 W/m^2
2026-03-26 21:06:41 | INFO | DHI: 34.0 W/m^2
2026-03-26 21:06:41 | INFO | DNI: 0.0 W/m^2
2026-03-26 21:06:41 | INFO | Irradiance Ratio (GTI/MAX_GTI): 0.083
2026-03-26 21:06:41 | INFO | Diffuse Ratio (current): 0.425
2026-03-26 21:06:41 | INFO | Irradiance State: OVERCAST
2026-03-26 21:06:41 | INFO | Temp @ 2m: 24.36 C
2026-03-26 21:06:41 | INFO | Wind @ 10m: 9.03 m/s
2026-03-26 21:06:41 | INFO | Weather State: NORMAL
2026-03-26 21:06:41 | INFO | Dynamic Thresholds: cloud_thr=0.0000, shift_thr=0.0000
2026-03-26 21:06:41 | INFO | Multipliers: irradiance=0.55x, temp=1.03x, wind=1.05x
2026-03-26 21:06:41 | INFO | Weather Multiplier (combined): 0.59x
2026-03-26 21:06:41 | INFO | Abrupt Weather Change Detected: False
2026-03-26 21:06:41 | INFO | --- TREND ANALYSIS ---
2026-03-26 21:06:41 | INFO | Trend series: INSUFFICIENT DATA
2026-03-26 21:06:41 | INFO | Detected Trend Type: FLAT
2026-03-26 21:06:41 | INFO | Trend Slope Percentage: 0.00%
2026-03-26 21:06:41 | INFO | Trend EPS Threshold: 1.50%
2026-03-26 21:06:41 | INFO | --- SCHEDULE CALCULATION ---
2026-03-26 21:06:41 | INFO | Condition Applied: PRE_START
2026-03-26 21:06:41 | INFO | Effective Base Forecast Used for Adjustments: 0.000 MW
2026-03-26 21:06:41 | INFO | Condition-3: NOT APPLIED for this block path
2026-03-26 21:06:41 | INFO |   Final Adjustment %: 0.00%
2026-03-26 21:06:41 | INFO |   Formula (expanded): PRE_START: raw=0
2026-03-26 21:06:41 | INFO | --- FINAL RESULT ---
2026-03-26 21:06:41 | INFO | Raw Schedule (before smoothing): 0.000 MW
2026-03-26 21:06:41 | INFO | Final Scheduled MW: 0.000 MW
2026-03-26 21:06:41 | INFO | Deviation from Metered: -0.319 MW
2026-03-26 21:06:41 | INFO | --------------------------------------------------------------------------------
2026-03-26 21:06:41 | INFO | Low GTI ratio (0.132) -> base_forecast damped by 0.85
2026-03-26 21:06:41 | INFO | --------------------------------------------------------------------------------
2026-03-26 21:06:41 | INFO | BLOCK 31
2026-03-26 21:06:41 | INFO | --------------------------------------------------------------------------------
2026-03-26 21:06:41 | INFO | --- METERED DATA ---
2026-03-26 21:06:41 | INFO | Metered Value (actual): 0.707 MW
2026-03-26 21:06:41 | INFO | Last Two Metered Values (for trend): ['0.221', '0.319']
2026-03-26 21:06:41 | INFO | --- FORECAST DATA ---
2026-03-26 21:06:41 | INFO | Intraday Forecast (Enercast): 0.690 MW
2026-03-26 21:06:41 | INFO | Day-ahead Forecast (Enercast): 0.800 MW
2026-03-26 21:06:41 | INFO | Base Forecast (raw, before curtailment/shutdown): 0.690 MW
2026-03-26 21:06:41 | INFO | Base Forecast (used for schedule): 0.587 MW
2026-03-26 21:06:41 | INFO | Effective Base Forecast (after curtailment/shutdown): 0.587 MW
2026-03-26 21:06:41 | INFO | Base Blend Inputs: meter_ref=0.707 MW, meter_factor=1.000, meter_weight=0.020
2026-03-26 21:06:41 | INFO | Plant Status: NORMAL
2026-03-26 21:06:41 | INFO | Effective Base Forecast = Base Forecast (raw) = 0.587 MW
2026-03-26 21:06:41 | INFO | --- WEATHER PARAMETERS ---
2026-03-26 21:06:41 | INFO | GTI: 127.0 W/m^2
2026-03-26 21:06:41 | INFO | DHI: 46.0 W/m^2
2026-03-26 21:06:41 | INFO | DNI: 0.0 W/m^2
2026-03-26 21:06:41 | INFO | Irradiance Ratio (GTI/MAX_GTI): 0.132
2026-03-26 21:06:41 | INFO | Diffuse Ratio (current): 0.362
2026-03-26 21:06:41 | INFO | Irradiance State: OVERCAST
2026-03-26 21:06:41 | INFO | Temp @ 2m: 24.81 C
2026-03-26 21:06:41 | INFO | Wind @ 10m: 9.78 m/s
2026-03-26 21:06:41 | INFO | Weather State: NORMAL
2026-03-26 21:06:41 | INFO | Dynamic Thresholds: cloud_thr=0.0000, shift_thr=0.0000
2026-03-26 21:06:41 | INFO | Multipliers: irradiance=0.55x, temp=1.03x, wind=1.05x
2026-03-26 21:06:41 | INFO | Weather Multiplier (combined): 0.59x
2026-03-26 21:06:41 | INFO | Abrupt Weather Change Detected: False
2026-03-26 21:06:41 | INFO | --- TREND ANALYSIS ---
2026-03-26 21:06:41 | INFO | Trend series (oldest -> latest):
2026-03-26 21:06:41 | INFO |   Block 30: 0.319 MW (source: METERED)
2026-03-26 21:06:41 | INFO |   Block 29: 0.221 MW (source: METERED)
2026-03-26 21:06:41 | INFO |   Block 28: 0.151 MW (source: METERED)
2026-03-26 21:06:41 | INFO |   Block 27: 0.029 MW (source: METERED)
2026-03-26 21:06:41 | INFO | Trend values used for slope calc: B30=0.319(METERED), B29=0.221(METERED), B28=0.151(METERED), B27=0.029(METERED)
2026-03-26 21:06:41 | INFO | Detected Trend Type: INCREASING
2026-03-26 21:06:41 | INFO | Trend Slope Percentage: 719.68%
2026-03-26 21:06:41 | INFO | Trend EPS Threshold: 1.50%
2026-03-26 21:06:41 | INFO | --- SCHEDULE CALCULATION ---
2026-03-26 21:06:41 | INFO | Condition Applied: CONDITION_3
2026-03-26 21:06:41 | INFO | Effective Base Forecast Used for Adjustments: 0.587 MW
2026-03-26 21:06:41 | INFO | Condition-3 (Phase-6) Applied:
2026-03-26 21:06:41 | INFO |   Forecast Mismatch: Intraday (0.690) != Day-ahead (0.800)
2026-03-26 21:06:41 | INFO |   Operation: ADD
2026-03-26 21:06:41 | INFO |   Base Adjustment %: 7.50%
2026-03-26 21:06:41 | INFO |   Irradiance Multiplier: 0.55x
2026-03-26 21:06:41 | INFO |   Temp Multiplier: 1.03x
2026-03-26 21:06:41 | INFO |   Wind Multiplier: 1.05x
2026-03-26 21:06:41 | INFO |   Weather Multiplier: 1.00x
2026-03-26 21:06:41 | INFO |   Final Adjustment %: 7.50%
2026-03-26 21:06:41 | INFO |   Calculation: 0.587 MW * (1 + 7.50% / 100)
2026-03-26 21:06:41 | INFO |   Formula (expanded): raw=0.5868*(1+7.5000/100)=0.6308
2026-03-26 21:06:41 | INFO | --- FINAL RESULT ---
2026-03-26 21:06:41 | INFO | Raw Schedule (before smoothing): 0.631 MW
2026-03-26 21:06:41 | INFO | Final Scheduled MW: 0.631 MW
2026-03-26 21:06:41 | INFO | Deviation from Metered: -0.076 MW
2026-03-26 21:06:41 | INFO | --------------------------------------------------------------------------------
2026-03-26 21:06:41 | INFO | --------------------------------------------------------------------------------
2026-03-26 21:06:41 | INFO | BLOCK 32
2026-03-26 21:06:41 | INFO | --------------------------------------------------------------------------------
2026-03-26 21:06:41 | INFO | --- METERED DATA ---
2026-03-26 21:06:41 | INFO | Metered Value: NOT YET AVAILABLE
2026-03-26 21:06:41 | INFO | Last Two Metered Values (for trend): ['0.221', '0.319']
2026-03-26 21:06:41 | INFO | --- FORECAST DATA ---
2026-03-26 21:06:41 | INFO | Intraday Forecast (Enercast): 0.950 MW
2026-03-26 21:06:41 | INFO | Day-ahead Forecast (Enercast): 1.060 MW
2026-03-26 21:06:41 | INFO | Base Forecast (raw, before curtailment/shutdown): 0.945 MW
2026-03-26 21:06:41 | INFO | Base Forecast (used for schedule): 0.945 MW
2026-03-26 21:06:41 | INFO | Effective Base Forecast (after curtailment/shutdown): 0.945 MW
2026-03-26 21:06:41 | INFO | Base Blend Inputs: meter_ref=0.707 MW, meter_factor=1.000, meter_weight=0.020
2026-03-26 21:06:41 | INFO | Plant Status: NORMAL
2026-03-26 21:06:41 | INFO | Effective Base Forecast = Base Forecast (raw) = 0.945 MW
2026-03-26 21:06:41 | INFO | --- WEATHER PARAMETERS ---
2026-03-26 21:06:41 | INFO | GTI: 185.0 W/m^2
2026-03-26 21:06:41 | INFO | DHI: 58.0 W/m^2
2026-03-26 21:06:41 | INFO | DNI: 0.0 W/m^2
2026-03-26 21:06:41 | INFO | Irradiance Ratio (GTI/MAX_GTI): 0.193
2026-03-26 21:06:41 | INFO | Diffuse Ratio (current): 0.314
2026-03-26 21:06:41 | INFO | Irradiance State: OVERCAST
2026-03-26 21:06:41 | INFO | Temp @ 2m: 25.41 C
2026-03-26 21:06:41 | INFO | Wind @ 10m: 10.59 m/s
2026-03-26 21:06:41 | INFO | Weather State: NORMAL
2026-03-26 21:06:41 | INFO | Dynamic Thresholds: cloud_thr=0.0000, shift_thr=0.0000
2026-03-26 21:06:41 | INFO | Multipliers: irradiance=0.55x, temp=1.00x, wind=1.05x
2026-03-26 21:06:41 | INFO | Weather Multiplier (combined): 0.58x
2026-03-26 21:06:41 | INFO | Abrupt Weather Change Detected: False
2026-03-26 21:06:41 | INFO | --- TREND ANALYSIS ---
2026-03-26 21:06:41 | INFO | Trend series (oldest -> latest):
2026-03-26 21:06:41 | INFO |   Block 31: 0.707 MW (source: METERED)
2026-03-26 21:06:41 | INFO |   Block 30: 0.319 MW (source: METERED)
2026-03-26 21:06:41 | INFO |   Block 29: 0.221 MW (source: METERED)
2026-03-26 21:06:41 | INFO |   Block 28: 0.151 MW (source: METERED)
2026-03-26 21:06:41 | INFO | Trend values used for slope calc: B31=0.707(METERED), B30=0.319(METERED), B29=0.221(METERED), B28=0.151(METERED)
2026-03-26 21:06:41 | INFO | Detected Trend Type: INCREASING
2026-03-26 21:06:41 | INFO | Trend Slope Percentage: 625.49%
2026-03-26 21:06:41 | INFO | Trend EPS Threshold: 1.50%
2026-03-26 21:06:41 | INFO | --- SCHEDULE CALCULATION ---
2026-03-26 21:06:41 | INFO | Condition Applied: CONDITION_3
2026-03-26 21:06:41 | INFO | Effective Base Forecast Used for Adjustments: 0.945 MW
2026-03-26 21:06:41 | INFO | Condition-3 (Phase-6) Applied:
2026-03-26 21:06:41 | INFO |   Forecast Mismatch: Intraday (0.950) != Day-ahead (1.060)
2026-03-26 21:06:41 | INFO |   Operation: ADD
2026-03-26 21:06:41 | INFO |   Base Adjustment %: 7.50%
2026-03-26 21:06:41 | INFO |   Irradiance Multiplier: 0.55x
2026-03-26 21:06:41 | INFO |   Temp Multiplier: 1.00x
2026-03-26 21:06:41 | INFO |   Wind Multiplier: 1.05x
2026-03-26 21:06:41 | INFO |   Weather Multiplier: 0.58x
2026-03-26 21:06:41 | INFO |   Final Adjustment %: 4.33%
2026-03-26 21:06:41 | INFO |   Calculation: 0.945 MW * (1 + 4.33% / 100)
2026-03-26 21:06:41 | INFO |   Formula (expanded): raw=0.9451*(1+4.3313/100)=0.9861
2026-03-26 21:06:41 | INFO | --- FINAL RESULT ---
2026-03-26 21:06:41 | INFO | Raw Schedule (before smoothing): 0.986 MW
2026-03-26 21:06:41 | INFO | Final Scheduled MW: 0.986 MW
2026-03-26 21:06:41 | INFO | --------------------------------------------------------------------------------
2026-03-26 21:06:41 | INFO | --------------------------------------------------------------------------------
2026-03-26 21:06:41 | INFO | BLOCK 33
2026-03-26 21:06:41 | INFO | --------------------------------------------------------------------------------
2026-03-26 21:06:41 | INFO | --- METERED DATA ---
2026-03-26 21:06:41 | INFO | Metered Value: NOT YET AVAILABLE
2026-03-26 21:06:41 | INFO | Last Two Metered Values (for trend): ['0.221', '0.319']
2026-03-26 21:06:41 | INFO | --- FORECAST DATA ---
2026-03-26 21:06:41 | INFO | Intraday Forecast (Enercast): 1.240 MW
2026-03-26 21:06:41 | INFO | Day-ahead Forecast (Enercast): 1.330 MW
2026-03-26 21:06:41 | INFO | Base Forecast (raw, before curtailment/shutdown): 1.229 MW
2026-03-26 21:06:41 | INFO | Base Forecast (used for schedule): 1.229 MW
2026-03-26 21:06:41 | INFO | Effective Base Forecast (after curtailment/shutdown): 1.229 MW
2026-03-26 21:06:41 | INFO | Base Blend Inputs: meter_ref=0.707 MW, meter_factor=1.000, meter_weight=0.020
2026-03-26 21:06:41 | INFO | Plant Status: NORMAL
2026-03-26 21:06:41 | INFO | Effective Base Forecast = Base Forecast (raw) = 1.229 MW
2026-03-26 21:06:41 | INFO | --- WEATHER PARAMETERS ---
2026-03-26 21:06:41 | INFO | GTI: 249.0 W/m^2
2026-03-26 21:06:41 | INFO | DHI: 68.0 W/m^2
2026-03-26 21:06:41 | INFO | DNI: 0.0 W/m^2
2026-03-26 21:06:41 | INFO | Irradiance Ratio (GTI/MAX_GTI): 0.260
2026-03-26 21:06:41 | INFO | Diffuse Ratio (current): 0.273
2026-03-26 21:06:41 | INFO | Irradiance State: CLOUD_TRANSIENT
2026-03-26 21:06:41 | INFO | Temp @ 2m: 26.21 C
2026-03-26 21:06:41 | INFO | Wind @ 10m: 11.62 m/s
2026-03-26 21:06:41 | INFO | Weather State: NORMAL
2026-03-26 21:06:41 | INFO | Dynamic Thresholds: cloud_thr=0.0000, shift_thr=0.0000
2026-03-26 21:06:41 | INFO | Multipliers: irradiance=0.70x, temp=1.00x, wind=1.05x
2026-03-26 21:06:41 | INFO | Weather Multiplier (combined): 0.73x
2026-03-26 21:06:41 | INFO | Abrupt Weather Change Detected: False
2026-03-26 21:06:41 | INFO | --- TREND ANALYSIS ---
2026-03-26 21:06:41 | INFO | Trend series (oldest -> latest):
2026-03-26 21:06:41 | INFO |   Block 32: 0.950 MW (source: INTRADAY_FALLBACK)
2026-03-26 21:06:41 | INFO |   Block 31: 0.707 MW (source: METERED)
2026-03-26 21:06:41 | INFO |   Block 30: 0.319 MW (source: METERED)
2026-03-26 21:06:41 | INFO |   Block 29: 0.221 MW (source: METERED)
2026-03-26 21:06:41 | INFO | Trend values used for slope calc: B32=0.950(INTRADAY_FALLBACK), B31=0.707(METERED), B30=0.319(METERED), B29=0.221(METERED)
2026-03-26 21:06:41 | INFO | Detected Trend Type: INCREASING
2026-03-26 21:06:41 | INFO | Trend Slope Percentage: 472.49%
2026-03-26 21:06:41 | INFO | Trend EPS Threshold: 1.50%
2026-03-26 21:06:41 | INFO | --- SCHEDULE CALCULATION ---
2026-03-26 21:06:41 | INFO | Condition Applied: CONDITION_3
2026-03-26 21:06:41 | INFO | Effective Base Forecast Used for Adjustments: 1.229 MW
2026-03-26 21:06:41 | INFO | Condition-3 (Phase-6) Applied:
2026-03-26 21:06:41 | INFO |   Forecast Mismatch: Intraday (1.240) != Day-ahead (1.330)
2026-03-26 21:06:41 | INFO |   Operation: ADD
2026-03-26 21:06:41 | INFO |   Base Adjustment %: 7.50%
2026-03-26 21:06:41 | INFO |   Irradiance Multiplier: 0.70x
2026-03-26 21:06:41 | INFO |   Temp Multiplier: 1.00x
2026-03-26 21:06:41 | INFO |   Wind Multiplier: 1.05x
2026-03-26 21:06:41 | INFO |   Weather Multiplier: 0.73x
2026-03-26 21:06:41 | INFO |   Final Adjustment %: 5.51%
2026-03-26 21:06:41 | INFO |   Calculation: 1.229 MW * (1 + 5.51% / 100)
2026-03-26 21:06:41 | INFO |   Formula (expanded): raw=1.2293*(1+5.5125/100)=1.2971
2026-03-26 21:06:41 | INFO | --- FINAL RESULT ---
2026-03-26 21:06:41 | INFO | Raw Schedule (before smoothing): 1.297 MW
2026-03-26 21:06:41 | INFO | Final Scheduled MW: 1.297 MW
2026-03-26 21:06:41 | INFO | --------------------------------------------------------------------------------
2026-03-26 21:06:42 | INFO | --------------------------------------------------------------------------------
2026-03-26 21:06:42 | INFO | BLOCK 34
2026-03-26 21:06:42 | INFO | --------------------------------------------------------------------------------
2026-03-26 21:06:42 | INFO | --- METERED DATA ---
2026-03-26 21:06:42 | INFO | Metered Value: NOT YET AVAILABLE
2026-03-26 21:06:42 | INFO | Last Two Metered Values (for trend): ['0.221', '0.319']
2026-03-26 21:06:42 | INFO | --- FORECAST DATA ---
2026-03-26 21:06:42 | INFO | Intraday Forecast (Enercast): 1.560 MW
2026-03-26 21:06:42 | INFO | Day-ahead Forecast (Enercast): 1.620 MW
2026-03-26 21:06:42 | INFO | Base Forecast (raw, before curtailment/shutdown): 1.543 MW
2026-03-26 21:06:42 | INFO | Base Forecast (used for schedule): 1.543 MW
2026-03-26 21:06:42 | INFO | Effective Base Forecast (after curtailment/shutdown): 1.543 MW
2026-03-26 21:06:42 | INFO | Base Blend Inputs: meter_ref=0.707 MW, meter_factor=1.000, meter_weight=0.020
2026-03-26 21:06:42 | INFO | Plant Status: NORMAL
2026-03-26 21:06:42 | INFO | Effective Base Forecast = Base Forecast (raw) = 1.543 MW
2026-03-26 21:06:42 | INFO | --- WEATHER PARAMETERS ---
2026-03-26 21:06:42 | INFO | GTI: 312.0 W/m^2
2026-03-26 21:06:42 | INFO | DHI: 76.0 W/m^2
2026-03-26 21:06:42 | INFO | DNI: 0.0 W/m^2
2026-03-26 21:06:42 | INFO | Irradiance Ratio (GTI/MAX_GTI): 0.325
2026-03-26 21:06:42 | INFO | Diffuse Ratio (current): 0.244
2026-03-26 21:06:42 | INFO | Irradiance State: CLOUD_TRANSIENT
2026-03-26 21:06:42 | INFO | Temp @ 2m: 27.01 C
2026-03-26 21:06:42 | INFO | Wind @ 10m: 12.43 m/s
2026-03-26 21:06:42 | INFO | Weather State: NORMAL
2026-03-26 21:06:42 | INFO | Dynamic Thresholds: cloud_thr=0.0000, shift_thr=0.0000
2026-03-26 21:06:42 | INFO | Multipliers: irradiance=0.70x, temp=1.00x, wind=1.05x
2026-03-26 21:06:42 | INFO | Weather Multiplier (combined): 0.73x
2026-03-26 21:06:42 | INFO | Abrupt Weather Change Detected: False
2026-03-26 21:06:42 | INFO | --- TREND ANALYSIS ---
2026-03-26 21:06:42 | INFO | Trend series (oldest -> latest):
2026-03-26 21:06:42 | INFO |   Block 33: 1.240 MW (source: INTRADAY_FALLBACK)
2026-03-26 21:06:42 | INFO |   Block 32: 0.950 MW (source: INTRADAY_FALLBACK)
2026-03-26 21:06:42 | INFO |   Block 31: 0.707 MW (source: METERED)
2026-03-26 21:06:42 | INFO |   Block 30: 0.319 MW (source: METERED)
2026-03-26 21:06:42 | INFO | Trend values used for slope calc: B33=1.240(INTRADAY_FALLBACK), B32=0.950(INTRADAY_FALLBACK), B31=0.707(METERED), B30=0.319(METERED)
2026-03-26 21:06:42 | INFO | Detected Trend Type: INCREASING
2026-03-26 21:06:42 | INFO | Trend Slope Percentage: 255.18%
2026-03-26 21:06:42 | INFO | Trend EPS Threshold: 1.50%
2026-03-26 21:06:42 | INFO | --- SCHEDULE CALCULATION ---
2026-03-26 21:06:42 | INFO | Condition Applied: CONDITION_3
2026-03-26 21:06:42 | INFO | Effective Base Forecast Used for Adjustments: 1.543 MW
2026-03-26 21:06:42 | INFO | Condition-3 (Phase-6) Applied:
2026-03-26 21:06:42 | INFO |   Forecast Mismatch: Intraday (1.560) != Day-ahead (1.620)
2026-03-26 21:06:42 | INFO |   Operation: ADD
2026-03-26 21:06:42 | INFO |   Base Adjustment %: 7.50%
2026-03-26 21:06:42 | INFO |   Irradiance Multiplier: 0.70x
2026-03-26 21:06:42 | INFO |   Temp Multiplier: 1.00x
2026-03-26 21:06:42 | INFO |   Wind Multiplier: 1.05x
2026-03-26 21:06:42 | INFO |   Weather Multiplier: 0.73x
2026-03-26 21:06:42 | INFO |   Final Adjustment %: 5.51%
2026-03-26 21:06:42 | INFO |   Calculation: 1.543 MW * (1 + 5.51% / 100)
2026-03-26 21:06:42 | INFO |   Formula (expanded): raw=1.5429*(1+5.5125/100)=1.6280
2026-03-26 21:06:42 | INFO | --- FINAL RESULT ---
2026-03-26 21:06:42 | INFO | Raw Schedule (before smoothing): 1.628 MW
2026-03-26 21:06:42 | INFO | Final Scheduled MW: 1.628 MW
2026-03-26 21:06:42 | INFO | --------------------------------------------------------------------------------
2026-03-26 21:06:42 | INFO | --------------------------------------------------------------------------------
2026-03-26 21:06:42 | INFO | BLOCK 35
2026-03-26 21:06:42 | INFO | --------------------------------------------------------------------------------
2026-03-26 21:06:42 | INFO | --- METERED DATA ---
2026-03-26 21:06:42 | INFO | Metered Value: NOT YET AVAILABLE
2026-03-26 21:06:42 | INFO | Last Two Metered Values (for trend): ['0.221', '0.319']
2026-03-26 21:06:42 | INFO | --- FORECAST DATA ---
2026-03-26 21:06:42 | INFO | Intraday Forecast (Enercast): 1.840 MW
2026-03-26 21:06:42 | INFO | Day-ahead Forecast (Enercast): 1.900 MW
2026-03-26 21:06:42 | INFO | Base Forecast (raw, before curtailment/shutdown): 1.817 MW
2026-03-26 21:06:42 | INFO | Base Forecast (used for schedule): 1.817 MW
2026-03-26 21:06:42 | INFO | Effective Base Forecast (after curtailment/shutdown): 1.817 MW
2026-03-26 21:06:42 | INFO | Base Blend Inputs: meter_ref=0.707 MW, meter_factor=1.000, meter_weight=0.020
2026-03-26 21:06:42 | INFO | Plant Status: NORMAL
2026-03-26 21:06:42 | INFO | Effective Base Forecast = Base Forecast (raw) = 1.817 MW
2026-03-26 21:06:42 | INFO | --- WEATHER PARAMETERS ---
2026-03-26 21:06:42 | INFO | GTI: 372.0 W/m^2
2026-03-26 21:06:42 | INFO | DHI: 83.0 W/m^2
2026-03-26 21:06:42 | INFO | DNI: 0.0 W/m^2
2026-03-26 21:06:42 | INFO | Irradiance Ratio (GTI/MAX_GTI): 0.388
2026-03-26 21:06:42 | INFO | Diffuse Ratio (current): 0.223
2026-03-26 21:06:42 | INFO | Irradiance State: CLOUD_TRANSIENT
2026-03-26 21:06:42 | INFO | Temp @ 2m: 27.71 C
2026-03-26 21:06:42 | INFO | Wind @ 10m: 13.05 m/s
2026-03-26 21:06:42 | INFO | Weather State: NORMAL
2026-03-26 21:06:42 | INFO | Dynamic Thresholds: cloud_thr=0.0000, shift_thr=0.0000
2026-03-26 21:06:42 | INFO | Multipliers: irradiance=0.70x, temp=1.00x, wind=1.05x
2026-03-26 21:06:42 | INFO | Weather Multiplier (combined): 0.73x
2026-03-26 21:06:42 | INFO | Abrupt Weather Change Detected: False
2026-03-26 21:06:42 | INFO | --- TREND ANALYSIS ---
2026-03-26 21:06:42 | INFO | Trend series (oldest -> latest):
2026-03-26 21:06:42 | INFO |   Block 34: 1.560 MW (source: INTRADAY_FALLBACK)
2026-03-26 21:06:42 | INFO |   Block 33: 1.240 MW (source: INTRADAY_FALLBACK)
2026-03-26 21:06:42 | INFO |   Block 32: 0.950 MW (source: INTRADAY_FALLBACK)
2026-03-26 21:06:42 | INFO |   Block 31: 0.707 MW (source: METERED)
2026-03-26 21:06:42 | INFO | Trend values used for slope calc: B34=1.560(INTRADAY_FALLBACK), B33=1.240(INTRADAY_FALLBACK), B32=0.950(INTRADAY_FALLBACK), B31=0.707(METERED)
2026-03-26 21:06:42 | INFO | Detected Trend Type: INCREASING
2026-03-26 21:06:42 | INFO | Trend Slope Percentage: 124.49%
2026-03-26 21:06:42 | INFO | Trend EPS Threshold: 1.50%
2026-03-26 21:06:42 | INFO | --- SCHEDULE CALCULATION ---
2026-03-26 21:06:42 | INFO | Condition Applied: CONDITION_3
2026-03-26 21:06:42 | INFO | Effective Base Forecast Used for Adjustments: 1.817 MW
2026-03-26 21:06:42 | INFO | Condition-3 (Phase-6) Applied:
2026-03-26 21:06:42 | INFO |   Forecast Mismatch: Intraday (1.840) != Day-ahead (1.900)
2026-03-26 21:06:42 | INFO |   Operation: ADD
2026-03-26 21:06:42 | INFO |   Base Adjustment %: 7.50%
2026-03-26 21:06:42 | INFO |   Irradiance Multiplier: 0.70x
2026-03-26 21:06:42 | INFO |   Temp Multiplier: 1.00x
2026-03-26 21:06:42 | INFO |   Wind Multiplier: 1.05x
2026-03-26 21:06:42 | INFO |   Weather Multiplier: 0.73x
2026-03-26 21:06:42 | INFO |   Final Adjustment %: 5.51%
2026-03-26 21:06:42 | INFO |   Calculation: 1.817 MW * (1 + 5.51% / 100)
2026-03-26 21:06:42 | INFO |   Formula (expanded): raw=1.8173*(1+5.5125/100)=1.9175
2026-03-26 21:06:42 | INFO | --- FINAL RESULT ---
2026-03-26 21:06:42 | INFO | Raw Schedule (before smoothing): 1.918 MW
2026-03-26 21:06:42 | INFO | Final Scheduled MW: 1.918 MW
2026-03-26 21:06:42 | INFO | --------------------------------------------------------------------------------
2026-03-26 21:06:42 | INFO | --------------------------------------------------------------------------------
2026-03-26 21:06:42 | INFO | BLOCK 36
2026-03-26 21:06:42 | INFO | --------------------------------------------------------------------------------
2026-03-26 21:06:42 | INFO | --- METERED DATA ---
2026-03-26 21:06:42 | INFO | Metered Value: NOT YET AVAILABLE
2026-03-26 21:06:42 | INFO | Last Two Metered Values (for trend): ['0.221', '0.319']
2026-03-26 21:06:42 | INFO | --- FORECAST DATA ---
2026-03-26 21:06:42 | INFO | Intraday Forecast (Enercast): 2.110 MW
2026-03-26 21:06:42 | INFO | Day-ahead Forecast (Enercast): 2.170 MW
2026-03-26 21:06:42 | INFO | Base Forecast (raw, before curtailment/shutdown): 2.082 MW
2026-03-26 21:06:42 | INFO | Base Forecast (used for schedule): 2.082 MW
2026-03-26 21:06:42 | INFO | Effective Base Forecast (after curtailment/shutdown): 2.082 MW
2026-03-26 21:06:42 | INFO | Base Blend Inputs: meter_ref=0.707 MW, meter_factor=1.000, meter_weight=0.020
2026-03-26 21:06:42 | INFO | Plant Status: NORMAL
2026-03-26 21:06:42 | INFO | Effective Base Forecast = Base Forecast (raw) = 2.082 MW
2026-03-26 21:06:42 | INFO | --- WEATHER PARAMETERS ---
2026-03-26 21:06:42 | INFO | GTI: 430.0 W/m^2
2026-03-26 21:06:42 | INFO | DHI: 88.0 W/m^2
2026-03-26 21:06:42 | INFO | DNI: 0.0 W/m^2
2026-03-26 21:06:42 | INFO | Irradiance Ratio (GTI/MAX_GTI): 0.448
2026-03-26 21:06:42 | INFO | Diffuse Ratio (current): 0.205
2026-03-26 21:06:42 | INFO | Irradiance State: CLOUD_TRANSIENT
2026-03-26 21:06:42 | INFO | Temp @ 2m: 28.31 C
2026-03-26 21:06:42 | INFO | Wind @ 10m: 12.88 m/s
2026-03-26 21:06:42 | INFO | Weather State: NORMAL
2026-03-26 21:06:42 | INFO | Dynamic Thresholds: cloud_thr=0.0000, shift_thr=0.0000
2026-03-26 21:06:42 | INFO | Multipliers: irradiance=0.70x, temp=1.00x, wind=1.05x
2026-03-26 21:06:42 | INFO | Weather Multiplier (combined): 0.73x
2026-03-26 21:06:42 | INFO | Abrupt Weather Change Detected: False
2026-03-26 21:06:42 | INFO | --- TREND ANALYSIS ---
2026-03-26 21:06:42 | INFO | Trend series (oldest -> latest):
2026-03-26 21:06:42 | INFO |   Block 35: 1.840 MW (source: INTRADAY_FALLBACK)
2026-03-26 21:06:42 | INFO |   Block 34: 1.560 MW (source: INTRADAY_FALLBACK)
2026-03-26 21:06:42 | INFO |   Block 33: 1.240 MW (source: INTRADAY_FALLBACK)
2026-03-26 21:06:42 | INFO |   Block 32: 0.950 MW (source: INTRADAY_FALLBACK)
2026-03-26 21:06:42 | INFO | Trend values used for slope calc: B35=1.840(INTRADAY_FALLBACK), B34=1.560(INTRADAY_FALLBACK), B33=1.240(INTRADAY_FALLBACK), B32=0.950(INTRADAY_FALLBACK)
2026-03-26 21:06:42 | INFO | Detected Trend Type: INCREASING
2026-03-26 21:06:42 | INFO | Trend Slope Percentage: 94.52%
2026-03-26 21:06:42 | INFO | Trend EPS Threshold: 1.50%
2026-03-26 21:06:42 | INFO | --- SCHEDULE CALCULATION ---
2026-03-26 21:06:42 | INFO | Condition Applied: CONDITION_3
2026-03-26 21:06:42 | INFO | Effective Base Forecast Used for Adjustments: 2.082 MW
2026-03-26 21:06:42 | INFO | Condition-3 (Phase-6) Applied:
2026-03-26 21:06:42 | INFO |   Forecast Mismatch: Intraday (2.110) != Day-ahead (2.170)
2026-03-26 21:06:42 | INFO |   Operation: ADD
2026-03-26 21:06:42 | INFO |   Base Adjustment %: 7.50%
2026-03-26 21:06:42 | INFO |   Irradiance Multiplier: 0.70x
2026-03-26 21:06:42 | INFO |   Temp Multiplier: 1.00x
2026-03-26 21:06:42 | INFO |   Wind Multiplier: 1.05x
2026-03-26 21:06:42 | INFO |   Weather Multiplier: 0.73x
2026-03-26 21:06:42 | INFO |   Final Adjustment %: 5.51%
2026-03-26 21:06:42 | INFO |   Calculation: 2.082 MW * (1 + 5.51% / 100)
2026-03-26 21:06:42 | INFO |   Formula (expanded): raw=2.0819*(1+5.5125/100)=2.1967
2026-03-26 21:06:42 | INFO | --- FINAL RESULT ---
2026-03-26 21:06:42 | INFO | Raw Schedule (before smoothing): 2.197 MW
2026-03-26 21:06:42 | INFO | Final Scheduled MW: 2.197 MW
2026-03-26 21:06:42 | INFO | --------------------------------------------------------------------------------
2026-03-26 21:06:42 | INFO | --------------------------------------------------------------------------------
2026-03-26 21:06:42 | INFO | BLOCK 37
2026-03-26 21:06:42 | INFO | --------------------------------------------------------------------------------
2026-03-26 21:06:42 | INFO | --- METERED DATA ---
2026-03-26 21:06:42 | INFO | Metered Value: NOT YET AVAILABLE
2026-03-26 21:06:42 | INFO | Last Two Metered Values (for trend): ['0.221', '0.319']
2026-03-26 21:06:42 | INFO | --- FORECAST DATA ---
2026-03-26 21:06:42 | INFO | Intraday Forecast (Enercast): 2.370 MW
2026-03-26 21:06:42 | INFO | Day-ahead Forecast (Enercast): 2.430 MW
2026-03-26 21:06:42 | INFO | Base Forecast (raw, before curtailment/shutdown): 2.337 MW
2026-03-26 21:06:42 | INFO | Base Forecast (used for schedule): 2.337 MW
2026-03-26 21:06:42 | INFO | Effective Base Forecast (after curtailment/shutdown): 2.337 MW
2026-03-26 21:06:42 | INFO | Base Blend Inputs: meter_ref=0.707 MW, meter_factor=1.000, meter_weight=0.020
2026-03-26 21:06:42 | INFO | Plant Status: NORMAL
2026-03-26 21:06:42 | INFO | Effective Base Forecast = Base Forecast (raw) = 2.337 MW
2026-03-26 21:06:42 | INFO | --- WEATHER PARAMETERS ---
2026-03-26 21:06:42 | INFO | GTI: 487.0 W/m^2
2026-03-26 21:06:42 | INFO | DHI: 91.0 W/m^2
2026-03-26 21:06:42 | INFO | DNI: 0.0 W/m^2
2026-03-26 21:06:42 | INFO | Irradiance Ratio (GTI/MAX_GTI): 0.508
2026-03-26 21:06:42 | INFO | Diffuse Ratio (current): 0.187
2026-03-26 21:06:42 | INFO | Irradiance State: VARIABLE_CLEAR
2026-03-26 21:06:42 | INFO | Temp @ 2m: 28.86 C
2026-03-26 21:06:42 | INFO | Wind @ 10m: 12.56 m/s
2026-03-26 21:06:42 | INFO | Weather State: NORMAL
2026-03-26 21:06:42 | INFO | Dynamic Thresholds: cloud_thr=0.0000, shift_thr=0.0000
2026-03-26 21:06:42 | INFO | Multipliers: irradiance=1.00x, temp=1.00x, wind=1.05x
2026-03-26 21:06:42 | INFO | Weather Multiplier (combined): 1.05x
2026-03-26 21:06:42 | INFO | Abrupt Weather Change Detected: False
2026-03-26 21:06:42 | INFO | --- TREND ANALYSIS ---
2026-03-26 21:06:42 | INFO | Trend series (oldest -> latest):
2026-03-26 21:06:42 | INFO |   Block 36: 2.110 MW (source: INTRADAY_FALLBACK)
2026-03-26 21:06:42 | INFO |   Block 35: 1.840 MW (source: INTRADAY_FALLBACK)
2026-03-26 21:06:42 | INFO |   Block 34: 1.560 MW (source: INTRADAY_FALLBACK)
2026-03-26 21:06:42 | INFO |   Block 33: 1.240 MW (source: INTRADAY_FALLBACK)
2026-03-26 21:06:42 | INFO | Trend values used for slope calc: B36=2.110(INTRADAY_FALLBACK), B35=1.840(INTRADAY_FALLBACK), B34=1.560(INTRADAY_FALLBACK), B33=1.240(INTRADAY_FALLBACK)
2026-03-26 21:06:42 | INFO | Detected Trend Type: INCREASING
2026-03-26 21:06:42 | INFO | Trend Slope Percentage: 69.14%
2026-03-26 21:06:42 | INFO | Trend EPS Threshold: 1.50%
2026-03-26 21:06:42 | INFO | --- SCHEDULE CALCULATION ---
2026-03-26 21:06:42 | INFO | Condition Applied: CONDITION_3
2026-03-26 21:06:42 | INFO | Effective Base Forecast Used for Adjustments: 2.337 MW
2026-03-26 21:06:42 | INFO | Condition-3 (Phase-6) Applied:
2026-03-26 21:06:42 | INFO |   Forecast Mismatch: Intraday (2.370) != Day-ahead (2.430)
2026-03-26 21:06:42 | INFO |   Operation: ADD
2026-03-26 21:06:42 | INFO |   Base Adjustment %: 7.50%
2026-03-26 21:06:42 | INFO |   Irradiance Multiplier: 1.00x
2026-03-26 21:06:42 | INFO |   Temp Multiplier: 1.00x
2026-03-26 21:06:42 | INFO |   Wind Multiplier: 1.05x
2026-03-26 21:06:42 | INFO |   Weather Multiplier: 1.05x
2026-03-26 21:06:42 | INFO |   Final Adjustment %: 7.88%
2026-03-26 21:06:42 | INFO |   Calculation: 2.337 MW * (1 + 7.88% / 100)
2026-03-26 21:06:42 | INFO |   Formula (expanded): raw=2.3367*(1+7.8750/100)=2.5208
2026-03-26 21:06:42 | INFO | --- FINAL RESULT ---
2026-03-26 21:06:42 | INFO | Raw Schedule (before smoothing): 2.521 MW
2026-03-26 21:06:42 | INFO | Final Scheduled MW: 2.521 MW
2026-03-26 21:06:42 | INFO | --------------------------------------------------------------------------------
2026-03-26 21:06:42 | INFO | --------------------------------------------------------------------------------
2026-03-26 21:06:42 | INFO | BLOCK 38
2026-03-26 21:06:42 | INFO | --------------------------------------------------------------------------------
2026-03-26 21:06:42 | INFO | --- METERED DATA ---
2026-03-26 21:06:42 | INFO | Metered Value: NOT YET AVAILABLE
2026-03-26 21:06:42 | INFO | Last Two Metered Values (for trend): ['0.221', '0.319']
2026-03-26 21:06:42 | INFO | --- FORECAST DATA ---
2026-03-26 21:06:42 | INFO | Intraday Forecast (Enercast): 2.630 MW
2026-03-26 21:06:42 | INFO | Day-ahead Forecast (Enercast): 2.680 MW
2026-03-26 21:06:42 | INFO | Base Forecast (raw, before curtailment/shutdown): 2.592 MW
2026-03-26 21:06:42 | INFO | Base Forecast (used for schedule): 2.592 MW
2026-03-26 21:06:42 | INFO | Effective Base Forecast (after curtailment/shutdown): 2.592 MW
2026-03-26 21:06:42 | INFO | Base Blend Inputs: meter_ref=0.707 MW, meter_factor=1.000, meter_weight=0.020
2026-03-26 21:06:42 | INFO | Plant Status: NORMAL
2026-03-26 21:06:42 | INFO | Effective Base Forecast = Base Forecast (raw) = 2.592 MW
2026-03-26 21:06:42 | INFO | --- WEATHER PARAMETERS ---
2026-03-26 21:06:42 | INFO | GTI: 543.0 W/m^2
2026-03-26 21:06:42 | INFO | DHI: 95.0 W/m^2
2026-03-26 21:06:42 | INFO | DNI: 0.0 W/m^2
2026-03-26 21:06:42 | INFO | Irradiance Ratio (GTI/MAX_GTI): 0.566
2026-03-26 21:06:42 | INFO | Diffuse Ratio (current): 0.175
2026-03-26 21:06:42 | INFO | Irradiance State: VARIABLE_CLEAR
2026-03-26 21:06:42 | INFO | Temp @ 2m: 29.36 C
2026-03-26 21:06:42 | INFO | Wind @ 10m: 11.92 m/s
2026-03-26 21:06:42 | INFO | Weather State: NORMAL
2026-03-26 21:06:42 | INFO | Dynamic Thresholds: cloud_thr=0.0000, shift_thr=0.0000
2026-03-26 21:06:42 | INFO | Multipliers: irradiance=1.00x, temp=1.00x, wind=1.05x
2026-03-26 21:06:42 | INFO | Weather Multiplier (combined): 1.05x
2026-03-26 21:06:42 | INFO | Abrupt Weather Change Detected: False
2026-03-26 21:06:42 | INFO | --- TREND ANALYSIS ---
2026-03-26 21:06:42 | INFO | Trend series (oldest -> latest):
2026-03-26 21:06:42 | INFO |   Block 37: 2.370 MW (source: INTRADAY_FALLBACK)
2026-03-26 21:06:42 | INFO |   Block 36: 2.110 MW (source: INTRADAY_FALLBACK)
2026-03-26 21:06:42 | INFO |   Block 35: 1.840 MW (source: INTRADAY_FALLBACK)
2026-03-26 21:06:42 | INFO |   Block 34: 1.560 MW (source: INTRADAY_FALLBACK)
2026-03-26 21:06:42 | INFO | Trend values used for slope calc: B37=2.370(INTRADAY_FALLBACK), B36=2.110(INTRADAY_FALLBACK), B35=1.840(INTRADAY_FALLBACK), B34=1.560(INTRADAY_FALLBACK)
2026-03-26 21:06:42 | INFO | Detected Trend Type: INCREASING
2026-03-26 21:06:42 | INFO | Trend Slope Percentage: 51.76%
2026-03-26 21:06:42 | INFO | Trend EPS Threshold: 1.50%
2026-03-26 21:06:42 | INFO | --- SCHEDULE CALCULATION ---
2026-03-26 21:06:42 | INFO | Condition Applied: CONDITION_3
2026-03-26 21:06:42 | INFO | Effective Base Forecast Used for Adjustments: 2.592 MW
2026-03-26 21:06:42 | INFO | Condition-3 (Phase-6) Applied:
2026-03-26 21:06:42 | INFO |   Forecast Mismatch: Intraday (2.630) != Day-ahead (2.680)
2026-03-26 21:06:42 | INFO |   Operation: ADD
2026-03-26 21:06:42 | INFO |   Base Adjustment %: 7.50%
2026-03-26 21:06:42 | INFO |   Irradiance Multiplier: 1.00x
2026-03-26 21:06:42 | INFO |   Temp Multiplier: 1.00x
2026-03-26 21:06:42 | INFO |   Wind Multiplier: 1.05x
2026-03-26 21:06:42 | INFO |   Weather Multiplier: 1.05x
2026-03-26 21:06:42 | INFO |   Final Adjustment %: 7.88%
2026-03-26 21:06:42 | INFO |   Calculation: 2.592 MW * (1 + 7.88% / 100)
2026-03-26 21:06:42 | INFO |   Formula (expanded): raw=2.5915*(1+7.8750/100)=2.7956
2026-03-26 21:06:42 | INFO | --- FINAL RESULT ---
2026-03-26 21:06:42 | INFO | Raw Schedule (before smoothing): 2.796 MW
2026-03-26 21:06:42 | INFO | Final Scheduled MW: 2.796 MW
2026-03-26 21:06:42 | INFO | --------------------------------------------------------------------------------
2026-03-26 21:06:42 | INFO | --------------------------------------------------------------------------------
2026-03-26 21:06:42 | INFO | BLOCK 39
2026-03-26 21:06:42 | INFO | --------------------------------------------------------------------------------
2026-03-26 21:06:42 | INFO | --- METERED DATA ---
2026-03-26 21:06:42 | INFO | Metered Value: NOT YET AVAILABLE
2026-03-26 21:06:42 | INFO | Last Two Metered Values (for trend): ['0.221', '0.319']
2026-03-26 21:06:42 | INFO | --- FORECAST DATA ---
2026-03-26 21:06:42 | INFO | Intraday Forecast (Enercast): 2.860 MW
2026-03-26 21:06:42 | INFO | Day-ahead Forecast (Enercast): 2.910 MW
2026-03-26 21:06:42 | INFO | Base Forecast (raw, before curtailment/shutdown): 2.817 MW
2026-03-26 21:06:42 | INFO | Base Forecast (used for schedule): 2.817 MW
2026-03-26 21:06:42 | INFO | Effective Base Forecast (after curtailment/shutdown): 2.817 MW
2026-03-26 21:06:42 | INFO | Base Blend Inputs: meter_ref=0.707 MW, meter_factor=1.000, meter_weight=0.020
2026-03-26 21:06:42 | INFO | Plant Status: NORMAL
2026-03-26 21:06:42 | INFO | Effective Base Forecast = Base Forecast (raw) = 2.817 MW
2026-03-26 21:06:42 | INFO | --- WEATHER PARAMETERS ---
2026-03-26 21:06:42 | INFO | GTI: 597.0 W/m^2
2026-03-26 21:06:42 | INFO | DHI: 99.0 W/m^2
2026-03-26 21:06:42 | INFO | DNI: 0.0 W/m^2
2026-03-26 21:06:42 | INFO | Irradiance Ratio (GTI/MAX_GTI): 0.623
2026-03-26 21:06:42 | INFO | Diffuse Ratio (current): 0.166
2026-03-26 21:06:42 | INFO | Irradiance State: VARIABLE_CLEAR
2026-03-26 21:06:42 | INFO | Temp @ 2m: 29.81 C
2026-03-26 21:06:42 | INFO | Wind @ 10m: 11.44 m/s
2026-03-26 21:06:42 | INFO | Weather State: NORMAL
2026-03-26 21:06:42 | INFO | Dynamic Thresholds: cloud_thr=0.0000, shift_thr=0.0000
2026-03-26 21:06:42 | INFO | Multipliers: irradiance=1.00x, temp=1.00x, wind=1.05x
2026-03-26 21:06:42 | INFO | Weather Multiplier (combined): 1.05x
2026-03-26 21:06:42 | INFO | Abrupt Weather Change Detected: False
2026-03-26 21:06:42 | INFO | --- TREND ANALYSIS ---
2026-03-26 21:06:42 | INFO | Trend series (oldest -> latest):
2026-03-26 21:06:42 | INFO |   Block 38: 2.630 MW (source: INTRADAY_FALLBACK)
2026-03-26 21:06:42 | INFO |   Block 37: 2.370 MW (source: INTRADAY_FALLBACK)
2026-03-26 21:06:42 | INFO |   Block 36: 2.110 MW (source: INTRADAY_FALLBACK)
2026-03-26 21:06:42 | INFO |   Block 35: 1.840 MW (source: INTRADAY_FALLBACK)
2026-03-26 21:06:42 | INFO | Trend values used for slope calc: B38=2.630(INTRADAY_FALLBACK), B37=2.370(INTRADAY_FALLBACK), B36=2.110(INTRADAY_FALLBACK), B35=1.840(INTRADAY_FALLBACK)
2026-03-26 21:06:42 | INFO | Detected Trend Type: INCREASING
2026-03-26 21:06:42 | INFO | Trend Slope Percentage: 42.81%
2026-03-26 21:06:42 | INFO | Trend EPS Threshold: 1.50%
2026-03-26 21:06:42 | INFO | --- SCHEDULE CALCULATION ---
2026-03-26 21:06:42 | INFO | Condition Applied: CONDITION_3
2026-03-26 21:06:42 | INFO | Effective Base Forecast Used for Adjustments: 2.817 MW
2026-03-26 21:06:42 | INFO | Condition-3 (Phase-6) Applied:
2026-03-26 21:06:42 | INFO |   Forecast Mismatch: Intraday (2.860) != Day-ahead (2.910)
2026-03-26 21:06:42 | INFO |   Operation: ADD
2026-03-26 21:06:42 | INFO |   Base Adjustment %: 7.50%
2026-03-26 21:06:42 | INFO |   Irradiance Multiplier: 1.00x
2026-03-26 21:06:42 | INFO |   Temp Multiplier: 1.00x
2026-03-26 21:06:42 | INFO |   Wind Multiplier: 1.05x
2026-03-26 21:06:42 | INFO |   Weather Multiplier: 1.05x
2026-03-26 21:06:42 | INFO |   Final Adjustment %: 7.88%
2026-03-26 21:06:42 | INFO |   Calculation: 2.817 MW * (1 + 7.88% / 100)
2026-03-26 21:06:42 | INFO |   Formula (expanded): raw=2.8169*(1+7.8750/100)=3.0388
2026-03-26 21:06:42 | INFO | --- FINAL RESULT ---
2026-03-26 21:06:42 | INFO | Raw Schedule (before smoothing): 3.039 MW
2026-03-26 21:06:42 | INFO | Final Scheduled MW: 3.039 MW
2026-03-26 21:06:42 | INFO | --------------------------------------------------------------------------------
2026-03-26 21:06:42 | INFO | --------------------------------------------------------------------------------
2026-03-26 21:06:42 | INFO | BLOCK 40
2026-03-26 21:06:42 | INFO | --------------------------------------------------------------------------------
2026-03-26 21:06:42 | INFO | --- METERED DATA ---
2026-03-26 21:06:42 | INFO | Metered Value: NOT YET AVAILABLE
2026-03-26 21:06:42 | INFO | Last Two Metered Values (for trend): ['0.221', '0.319']
2026-03-26 21:06:42 | INFO | --- FORECAST DATA ---
2026-03-26 21:06:42 | INFO | Intraday Forecast (Enercast): 3.080 MW
2026-03-26 21:06:42 | INFO | Day-ahead Forecast (Enercast): 3.120 MW
2026-03-26 21:06:42 | INFO | Base Forecast (raw, before curtailment/shutdown): 3.033 MW
2026-03-26 21:06:42 | INFO | Base Forecast (used for schedule): 3.033 MW
2026-03-26 21:06:42 | INFO | Effective Base Forecast (after curtailment/shutdown): 3.033 MW
2026-03-26 21:06:42 | INFO | Base Blend Inputs: meter_ref=0.707 MW, meter_factor=1.000, meter_weight=0.020
2026-03-26 21:06:42 | INFO | Plant Status: NORMAL
2026-03-26 21:06:42 | INFO | Effective Base Forecast = Base Forecast (raw) = 3.033 MW
2026-03-26 21:06:42 | INFO | --- WEATHER PARAMETERS ---
2026-03-26 21:06:42 | INFO | GTI: 648.0 W/m^2
2026-03-26 21:06:42 | INFO | DHI: 102.0 W/m^2
2026-03-26 21:06:42 | INFO | DNI: 0.0 W/m^2
2026-03-26 21:06:42 | INFO | Irradiance Ratio (GTI/MAX_GTI): 0.676
2026-03-26 21:06:42 | INFO | Diffuse Ratio (current): 0.157
2026-03-26 21:06:42 | INFO | Irradiance State: VARIABLE_CLEAR
2026-03-26 21:06:42 | INFO | Temp @ 2m: 30.26 C
2026-03-26 21:06:42 | INFO | Wind @ 10m: 11.27 m/s
2026-03-26 21:06:42 | INFO | Weather State: NORMAL
2026-03-26 21:06:42 | INFO | Dynamic Thresholds: cloud_thr=0.0000, shift_thr=0.0000
2026-03-26 21:06:42 | INFO | Multipliers: irradiance=1.00x, temp=1.00x, wind=1.05x
2026-03-26 21:06:42 | INFO | Weather Multiplier (combined): 1.05x
2026-03-26 21:06:42 | INFO | Abrupt Weather Change Detected: False
2026-03-26 21:06:42 | INFO | --- TREND ANALYSIS ---
2026-03-26 21:06:42 | INFO | Trend series (oldest -> latest):
2026-03-26 21:06:42 | INFO |   Block 39: 2.860 MW (source: INTRADAY_FALLBACK)
2026-03-26 21:06:42 | INFO |   Block 38: 2.630 MW (source: INTRADAY_FALLBACK)
2026-03-26 21:06:42 | INFO |   Block 37: 2.370 MW (source: INTRADAY_FALLBACK)
2026-03-26 21:06:42 | INFO |   Block 36: 2.110 MW (source: INTRADAY_FALLBACK)
2026-03-26 21:06:42 | INFO | Trend values used for slope calc: B39=2.860(INTRADAY_FALLBACK), B38=2.630(INTRADAY_FALLBACK), B37=2.370(INTRADAY_FALLBACK), B36=2.110(INTRADAY_FALLBACK)
2026-03-26 21:06:42 | INFO | Detected Trend Type: INCREASING
2026-03-26 21:06:42 | INFO | Trend Slope Percentage: 35.59%
2026-03-26 21:06:42 | INFO | Trend EPS Threshold: 1.50%
2026-03-26 21:06:42 | INFO | --- SCHEDULE CALCULATION ---
2026-03-26 21:06:42 | INFO | Condition Applied: CONDITION_3
2026-03-26 21:06:42 | INFO | Effective Base Forecast Used for Adjustments: 3.033 MW
2026-03-26 21:06:42 | INFO | Condition-3 (Phase-6) Applied:
2026-03-26 21:06:42 | INFO |   Forecast Mismatch: Intraday (3.080) != Day-ahead (3.120)
2026-03-26 21:06:42 | INFO |   Operation: ADD
2026-03-26 21:06:42 | INFO |   Base Adjustment %: 7.50%
2026-03-26 21:06:42 | INFO |   Irradiance Multiplier: 1.00x
2026-03-26 21:06:42 | INFO |   Temp Multiplier: 1.00x
2026-03-26 21:06:42 | INFO |   Wind Multiplier: 1.05x
2026-03-26 21:06:42 | INFO |   Weather Multiplier: 1.05x
2026-03-26 21:06:42 | INFO |   Final Adjustment %: 7.88%
2026-03-26 21:06:42 | INFO |   Calculation: 3.033 MW * (1 + 7.88% / 100)
2026-03-26 21:06:42 | INFO |   Formula (expanded): raw=3.0325*(1+7.8750/100)=3.2713
2026-03-26 21:06:42 | INFO | --- FINAL RESULT ---
2026-03-26 21:06:42 | INFO | Raw Schedule (before smoothing): 3.271 MW
2026-03-26 21:06:42 | INFO | Final Scheduled MW: 3.271 MW
2026-03-26 21:06:42 | INFO | --------------------------------------------------------------------------------
2026-03-26 21:06:42 | INFO | --------------------------------------------------------------------------------
2026-03-26 21:06:42 | INFO | BLOCK 41
2026-03-26 21:06:42 | INFO | --------------------------------------------------------------------------------
2026-03-26 21:06:42 | INFO | --- METERED DATA ---
2026-03-26 21:06:42 | INFO | Metered Value: NOT YET AVAILABLE
2026-03-26 21:06:42 | INFO | Last Two Metered Values (for trend): ['0.221', '0.319']
2026-03-26 21:06:42 | INFO | --- FORECAST DATA ---
2026-03-26 21:06:42 | INFO | Intraday Forecast (Enercast): 3.270 MW
2026-03-26 21:06:42 | INFO | Day-ahead Forecast (Enercast): 3.310 MW
2026-03-26 21:06:42 | INFO | Base Forecast (raw, before curtailment/shutdown): 3.219 MW
2026-03-26 21:06:42 | INFO | Base Forecast (used for schedule): 3.219 MW
2026-03-26 21:06:42 | INFO | Effective Base Forecast (after curtailment/shutdown): 3.219 MW
2026-03-26 21:06:42 | INFO | Base Blend Inputs: meter_ref=0.707 MW, meter_factor=1.000, meter_weight=0.020
2026-03-26 21:06:42 | INFO | Plant Status: NORMAL
2026-03-26 21:06:42 | INFO | Effective Base Forecast = Base Forecast (raw) = 3.219 MW
2026-03-26 21:06:42 | INFO | --- WEATHER PARAMETERS ---
2026-03-26 21:06:42 | INFO | GTI: 695.0 W/m^2
2026-03-26 21:06:42 | INFO | DHI: 105.0 W/m^2
2026-03-26 21:06:42 | INFO | DNI: 0.0 W/m^2
2026-03-26 21:06:42 | INFO | Irradiance Ratio (GTI/MAX_GTI): 0.725
2026-03-26 21:06:42 | INFO | Diffuse Ratio (current): 0.151
2026-03-26 21:06:42 | INFO | Irradiance State: VARIABLE_CLEAR
2026-03-26 21:06:42 | INFO | Temp @ 2m: 30.66 C
2026-03-26 21:06:42 | INFO | Wind @ 10m: 10.97 m/s
2026-03-26 21:06:42 | INFO | Weather State: NORMAL
2026-03-26 21:06:42 | INFO | Dynamic Thresholds: cloud_thr=0.0000, shift_thr=0.0000
2026-03-26 21:06:42 | INFO | Multipliers: irradiance=1.00x, temp=1.00x, wind=1.05x
2026-03-26 21:06:42 | INFO | Weather Multiplier (combined): 1.05x
2026-03-26 21:06:42 | INFO | Abrupt Weather Change Detected: False
2026-03-26 21:06:42 | INFO | --- TREND ANALYSIS ---
2026-03-26 21:06:42 | INFO | Trend series (oldest -> latest):
2026-03-26 21:06:42 | INFO |   Block 40: 3.080 MW (source: INTRADAY_FALLBACK)
2026-03-26 21:06:42 | INFO |   Block 39: 2.860 MW (source: INTRADAY_FALLBACK)
2026-03-26 21:06:42 | INFO |   Block 38: 2.630 MW (source: INTRADAY_FALLBACK)
2026-03-26 21:06:42 | INFO |   Block 37: 2.370 MW (source: INTRADAY_FALLBACK)
2026-03-26 21:06:42 | INFO | Trend values used for slope calc: B40=3.080(INTRADAY_FALLBACK), B39=2.860(INTRADAY_FALLBACK), B38=2.630(INTRADAY_FALLBACK), B37=2.370(INTRADAY_FALLBACK)
2026-03-26 21:06:42 | INFO | Detected Trend Type: INCREASING
2026-03-26 21:06:42 | INFO | Trend Slope Percentage: 29.74%
2026-03-26 21:06:42 | INFO | Trend EPS Threshold: 1.50%
2026-03-26 21:06:42 | INFO | --- SCHEDULE CALCULATION ---
2026-03-26 21:06:42 | INFO | Condition Applied: CONDITION_3
2026-03-26 21:06:42 | INFO | Effective Base Forecast Used for Adjustments: 3.219 MW
2026-03-26 21:06:42 | INFO | Condition-3 (Phase-6) Applied:
2026-03-26 21:06:42 | INFO |   Forecast Mismatch: Intraday (3.270) != Day-ahead (3.310)
2026-03-26 21:06:42 | INFO |   Operation: ADD
2026-03-26 21:06:42 | INFO |   Base Adjustment %: 7.50%
2026-03-26 21:06:42 | INFO |   Irradiance Multiplier: 1.00x
2026-03-26 21:06:42 | INFO |   Temp Multiplier: 1.00x
2026-03-26 21:06:42 | INFO |   Wind Multiplier: 1.05x
2026-03-26 21:06:42 | INFO |   Weather Multiplier: 1.05x
2026-03-26 21:06:42 | INFO |   Final Adjustment %: 7.88%
2026-03-26 21:06:42 | INFO |   Calculation: 3.219 MW * (1 + 7.88% / 100)
2026-03-26 21:06:42 | INFO |   Formula (expanded): raw=3.2187*(1+7.8750/100)=3.4722
2026-03-26 21:06:42 | INFO | --- FINAL RESULT ---
2026-03-26 21:06:42 | INFO | Raw Schedule (before smoothing): 3.472 MW
2026-03-26 21:06:42 | INFO | Final Scheduled MW: 3.472 MW
2026-03-26 21:06:42 | INFO | --------------------------------------------------------------------------------
2026-03-26 21:06:42 | INFO | --------------------------------------------------------------------------------
2026-03-26 21:06:42 | INFO | BLOCK 42
2026-03-26 21:06:42 | INFO | --------------------------------------------------------------------------------
2026-03-26 21:06:42 | INFO | --- METERED DATA ---
2026-03-26 21:06:42 | INFO | Metered Value: NOT YET AVAILABLE
2026-03-26 21:06:42 | INFO | Last Two Metered Values (for trend): ['0.221', '0.319']
2026-03-26 21:06:42 | INFO | --- FORECAST DATA ---
2026-03-26 21:06:42 | INFO | Intraday Forecast (Enercast): 3.420 MW
2026-03-26 21:06:42 | INFO | Day-ahead Forecast (Enercast): 3.460 MW
2026-03-26 21:06:42 | INFO | Base Forecast (raw, before curtailment/shutdown): 3.366 MW
2026-03-26 21:06:42 | INFO | Base Forecast (used for schedule): 3.366 MW
2026-03-26 21:06:42 | INFO | Effective Base Forecast (after curtailment/shutdown): 3.366 MW
2026-03-26 21:06:42 | INFO | Base Blend Inputs: meter_ref=0.707 MW, meter_factor=1.000, meter_weight=0.020
2026-03-26 21:06:42 | INFO | Plant Status: NORMAL
2026-03-26 21:06:42 | INFO | Effective Base Forecast = Base Forecast (raw) = 3.366 MW
2026-03-26 21:06:42 | INFO | --- WEATHER PARAMETERS ---
2026-03-26 21:06:42 | INFO | GTI: 740.0 W/m^2
2026-03-26 21:06:42 | INFO | DHI: 107.0 W/m^2
2026-03-26 21:06:42 | INFO | DNI: 0.0 W/m^2
2026-03-26 21:06:42 | INFO | Irradiance Ratio (GTI/MAX_GTI): 0.772
2026-03-26 21:06:42 | INFO | Diffuse Ratio (current): 0.145
2026-03-26 21:06:42 | INFO | Irradiance State: STABLE_CLEAR
2026-03-26 21:06:42 | INFO | Temp @ 2m: 31.06 C
2026-03-26 21:06:42 | INFO | Wind @ 10m: 10.50 m/s
2026-03-26 21:06:42 | INFO | Weather State: NORMAL
2026-03-26 21:06:42 | INFO | Dynamic Thresholds: cloud_thr=0.0000, shift_thr=0.0000
2026-03-26 21:06:42 | INFO | Multipliers: irradiance=1.15x, temp=1.00x, wind=1.05x
2026-03-26 21:06:42 | INFO | Weather Multiplier (combined): 1.21x
2026-03-26 21:06:42 | INFO | Abrupt Weather Change Detected: False
2026-03-26 21:06:42 | INFO | --- TREND ANALYSIS ---
2026-03-26 21:06:42 | INFO | Trend series (oldest -> latest):
2026-03-26 21:06:42 | INFO |   Block 41: 3.270 MW (source: INTRADAY_FALLBACK)
2026-03-26 21:06:42 | INFO |   Block 40: 3.080 MW (source: INTRADAY_FALLBACK)
2026-03-26 21:06:42 | INFO |   Block 39: 2.860 MW (source: INTRADAY_FALLBACK)
2026-03-26 21:06:42 | INFO |   Block 38: 2.630 MW (source: INTRADAY_FALLBACK)
2026-03-26 21:06:42 | INFO | Trend values used for slope calc: B41=3.270(INTRADAY_FALLBACK), B40=3.080(INTRADAY_FALLBACK), B39=2.860(INTRADAY_FALLBACK), B38=2.630(INTRADAY_FALLBACK)
2026-03-26 21:06:42 | INFO | Detected Trend Type: INCREASING
2026-03-26 21:06:42 | INFO | Trend Slope Percentage: 24.33%
2026-03-26 21:06:42 | INFO | Trend EPS Threshold: 1.50%
2026-03-26 21:06:42 | INFO | --- SCHEDULE CALCULATION ---
2026-03-26 21:06:42 | INFO | Condition Applied: CONDITION_3
2026-03-26 21:06:42 | INFO | Effective Base Forecast Used for Adjustments: 3.366 MW
2026-03-26 21:06:42 | INFO | Condition-3 (Phase-6) Applied:
2026-03-26 21:06:42 | INFO |   Forecast Mismatch: Intraday (3.420) != Day-ahead (3.460)
2026-03-26 21:06:42 | INFO |   Operation: ADD
2026-03-26 21:06:42 | INFO |   Base Adjustment %: 7.50%
2026-03-26 21:06:42 | INFO |   Irradiance Multiplier: 1.15x
2026-03-26 21:06:42 | INFO |   Temp Multiplier: 1.00x
2026-03-26 21:06:42 | INFO |   Wind Multiplier: 1.05x
2026-03-26 21:06:42 | INFO |   Weather Multiplier: 1.21x
2026-03-26 21:06:42 | INFO |   Final Adjustment %: 9.06%
2026-03-26 21:06:42 | INFO |   Calculation: 3.366 MW * (1 + 9.06% / 100)
2026-03-26 21:06:42 | INFO |   Formula (expanded): raw=3.3657*(1+9.0563/100)=3.6705
2026-03-26 21:06:42 | INFO | --- FINAL RESULT ---
2026-03-26 21:06:42 | INFO | Raw Schedule (before smoothing): 3.671 MW
2026-03-26 21:06:42 | INFO | Final Scheduled MW: 3.671 MW
2026-03-26 21:06:42 | INFO | --------------------------------------------------------------------------------
2026-03-26 21:06:42 | INFO | --------------------------------------------------------------------------------
2026-03-26 21:06:42 | INFO | BLOCK 43
2026-03-26 21:06:42 | INFO | --------------------------------------------------------------------------------
2026-03-26 21:06:42 | INFO | --- METERED DATA ---
2026-03-26 21:06:42 | INFO | Metered Value: NOT YET AVAILABLE
2026-03-26 21:06:42 | INFO | Last Two Metered Values (for trend): ['0.221', '0.319']
2026-03-26 21:06:42 | INFO | --- FORECAST DATA ---
2026-03-26 21:06:42 | INFO | Intraday Forecast (Enercast): 3.560 MW
2026-03-26 21:06:42 | INFO | Day-ahead Forecast (Enercast): 3.600 MW
2026-03-26 21:06:42 | INFO | Base Forecast (raw, before curtailment/shutdown): 3.503 MW
2026-03-26 21:06:42 | INFO | Base Forecast (used for schedule): 3.503 MW
2026-03-26 21:06:42 | INFO | Effective Base Forecast (after curtailment/shutdown): 3.503 MW
2026-03-26 21:06:42 | INFO | Base Blend Inputs: meter_ref=0.707 MW, meter_factor=1.000, meter_weight=0.020
2026-03-26 21:06:42 | INFO | Plant Status: NORMAL
2026-03-26 21:06:42 | INFO | Effective Base Forecast = Base Forecast (raw) = 3.503 MW
2026-03-26 21:06:42 | INFO | --- WEATHER PARAMETERS ---
2026-03-26 21:06:42 | INFO | GTI: 781.0 W/m^2
2026-03-26 21:06:42 | INFO | DHI: 110.0 W/m^2
2026-03-26 21:06:42 | INFO | DNI: 0.0 W/m^2
2026-03-26 21:06:42 | INFO | Irradiance Ratio (GTI/MAX_GTI): 0.814
2026-03-26 21:06:42 | INFO | Diffuse Ratio (current): 0.141
2026-03-26 21:06:42 | INFO | Irradiance State: STABLE_CLEAR
2026-03-26 21:06:42 | INFO | Temp @ 2m: 31.41 C
2026-03-26 21:06:42 | INFO | Wind @ 10m: 10.03 m/s
2026-03-26 21:06:42 | INFO | Weather State: NORMAL
2026-03-26 21:06:42 | INFO | Dynamic Thresholds: cloud_thr=0.0000, shift_thr=0.0000
2026-03-26 21:06:42 | INFO | Multipliers: irradiance=1.15x, temp=1.00x, wind=1.05x
2026-03-26 21:06:42 | INFO | Weather Multiplier (combined): 1.21x
2026-03-26 21:06:42 | INFO | Abrupt Weather Change Detected: False
2026-03-26 21:06:42 | INFO | --- TREND ANALYSIS ---
2026-03-26 21:06:42 | INFO | Trend series (oldest -> latest):
2026-03-26 21:06:42 | INFO |   Block 42: 3.420 MW (source: INTRADAY_FALLBACK)
2026-03-26 21:06:42 | INFO |   Block 41: 3.270 MW (source: INTRADAY_FALLBACK)
2026-03-26 21:06:42 | INFO |   Block 40: 3.080 MW (source: INTRADAY_FALLBACK)
2026-03-26 21:06:42 | INFO |   Block 39: 2.860 MW (source: INTRADAY_FALLBACK)
2026-03-26 21:06:42 | INFO | Trend values used for slope calc: B42=3.420(INTRADAY_FALLBACK), B41=3.270(INTRADAY_FALLBACK), B40=3.080(INTRADAY_FALLBACK), B39=2.860(INTRADAY_FALLBACK)
2026-03-26 21:06:42 | INFO | Detected Trend Type: INCREASING
2026-03-26 21:06:42 | INFO | Trend Slope Percentage: 19.50%
2026-03-26 21:06:42 | INFO | Trend EPS Threshold: 1.50%
2026-03-26 21:06:42 | INFO | --- SCHEDULE CALCULATION ---
2026-03-26 21:06:42 | INFO | Condition Applied: CONDITION_3
2026-03-26 21:06:42 | INFO | Effective Base Forecast Used for Adjustments: 3.503 MW
2026-03-26 21:06:42 | INFO | Condition-3 (Phase-6) Applied:
2026-03-26 21:06:42 | INFO |   Forecast Mismatch: Intraday (3.560) != Day-ahead (3.600)
2026-03-26 21:06:42 | INFO |   Operation: ADD
2026-03-26 21:06:42 | INFO |   Base Adjustment %: 7.50%
2026-03-26 21:06:42 | INFO |   Irradiance Multiplier: 1.15x
2026-03-26 21:06:42 | INFO |   Temp Multiplier: 1.00x
2026-03-26 21:06:42 | INFO |   Wind Multiplier: 1.05x
2026-03-26 21:06:42 | INFO |   Weather Multiplier: 1.21x
2026-03-26 21:06:42 | INFO |   Final Adjustment %: 9.06%
2026-03-26 21:06:42 | INFO |   Calculation: 3.503 MW * (1 + 9.06% / 100)
2026-03-26 21:06:42 | INFO |   Formula (expanded): raw=3.5029*(1+9.0563/100)=3.8202
2026-03-26 21:06:42 | INFO | --- FINAL RESULT ---
2026-03-26 21:06:42 | INFO | Raw Schedule (before smoothing): 3.820 MW
2026-03-26 21:06:42 | INFO | Final Scheduled MW: 3.820 MW
2026-03-26 21:06:42 | INFO | --------------------------------------------------------------------------------
2026-03-26 21:06:42 | INFO | --------------------------------------------------------------------------------
2026-03-26 21:06:42 | INFO | BLOCK 44
2026-03-26 21:06:42 | INFO | --------------------------------------------------------------------------------
2026-03-26 21:06:42 | INFO | --- METERED DATA ---
2026-03-26 21:06:42 | INFO | Metered Value: NOT YET AVAILABLE
2026-03-26 21:06:42 | INFO | Last Two Metered Values (for trend): ['0.221', '0.319']
2026-03-26 21:06:42 | INFO | --- FORECAST DATA ---
2026-03-26 21:06:42 | INFO | Intraday Forecast (Enercast): 3.680 MW
2026-03-26 21:06:42 | INFO | Day-ahead Forecast (Enercast): 3.710 MW
2026-03-26 21:06:42 | INFO | Base Forecast (raw, before curtailment/shutdown): 3.621 MW
2026-03-26 21:06:42 | INFO | Base Forecast (used for schedule): 3.621 MW
2026-03-26 21:06:42 | INFO | Effective Base Forecast (after curtailment/shutdown): 3.621 MW
2026-03-26 21:06:42 | INFO | Base Blend Inputs: meter_ref=0.707 MW, meter_factor=1.000, meter_weight=0.020
2026-03-26 21:06:42 | INFO | Plant Status: NORMAL
2026-03-26 21:06:42 | INFO | Effective Base Forecast = Base Forecast (raw) = 3.621 MW
2026-03-26 21:06:42 | INFO | --- WEATHER PARAMETERS ---
2026-03-26 21:06:42 | INFO | GTI: 818.0 W/m^2
2026-03-26 21:06:42 | INFO | DHI: 112.0 W/m^2
2026-03-26 21:06:42 | INFO | DNI: 0.0 W/m^2
2026-03-26 21:06:42 | INFO | Irradiance Ratio (GTI/MAX_GTI): 0.853
2026-03-26 21:06:42 | INFO | Diffuse Ratio (current): 0.137
2026-03-26 21:06:42 | INFO | Irradiance State: STABLE_CLEAR
2026-03-26 21:06:42 | INFO | Temp @ 2m: 31.76 C
2026-03-26 21:06:42 | INFO | Wind @ 10m: 9.18 m/s
2026-03-26 21:06:42 | INFO | Weather State: NORMAL
2026-03-26 21:06:42 | INFO | Dynamic Thresholds: cloud_thr=0.0000, shift_thr=0.0000
2026-03-26 21:06:42 | INFO | Multipliers: irradiance=1.15x, temp=1.00x, wind=1.05x
2026-03-26 21:06:42 | INFO | Weather Multiplier (combined): 1.21x
2026-03-26 21:06:42 | INFO | Abrupt Weather Change Detected: False
2026-03-26 21:06:42 | INFO | --- TREND ANALYSIS ---
2026-03-26 21:06:42 | INFO | Trend series (oldest -> latest):
2026-03-26 21:06:42 | INFO |   Block 43: 3.560 MW (source: INTRADAY_FALLBACK)
2026-03-26 21:06:42 | INFO |   Block 42: 3.420 MW (source: INTRADAY_FALLBACK)
2026-03-26 21:06:42 | INFO |   Block 41: 3.270 MW (source: INTRADAY_FALLBACK)
2026-03-26 21:06:42 | INFO |   Block 40: 3.080 MW (source: INTRADAY_FALLBACK)
2026-03-26 21:06:42 | INFO | Trend values used for slope calc: B43=3.560(INTRADAY_FALLBACK), B42=3.420(INTRADAY_FALLBACK), B41=3.270(INTRADAY_FALLBACK), B40=3.080(INTRADAY_FALLBACK)
2026-03-26 21:06:42 | INFO | Detected Trend Type: INCREASING
2026-03-26 21:06:42 | INFO | Trend Slope Percentage: 15.42%
2026-03-26 21:06:42 | INFO | Trend EPS Threshold: 1.50%
2026-03-26 21:06:42 | INFO | --- SCHEDULE CALCULATION ---
2026-03-26 21:06:42 | INFO | Condition Applied: CONDITION_3
2026-03-26 21:06:42 | INFO | Effective Base Forecast Used for Adjustments: 3.621 MW
2026-03-26 21:06:42 | INFO | Condition-3 (Phase-6) Applied:
2026-03-26 21:06:42 | INFO |   Forecast Mismatch: Intraday (3.680) != Day-ahead (3.710)
2026-03-26 21:06:42 | INFO |   Operation: ADD
2026-03-26 21:06:42 | INFO |   Base Adjustment %: 7.50%
2026-03-26 21:06:42 | INFO |   Irradiance Multiplier: 1.15x
2026-03-26 21:06:42 | INFO |   Temp Multiplier: 1.00x
2026-03-26 21:06:42 | INFO |   Wind Multiplier: 1.05x
2026-03-26 21:06:42 | INFO |   Weather Multiplier: 1.21x
2026-03-26 21:06:42 | INFO |   Final Adjustment %: 9.06%
2026-03-26 21:06:42 | INFO |   Calculation: 3.621 MW * (1 + 9.06% / 100)
2026-03-26 21:06:42 | INFO |   Formula (expanded): raw=3.6205*(1+9.0563/100)=3.9484
2026-03-26 21:06:42 | INFO | --- FINAL RESULT ---
2026-03-26 21:06:42 | INFO | Raw Schedule (before smoothing): 3.948 MW
2026-03-26 21:06:42 | INFO | Final Scheduled MW: 3.948 MW
2026-03-26 21:06:42 | INFO | --------------------------------------------------------------------------------
2026-03-26 21:06:42 | INFO | --------------------------------------------------------------------------------
2026-03-26 21:06:42 | INFO | BLOCK 45
2026-03-26 21:06:42 | INFO | --------------------------------------------------------------------------------
2026-03-26 21:06:42 | INFO | --- METERED DATA ---
2026-03-26 21:06:42 | INFO | Metered Value: NOT YET AVAILABLE
2026-03-26 21:06:42 | INFO | Last Two Metered Values (for trend): ['0.221', '0.319']
2026-03-26 21:06:42 | INFO | --- FORECAST DATA ---
2026-03-26 21:06:42 | INFO | Intraday Forecast (Enercast): 3.790 MW
2026-03-26 21:06:42 | INFO | Day-ahead Forecast (Enercast): 3.820 MW
2026-03-26 21:06:42 | INFO | Base Forecast (raw, before curtailment/shutdown): 3.728 MW
2026-03-26 21:06:42 | INFO | Base Forecast (used for schedule): 3.728 MW
2026-03-26 21:06:42 | INFO | Effective Base Forecast (after curtailment/shutdown): 3.728 MW
2026-03-26 21:06:42 | INFO | Base Blend Inputs: meter_ref=0.707 MW, meter_factor=1.000, meter_weight=0.020
2026-03-26 21:06:42 | INFO | Plant Status: NORMAL
2026-03-26 21:06:42 | INFO | Effective Base Forecast = Base Forecast (raw) = 3.728 MW
2026-03-26 21:06:42 | INFO | --- WEATHER PARAMETERS ---
2026-03-26 21:06:42 | INFO | GTI: 851.0 W/m^2
2026-03-26 21:06:42 | INFO | DHI: 114.0 W/m^2
2026-03-26 21:06:42 | INFO | DNI: 0.0 W/m^2
2026-03-26 21:06:42 | INFO | Irradiance Ratio (GTI/MAX_GTI): 0.887
2026-03-26 21:06:42 | INFO | Diffuse Ratio (current): 0.134
2026-03-26 21:06:42 | INFO | Irradiance State: STABLE_CLEAR
2026-03-26 21:06:42 | INFO | Temp @ 2m: 32.06 C
2026-03-26 21:06:42 | INFO | Wind @ 10m: 8.59 m/s
2026-03-26 21:06:42 | INFO | Weather State: NORMAL
2026-03-26 21:06:42 | INFO | Dynamic Thresholds: cloud_thr=0.0000, shift_thr=0.0000
2026-03-26 21:06:42 | INFO | Multipliers: irradiance=1.15x, temp=1.00x, wind=1.05x
2026-03-26 21:06:42 | INFO | Weather Multiplier (combined): 1.21x
2026-03-26 21:06:42 | INFO | Abrupt Weather Change Detected: False
2026-03-26 21:06:42 | INFO | --- TREND ANALYSIS ---
2026-03-26 21:06:42 | INFO | Trend series (oldest -> latest):
2026-03-26 21:06:42 | INFO |   Block 44: 3.680 MW (source: INTRADAY_FALLBACK)
2026-03-26 21:06:42 | INFO |   Block 43: 3.560 MW (source: INTRADAY_FALLBACK)
2026-03-26 21:06:42 | INFO |   Block 42: 3.420 MW (source: INTRADAY_FALLBACK)
2026-03-26 21:06:42 | INFO |   Block 41: 3.270 MW (source: INTRADAY_FALLBACK)
2026-03-26 21:06:42 | INFO | Trend values used for slope calc: B44=3.680(INTRADAY_FALLBACK), B43=3.560(INTRADAY_FALLBACK), B42=3.420(INTRADAY_FALLBACK), B41=3.270(INTRADAY_FALLBACK)
2026-03-26 21:06:42 | INFO | Detected Trend Type: INCREASING
2026-03-26 21:06:42 | INFO | Trend Slope Percentage: 12.54%
2026-03-26 21:06:42 | INFO | Trend EPS Threshold: 1.50%
2026-03-26 21:06:42 | INFO | --- SCHEDULE CALCULATION ---
2026-03-26 21:06:42 | INFO | Condition Applied: CONDITION_3
2026-03-26 21:06:42 | INFO | Effective Base Forecast Used for Adjustments: 3.728 MW
2026-03-26 21:06:42 | INFO | Condition-3 (Phase-6) Applied:
2026-03-26 21:06:42 | INFO |   Forecast Mismatch: Intraday (3.790) != Day-ahead (3.820)
2026-03-26 21:06:42 | INFO |   Operation: ADD
2026-03-26 21:06:42 | INFO |   Base Adjustment %: 7.50%
2026-03-26 21:06:42 | INFO |   Irradiance Multiplier: 1.15x
2026-03-26 21:06:42 | INFO |   Temp Multiplier: 1.00x
2026-03-26 21:06:42 | INFO |   Wind Multiplier: 1.05x
2026-03-26 21:06:42 | INFO |   Weather Multiplier: 1.21x
2026-03-26 21:06:42 | INFO |   Final Adjustment %: 9.06%
2026-03-26 21:06:42 | INFO |   Calculation: 3.728 MW * (1 + 9.06% / 100)
2026-03-26 21:06:42 | INFO |   Formula (expanded): raw=3.7283*(1+9.0563/100)=4.0660
2026-03-26 21:06:42 | INFO | --- FINAL RESULT ---
2026-03-26 21:06:42 | INFO | Raw Schedule (before smoothing): 4.066 MW
2026-03-26 21:06:42 | INFO | Final Scheduled MW: 4.066 MW
2026-03-26 21:06:42 | INFO | --------------------------------------------------------------------------------
2026-03-26 21:06:42 | INFO | --------------------------------------------------------------------------------
2026-03-26 21:06:42 | INFO | BLOCK 46
2026-03-26 21:06:42 | INFO | --------------------------------------------------------------------------------
2026-03-26 21:06:42 | INFO | --- METERED DATA ---
2026-03-26 21:06:42 | INFO | Metered Value: NOT YET AVAILABLE
2026-03-26 21:06:42 | INFO | Last Two Metered Values (for trend): ['0.221', '0.319']
2026-03-26 21:06:42 | INFO | --- FORECAST DATA ---
2026-03-26 21:06:42 | INFO | Intraday Forecast (Enercast): 3.880 MW
2026-03-26 21:06:42 | INFO | Day-ahead Forecast (Enercast): 3.900 MW
2026-03-26 21:06:42 | INFO | Base Forecast (raw, before curtailment/shutdown): 3.817 MW
2026-03-26 21:06:42 | INFO | Base Forecast (used for schedule): 3.817 MW
2026-03-26 21:06:42 | INFO | Effective Base Forecast (after curtailment/shutdown): 3.817 MW
2026-03-26 21:06:42 | INFO | Base Blend Inputs: meter_ref=0.707 MW, meter_factor=1.000, meter_weight=0.020
2026-03-26 21:06:42 | INFO | Plant Status: NORMAL
2026-03-26 21:06:42 | INFO | Effective Base Forecast = Base Forecast (raw) = 3.817 MW
2026-03-26 21:06:42 | INFO | --- WEATHER PARAMETERS ---
2026-03-26 21:06:42 | INFO | GTI: 880.0 W/m^2
2026-03-26 21:06:42 | INFO | DHI: 115.0 W/m^2
2026-03-26 21:06:42 | INFO | DNI: 0.0 W/m^2
2026-03-26 21:06:42 | INFO | Irradiance Ratio (GTI/MAX_GTI): 0.918
2026-03-26 21:06:42 | INFO | Diffuse Ratio (current): 0.131
2026-03-26 21:06:42 | INFO | Irradiance State: STABLE_CLEAR
2026-03-26 21:06:42 | INFO | Temp @ 2m: 32.41 C
2026-03-26 21:06:42 | INFO | Wind @ 10m: 7.65 m/s
2026-03-26 21:06:42 | INFO | Weather State: NORMAL
2026-03-26 21:06:42 | INFO | Dynamic Thresholds: cloud_thr=0.0000, shift_thr=0.0000
2026-03-26 21:06:42 | INFO | Multipliers: irradiance=1.15x, temp=1.00x, wind=1.05x
2026-03-26 21:06:42 | INFO | Weather Multiplier (combined): 1.21x
2026-03-26 21:06:42 | INFO | Abrupt Weather Change Detected: False
2026-03-26 21:06:42 | INFO | --- TREND ANALYSIS ---
2026-03-26 21:06:42 | INFO | Trend series (oldest -> latest):
2026-03-26 21:06:42 | INFO |   Block 45: 3.790 MW (source: INTRADAY_FALLBACK)
2026-03-26 21:06:42 | INFO |   Block 44: 3.680 MW (source: INTRADAY_FALLBACK)
2026-03-26 21:06:42 | INFO |   Block 43: 3.560 MW (source: INTRADAY_FALLBACK)
2026-03-26 21:06:42 | INFO |   Block 42: 3.420 MW (source: INTRADAY_FALLBACK)
2026-03-26 21:06:42 | INFO | Trend values used for slope calc: B45=3.790(INTRADAY_FALLBACK), B44=3.680(INTRADAY_FALLBACK), B43=3.560(INTRADAY_FALLBACK), B42=3.420(INTRADAY_FALLBACK)
2026-03-26 21:06:42 | INFO | Detected Trend Type: INCREASING
2026-03-26 21:06:42 | INFO | Trend Slope Percentage: 10.76%
2026-03-26 21:06:42 | INFO | Trend EPS Threshold: 1.50%
2026-03-26 21:06:42 | INFO | --- SCHEDULE CALCULATION ---
2026-03-26 21:06:42 | INFO | Condition Applied: CONDITION_3
2026-03-26 21:06:42 | INFO | Effective Base Forecast Used for Adjustments: 3.817 MW
2026-03-26 21:06:42 | INFO | Condition-3 (Phase-6) Applied:
2026-03-26 21:06:42 | INFO |   Forecast Mismatch: Intraday (3.880) != Day-ahead (3.900)
2026-03-26 21:06:42 | INFO |   Operation: ADD
2026-03-26 21:06:42 | INFO |   Base Adjustment %: 7.50%
2026-03-26 21:06:42 | INFO |   Irradiance Multiplier: 1.15x
2026-03-26 21:06:42 | INFO |   Temp Multiplier: 1.00x
2026-03-26 21:06:42 | INFO |   Wind Multiplier: 1.05x
2026-03-26 21:06:42 | INFO |   Weather Multiplier: 1.21x
2026-03-26 21:06:42 | INFO |   Final Adjustment %: 9.06%
2026-03-26 21:06:42 | INFO |   Calculation: 3.817 MW * (1 + 9.06% / 100)
2026-03-26 21:06:42 | INFO |   Formula (expanded): raw=3.8165*(1+9.0563/100)=4.1622
2026-03-26 21:06:42 | INFO | --- FINAL RESULT ---
2026-03-26 21:06:42 | INFO | Raw Schedule (before smoothing): 4.162 MW
2026-03-26 21:06:42 | INFO | Final Scheduled MW: 4.162 MW
2026-03-26 21:06:42 | INFO | --------------------------------------------------------------------------------
2026-03-26 21:06:42 | INFO | --------------------------------------------------------------------------------
2026-03-26 21:06:42 | INFO | BLOCK 47
2026-03-26 21:06:42 | INFO | --------------------------------------------------------------------------------
2026-03-26 21:06:42 | INFO | --- METERED DATA ---
2026-03-26 21:06:42 | INFO | Metered Value: NOT YET AVAILABLE
2026-03-26 21:06:42 | INFO | Last Two Metered Values (for trend): ['0.221', '0.319']
2026-03-26 21:06:42 | INFO | --- FORECAST DATA ---
2026-03-26 21:06:42 | INFO | Intraday Forecast (Enercast): 3.950 MW
2026-03-26 21:06:42 | INFO | Day-ahead Forecast (Enercast): 3.970 MW
2026-03-26 21:06:42 | INFO | Base Forecast (raw, before curtailment/shutdown): 3.885 MW
2026-03-26 21:06:42 | INFO | Base Forecast (used for schedule): 3.885 MW
2026-03-26 21:06:42 | INFO | Effective Base Forecast (after curtailment/shutdown): 3.885 MW
2026-03-26 21:06:42 | INFO | Base Blend Inputs: meter_ref=0.707 MW, meter_factor=1.000, meter_weight=0.020
2026-03-26 21:06:42 | INFO | Plant Status: NORMAL
2026-03-26 21:06:42 | INFO | Effective Base Forecast = Base Forecast (raw) = 3.885 MW
2026-03-26 21:06:42 | INFO | --- WEATHER PARAMETERS ---
2026-03-26 21:06:42 | INFO | GTI: 905.0 W/m^2
2026-03-26 21:06:42 | INFO | DHI: 116.0 W/m^2
2026-03-26 21:06:42 | INFO | DNI: 0.0 W/m^2
2026-03-26 21:06:42 | INFO | Irradiance Ratio (GTI/MAX_GTI): 0.944
2026-03-26 21:06:42 | INFO | Diffuse Ratio (current): 0.128
2026-03-26 21:06:42 | INFO | Irradiance State: STABLE_CLEAR
2026-03-26 21:06:42 | INFO | Temp @ 2m: 32.71 C
2026-03-26 21:06:42 | INFO | Wind @ 10m: 6.37 m/s
2026-03-26 21:06:42 | INFO | Weather State: NORMAL
2026-03-26 21:06:42 | INFO | Dynamic Thresholds: cloud_thr=0.0000, shift_thr=0.0000
2026-03-26 21:06:42 | INFO | Multipliers: irradiance=1.15x, temp=1.00x, wind=1.05x
2026-03-26 21:06:42 | INFO | Weather Multiplier (combined): 1.21x
2026-03-26 21:06:42 | INFO | Abrupt Weather Change Detected: False
2026-03-26 21:06:42 | INFO | --- TREND ANALYSIS ---
2026-03-26 21:06:42 | INFO | Trend series (oldest -> latest):
2026-03-26 21:06:42 | INFO |   Block 46: 3.880 MW (source: INTRADAY_FALLBACK)
2026-03-26 21:06:42 | INFO |   Block 45: 3.790 MW (source: INTRADAY_FALLBACK)
2026-03-26 21:06:42 | INFO |   Block 44: 3.680 MW (source: INTRADAY_FALLBACK)
2026-03-26 21:06:42 | INFO |   Block 43: 3.560 MW (source: INTRADAY_FALLBACK)
2026-03-26 21:06:42 | INFO | Trend values used for slope calc: B46=3.880(INTRADAY_FALLBACK), B45=3.790(INTRADAY_FALLBACK), B44=3.680(INTRADAY_FALLBACK), B43=3.560(INTRADAY_FALLBACK)
2026-03-26 21:06:42 | INFO | Detected Trend Type: INCREASING
2026-03-26 21:06:42 | INFO | Trend Slope Percentage: 9.00%
2026-03-26 21:06:42 | INFO | Trend EPS Threshold: 1.50%
2026-03-26 21:06:42 | INFO | --- SCHEDULE CALCULATION ---
2026-03-26 21:06:42 | INFO | Condition Applied: CONDITION_3
2026-03-26 21:06:42 | INFO | Effective Base Forecast Used for Adjustments: 3.885 MW
2026-03-26 21:06:42 | INFO | Condition-3 (Phase-6) Applied:
2026-03-26 21:06:42 | INFO |   Forecast Mismatch: Intraday (3.950) != Day-ahead (3.970)
2026-03-26 21:06:42 | INFO |   Operation: ADD
2026-03-26 21:06:42 | INFO |   Base Adjustment %: 7.50%
2026-03-26 21:06:42 | INFO |   Irradiance Multiplier: 1.15x
2026-03-26 21:06:42 | INFO |   Temp Multiplier: 1.00x
2026-03-26 21:06:42 | INFO |   Wind Multiplier: 1.05x
2026-03-26 21:06:42 | INFO |   Weather Multiplier: 1.21x
2026-03-26 21:06:42 | INFO |   Final Adjustment %: 9.06%
2026-03-26 21:06:42 | INFO |   Calculation: 3.885 MW * (1 + 9.06% / 100)
2026-03-26 21:06:42 | INFO |   Formula (expanded): raw=3.8851*(1+9.0563/100)=4.2370
2026-03-26 21:06:42 | INFO | --- FINAL RESULT ---
2026-03-26 21:06:42 | INFO | Raw Schedule (before smoothing): 4.237 MW
2026-03-26 21:06:42 | INFO | Final Scheduled MW: 4.237 MW
2026-03-26 21:06:42 | INFO | --------------------------------------------------------------------------------
2026-03-26 21:06:42 | INFO | --------------------------------------------------------------------------------
2026-03-26 21:06:42 | INFO | BLOCK 48
2026-03-26 21:06:42 | INFO | --------------------------------------------------------------------------------
2026-03-26 21:06:42 | INFO | --- METERED DATA ---
2026-03-26 21:06:42 | INFO | Metered Value: NOT YET AVAILABLE
2026-03-26 21:06:42 | INFO | Last Two Metered Values (for trend): ['0.221', '0.319']
2026-03-26 21:06:42 | INFO | --- FORECAST DATA ---
2026-03-26 21:06:42 | INFO | Intraday Forecast (Enercast): 4.010 MW
2026-03-26 21:06:42 | INFO | Day-ahead Forecast (Enercast): 4.030 MW
2026-03-26 21:06:42 | INFO | Base Forecast (raw, before curtailment/shutdown): 3.944 MW
2026-03-26 21:06:42 | INFO | Base Forecast (used for schedule): 3.944 MW
2026-03-26 21:06:42 | INFO | Effective Base Forecast (after curtailment/shutdown): 3.944 MW
2026-03-26 21:06:42 | INFO | Base Blend Inputs: meter_ref=0.707 MW, meter_factor=1.000, meter_weight=0.020
2026-03-26 21:06:42 | INFO | Plant Status: NORMAL
2026-03-26 21:06:42 | INFO | Effective Base Forecast = Base Forecast (raw) = 3.944 MW
2026-03-26 21:06:42 | INFO | --- WEATHER PARAMETERS ---
2026-03-26 21:06:42 | INFO | GTI: 926.0 W/m^2
2026-03-26 21:06:42 | INFO | DHI: 117.0 W/m^2
2026-03-26 21:06:42 | INFO | DNI: 0.0 W/m^2
2026-03-26 21:06:42 | INFO | Irradiance Ratio (GTI/MAX_GTI): 0.966
2026-03-26 21:06:42 | INFO | Diffuse Ratio (current): 0.126
2026-03-26 21:06:42 | INFO | Irradiance State: STABLE_CLEAR
2026-03-26 21:06:42 | INFO | Temp @ 2m: 33.06 C
2026-03-26 21:06:42 | INFO | Wind @ 10m: 4.58 m/s
2026-03-26 21:06:42 | INFO | Weather State: NORMAL
2026-03-26 21:06:42 | INFO | Dynamic Thresholds: cloud_thr=0.0000, shift_thr=0.0000
2026-03-26 21:06:42 | INFO | Multipliers: irradiance=1.15x, temp=1.00x, wind=1.03x
2026-03-26 21:06:42 | INFO | Weather Multiplier (combined): 1.18x
2026-03-26 21:06:42 | INFO | Abrupt Weather Change Detected: False
2026-03-26 21:06:42 | INFO | --- TREND ANALYSIS ---
2026-03-26 21:06:42 | INFO | Trend series (oldest -> latest):
2026-03-26 21:06:42 | INFO |   Block 47: 3.950 MW (source: INTRADAY_FALLBACK)
2026-03-26 21:06:42 | INFO |   Block 46: 3.880 MW (source: INTRADAY_FALLBACK)
2026-03-26 21:06:42 | INFO |   Block 45: 3.790 MW (source: INTRADAY_FALLBACK)
2026-03-26 21:06:42 | INFO |   Block 44: 3.680 MW (source: INTRADAY_FALLBACK)
2026-03-26 21:06:42 | INFO | Trend values used for slope calc: B47=3.950(INTRADAY_FALLBACK), B46=3.880(INTRADAY_FALLBACK), B45=3.790(INTRADAY_FALLBACK), B44=3.680(INTRADAY_FALLBACK)
2026-03-26 21:06:42 | INFO | Detected Trend Type: INCREASING
2026-03-26 21:06:42 | INFO | Trend Slope Percentage: 7.32%
2026-03-26 21:06:42 | INFO | Trend EPS Threshold: 1.50%
2026-03-26 21:06:42 | INFO | --- SCHEDULE CALCULATION ---
2026-03-26 21:06:42 | INFO | Condition Applied: CONDITION_3
2026-03-26 21:06:42 | INFO | Effective Base Forecast Used for Adjustments: 3.944 MW
2026-03-26 21:06:42 | INFO | Condition-3 (Phase-6) Applied:
2026-03-26 21:06:42 | INFO |   Forecast Mismatch: Intraday (4.010) != Day-ahead (4.030)
2026-03-26 21:06:42 | INFO |   Operation: ADD
2026-03-26 21:06:42 | INFO |   Base Adjustment %: 7.50%
2026-03-26 21:06:42 | INFO |   Irradiance Multiplier: 1.15x
2026-03-26 21:06:42 | INFO |   Temp Multiplier: 1.00x
2026-03-26 21:06:42 | INFO |   Wind Multiplier: 1.03x
2026-03-26 21:06:42 | INFO |   Weather Multiplier: 1.18x
2026-03-26 21:06:42 | INFO |   Final Adjustment %: 8.88%
2026-03-26 21:06:42 | INFO |   Calculation: 3.944 MW * (1 + 8.88% / 100)
2026-03-26 21:06:42 | INFO |   Formula (expanded): raw=3.9439*(1+8.8837/100)=4.2943
2026-03-26 21:06:42 | INFO | --- FINAL RESULT ---
2026-03-26 21:06:42 | INFO | Raw Schedule (before smoothing): 4.294 MW
2026-03-26 21:06:42 | INFO | Final Scheduled MW: 4.294 MW
2026-03-26 21:06:42 | INFO | --------------------------------------------------------------------------------
2026-03-26 21:06:42 | INFO | --------------------------------------------------------------------------------
2026-03-26 21:06:42 | INFO | BLOCK 49
2026-03-26 21:06:42 | INFO | --------------------------------------------------------------------------------
2026-03-26 21:06:42 | INFO | --- METERED DATA ---
2026-03-26 21:06:42 | INFO | Metered Value: NOT YET AVAILABLE
2026-03-26 21:06:42 | INFO | Last Two Metered Values (for trend): ['0.221', '0.319']
2026-03-26 21:06:42 | INFO | --- FORECAST DATA ---
2026-03-26 21:06:42 | INFO | Intraday Forecast (Enercast): 4.050 MW
2026-03-26 21:06:42 | INFO | Day-ahead Forecast (Enercast): 4.070 MW
2026-03-26 21:06:42 | INFO | Base Forecast (raw, before curtailment/shutdown): 3.983 MW
2026-03-26 21:06:42 | INFO | Base Forecast (used for schedule): 3.983 MW
2026-03-26 21:06:42 | INFO | Effective Base Forecast (after curtailment/shutdown): 3.983 MW
2026-03-26 21:06:42 | INFO | Base Blend Inputs: meter_ref=0.707 MW, meter_factor=1.000, meter_weight=0.020
2026-03-26 21:06:42 | INFO | Plant Status: NORMAL
2026-03-26 21:06:42 | INFO | Effective Base Forecast = Base Forecast (raw) = 3.983 MW
2026-03-26 21:06:42 | INFO | --- WEATHER PARAMETERS ---
2026-03-26 21:06:42 | INFO | GTI: 941.0 W/m^2
2026-03-26 21:06:42 | INFO | DHI: 118.0 W/m^2
2026-03-26 21:06:42 | INFO | DNI: 0.0 W/m^2
2026-03-26 21:06:42 | INFO | Irradiance Ratio (GTI/MAX_GTI): 0.981
2026-03-26 21:06:42 | INFO | Diffuse Ratio (current): 0.125
2026-03-26 21:06:42 | INFO | Irradiance State: STABLE_CLEAR
2026-03-26 21:06:42 | INFO | Temp @ 2m: 33.41 C
2026-03-26 21:06:42 | INFO | Wind @ 10m: 2.10 m/s
2026-03-26 21:06:42 | INFO | Weather State: NORMAL
2026-03-26 21:06:42 | INFO | Dynamic Thresholds: cloud_thr=0.0000, shift_thr=0.0000
2026-03-26 21:06:42 | INFO | Multipliers: irradiance=1.15x, temp=1.00x, wind=1.00x
2026-03-26 21:06:42 | INFO | Weather Multiplier (combined): 1.15x
2026-03-26 21:06:42 | INFO | Abrupt Weather Change Detected: False
2026-03-26 21:06:42 | INFO | --- TREND ANALYSIS ---
2026-03-26 21:06:42 | INFO | Trend series (oldest -> latest):
2026-03-26 21:06:42 | INFO |   Block 48: 4.010 MW (source: INTRADAY_FALLBACK)
2026-03-26 21:06:42 | INFO |   Block 47: 3.950 MW (source: INTRADAY_FALLBACK)
2026-03-26 21:06:42 | INFO |   Block 46: 3.880 MW (source: INTRADAY_FALLBACK)
2026-03-26 21:06:42 | INFO |   Block 45: 3.790 MW (source: INTRADAY_FALLBACK)
2026-03-26 21:06:42 | INFO | Trend values used for slope calc: B48=4.010(INTRADAY_FALLBACK), B47=3.950(INTRADAY_FALLBACK), B46=3.880(INTRADAY_FALLBACK), B45=3.790(INTRADAY_FALLBACK)
2026-03-26 21:06:42 | INFO | Detected Trend Type: INCREASING
2026-03-26 21:06:42 | INFO | Trend Slope Percentage: 5.77%
2026-03-26 21:06:42 | INFO | Trend EPS Threshold: 1.50%
2026-03-26 21:06:42 | INFO | --- SCHEDULE CALCULATION ---
2026-03-26 21:06:42 | INFO | Condition Applied: CONDITION_3
2026-03-26 21:06:42 | INFO | Effective Base Forecast Used for Adjustments: 3.983 MW
2026-03-26 21:06:42 | INFO | Condition-3 (Phase-6) Applied:
2026-03-26 21:06:42 | INFO |   Forecast Mismatch: Intraday (4.050) != Day-ahead (4.070)
2026-03-26 21:06:42 | INFO |   Operation: ADD
2026-03-26 21:06:42 | INFO |   Base Adjustment %: 5.00%
2026-03-26 21:06:42 | INFO |   Irradiance Multiplier: 1.15x
2026-03-26 21:06:42 | INFO |   Temp Multiplier: 1.00x
2026-03-26 21:06:42 | INFO |   Wind Multiplier: 1.00x
2026-03-26 21:06:42 | INFO |   Weather Multiplier: 1.15x
2026-03-26 21:06:42 | INFO |   Final Adjustment %: 5.75%
2026-03-26 21:06:42 | INFO |   Calculation: 3.983 MW * (1 + 5.75% / 100)
2026-03-26 21:06:42 | INFO |   Formula (expanded): raw=3.9831*(1+5.7500/100)=4.2122
2026-03-26 21:06:42 | INFO | --- FINAL RESULT ---
2026-03-26 21:06:42 | INFO | Raw Schedule (before smoothing): 4.212 MW
2026-03-26 21:06:42 | INFO | Final Scheduled MW: 4.212 MW
2026-03-26 21:06:42 | INFO | --------------------------------------------------------------------------------
2026-03-26 21:06:42 | INFO | --------------------------------------------------------------------------------
2026-03-26 21:06:42 | INFO | BLOCK 50
2026-03-26 21:06:42 | INFO | --------------------------------------------------------------------------------
2026-03-26 21:06:42 | INFO | --- METERED DATA ---
2026-03-26 21:06:42 | INFO | Metered Value: NOT YET AVAILABLE
2026-03-26 21:06:42 | INFO | Last Two Metered Values (for trend): ['0.221', '0.319']
2026-03-26 21:06:42 | INFO | --- FORECAST DATA ---
2026-03-26 21:06:42 | INFO | Intraday Forecast (Enercast): 4.070 MW
2026-03-26 21:06:42 | INFO | Day-ahead Forecast (Enercast): 4.090 MW
2026-03-26 21:06:42 | INFO | Base Forecast (raw, before curtailment/shutdown): 4.003 MW
2026-03-26 21:06:42 | INFO | Base Forecast (used for schedule): 4.003 MW
2026-03-26 21:06:42 | INFO | Effective Base Forecast (after curtailment/shutdown): 4.003 MW
2026-03-26 21:06:42 | INFO | Base Blend Inputs: meter_ref=0.707 MW, meter_factor=1.000, meter_weight=0.020
2026-03-26 21:06:42 | INFO | Plant Status: NORMAL
2026-03-26 21:06:42 | INFO | Effective Base Forecast = Base Forecast (raw) = 4.003 MW
2026-03-26 21:06:42 | INFO | --- WEATHER PARAMETERS ---
2026-03-26 21:06:42 | INFO | GTI: 952.0 W/m^2
2026-03-26 21:06:42 | INFO | DHI: 118.0 W/m^2
2026-03-26 21:06:42 | INFO | DNI: 0.0 W/m^2
2026-03-26 21:06:42 | INFO | Irradiance Ratio (GTI/MAX_GTI): 0.993
2026-03-26 21:06:42 | INFO | Diffuse Ratio (current): 0.124
2026-03-26 21:06:42 | INFO | Irradiance State: STABLE_CLEAR
2026-03-26 21:06:42 | INFO | Temp @ 2m: 33.71 C
2026-03-26 21:06:42 | INFO | Wind @ 10m: 1.30 m/s
2026-03-26 21:06:42 | INFO | Weather State: NORMAL
2026-03-26 21:06:42 | INFO | Dynamic Thresholds: cloud_thr=0.0000, shift_thr=0.0000
2026-03-26 21:06:42 | INFO | Multipliers: irradiance=1.15x, temp=1.00x, wind=0.95x
2026-03-26 21:06:42 | INFO | Weather Multiplier (combined): 1.09x
2026-03-26 21:06:42 | INFO | Abrupt Weather Change Detected: False
2026-03-26 21:06:42 | INFO | --- TREND ANALYSIS ---
2026-03-26 21:06:42 | INFO | Trend series (oldest -> latest):
2026-03-26 21:06:42 | INFO |   Block 49: 4.050 MW (source: INTRADAY_FALLBACK)
2026-03-26 21:06:42 | INFO |   Block 48: 4.010 MW (source: INTRADAY_FALLBACK)
2026-03-26 21:06:42 | INFO |   Block 47: 3.950 MW (source: INTRADAY_FALLBACK)
2026-03-26 21:06:42 | INFO |   Block 46: 3.880 MW (source: INTRADAY_FALLBACK)
2026-03-26 21:06:42 | INFO | Trend values used for slope calc: B49=4.050(INTRADAY_FALLBACK), B48=4.010(INTRADAY_FALLBACK), B47=3.950(INTRADAY_FALLBACK), B46=3.880(INTRADAY_FALLBACK)
2026-03-26 21:06:42 | INFO | Detected Trend Type: INCREASING
2026-03-26 21:06:42 | INFO | Trend Slope Percentage: 4.40%
2026-03-26 21:06:42 | INFO | Trend EPS Threshold: 1.50%
2026-03-26 21:06:42 | INFO | --- SCHEDULE CALCULATION ---
2026-03-26 21:06:42 | INFO | Condition Applied: CONDITION_3
2026-03-26 21:06:42 | INFO | Effective Base Forecast Used for Adjustments: 4.003 MW
2026-03-26 21:06:42 | INFO | Condition-3 (Phase-6) Applied:
2026-03-26 21:06:42 | INFO |   Forecast Mismatch: Intraday (4.070) != Day-ahead (4.090)
2026-03-26 21:06:42 | INFO |   Operation: ADD
2026-03-26 21:06:42 | INFO |   Base Adjustment %: 5.00%
2026-03-26 21:06:42 | INFO |   Irradiance Multiplier: 1.15x
2026-03-26 21:06:42 | INFO |   Temp Multiplier: 1.00x
2026-03-26 21:06:42 | INFO |   Wind Multiplier: 0.95x
2026-03-26 21:06:42 | INFO |   Weather Multiplier: 1.09x
2026-03-26 21:06:42 | INFO |   Final Adjustment %: 5.46%
2026-03-26 21:06:42 | INFO |   Calculation: 4.003 MW * (1 + 5.46% / 100)
2026-03-26 21:06:42 | INFO |   Formula (expanded): raw=4.0027*(1+5.4625/100)=4.2214
2026-03-26 21:06:42 | INFO | --- FINAL RESULT ---
2026-03-26 21:06:42 | INFO | Raw Schedule (before smoothing): 4.221 MW
2026-03-26 21:06:42 | INFO | Final Scheduled MW: 4.221 MW
2026-03-26 21:06:42 | INFO | --------------------------------------------------------------------------------
2026-03-26 21:06:42 | INFO | --------------------------------------------------------------------------------
2026-03-26 21:06:42 | INFO | BLOCK 51
2026-03-26 21:06:42 | INFO | --------------------------------------------------------------------------------
2026-03-26 21:06:42 | INFO | --- METERED DATA ---
2026-03-26 21:06:42 | INFO | Metered Value: NOT YET AVAILABLE
2026-03-26 21:06:42 | INFO | Last Two Metered Values (for trend): ['0.221', '0.319']
2026-03-26 21:06:42 | INFO | --- FORECAST DATA ---
2026-03-26 21:06:42 | INFO | Intraday Forecast (Enercast): 4.040 MW
2026-03-26 21:06:42 | INFO | Day-ahead Forecast (Enercast): 4.070 MW
2026-03-26 21:06:42 | INFO | Base Forecast (raw, before curtailment/shutdown): 3.973 MW
2026-03-26 21:06:42 | INFO | Base Forecast (used for schedule): 3.973 MW
2026-03-26 21:06:42 | INFO | Effective Base Forecast (after curtailment/shutdown): 3.973 MW
2026-03-26 21:06:42 | INFO | Base Blend Inputs: meter_ref=0.707 MW, meter_factor=1.000, meter_weight=0.020
2026-03-26 21:06:42 | INFO | Plant Status: NORMAL
2026-03-26 21:06:42 | INFO | Effective Base Forecast = Base Forecast (raw) = 3.973 MW
2026-03-26 21:06:42 | INFO | --- WEATHER PARAMETERS ---
2026-03-26 21:06:42 | INFO | GTI: 958.0 W/m^2
2026-03-26 21:06:42 | INFO | DHI: 118.0 W/m^2
2026-03-26 21:06:42 | INFO | DNI: 0.0 W/m^2
2026-03-26 21:06:42 | INFO | Irradiance Ratio (GTI/MAX_GTI): 0.999
2026-03-26 21:06:42 | INFO | Diffuse Ratio (current): 0.123
2026-03-26 21:06:42 | INFO | Irradiance State: STABLE_CLEAR
2026-03-26 21:06:42 | INFO | Temp @ 2m: 34.01 C
2026-03-26 21:06:42 | INFO | Wind @ 10m: 2.90 m/s
2026-03-26 21:06:42 | INFO | Weather State: NORMAL
2026-03-26 21:06:42 | INFO | Dynamic Thresholds: cloud_thr=0.0000, shift_thr=0.0000
2026-03-26 21:06:42 | INFO | Multipliers: irradiance=1.15x, temp=1.00x, wind=1.00x
2026-03-26 21:06:42 | INFO | Weather Multiplier (combined): 1.15x
2026-03-26 21:06:42 | INFO | Abrupt Weather Change Detected: False
2026-03-26 21:06:42 | INFO | --- TREND ANALYSIS ---
2026-03-26 21:06:42 | INFO | Trend series (oldest -> latest):
2026-03-26 21:06:42 | INFO |   Block 50: 4.070 MW (source: INTRADAY_FALLBACK)
2026-03-26 21:06:42 | INFO |   Block 49: 4.050 MW (source: INTRADAY_FALLBACK)
2026-03-26 21:06:42 | INFO |   Block 48: 4.010 MW (source: INTRADAY_FALLBACK)
2026-03-26 21:06:42 | INFO |   Block 47: 3.950 MW (source: INTRADAY_FALLBACK)
2026-03-26 21:06:42 | INFO | Trend values used for slope calc: B50=4.070(INTRADAY_FALLBACK), B49=4.050(INTRADAY_FALLBACK), B48=4.010(INTRADAY_FALLBACK), B47=3.950(INTRADAY_FALLBACK)
2026-03-26 21:06:42 | INFO | Detected Trend Type: INCREASING
2026-03-26 21:06:42 | INFO | Trend Slope Percentage: 3.03%
2026-03-26 21:06:42 | INFO | Trend EPS Threshold: 1.50%
2026-03-26 21:06:42 | INFO | --- SCHEDULE CALCULATION ---
2026-03-26 21:06:42 | INFO | Condition Applied: CONDITION_3
2026-03-26 21:06:42 | INFO | Effective Base Forecast Used for Adjustments: 3.973 MW
2026-03-26 21:06:42 | INFO | Condition-3 (Phase-6) Applied:
2026-03-26 21:06:42 | INFO |   Forecast Mismatch: Intraday (4.040) != Day-ahead (4.070)
2026-03-26 21:06:42 | INFO |   Operation: ADD
2026-03-26 21:06:42 | INFO |   Base Adjustment %: 2.50%
2026-03-26 21:06:42 | INFO |   Irradiance Multiplier: 1.15x
2026-03-26 21:06:42 | INFO |   Temp Multiplier: 1.00x
2026-03-26 21:06:42 | INFO |   Wind Multiplier: 1.00x
2026-03-26 21:06:42 | INFO |   Weather Multiplier: 1.15x
2026-03-26 21:06:42 | INFO |   Final Adjustment %: 2.88%
2026-03-26 21:06:42 | INFO |   Calculation: 3.973 MW * (1 + 2.88% / 100)
2026-03-26 21:06:42 | INFO |   Formula (expanded): raw=3.9733*(1+2.8750/100)=4.0876
2026-03-26 21:06:42 | INFO | --- FINAL RESULT ---
2026-03-26 21:06:42 | INFO | Raw Schedule (before smoothing): 4.088 MW
2026-03-26 21:06:42 | INFO | Final Scheduled MW: 4.088 MW
2026-03-26 21:06:42 | INFO | --------------------------------------------------------------------------------
2026-03-26 21:06:42 | INFO | --------------------------------------------------------------------------------
2026-03-26 21:06:42 | INFO | BLOCK 52
2026-03-26 21:06:42 | INFO | --------------------------------------------------------------------------------
2026-03-26 21:06:42 | INFO | --- METERED DATA ---
2026-03-26 21:06:42 | INFO | Metered Value: NOT YET AVAILABLE
2026-03-26 21:06:42 | INFO | Last Two Metered Values (for trend): ['0.221', '0.319']
2026-03-26 21:06:42 | INFO | --- FORECAST DATA ---
2026-03-26 21:06:42 | INFO | Intraday Forecast (Enercast): 4.010 MW
2026-03-26 21:06:42 | INFO | Day-ahead Forecast (Enercast): 4.040 MW
2026-03-26 21:06:42 | INFO | Base Forecast (raw, before curtailment/shutdown): 3.944 MW
2026-03-26 21:06:42 | INFO | Base Forecast (used for schedule): 3.944 MW
2026-03-26 21:06:42 | INFO | Effective Base Forecast (after curtailment/shutdown): 3.944 MW
2026-03-26 21:06:42 | INFO | Base Blend Inputs: meter_ref=0.707 MW, meter_factor=1.000, meter_weight=0.020
2026-03-26 21:06:42 | INFO | Plant Status: NORMAL
2026-03-26 21:06:42 | INFO | Effective Base Forecast = Base Forecast (raw) = 3.944 MW
2026-03-26 21:06:42 | INFO | --- WEATHER PARAMETERS ---
2026-03-26 21:06:42 | INFO | GTI: 959.0 W/m^2
2026-03-26 21:06:42 | INFO | DHI: 118.0 W/m^2
2026-03-26 21:06:42 | INFO | DNI: 0.0 W/m^2
2026-03-26 21:06:42 | INFO | Irradiance Ratio (GTI/MAX_GTI): 1.000
2026-03-26 21:06:42 | INFO | Diffuse Ratio (current): 0.123
2026-03-26 21:06:42 | INFO | Irradiance State: STABLE_CLEAR
2026-03-26 21:06:42 | INFO | Temp @ 2m: 34.21 C
2026-03-26 21:06:42 | INFO | Wind @ 10m: 4.10 m/s
2026-03-26 21:06:42 | INFO | Weather State: NORMAL
2026-03-26 21:06:42 | INFO | Dynamic Thresholds: cloud_thr=0.0000, shift_thr=0.0000
2026-03-26 21:06:42 | INFO | Multipliers: irradiance=1.15x, temp=1.00x, wind=1.03x
2026-03-26 21:06:42 | INFO | Weather Multiplier (combined): 1.18x
2026-03-26 21:06:42 | INFO | Abrupt Weather Change Detected: False
2026-03-26 21:06:42 | INFO | --- TREND ANALYSIS ---
2026-03-26 21:06:42 | INFO | Trend series (oldest -> latest):
2026-03-26 21:06:42 | INFO |   Block 51: 4.040 MW (source: INTRADAY_FALLBACK)
2026-03-26 21:06:42 | INFO |   Block 50: 4.070 MW (source: INTRADAY_FALLBACK)
2026-03-26 21:06:42 | INFO |   Block 49: 4.050 MW (source: INTRADAY_FALLBACK)
2026-03-26 21:06:42 | INFO |   Block 48: 4.010 MW (source: INTRADAY_FALLBACK)
2026-03-26 21:06:42 | INFO | Trend values used for slope calc: B51=4.040(INTRADAY_FALLBACK), B50=4.070(INTRADAY_FALLBACK), B49=4.050(INTRADAY_FALLBACK), B48=4.010(INTRADAY_FALLBACK)
2026-03-26 21:06:42 | INFO | Detected Trend Type: FLAT
2026-03-26 21:06:42 | INFO | Trend Slope Percentage: 0.82%
2026-03-26 21:06:42 | INFO | Trend EPS Threshold: 1.50%
2026-03-26 21:06:42 | INFO | --- SCHEDULE CALCULATION ---
2026-03-26 21:06:42 | INFO | Condition Applied: CONDITION_3
2026-03-26 21:06:42 | INFO | Effective Base Forecast Used for Adjustments: 3.944 MW
2026-03-26 21:06:42 | INFO | Condition-3 (Phase-6) Applied:
2026-03-26 21:06:42 | INFO |   Forecast Mismatch: Intraday (4.010) != Day-ahead (4.040)
2026-03-26 21:06:42 | INFO |   Operation: ADD
2026-03-26 21:06:42 | INFO |   Base Adjustment %: 0.00%
2026-03-26 21:06:42 | INFO |   Irradiance Multiplier: 1.15x
2026-03-26 21:06:42 | INFO |   Temp Multiplier: 1.00x
2026-03-26 21:06:42 | INFO |   Wind Multiplier: 1.03x
2026-03-26 21:06:42 | INFO |   Weather Multiplier: 1.18x
2026-03-26 21:06:42 | INFO |   Final Adjustment %: 0.00%
2026-03-26 21:06:42 | INFO |   Calculation: 3.944 MW * (1 + 0.00% / 100)
2026-03-26 21:06:42 | INFO |   Formula (expanded): raw=3.9439*(1+0.0000/100)=3.9439
2026-03-26 21:06:42 | INFO | --- FINAL RESULT ---
2026-03-26 21:06:42 | INFO | Raw Schedule (before smoothing): 3.944 MW
2026-03-26 21:06:42 | INFO | Final Scheduled MW: 3.944 MW
2026-03-26 21:06:42 | INFO | --------------------------------------------------------------------------------
2026-03-26 21:06:42 | INFO | --------------------------------------------------------------------------------
2026-03-26 21:06:42 | INFO | BLOCK 53
2026-03-26 21:06:42 | INFO | --------------------------------------------------------------------------------
2026-03-26 21:06:42 | INFO | --- METERED DATA ---
2026-03-26 21:06:42 | INFO | Metered Value: NOT YET AVAILABLE
2026-03-26 21:06:42 | INFO | Last Two Metered Values (for trend): ['0.221', '0.319']
2026-03-26 21:06:42 | INFO | --- FORECAST DATA ---
2026-03-26 21:06:42 | INFO | Intraday Forecast (Enercast): 3.930 MW
2026-03-26 21:06:42 | INFO | Day-ahead Forecast (Enercast): 3.990 MW
2026-03-26 21:06:42 | INFO | Base Forecast (raw, before curtailment/shutdown): 3.866 MW
2026-03-26 21:06:42 | INFO | Base Forecast (used for schedule): 3.866 MW
2026-03-26 21:06:42 | INFO | Effective Base Forecast (after curtailment/shutdown): 3.866 MW
2026-03-26 21:06:42 | INFO | Base Blend Inputs: meter_ref=0.707 MW, meter_factor=1.000, meter_weight=0.020
2026-03-26 21:06:42 | INFO | Plant Status: NORMAL
2026-03-26 21:06:42 | INFO | Effective Base Forecast = Base Forecast (raw) = 3.866 MW
2026-03-26 21:06:42 | INFO | --- WEATHER PARAMETERS ---
2026-03-26 21:06:42 | INFO | GTI: 956.0 W/m^2
2026-03-26 21:06:42 | INFO | DHI: 118.0 W/m^2
2026-03-26 21:06:42 | INFO | DNI: 0.0 W/m^2
2026-03-26 21:06:42 | INFO | Irradiance Ratio (GTI/MAX_GTI): 0.997
2026-03-26 21:06:42 | INFO | Diffuse Ratio (current): 0.123
2026-03-26 21:06:42 | INFO | Irradiance State: STABLE_CLEAR
2026-03-26 21:06:42 | INFO | Temp @ 2m: 34.41 C
2026-03-26 21:06:42 | INFO | Wind @ 10m: 5.35 m/s
2026-03-26 21:06:42 | INFO | Weather State: NORMAL
2026-03-26 21:06:42 | INFO | Dynamic Thresholds: cloud_thr=0.0000, shift_thr=0.0000
2026-03-26 21:06:42 | INFO | Multipliers: irradiance=1.15x, temp=1.00x, wind=1.05x
2026-03-26 21:06:42 | INFO | Weather Multiplier (combined): 1.21x
2026-03-26 21:06:42 | INFO | Abrupt Weather Change Detected: False
2026-03-26 21:06:42 | INFO | --- TREND ANALYSIS ---
2026-03-26 21:06:42 | INFO | Trend series (oldest -> latest):
2026-03-26 21:06:42 | INFO |   Block 52: 4.010 MW (source: INTRADAY_FALLBACK)
2026-03-26 21:06:42 | INFO |   Block 51: 4.040 MW (source: INTRADAY_FALLBACK)
2026-03-26 21:06:42 | INFO |   Block 50: 4.070 MW (source: INTRADAY_FALLBACK)
2026-03-26 21:06:42 | INFO |   Block 49: 4.050 MW (source: INTRADAY_FALLBACK)
2026-03-26 21:06:42 | INFO | Trend values used for slope calc: B52=4.010(INTRADAY_FALLBACK), B51=4.040(INTRADAY_FALLBACK), B50=4.070(INTRADAY_FALLBACK), B49=4.050(INTRADAY_FALLBACK)
2026-03-26 21:06:42 | INFO | Detected Trend Type: FLAT
2026-03-26 21:06:42 | INFO | Trend Slope Percentage: -1.11%
2026-03-26 21:06:42 | INFO | Trend EPS Threshold: 1.50%
2026-03-26 21:06:42 | INFO | --- SCHEDULE CALCULATION ---
2026-03-26 21:06:42 | INFO | Condition Applied: CONDITION_3
2026-03-26 21:06:42 | INFO | Effective Base Forecast Used for Adjustments: 3.866 MW
2026-03-26 21:06:42 | INFO | Condition-3 (Phase-6) Applied:
2026-03-26 21:06:42 | INFO |   Forecast Mismatch: Intraday (3.930) != Day-ahead (3.990)
2026-03-26 21:06:42 | INFO |   Operation: ADD
2026-03-26 21:06:42 | INFO |   Base Adjustment %: 0.00%
2026-03-26 21:06:42 | INFO |   Irradiance Multiplier: 1.15x
2026-03-26 21:06:42 | INFO |   Temp Multiplier: 1.00x
2026-03-26 21:06:42 | INFO |   Wind Multiplier: 1.05x
2026-03-26 21:06:42 | INFO |   Weather Multiplier: 1.21x
2026-03-26 21:06:42 | INFO |   Final Adjustment %: 0.00%
2026-03-26 21:06:42 | INFO |   Calculation: 3.866 MW * (1 + 0.00% / 100)
2026-03-26 21:06:42 | INFO |   Formula (expanded): raw=3.8655*(1+0.0000/100)=3.8655
2026-03-26 21:06:42 | INFO | --- FINAL RESULT ---
2026-03-26 21:06:42 | INFO | Raw Schedule (before smoothing): 3.866 MW
2026-03-26 21:06:42 | INFO | Final Scheduled MW: 3.866 MW
2026-03-26 21:06:42 | INFO | --------------------------------------------------------------------------------
2026-03-26 21:06:42 | INFO | --------------------------------------------------------------------------------
2026-03-26 21:06:42 | INFO | BLOCK 54
2026-03-26 21:06:42 | INFO | --------------------------------------------------------------------------------
2026-03-26 21:06:42 | INFO | --- METERED DATA ---
2026-03-26 21:06:42 | INFO | Metered Value: NOT YET AVAILABLE
2026-03-26 21:06:42 | INFO | Last Two Metered Values (for trend): ['0.221', '0.319']
2026-03-26 21:06:42 | INFO | --- FORECAST DATA ---
2026-03-26 21:06:42 | INFO | Intraday Forecast (Enercast): 3.850 MW
2026-03-26 21:06:42 | INFO | Day-ahead Forecast (Enercast): 3.900 MW
2026-03-26 21:06:42 | INFO | Base Forecast (raw, before curtailment/shutdown): 3.787 MW
2026-03-26 21:06:42 | INFO | Base Forecast (used for schedule): 3.787 MW
2026-03-26 21:06:42 | INFO | Effective Base Forecast (after curtailment/shutdown): 3.787 MW
2026-03-26 21:06:42 | INFO | Base Blend Inputs: meter_ref=0.707 MW, meter_factor=1.000, meter_weight=0.020
2026-03-26 21:06:42 | INFO | Plant Status: NORMAL
2026-03-26 21:06:42 | INFO | Effective Base Forecast = Base Forecast (raw) = 3.787 MW
2026-03-26 21:06:42 | INFO | --- WEATHER PARAMETERS ---
2026-03-26 21:06:42 | INFO | GTI: 948.0 W/m^2
2026-03-26 21:06:42 | INFO | DHI: 117.0 W/m^2
2026-03-26 21:06:42 | INFO | DNI: 0.0 W/m^2
2026-03-26 21:06:42 | INFO | Irradiance Ratio (GTI/MAX_GTI): 0.989
2026-03-26 21:06:42 | INFO | Diffuse Ratio (current): 0.123
2026-03-26 21:06:42 | INFO | Irradiance State: STABLE_CLEAR
2026-03-26 21:06:42 | INFO | Temp @ 2m: 34.56 C
2026-03-26 21:06:42 | INFO | Wind @ 10m: 5.96 m/s
2026-03-26 21:06:42 | INFO | Weather State: NORMAL
2026-03-26 21:06:42 | INFO | Dynamic Thresholds: cloud_thr=0.0000, shift_thr=0.0000
2026-03-26 21:06:42 | INFO | Multipliers: irradiance=1.15x, temp=1.00x, wind=1.05x
2026-03-26 21:06:42 | INFO | Weather Multiplier (combined): 1.21x
2026-03-26 21:06:42 | INFO | Abrupt Weather Change Detected: False
2026-03-26 21:06:42 | INFO | --- TREND ANALYSIS ---
2026-03-26 21:06:42 | INFO | Trend series (oldest -> latest):
2026-03-26 21:06:42 | INFO |   Block 53: 3.930 MW (source: INTRADAY_FALLBACK)
2026-03-26 21:06:42 | INFO |   Block 52: 4.010 MW (source: INTRADAY_FALLBACK)
2026-03-26 21:06:42 | INFO |   Block 51: 4.040 MW (source: INTRADAY_FALLBACK)
2026-03-26 21:06:42 | INFO |   Block 50: 4.070 MW (source: INTRADAY_FALLBACK)
2026-03-26 21:06:42 | INFO | Trend values used for slope calc: B53=3.930(INTRADAY_FALLBACK), B52=4.010(INTRADAY_FALLBACK), B51=4.040(INTRADAY_FALLBACK), B50=4.070(INTRADAY_FALLBACK)
2026-03-26 21:06:42 | INFO | Detected Trend Type: DECREASING
2026-03-26 21:06:42 | INFO | Trend Slope Percentage: -3.31%
2026-03-26 21:06:42 | INFO | Trend EPS Threshold: 1.50%
2026-03-26 21:06:42 | INFO | --- SCHEDULE CALCULATION ---
2026-03-26 21:06:42 | INFO | Condition Applied: CONDITION_3
2026-03-26 21:06:42 | INFO | Effective Base Forecast Used for Adjustments: 3.787 MW
2026-03-26 21:06:42 | INFO | Condition-3 (Phase-6) Applied:
2026-03-26 21:06:42 | INFO |   Forecast Mismatch: Intraday (3.850) != Day-ahead (3.900)
2026-03-26 21:06:42 | INFO |   Operation: SUBTRACT
2026-03-26 21:06:42 | INFO |   Base Adjustment %: 2.50%
2026-03-26 21:06:42 | INFO |   Irradiance Multiplier: 1.15x
2026-03-26 21:06:42 | INFO |   Temp Multiplier: 1.00x
2026-03-26 21:06:42 | INFO |   Wind Multiplier: 1.05x
2026-03-26 21:06:42 | INFO |   Weather Multiplier: 1.21x
2026-03-26 21:06:42 | INFO |   Final Adjustment %: -3.02%
2026-03-26 21:06:42 | INFO |   Calculation: 3.787 MW * (1 + -3.02% / 100)
2026-03-26 21:06:42 | INFO |   Formula (expanded): raw=3.7871*(1+-3.0187/100)=3.6728
2026-03-26 21:06:42 | INFO | --- FINAL RESULT ---
2026-03-26 21:06:42 | INFO | Raw Schedule (before smoothing): 3.673 MW
2026-03-26 21:06:42 | INFO | Final Scheduled MW: 3.673 MW
2026-03-26 21:06:42 | INFO | --------------------------------------------------------------------------------
2026-03-26 21:06:42 | INFO | --------------------------------------------------------------------------------
2026-03-26 21:06:42 | INFO | BLOCK 55
2026-03-26 21:06:42 | INFO | --------------------------------------------------------------------------------
2026-03-26 21:06:42 | INFO | --- METERED DATA ---
2026-03-26 21:06:42 | INFO | Metered Value: NOT YET AVAILABLE
2026-03-26 21:06:42 | INFO | Last Two Metered Values (for trend): ['0.221', '0.319']
2026-03-26 21:06:42 | INFO | --- FORECAST DATA ---
2026-03-26 21:06:42 | INFO | Intraday Forecast (Enercast): 3.770 MW
2026-03-26 21:06:42 | INFO | Day-ahead Forecast (Enercast): 3.720 MW
2026-03-26 21:06:42 | INFO | Base Forecast (raw, before curtailment/shutdown): 3.709 MW
2026-03-26 21:06:42 | INFO | Base Forecast (used for schedule): 3.709 MW
2026-03-26 21:06:42 | INFO | Effective Base Forecast (after curtailment/shutdown): 3.709 MW
2026-03-26 21:06:42 | INFO | Base Blend Inputs: meter_ref=0.707 MW, meter_factor=1.000, meter_weight=0.020
2026-03-26 21:06:42 | INFO | Plant Status: NORMAL
2026-03-26 21:06:42 | INFO | Effective Base Forecast = Base Forecast (raw) = 3.709 MW
2026-03-26 21:06:42 | INFO | --- WEATHER PARAMETERS ---
2026-03-26 21:06:42 | INFO | GTI: 936.0 W/m^2
2026-03-26 21:06:42 | INFO | DHI: 116.0 W/m^2
2026-03-26 21:06:42 | INFO | DNI: 0.0 W/m^2
2026-03-26 21:06:42 | INFO | Irradiance Ratio (GTI/MAX_GTI): 0.976
2026-03-26 21:06:42 | INFO | Diffuse Ratio (current): 0.124
2026-03-26 21:06:42 | INFO | Irradiance State: STABLE_CLEAR
2026-03-26 21:06:42 | INFO | Temp @ 2m: 34.71 C
2026-03-26 21:06:42 | INFO | Wind @ 10m: 6.76 m/s
2026-03-26 21:06:42 | INFO | Weather State: NORMAL
2026-03-26 21:06:42 | INFO | Dynamic Thresholds: cloud_thr=0.0000, shift_thr=0.0000
2026-03-26 21:06:42 | INFO | Multipliers: irradiance=1.15x, temp=1.00x, wind=1.05x
2026-03-26 21:06:42 | INFO | Weather Multiplier (combined): 1.21x
2026-03-26 21:06:42 | INFO | Abrupt Weather Change Detected: False
2026-03-26 21:06:42 | INFO | --- TREND ANALYSIS ---
2026-03-26 21:06:42 | INFO | Trend series (oldest -> latest):
2026-03-26 21:06:42 | INFO |   Block 54: 3.850 MW (source: INTRADAY_FALLBACK)
2026-03-26 21:06:42 | INFO |   Block 53: 3.930 MW (source: INTRADAY_FALLBACK)
2026-03-26 21:06:42 | INFO |   Block 52: 4.010 MW (source: INTRADAY_FALLBACK)
2026-03-26 21:06:42 | INFO |   Block 51: 4.040 MW (source: INTRADAY_FALLBACK)
2026-03-26 21:06:42 | INFO | Trend values used for slope calc: B54=3.850(INTRADAY_FALLBACK), B53=3.930(INTRADAY_FALLBACK), B52=4.010(INTRADAY_FALLBACK), B51=4.040(INTRADAY_FALLBACK)
2026-03-26 21:06:42 | INFO | Detected Trend Type: DECREASING
2026-03-26 21:06:42 | INFO | Trend Slope Percentage: -4.81%
2026-03-26 21:06:42 | INFO | Trend EPS Threshold: 1.50%
2026-03-26 21:06:42 | INFO | --- SCHEDULE CALCULATION ---
2026-03-26 21:06:42 | INFO | Condition Applied: CONDITION_3
2026-03-26 21:06:42 | INFO | Effective Base Forecast Used for Adjustments: 3.709 MW
2026-03-26 21:06:42 | INFO | Condition-3 (Phase-6) Applied:
2026-03-26 21:06:42 | INFO |   Forecast Mismatch: Intraday (3.770) != Day-ahead (3.720)
2026-03-26 21:06:42 | INFO |   Operation: SUBTRACT
2026-03-26 21:06:42 | INFO |   Base Adjustment %: 5.00%
2026-03-26 21:06:42 | INFO |   Irradiance Multiplier: 1.15x
2026-03-26 21:06:42 | INFO |   Temp Multiplier: 1.00x
2026-03-26 21:06:42 | INFO |   Wind Multiplier: 1.05x
2026-03-26 21:06:42 | INFO |   Weather Multiplier: 1.21x
2026-03-26 21:06:42 | INFO |   Final Adjustment %: -6.04%
2026-03-26 21:06:42 | INFO |   Calculation: 3.709 MW * (1 + -6.04% / 100)
2026-03-26 21:06:42 | INFO |   Formula (expanded): raw=3.7087*(1+-6.0375/100)=3.4848
2026-03-26 21:06:42 | INFO | --- FINAL RESULT ---
2026-03-26 21:06:42 | INFO | Raw Schedule (before smoothing): 3.485 MW
2026-03-26 21:06:42 | INFO | Final Scheduled MW: 3.485 MW
2026-03-26 21:06:42 | INFO | --------------------------------------------------------------------------------
2026-03-26 21:06:42 | INFO | --------------------------------------------------------------------------------
2026-03-26 21:06:42 | INFO | BLOCK 56
2026-03-26 21:06:42 | INFO | --------------------------------------------------------------------------------
2026-03-26 21:06:42 | INFO | --- METERED DATA ---
2026-03-26 21:06:42 | INFO | Metered Value: NOT YET AVAILABLE
2026-03-26 21:06:42 | INFO | Last Two Metered Values (for trend): ['0.221', '0.319']
2026-03-26 21:06:42 | INFO | --- FORECAST DATA ---
2026-03-26 21:06:42 | INFO | Intraday Forecast (Enercast): 3.670 MW
2026-03-26 21:06:42 | INFO | Day-ahead Forecast (Enercast): 3.530 MW
2026-03-26 21:06:42 | INFO | Base Forecast (raw, before curtailment/shutdown): 3.611 MW
2026-03-26 21:06:42 | INFO | Base Forecast (used for schedule): 3.611 MW
2026-03-26 21:06:42 | INFO | Effective Base Forecast (after curtailment/shutdown): 3.611 MW
2026-03-26 21:06:42 | INFO | Base Blend Inputs: meter_ref=0.707 MW, meter_factor=1.000, meter_weight=0.020
2026-03-26 21:06:42 | INFO | Plant Status: NORMAL
2026-03-26 21:06:42 | INFO | Effective Base Forecast = Base Forecast (raw) = 3.611 MW
2026-03-26 21:06:42 | INFO | --- WEATHER PARAMETERS ---
2026-03-26 21:06:42 | INFO | GTI: 919.0 W/m^2
2026-03-26 21:06:42 | INFO | DHI: 116.0 W/m^2
2026-03-26 21:06:42 | INFO | DNI: 0.0 W/m^2
2026-03-26 21:06:42 | INFO | Irradiance Ratio (GTI/MAX_GTI): 0.958
2026-03-26 21:06:42 | INFO | Diffuse Ratio (current): 0.126
2026-03-26 21:06:42 | INFO | Irradiance State: STABLE_CLEAR
2026-03-26 21:06:42 | INFO | Temp @ 2m: 34.81 C
2026-03-26 21:06:42 | INFO | Wind @ 10m: 7.09 m/s
2026-03-26 21:06:42 | INFO | Weather State: NORMAL
2026-03-26 21:06:42 | INFO | Dynamic Thresholds: cloud_thr=0.0000, shift_thr=0.0000
2026-03-26 21:06:42 | INFO | Multipliers: irradiance=1.15x, temp=1.00x, wind=1.05x
2026-03-26 21:06:42 | INFO | Weather Multiplier (combined): 1.21x
2026-03-26 21:06:42 | INFO | Abrupt Weather Change Detected: False
2026-03-26 21:06:42 | INFO | --- TREND ANALYSIS ---
2026-03-26 21:06:42 | INFO | Trend series (oldest -> latest):
2026-03-26 21:06:42 | INFO |   Block 55: 3.770 MW (source: INTRADAY_FALLBACK)
2026-03-26 21:06:42 | INFO |   Block 54: 3.850 MW (source: INTRADAY_FALLBACK)
2026-03-26 21:06:42 | INFO |   Block 53: 3.930 MW (source: INTRADAY_FALLBACK)
2026-03-26 21:06:42 | INFO |   Block 52: 4.010 MW (source: INTRADAY_FALLBACK)
2026-03-26 21:06:42 | INFO | Trend values used for slope calc: B55=3.770(INTRADAY_FALLBACK), B54=3.850(INTRADAY_FALLBACK), B53=3.930(INTRADAY_FALLBACK), B52=4.010(INTRADAY_FALLBACK)
2026-03-26 21:06:42 | INFO | Detected Trend Type: DECREASING
2026-03-26 21:06:42 | INFO | Trend Slope Percentage: -5.99%
2026-03-26 21:06:42 | INFO | Trend EPS Threshold: 1.50%
2026-03-26 21:06:42 | INFO | --- SCHEDULE CALCULATION ---
2026-03-26 21:06:42 | INFO | Condition Applied: CONDITION_3
2026-03-26 21:06:42 | INFO | Effective Base Forecast Used for Adjustments: 3.611 MW
2026-03-26 21:06:42 | INFO | Condition-3 (Phase-6) Applied:
2026-03-26 21:06:42 | INFO |   Forecast Mismatch: Intraday (3.670) != Day-ahead (3.530)
2026-03-26 21:06:42 | INFO |   Operation: SUBTRACT
2026-03-26 21:06:42 | INFO |   Base Adjustment %: 5.00%
2026-03-26 21:06:42 | INFO |   Irradiance Multiplier: 1.15x
2026-03-26 21:06:42 | INFO |   Temp Multiplier: 1.00x
2026-03-26 21:06:42 | INFO |   Wind Multiplier: 1.05x
2026-03-26 21:06:42 | INFO |   Weather Multiplier: 1.21x
2026-03-26 21:06:42 | INFO |   Final Adjustment %: -6.04%
2026-03-26 21:06:42 | INFO |   Calculation: 3.611 MW * (1 + -6.04% / 100)
2026-03-26 21:06:42 | INFO |   Formula (expanded): raw=3.6107*(1+-6.0375/100)=3.3927
2026-03-26 21:06:42 | INFO | --- FINAL RESULT ---
2026-03-26 21:06:42 | INFO | Raw Schedule (before smoothing): 3.393 MW
2026-03-26 21:06:42 | INFO | Final Scheduled MW: 3.393 MW
2026-03-26 21:06:42 | INFO | --------------------------------------------------------------------------------
2026-03-26 21:06:42 | INFO | --------------------------------------------------------------------------------
2026-03-26 21:06:42 | INFO | BLOCK 57
2026-03-26 21:06:42 | INFO | --------------------------------------------------------------------------------
2026-03-26 21:06:42 | INFO | --- METERED DATA ---
2026-03-26 21:06:42 | INFO | Metered Value: NOT YET AVAILABLE
2026-03-26 21:06:42 | INFO | Last Two Metered Values (for trend): ['0.221', '0.319']
2026-03-26 21:06:42 | INFO | --- FORECAST DATA ---
2026-03-26 21:06:42 | INFO | Intraday Forecast (Enercast): 3.560 MW
2026-03-26 21:06:42 | INFO | Day-ahead Forecast (Enercast): 3.320 MW
2026-03-26 21:06:42 | INFO | Base Forecast (raw, before curtailment/shutdown): 3.503 MW
2026-03-26 21:06:42 | INFO | Base Forecast (used for schedule): 3.503 MW
2026-03-26 21:06:42 | INFO | Effective Base Forecast (after curtailment/shutdown): 3.503 MW
2026-03-26 21:06:42 | INFO | Base Blend Inputs: meter_ref=0.707 MW, meter_factor=1.000, meter_weight=0.020
2026-03-26 21:06:42 | INFO | Plant Status: NORMAL
2026-03-26 21:06:42 | INFO | Effective Base Forecast = Base Forecast (raw) = 3.503 MW
2026-03-26 21:06:42 | INFO | --- WEATHER PARAMETERS ---
2026-03-26 21:06:42 | INFO | GTI: 898.0 W/m^2
2026-03-26 21:06:42 | INFO | DHI: 115.0 W/m^2
2026-03-26 21:06:42 | INFO | DNI: 0.0 W/m^2
2026-03-26 21:06:42 | INFO | Irradiance Ratio (GTI/MAX_GTI): 0.936
2026-03-26 21:06:42 | INFO | Diffuse Ratio (current): 0.128
2026-03-26 21:06:42 | INFO | Irradiance State: STABLE_CLEAR
2026-03-26 21:06:42 | INFO | Temp @ 2m: 34.91 C
2026-03-26 21:06:42 | INFO | Wind @ 10m: 7.42 m/s
2026-03-26 21:06:42 | INFO | Weather State: NORMAL
2026-03-26 21:06:42 | INFO | Dynamic Thresholds: cloud_thr=0.0000, shift_thr=0.0000
2026-03-26 21:06:42 | INFO | Multipliers: irradiance=1.15x, temp=1.00x, wind=1.05x
2026-03-26 21:06:42 | INFO | Weather Multiplier (combined): 1.21x
2026-03-26 21:06:42 | INFO | Abrupt Weather Change Detected: False
2026-03-26 21:06:42 | INFO | --- TREND ANALYSIS ---
2026-03-26 21:06:42 | INFO | Trend series (oldest -> latest):
2026-03-26 21:06:42 | INFO |   Block 56: 3.670 MW (source: INTRADAY_FALLBACK)
2026-03-26 21:06:42 | INFO |   Block 55: 3.770 MW (source: INTRADAY_FALLBACK)
2026-03-26 21:06:42 | INFO |   Block 54: 3.850 MW (source: INTRADAY_FALLBACK)
2026-03-26 21:06:42 | INFO |   Block 53: 3.930 MW (source: INTRADAY_FALLBACK)
2026-03-26 21:06:42 | INFO | Trend values used for slope calc: B56=3.670(INTRADAY_FALLBACK), B55=3.770(INTRADAY_FALLBACK), B54=3.850(INTRADAY_FALLBACK), B53=3.930(INTRADAY_FALLBACK)
2026-03-26 21:06:42 | INFO | Detected Trend Type: DECREASING
2026-03-26 21:06:42 | INFO | Trend Slope Percentage: -6.56%
2026-03-26 21:06:42 | INFO | Trend EPS Threshold: 1.50%
2026-03-26 21:06:42 | INFO | --- SCHEDULE CALCULATION ---
2026-03-26 21:06:42 | INFO | Condition Applied: CONDITION_3
2026-03-26 21:06:42 | INFO | Effective Base Forecast Used for Adjustments: 3.503 MW
2026-03-26 21:06:42 | INFO | Condition-3 (Phase-6) Applied:
2026-03-26 21:06:42 | INFO |   Forecast Mismatch: Intraday (3.560) != Day-ahead (3.320)
2026-03-26 21:06:42 | INFO |   Operation: SUBTRACT
2026-03-26 21:06:42 | INFO |   Base Adjustment %: 7.50%
2026-03-26 21:06:42 | INFO |   Irradiance Multiplier: 1.15x
2026-03-26 21:06:42 | INFO |   Temp Multiplier: 1.00x
2026-03-26 21:06:42 | INFO |   Wind Multiplier: 1.05x
2026-03-26 21:06:42 | INFO |   Weather Multiplier: 1.21x
2026-03-26 21:06:42 | INFO |   Final Adjustment %: -9.06%
2026-03-26 21:06:42 | INFO |   Calculation: 3.503 MW * (1 + -9.06% / 100)
2026-03-26 21:06:42 | INFO |   Formula (expanded): raw=3.5029*(1+-9.0563/100)=3.1857
2026-03-26 21:06:42 | INFO | --- FINAL RESULT ---
2026-03-26 21:06:42 | INFO | Raw Schedule (before smoothing): 3.186 MW
2026-03-26 21:06:42 | INFO | Final Scheduled MW: 3.186 MW
2026-03-26 21:06:42 | INFO | --------------------------------------------------------------------------------
2026-03-26 21:06:42 | INFO | --------------------------------------------------------------------------------
2026-03-26 21:06:42 | INFO | BLOCK 58
2026-03-26 21:06:42 | INFO | --------------------------------------------------------------------------------
2026-03-26 21:06:42 | INFO | --- METERED DATA ---
2026-03-26 21:06:42 | INFO | Metered Value: NOT YET AVAILABLE
2026-03-26 21:06:42 | INFO | Last Two Metered Values (for trend): ['0.221', '0.319']
2026-03-26 21:06:42 | INFO | --- FORECAST DATA ---
2026-03-26 21:06:42 | INFO | Intraday Forecast (Enercast): 3.430 MW
2026-03-26 21:06:42 | INFO | Day-ahead Forecast (Enercast): 3.090 MW
2026-03-26 21:06:42 | INFO | Base Forecast (raw, before curtailment/shutdown): 3.376 MW
2026-03-26 21:06:42 | INFO | Base Forecast (used for schedule): 3.376 MW
2026-03-26 21:06:42 | INFO | Effective Base Forecast (after curtailment/shutdown): 3.376 MW
2026-03-26 21:06:42 | INFO | Base Blend Inputs: meter_ref=0.707 MW, meter_factor=1.000, meter_weight=0.020
2026-03-26 21:06:42 | INFO | Plant Status: NORMAL
2026-03-26 21:06:42 | INFO | Effective Base Forecast = Base Forecast (raw) = 3.376 MW
2026-03-26 21:06:42 | INFO | --- WEATHER PARAMETERS ---
2026-03-26 21:06:42 | INFO | GTI: 872.0 W/m^2
2026-03-26 21:06:42 | INFO | DHI: 114.0 W/m^2
2026-03-26 21:06:42 | INFO | DNI: 0.0 W/m^2
2026-03-26 21:06:42 | INFO | Irradiance Ratio (GTI/MAX_GTI): 0.909
2026-03-26 21:06:42 | INFO | Diffuse Ratio (current): 0.131
2026-03-26 21:06:42 | INFO | Irradiance State: STABLE_CLEAR
2026-03-26 21:06:42 | INFO | Temp @ 2m: 35.01 C
2026-03-26 21:06:42 | INFO | Wind @ 10m: 7.29 m/s
2026-03-26 21:06:42 | INFO | Weather State: NORMAL
2026-03-26 21:06:42 | INFO | Dynamic Thresholds: cloud_thr=0.0000, shift_thr=0.0000
2026-03-26 21:06:42 | INFO | Multipliers: irradiance=1.15x, temp=0.97x, wind=1.05x
2026-03-26 21:06:42 | INFO | Weather Multiplier (combined): 1.17x
2026-03-26 21:06:42 | INFO | Abrupt Weather Change Detected: False
2026-03-26 21:06:42 | INFO | --- TREND ANALYSIS ---
2026-03-26 21:06:42 | INFO | Trend series (oldest -> latest):
2026-03-26 21:06:42 | INFO |   Block 57: 3.560 MW (source: INTRADAY_FALLBACK)
2026-03-26 21:06:42 | INFO |   Block 56: 3.670 MW (source: INTRADAY_FALLBACK)
2026-03-26 21:06:42 | INFO |   Block 55: 3.770 MW (source: INTRADAY_FALLBACK)
2026-03-26 21:06:42 | INFO |   Block 54: 3.850 MW (source: INTRADAY_FALLBACK)
2026-03-26 21:06:42 | INFO | Trend values used for slope calc: B57=3.560(INTRADAY_FALLBACK), B56=3.670(INTRADAY_FALLBACK), B55=3.770(INTRADAY_FALLBACK), B54=3.850(INTRADAY_FALLBACK)
2026-03-26 21:06:42 | INFO | Detected Trend Type: DECREASING
2026-03-26 21:06:42 | INFO | Trend Slope Percentage: -7.54%
2026-03-26 21:06:42 | INFO | Trend EPS Threshold: 1.50%
2026-03-26 21:06:42 | INFO | --- SCHEDULE CALCULATION ---
2026-03-26 21:06:42 | INFO | Condition Applied: CONDITION_3
2026-03-26 21:06:42 | INFO | Effective Base Forecast Used for Adjustments: 3.376 MW
2026-03-26 21:06:42 | INFO | Condition-3 (Phase-6) Applied:
2026-03-26 21:06:42 | INFO |   Forecast Mismatch: Intraday (3.430) != Day-ahead (3.090)
2026-03-26 21:06:42 | INFO |   Operation: SUBTRACT
2026-03-26 21:06:42 | INFO |   Base Adjustment %: 7.50%
2026-03-26 21:06:42 | INFO |   Irradiance Multiplier: 1.15x
2026-03-26 21:06:42 | INFO |   Temp Multiplier: 0.97x
2026-03-26 21:06:42 | INFO |   Wind Multiplier: 1.05x
2026-03-26 21:06:42 | INFO |   Weather Multiplier: 1.17x
2026-03-26 21:06:42 | INFO |   Final Adjustment %: -8.78%
2026-03-26 21:06:42 | INFO |   Calculation: 3.376 MW * (1 + -8.78% / 100)
2026-03-26 21:06:42 | INFO |   Formula (expanded): raw=3.3755*(1+-8.7846/100)=3.0790
2026-03-26 21:06:42 | INFO | --- FINAL RESULT ---
2026-03-26 21:06:42 | INFO | Raw Schedule (before smoothing): 3.079 MW
2026-03-26 21:06:42 | INFO | Final Scheduled MW: 3.079 MW
2026-03-26 21:06:42 | INFO | --------------------------------------------------------------------------------
2026-03-26 21:06:42 | INFO | --------------------------------------------------------------------------------
2026-03-26 21:06:42 | INFO | BLOCK 59
2026-03-26 21:06:42 | INFO | --------------------------------------------------------------------------------
2026-03-26 21:06:42 | INFO | --- METERED DATA ---
2026-03-26 21:06:42 | INFO | Metered Value: NOT YET AVAILABLE
2026-03-26 21:06:42 | INFO | Last Two Metered Values (for trend): ['0.221', '0.319']
2026-03-26 21:06:42 | INFO | --- FORECAST DATA ---
2026-03-26 21:06:42 | INFO | Intraday Forecast (Enercast): 3.260 MW
2026-03-26 21:06:42 | INFO | Day-ahead Forecast (Enercast): 3.060 MW
2026-03-26 21:06:42 | INFO | Base Forecast (raw, before curtailment/shutdown): 3.209 MW
2026-03-26 21:06:42 | INFO | Base Forecast (used for schedule): 3.209 MW
2026-03-26 21:06:42 | INFO | Effective Base Forecast (after curtailment/shutdown): 3.209 MW
2026-03-26 21:06:42 | INFO | Base Blend Inputs: meter_ref=0.707 MW, meter_factor=1.000, meter_weight=0.020
2026-03-26 21:06:42 | INFO | Plant Status: NORMAL
2026-03-26 21:06:42 | INFO | Effective Base Forecast = Base Forecast (raw) = 3.209 MW
2026-03-26 21:06:42 | INFO | --- WEATHER PARAMETERS ---
2026-03-26 21:06:42 | INFO | GTI: 841.0 W/m^2
2026-03-26 21:06:42 | INFO | DHI: 112.0 W/m^2
2026-03-26 21:06:42 | INFO | DNI: 0.0 W/m^2
2026-03-26 21:06:42 | INFO | Irradiance Ratio (GTI/MAX_GTI): 0.877
2026-03-26 21:06:42 | INFO | Diffuse Ratio (current): 0.133
2026-03-26 21:06:42 | INFO | Irradiance State: STABLE_CLEAR
2026-03-26 21:06:42 | INFO | Temp @ 2m: 35.11 C
2026-03-26 21:06:42 | INFO | Wind @ 10m: 7.52 m/s
2026-03-26 21:06:42 | INFO | Weather State: NORMAL
2026-03-26 21:06:42 | INFO | Dynamic Thresholds: cloud_thr=0.0000, shift_thr=0.0000
2026-03-26 21:06:42 | INFO | Multipliers: irradiance=1.15x, temp=0.97x, wind=1.05x
2026-03-26 21:06:42 | INFO | Weather Multiplier (combined): 1.17x
2026-03-26 21:06:42 | INFO | Abrupt Weather Change Detected: False
2026-03-26 21:06:42 | INFO | --- TREND ANALYSIS ---
2026-03-26 21:06:42 | INFO | Trend series (oldest -> latest):
2026-03-26 21:06:42 | INFO |   Block 58: 3.430 MW (source: INTRADAY_FALLBACK)
2026-03-26 21:06:42 | INFO |   Block 57: 3.560 MW (source: INTRADAY_FALLBACK)
2026-03-26 21:06:42 | INFO |   Block 56: 3.670 MW (source: INTRADAY_FALLBACK)
2026-03-26 21:06:42 | INFO |   Block 55: 3.770 MW (source: INTRADAY_FALLBACK)
2026-03-26 21:06:42 | INFO | Trend values used for slope calc: B58=3.430(INTRADAY_FALLBACK), B57=3.560(INTRADAY_FALLBACK), B56=3.670(INTRADAY_FALLBACK), B55=3.770(INTRADAY_FALLBACK)
2026-03-26 21:06:42 | INFO | Detected Trend Type: DECREASING
2026-03-26 21:06:42 | INFO | Trend Slope Percentage: -8.98%
2026-03-26 21:06:42 | INFO | Trend EPS Threshold: 1.50%
2026-03-26 21:06:42 | INFO | --- SCHEDULE CALCULATION ---
2026-03-26 21:06:42 | INFO | Condition Applied: CONDITION_3
2026-03-26 21:06:42 | INFO | Effective Base Forecast Used for Adjustments: 3.209 MW
2026-03-26 21:06:42 | INFO | Condition-3 (Phase-6) Applied:
2026-03-26 21:06:42 | INFO |   Forecast Mismatch: Intraday (3.260) != Day-ahead (3.060)
2026-03-26 21:06:42 | INFO |   Operation: SUBTRACT
2026-03-26 21:06:42 | INFO |   Base Adjustment %: 7.50%
2026-03-26 21:06:42 | INFO |   Irradiance Multiplier: 1.15x
2026-03-26 21:06:42 | INFO |   Temp Multiplier: 0.97x
2026-03-26 21:06:42 | INFO |   Wind Multiplier: 1.05x
2026-03-26 21:06:42 | INFO |   Weather Multiplier: 1.17x
2026-03-26 21:06:42 | INFO |   Final Adjustment %: -8.78%
2026-03-26 21:06:42 | INFO |   Calculation: 3.209 MW * (1 + -8.78% / 100)
2026-03-26 21:06:42 | INFO |   Formula (expanded): raw=3.2089*(1+-8.7846/100)=2.9270
2026-03-26 21:06:42 | INFO | --- FINAL RESULT ---
2026-03-26 21:06:42 | INFO | Raw Schedule (before smoothing): 2.927 MW
2026-03-26 21:06:42 | INFO | Final Scheduled MW: 2.927 MW
2026-03-26 21:06:42 | INFO | --------------------------------------------------------------------------------
2026-03-26 21:06:42 | INFO | --------------------------------------------------------------------------------
2026-03-26 21:06:42 | INFO | BLOCK 60
2026-03-26 21:06:42 | INFO | --------------------------------------------------------------------------------
2026-03-26 21:06:42 | INFO | --- METERED DATA ---
2026-03-26 21:06:42 | INFO | Metered Value: NOT YET AVAILABLE
2026-03-26 21:06:42 | INFO | Last Two Metered Values (for trend): ['0.221', '0.319']
2026-03-26 21:06:42 | INFO | --- FORECAST DATA ---
2026-03-26 21:06:42 | INFO | Intraday Forecast (Enercast): 3.080 MW
2026-03-26 21:06:42 | INFO | Day-ahead Forecast (Enercast): 3.010 MW
2026-03-26 21:06:42 | INFO | Base Forecast (raw, before curtailment/shutdown): 3.033 MW
2026-03-26 21:06:42 | INFO | Base Forecast (used for schedule): 3.033 MW
2026-03-26 21:06:42 | INFO | Effective Base Forecast (after curtailment/shutdown): 3.033 MW
2026-03-26 21:06:42 | INFO | Base Blend Inputs: meter_ref=0.707 MW, meter_factor=1.000, meter_weight=0.020
2026-03-26 21:06:42 | INFO | Plant Status: NORMAL
2026-03-26 21:06:42 | INFO | Effective Base Forecast = Base Forecast (raw) = 3.033 MW
2026-03-26 21:06:42 | INFO | --- WEATHER PARAMETERS ---
2026-03-26 21:06:42 | INFO | GTI: 807.0 W/m^2
2026-03-26 21:06:42 | INFO | DHI: 110.0 W/m^2
2026-03-26 21:06:42 | INFO | DNI: 0.0 W/m^2
2026-03-26 21:06:42 | INFO | Irradiance Ratio (GTI/MAX_GTI): 0.842
2026-03-26 21:06:42 | INFO | Diffuse Ratio (current): 0.136
2026-03-26 21:06:42 | INFO | Irradiance State: STABLE_CLEAR
2026-03-26 21:06:42 | INFO | Temp @ 2m: 35.21 C
2026-03-26 21:06:42 | INFO | Wind @ 10m: 7.77 m/s
2026-03-26 21:06:42 | INFO | Weather State: NORMAL
2026-03-26 21:06:42 | INFO | Dynamic Thresholds: cloud_thr=0.0000, shift_thr=0.0000
2026-03-26 21:06:42 | INFO | Multipliers: irradiance=1.15x, temp=0.97x, wind=1.05x
2026-03-26 21:06:42 | INFO | Weather Multiplier (combined): 1.17x
2026-03-26 21:06:42 | INFO | Abrupt Weather Change Detected: False
2026-03-26 21:06:42 | INFO | --- TREND ANALYSIS ---
2026-03-26 21:06:42 | INFO | Trend series (oldest -> latest):
2026-03-26 21:06:42 | INFO |   Block 59: 3.260 MW (source: INTRADAY_FALLBACK)
2026-03-26 21:06:42 | INFO |   Block 58: 3.430 MW (source: INTRADAY_FALLBACK)
2026-03-26 21:06:42 | INFO |   Block 57: 3.560 MW (source: INTRADAY_FALLBACK)
2026-03-26 21:06:42 | INFO |   Block 56: 3.670 MW (source: INTRADAY_FALLBACK)
2026-03-26 21:06:42 | INFO | Trend values used for slope calc: B59=3.260(INTRADAY_FALLBACK), B58=3.430(INTRADAY_FALLBACK), B57=3.560(INTRADAY_FALLBACK), B56=3.670(INTRADAY_FALLBACK)
2026-03-26 21:06:42 | INFO | Detected Trend Type: DECREASING
2026-03-26 21:06:42 | INFO | Trend Slope Percentage: -11.07%
2026-03-26 21:06:42 | INFO | Trend EPS Threshold: 1.50%
2026-03-26 21:06:42 | INFO | --- SCHEDULE CALCULATION ---
2026-03-26 21:06:42 | INFO | Condition Applied: CONDITION_3
2026-03-26 21:06:42 | INFO | Effective Base Forecast Used for Adjustments: 3.033 MW
2026-03-26 21:06:42 | INFO | Condition-3 (Phase-6) Applied:
2026-03-26 21:06:42 | INFO |   Forecast Mismatch: Intraday (3.080) != Day-ahead (3.010)
2026-03-26 21:06:42 | INFO |   Operation: SUBTRACT
2026-03-26 21:06:42 | INFO |   Base Adjustment %: 7.50%
2026-03-26 21:06:42 | INFO |   Irradiance Multiplier: 1.15x
2026-03-26 21:06:42 | INFO |   Temp Multiplier: 0.97x
2026-03-26 21:06:42 | INFO |   Wind Multiplier: 1.05x
2026-03-26 21:06:42 | INFO |   Weather Multiplier: 1.17x
2026-03-26 21:06:42 | INFO |   Final Adjustment %: -8.78%
2026-03-26 21:06:42 | INFO |   Calculation: 3.033 MW * (1 + -8.78% / 100)
2026-03-26 21:06:42 | INFO |   Formula (expanded): raw=3.0325*(1+-8.7846/100)=2.7661
2026-03-26 21:06:42 | INFO | --- FINAL RESULT ---
2026-03-26 21:06:42 | INFO | Raw Schedule (before smoothing): 2.766 MW
2026-03-26 21:06:42 | INFO | Final Scheduled MW: 2.766 MW
2026-03-26 21:06:42 | INFO | --------------------------------------------------------------------------------
2026-03-26 21:06:42 | INFO | --------------------------------------------------------------------------------
2026-03-26 21:06:42 | INFO | BLOCK 61
2026-03-26 21:06:42 | INFO | --------------------------------------------------------------------------------
2026-03-26 21:06:42 | INFO | --- METERED DATA ---
2026-03-26 21:06:42 | INFO | Metered Value: NOT YET AVAILABLE
2026-03-26 21:06:42 | INFO | Last Two Metered Values (for trend): ['0.221', '0.319']
2026-03-26 21:06:42 | INFO | --- FORECAST DATA ---
2026-03-26 21:06:42 | INFO | Intraday Forecast (Enercast): 2.890 MW
2026-03-26 21:06:42 | INFO | Day-ahead Forecast (Enercast): 2.940 MW
2026-03-26 21:06:42 | INFO | Base Forecast (raw, before curtailment/shutdown): 2.846 MW
2026-03-26 21:06:42 | INFO | Base Forecast (used for schedule): 2.846 MW
2026-03-26 21:06:42 | INFO | Effective Base Forecast (after curtailment/shutdown): 2.846 MW
2026-03-26 21:06:42 | INFO | Base Blend Inputs: meter_ref=0.707 MW, meter_factor=1.000, meter_weight=0.020
2026-03-26 21:06:42 | INFO | Plant Status: NORMAL
2026-03-26 21:06:42 | INFO | Effective Base Forecast = Base Forecast (raw) = 2.846 MW
2026-03-26 21:06:42 | INFO | --- WEATHER PARAMETERS ---
2026-03-26 21:06:42 | INFO | GTI: 769.0 W/m^2
2026-03-26 21:06:42 | INFO | DHI: 108.0 W/m^2
2026-03-26 21:06:42 | INFO | DNI: 0.0 W/m^2
2026-03-26 21:06:42 | INFO | Irradiance Ratio (GTI/MAX_GTI): 0.802
2026-03-26 21:06:42 | INFO | Diffuse Ratio (current): 0.140
2026-03-26 21:06:42 | INFO | Irradiance State: STABLE_CLEAR
2026-03-26 21:06:42 | INFO | Temp @ 2m: 35.36 C
2026-03-26 21:06:42 | INFO | Wind @ 10m: 7.64 m/s
2026-03-26 21:06:42 | INFO | Weather State: NORMAL
2026-03-26 21:06:42 | INFO | Dynamic Thresholds: cloud_thr=0.0000, shift_thr=0.0000
2026-03-26 21:06:42 | INFO | Multipliers: irradiance=1.15x, temp=0.97x, wind=1.05x
2026-03-26 21:06:42 | INFO | Weather Multiplier (combined): 1.17x
2026-03-26 21:06:42 | INFO | Abrupt Weather Change Detected: False
2026-03-26 21:06:42 | INFO | --- TREND ANALYSIS ---
2026-03-26 21:06:42 | INFO | Trend series (oldest -> latest):
2026-03-26 21:06:42 | INFO |   Block 60: 3.080 MW (source: INTRADAY_FALLBACK)
2026-03-26 21:06:42 | INFO |   Block 59: 3.260 MW (source: INTRADAY_FALLBACK)
2026-03-26 21:06:42 | INFO |   Block 58: 3.430 MW (source: INTRADAY_FALLBACK)
2026-03-26 21:06:42 | INFO |   Block 57: 3.560 MW (source: INTRADAY_FALLBACK)
2026-03-26 21:06:42 | INFO | Trend values used for slope calc: B60=3.080(INTRADAY_FALLBACK), B59=3.260(INTRADAY_FALLBACK), B58=3.430(INTRADAY_FALLBACK), B57=3.560(INTRADAY_FALLBACK)
2026-03-26 21:06:42 | INFO | Detected Trend Type: DECREASING
2026-03-26 21:06:42 | INFO | Trend Slope Percentage: -13.51%
2026-03-26 21:06:42 | INFO | Trend EPS Threshold: 1.50%
2026-03-26 21:06:42 | INFO | --- SCHEDULE CALCULATION ---
2026-03-26 21:06:42 | INFO | Condition Applied: CONDITION_3
2026-03-26 21:06:42 | INFO | Effective Base Forecast Used for Adjustments: 2.846 MW
2026-03-26 21:06:42 | INFO | Condition-3 (Phase-6) Applied:
2026-03-26 21:06:42 | INFO |   Forecast Mismatch: Intraday (2.890) != Day-ahead (2.940)
2026-03-26 21:06:42 | INFO |   Operation: SUBTRACT
2026-03-26 21:06:42 | INFO |   Base Adjustment %: 7.50%
2026-03-26 21:06:42 | INFO |   Irradiance Multiplier: 1.15x
2026-03-26 21:06:42 | INFO |   Temp Multiplier: 0.97x
2026-03-26 21:06:42 | INFO |   Wind Multiplier: 1.05x
2026-03-26 21:06:42 | INFO |   Weather Multiplier: 1.17x
2026-03-26 21:06:42 | INFO |   Final Adjustment %: -8.78%
2026-03-26 21:06:42 | INFO |   Calculation: 2.846 MW * (1 + -8.78% / 100)
2026-03-26 21:06:42 | INFO |   Formula (expanded): raw=2.8463*(1+-8.7846/100)=2.5963
2026-03-26 21:06:42 | INFO | --- FINAL RESULT ---
2026-03-26 21:06:42 | INFO | Raw Schedule (before smoothing): 2.596 MW
2026-03-26 21:06:42 | INFO | Final Scheduled MW: 2.596 MW
2026-03-26 21:06:42 | INFO | --------------------------------------------------------------------------------
2026-03-26 21:06:42 | INFO | --------------------------------------------------------------------------------
2026-03-26 21:06:42 | INFO | BLOCK 62
2026-03-26 21:06:42 | INFO | --------------------------------------------------------------------------------
2026-03-26 21:06:42 | INFO | --- METERED DATA ---
2026-03-26 21:06:42 | INFO | Metered Value: NOT YET AVAILABLE
2026-03-26 21:06:42 | INFO | Last Two Metered Values (for trend): ['0.221', '0.319']
2026-03-26 21:06:42 | INFO | --- FORECAST DATA ---
2026-03-26 21:06:42 | INFO | Intraday Forecast (Enercast): 2.690 MW
2026-03-26 21:06:42 | INFO | Day-ahead Forecast (Enercast): 2.840 MW
2026-03-26 21:06:42 | INFO | Base Forecast (raw, before curtailment/shutdown): 2.650 MW
2026-03-26 21:06:42 | INFO | Base Forecast (used for schedule): 2.650 MW
2026-03-26 21:06:42 | INFO | Effective Base Forecast (after curtailment/shutdown): 2.650 MW
2026-03-26 21:06:42 | INFO | Base Blend Inputs: meter_ref=0.707 MW, meter_factor=1.000, meter_weight=0.020
2026-03-26 21:06:42 | INFO | Plant Status: NORMAL
2026-03-26 21:06:42 | INFO | Effective Base Forecast = Base Forecast (raw) = 2.650 MW
2026-03-26 21:06:42 | INFO | --- WEATHER PARAMETERS ---
2026-03-26 21:06:42 | INFO | GTI: 726.0 W/m^2
2026-03-26 21:06:42 | INFO | DHI: 106.0 W/m^2
2026-03-26 21:06:42 | INFO | DNI: 0.0 W/m^2
2026-03-26 21:06:42 | INFO | Irradiance Ratio (GTI/MAX_GTI): 0.757
2026-03-26 21:06:42 | INFO | Diffuse Ratio (current): 0.146
2026-03-26 21:06:42 | INFO | Irradiance State: STABLE_CLEAR
2026-03-26 21:06:42 | INFO | Temp @ 2m: 35.46 C
2026-03-26 21:06:42 | INFO | Wind @ 10m: 7.93 m/s
2026-03-26 21:06:42 | INFO | Weather State: NORMAL
2026-03-26 21:06:42 | INFO | Dynamic Thresholds: cloud_thr=0.0000, shift_thr=0.0000
2026-03-26 21:06:42 | INFO | Multipliers: irradiance=1.15x, temp=0.97x, wind=1.05x
2026-03-26 21:06:42 | INFO | Weather Multiplier (combined): 1.17x
2026-03-26 21:06:42 | INFO | Abrupt Weather Change Detected: False
2026-03-26 21:06:42 | INFO | --- TREND ANALYSIS ---
2026-03-26 21:06:42 | INFO | Trend series (oldest -> latest):
2026-03-26 21:06:42 | INFO |   Block 61: 2.890 MW (source: INTRADAY_FALLBACK)
2026-03-26 21:06:42 | INFO |   Block 60: 3.080 MW (source: INTRADAY_FALLBACK)
2026-03-26 21:06:42 | INFO |   Block 59: 3.260 MW (source: INTRADAY_FALLBACK)
2026-03-26 21:06:42 | INFO |   Block 58: 3.430 MW (source: INTRADAY_FALLBACK)
2026-03-26 21:06:42 | INFO | Trend values used for slope calc: B61=2.890(INTRADAY_FALLBACK), B60=3.080(INTRADAY_FALLBACK), B59=3.260(INTRADAY_FALLBACK), B58=3.430(INTRADAY_FALLBACK)
2026-03-26 21:06:42 | INFO | Detected Trend Type: DECREASING
2026-03-26 21:06:42 | INFO | Trend Slope Percentage: -15.72%
2026-03-26 21:06:42 | INFO | Trend EPS Threshold: 1.50%
2026-03-26 21:06:42 | INFO | --- SCHEDULE CALCULATION ---
2026-03-26 21:06:42 | INFO | Condition Applied: CONDITION_3
2026-03-26 21:06:42 | INFO | Effective Base Forecast Used for Adjustments: 2.650 MW
2026-03-26 21:06:42 | INFO | Condition-3 (Phase-6) Applied:
2026-03-26 21:06:42 | INFO |   Forecast Mismatch: Intraday (2.690) != Day-ahead (2.840)
2026-03-26 21:06:42 | INFO |   Operation: SUBTRACT
2026-03-26 21:06:42 | INFO |   Base Adjustment %: 7.50%
2026-03-26 21:06:42 | INFO |   Irradiance Multiplier: 1.15x
2026-03-26 21:06:42 | INFO |   Temp Multiplier: 0.97x
2026-03-26 21:06:42 | INFO |   Wind Multiplier: 1.05x
2026-03-26 21:06:42 | INFO |   Weather Multiplier: 1.17x
2026-03-26 21:06:42 | INFO |   Final Adjustment %: -8.78%
2026-03-26 21:06:42 | INFO |   Calculation: 2.650 MW * (1 + -8.78% / 100)
2026-03-26 21:06:42 | INFO |   Formula (expanded): raw=2.6503*(1+-8.7846/100)=2.4175
2026-03-26 21:06:42 | INFO | --- FINAL RESULT ---
2026-03-26 21:06:42 | INFO | Raw Schedule (before smoothing): 2.418 MW
2026-03-26 21:06:42 | INFO | Final Scheduled MW: 2.418 MW
2026-03-26 21:06:42 | INFO | --------------------------------------------------------------------------------
2026-03-26 21:06:42 | INFO | --------------------------------------------------------------------------------
2026-03-26 21:06:42 | INFO | BLOCK 63
2026-03-26 21:06:42 | INFO | --------------------------------------------------------------------------------
2026-03-26 21:06:42 | INFO | --- METERED DATA ---
2026-03-26 21:06:42 | INFO | Metered Value: NOT YET AVAILABLE
2026-03-26 21:06:42 | INFO | Last Two Metered Values (for trend): ['0.221', '0.319']
2026-03-26 21:06:42 | INFO | --- FORECAST DATA ---
2026-03-26 21:06:42 | INFO | Intraday Forecast (Enercast): 2.470 MW
2026-03-26 21:06:42 | INFO | Day-ahead Forecast (Enercast): 2.630 MW
2026-03-26 21:06:42 | INFO | Base Forecast (raw, before curtailment/shutdown): 2.435 MW
2026-03-26 21:06:42 | INFO | Base Forecast (used for schedule): 2.435 MW
2026-03-26 21:06:42 | INFO | Effective Base Forecast (after curtailment/shutdown): 2.435 MW
2026-03-26 21:06:42 | INFO | Base Blend Inputs: meter_ref=0.707 MW, meter_factor=1.000, meter_weight=0.020
2026-03-26 21:06:42 | INFO | Plant Status: NORMAL
2026-03-26 21:06:42 | INFO | Effective Base Forecast = Base Forecast (raw) = 2.435 MW
2026-03-26 21:06:42 | INFO | --- WEATHER PARAMETERS ---
2026-03-26 21:06:42 | INFO | GTI: 681.0 W/m^2
2026-03-26 21:06:42 | INFO | DHI: 103.0 W/m^2
2026-03-26 21:06:42 | INFO | DNI: 0.0 W/m^2
2026-03-26 21:06:42 | INFO | Irradiance Ratio (GTI/MAX_GTI): 0.710
2026-03-26 21:06:42 | INFO | Diffuse Ratio (current): 0.151
2026-03-26 21:06:42 | INFO | Irradiance State: VARIABLE_CLEAR
2026-03-26 21:06:42 | INFO | Temp @ 2m: 35.61 C
2026-03-26 21:06:42 | INFO | Wind @ 10m: 8.65 m/s
2026-03-26 21:06:42 | INFO | Weather State: NORMAL
2026-03-26 21:06:42 | INFO | Dynamic Thresholds: cloud_thr=0.0000, shift_thr=0.0000
2026-03-26 21:06:42 | INFO | Multipliers: irradiance=1.00x, temp=0.97x, wind=1.05x
2026-03-26 21:06:42 | INFO | Weather Multiplier (combined): 1.02x
2026-03-26 21:06:42 | INFO | Abrupt Weather Change Detected: False
2026-03-26 21:06:42 | INFO | --- TREND ANALYSIS ---
2026-03-26 21:06:42 | INFO | Trend series (oldest -> latest):
2026-03-26 21:06:42 | INFO |   Block 62: 2.690 MW (source: INTRADAY_FALLBACK)
2026-03-26 21:06:42 | INFO |   Block 61: 2.890 MW (source: INTRADAY_FALLBACK)
2026-03-26 21:06:42 | INFO |   Block 60: 3.080 MW (source: INTRADAY_FALLBACK)
2026-03-26 21:06:42 | INFO |   Block 59: 3.260 MW (source: INTRADAY_FALLBACK)
2026-03-26 21:06:42 | INFO | Trend values used for slope calc: B62=2.690(INTRADAY_FALLBACK), B61=2.890(INTRADAY_FALLBACK), B60=3.080(INTRADAY_FALLBACK), B59=3.260(INTRADAY_FALLBACK)
2026-03-26 21:06:42 | INFO | Detected Trend Type: DECREASING
2026-03-26 21:06:42 | INFO | Trend Slope Percentage: -17.46%
2026-03-26 21:06:42 | INFO | Trend EPS Threshold: 1.50%
2026-03-26 21:06:42 | INFO | --- SCHEDULE CALCULATION ---
2026-03-26 21:06:42 | INFO | Condition Applied: CONDITION_3
2026-03-26 21:06:42 | INFO | Effective Base Forecast Used for Adjustments: 2.435 MW
2026-03-26 21:06:42 | INFO | Condition-3 (Phase-6) Applied:
2026-03-26 21:06:42 | INFO |   Forecast Mismatch: Intraday (2.470) != Day-ahead (2.630)
2026-03-26 21:06:42 | INFO |   Operation: SUBTRACT
2026-03-26 21:06:42 | INFO |   Base Adjustment %: 7.50%
2026-03-26 21:06:42 | INFO |   Irradiance Multiplier: 1.00x
2026-03-26 21:06:42 | INFO |   Temp Multiplier: 0.97x
2026-03-26 21:06:42 | INFO |   Wind Multiplier: 1.05x
2026-03-26 21:06:42 | INFO |   Weather Multiplier: 1.02x
2026-03-26 21:06:42 | INFO |   Final Adjustment %: -7.64%
2026-03-26 21:06:42 | INFO |   Calculation: 2.435 MW * (1 + -7.64% / 100)
2026-03-26 21:06:42 | INFO |   Formula (expanded): raw=2.4347*(1+-7.6387/100)=2.2488
2026-03-26 21:06:42 | INFO | --- FINAL RESULT ---
2026-03-26 21:06:42 | INFO | Raw Schedule (before smoothing): 2.249 MW
2026-03-26 21:06:42 | INFO | Final Scheduled MW: 2.249 MW
2026-03-26 21:06:42 | INFO | --------------------------------------------------------------------------------
2026-03-26 21:06:42 | INFO | --------------------------------------------------------------------------------
2026-03-26 21:06:42 | INFO | BLOCK 64
2026-03-26 21:06:42 | INFO | --------------------------------------------------------------------------------
2026-03-26 21:06:42 | INFO | --- METERED DATA ---
2026-03-26 21:06:42 | INFO | Metered Value: NOT YET AVAILABLE
2026-03-26 21:06:42 | INFO | Last Two Metered Values (for trend): ['0.221', '0.319']
2026-03-26 21:06:42 | INFO | --- FORECAST DATA ---
2026-03-26 21:06:42 | INFO | Intraday Forecast (Enercast): 2.250 MW
2026-03-26 21:06:42 | INFO | Day-ahead Forecast (Enercast): 2.420 MW
2026-03-26 21:06:42 | INFO | Base Forecast (raw, before curtailment/shutdown): 2.219 MW
2026-03-26 21:06:42 | INFO | Base Forecast (used for schedule): 2.219 MW
2026-03-26 21:06:42 | INFO | Effective Base Forecast (after curtailment/shutdown): 2.219 MW
2026-03-26 21:06:42 | INFO | Base Blend Inputs: meter_ref=0.707 MW, meter_factor=1.000, meter_weight=0.020
2026-03-26 21:06:42 | INFO | Plant Status: NORMAL
2026-03-26 21:06:42 | INFO | Effective Base Forecast = Base Forecast (raw) = 2.219 MW
2026-03-26 21:06:42 | INFO | --- WEATHER PARAMETERS ---
2026-03-26 21:06:42 | INFO | GTI: 633.0 W/m^2
2026-03-26 21:06:42 | INFO | DHI: 100.0 W/m^2
2026-03-26 21:06:42 | INFO | DNI: 0.0 W/m^2
2026-03-26 21:06:42 | INFO | Irradiance Ratio (GTI/MAX_GTI): 0.660
2026-03-26 21:06:42 | INFO | Diffuse Ratio (current): 0.158
2026-03-26 21:06:42 | INFO | Irradiance State: VARIABLE_CLEAR
2026-03-26 21:06:42 | INFO | Temp @ 2m: 35.76 C
2026-03-26 21:06:42 | INFO | Wind @ 10m: 9.83 m/s
2026-03-26 21:06:42 | INFO | Weather State: NORMAL
2026-03-26 21:06:42 | INFO | Dynamic Thresholds: cloud_thr=0.0000, shift_thr=0.0000
2026-03-26 21:06:42 | INFO | Multipliers: irradiance=1.00x, temp=0.97x, wind=1.05x
2026-03-26 21:06:42 | INFO | Weather Multiplier (combined): 1.02x
2026-03-26 21:06:42 | INFO | Abrupt Weather Change Detected: False
2026-03-26 21:06:42 | INFO | --- TREND ANALYSIS ---
2026-03-26 21:06:42 | INFO | Trend series (oldest -> latest):
2026-03-26 21:06:42 | INFO |   Block 63: 2.470 MW (source: INTRADAY_FALLBACK)
2026-03-26 21:06:42 | INFO |   Block 62: 2.690 MW (source: INTRADAY_FALLBACK)
2026-03-26 21:06:42 | INFO |   Block 61: 2.890 MW (source: INTRADAY_FALLBACK)
2026-03-26 21:06:42 | INFO |   Block 60: 3.080 MW (source: INTRADAY_FALLBACK)
2026-03-26 21:06:42 | INFO | Trend values used for slope calc: B63=2.470(INTRADAY_FALLBACK), B62=2.690(INTRADAY_FALLBACK), B61=2.890(INTRADAY_FALLBACK), B60=3.080(INTRADAY_FALLBACK)
2026-03-26 21:06:42 | INFO | Detected Trend Type: DECREASING
2026-03-26 21:06:42 | INFO | Trend Slope Percentage: -19.73%
2026-03-26 21:06:42 | INFO | Trend EPS Threshold: 1.50%
2026-03-26 21:06:42 | INFO | --- SCHEDULE CALCULATION ---
2026-03-26 21:06:42 | INFO | Condition Applied: CONDITION_3
2026-03-26 21:06:42 | INFO | Effective Base Forecast Used for Adjustments: 2.219 MW
2026-03-26 21:06:42 | INFO | Condition-3 (Phase-6) Applied:
2026-03-26 21:06:42 | INFO |   Forecast Mismatch: Intraday (2.250) != Day-ahead (2.420)
2026-03-26 21:06:42 | INFO |   Operation: SUBTRACT
2026-03-26 21:06:42 | INFO |   Base Adjustment %: 7.50%
2026-03-26 21:06:42 | INFO |   Irradiance Multiplier: 1.00x
2026-03-26 21:06:42 | INFO |   Temp Multiplier: 0.97x
2026-03-26 21:06:42 | INFO |   Wind Multiplier: 1.05x
2026-03-26 21:06:42 | INFO |   Weather Multiplier: 1.02x
2026-03-26 21:06:42 | INFO |   Final Adjustment %: -7.64%
2026-03-26 21:06:42 | INFO |   Calculation: 2.219 MW * (1 + -7.64% / 100)
2026-03-26 21:06:42 | INFO |   Formula (expanded): raw=2.2191*(1+-7.6387/100)=2.0496
2026-03-26 21:06:42 | INFO | --- FINAL RESULT ---
2026-03-26 21:06:42 | INFO | Raw Schedule (before smoothing): 2.050 MW
2026-03-26 21:06:42 | INFO | Final Scheduled MW: 2.050 MW
2026-03-26 21:06:42 | INFO | --------------------------------------------------------------------------------
2026-03-26 21:06:42 | INFO | --------------------------------------------------------------------------------
2026-03-26 21:06:42 | INFO | BLOCK 65
2026-03-26 21:06:42 | INFO | --------------------------------------------------------------------------------
2026-03-26 21:06:42 | INFO | --- METERED DATA ---
2026-03-26 21:06:42 | INFO | Metered Value: NOT YET AVAILABLE
2026-03-26 21:06:42 | INFO | Last Two Metered Values (for trend): ['0.221', '0.319']
2026-03-26 21:06:42 | INFO | --- FORECAST DATA ---
2026-03-26 21:06:42 | INFO | Intraday Forecast (Enercast): 2.020 MW
2026-03-26 21:06:42 | INFO | Day-ahead Forecast (Enercast): 2.190 MW
2026-03-26 21:06:42 | INFO | Base Forecast (raw, before curtailment/shutdown): 1.994 MW
2026-03-26 21:06:42 | INFO | Base Forecast (used for schedule): 1.994 MW
2026-03-26 21:06:42 | INFO | Effective Base Forecast (after curtailment/shutdown): 1.994 MW
2026-03-26 21:06:42 | INFO | Base Blend Inputs: meter_ref=0.707 MW, meter_factor=1.000, meter_weight=0.020
2026-03-26 21:06:42 | INFO | Plant Status: NORMAL
2026-03-26 21:06:42 | INFO | Effective Base Forecast = Base Forecast (raw) = 1.994 MW
2026-03-26 21:06:42 | INFO | --- WEATHER PARAMETERS ---
2026-03-26 21:06:42 | INFO | GTI: 582.0 W/m^2
2026-03-26 21:06:42 | INFO | DHI: 97.0 W/m^2
2026-03-26 21:06:42 | INFO | DNI: 0.0 W/m^2
2026-03-26 21:06:42 | INFO | Irradiance Ratio (GTI/MAX_GTI): 0.607
2026-03-26 21:06:42 | INFO | Diffuse Ratio (current): 0.167
2026-03-26 21:06:42 | INFO | Irradiance State: VARIABLE_CLEAR
2026-03-26 21:06:42 | INFO | Temp @ 2m: 35.96 C
2026-03-26 21:06:42 | INFO | Wind @ 10m: 11.18 m/s
2026-03-26 21:06:42 | INFO | Weather State: NORMAL
2026-03-26 21:06:42 | INFO | Dynamic Thresholds: cloud_thr=0.0000, shift_thr=0.0000
2026-03-26 21:06:42 | INFO | Multipliers: irradiance=1.00x, temp=0.97x, wind=1.05x
2026-03-26 21:06:42 | INFO | Weather Multiplier (combined): 1.02x
2026-03-26 21:06:42 | INFO | Abrupt Weather Change Detected: False
2026-03-26 21:06:42 | INFO | --- TREND ANALYSIS ---
2026-03-26 21:06:42 | INFO | Trend series (oldest -> latest):
2026-03-26 21:06:42 | INFO |   Block 64: 2.250 MW (source: INTRADAY_FALLBACK)
2026-03-26 21:06:42 | INFO |   Block 63: 2.470 MW (source: INTRADAY_FALLBACK)
2026-03-26 21:06:42 | INFO |   Block 62: 2.690 MW (source: INTRADAY_FALLBACK)
2026-03-26 21:06:42 | INFO |   Block 61: 2.890 MW (source: INTRADAY_FALLBACK)
2026-03-26 21:06:42 | INFO | Trend values used for slope calc: B64=2.250(INTRADAY_FALLBACK), B63=2.470(INTRADAY_FALLBACK), B62=2.690(INTRADAY_FALLBACK), B61=2.890(INTRADAY_FALLBACK)
2026-03-26 21:06:42 | INFO | Detected Trend Type: DECREASING
2026-03-26 21:06:42 | INFO | Trend Slope Percentage: -22.17%
2026-03-26 21:06:42 | INFO | Trend EPS Threshold: 1.50%
2026-03-26 21:06:42 | INFO | --- SCHEDULE CALCULATION ---
2026-03-26 21:06:42 | INFO | Condition Applied: CONDITION_3
2026-03-26 21:06:42 | INFO | Effective Base Forecast Used for Adjustments: 1.994 MW
2026-03-26 21:06:42 | INFO | Condition-3 (Phase-6) Applied:
2026-03-26 21:06:42 | INFO |   Forecast Mismatch: Intraday (2.020) != Day-ahead (2.190)
2026-03-26 21:06:42 | INFO |   Operation: SUBTRACT
2026-03-26 21:06:42 | INFO |   Base Adjustment %: 7.50%
2026-03-26 21:06:42 | INFO |   Irradiance Multiplier: 1.00x
2026-03-26 21:06:42 | INFO |   Temp Multiplier: 0.97x
2026-03-26 21:06:42 | INFO |   Wind Multiplier: 1.05x
2026-03-26 21:06:42 | INFO |   Weather Multiplier: 1.02x
2026-03-26 21:06:42 | INFO |   Final Adjustment %: -7.64%
2026-03-26 21:06:42 | INFO |   Calculation: 1.994 MW * (1 + -7.64% / 100)
2026-03-26 21:06:42 | INFO |   Formula (expanded): raw=1.9937*(1+-7.6387/100)=1.8414
2026-03-26 21:06:42 | INFO | --- FINAL RESULT ---
2026-03-26 21:06:42 | INFO | Raw Schedule (before smoothing): 1.841 MW
2026-03-26 21:06:42 | INFO | Final Scheduled MW: 1.841 MW
2026-03-26 21:06:42 | INFO | --------------------------------------------------------------------------------
2026-03-26 21:06:42 | INFO | --------------------------------------------------------------------------------
2026-03-26 21:06:42 | INFO | BLOCK 66
2026-03-26 21:06:42 | INFO | --------------------------------------------------------------------------------
2026-03-26 21:06:42 | INFO | --- METERED DATA ---
2026-03-26 21:06:42 | INFO | Metered Value: NOT YET AVAILABLE
2026-03-26 21:06:42 | INFO | Last Two Metered Values (for trend): ['0.221', '0.319']
2026-03-26 21:06:42 | INFO | --- FORECAST DATA ---
2026-03-26 21:06:42 | INFO | Intraday Forecast (Enercast): 1.770 MW
2026-03-26 21:06:42 | INFO | Day-ahead Forecast (Enercast): 1.940 MW
2026-03-26 21:06:42 | INFO | Base Forecast (raw, before curtailment/shutdown): 1.749 MW
2026-03-26 21:06:42 | INFO | Base Forecast (used for schedule): 1.749 MW
2026-03-26 21:06:42 | INFO | Effective Base Forecast (after curtailment/shutdown): 1.749 MW
2026-03-26 21:06:42 | INFO | Base Blend Inputs: meter_ref=0.707 MW, meter_factor=1.000, meter_weight=0.020
2026-03-26 21:06:42 | INFO | Plant Status: NORMAL
2026-03-26 21:06:42 | INFO | Effective Base Forecast = Base Forecast (raw) = 1.749 MW
2026-03-26 21:06:42 | INFO | --- WEATHER PARAMETERS ---
2026-03-26 21:06:42 | INFO | GTI: 528.0 W/m^2
2026-03-26 21:06:42 | INFO | DHI: 94.0 W/m^2
2026-03-26 21:06:42 | INFO | DNI: 0.0 W/m^2
2026-03-26 21:06:42 | INFO | Irradiance Ratio (GTI/MAX_GTI): 0.551
2026-03-26 21:06:42 | INFO | Diffuse Ratio (current): 0.178
2026-03-26 21:06:42 | INFO | Irradiance State: VARIABLE_CLEAR
2026-03-26 21:06:42 | INFO | Temp @ 2m: 36.06 C
2026-03-26 21:06:42 | INFO | Wind @ 10m: 12.86 m/s
2026-03-26 21:06:42 | INFO | Weather State: NORMAL
2026-03-26 21:06:42 | INFO | Dynamic Thresholds: cloud_thr=0.0000, shift_thr=0.0000
2026-03-26 21:06:42 | INFO | Multipliers: irradiance=1.00x, temp=0.97x, wind=1.05x
2026-03-26 21:06:42 | INFO | Weather Multiplier (combined): 1.02x
2026-03-26 21:06:42 | INFO | Abrupt Weather Change Detected: False
2026-03-26 21:06:42 | INFO | --- TREND ANALYSIS ---
2026-03-26 21:06:42 | INFO | Trend series (oldest -> latest):
2026-03-26 21:06:42 | INFO |   Block 65: 2.020 MW (source: INTRADAY_FALLBACK)
2026-03-26 21:06:42 | INFO |   Block 64: 2.250 MW (source: INTRADAY_FALLBACK)
2026-03-26 21:06:42 | INFO |   Block 63: 2.470 MW (source: INTRADAY_FALLBACK)
2026-03-26 21:06:42 | INFO |   Block 62: 2.690 MW (source: INTRADAY_FALLBACK)
2026-03-26 21:06:42 | INFO | Trend values used for slope calc: B65=2.020(INTRADAY_FALLBACK), B64=2.250(INTRADAY_FALLBACK), B63=2.470(INTRADAY_FALLBACK), B62=2.690(INTRADAY_FALLBACK)
2026-03-26 21:06:42 | INFO | Detected Trend Type: DECREASING
2026-03-26 21:06:42 | INFO | Trend Slope Percentage: -24.85%
2026-03-26 21:06:42 | INFO | Trend EPS Threshold: 1.50%
2026-03-26 21:06:42 | INFO | --- SCHEDULE CALCULATION ---
2026-03-26 21:06:42 | INFO | Condition Applied: CONDITION_3
2026-03-26 21:06:42 | INFO | Effective Base Forecast Used for Adjustments: 1.749 MW
2026-03-26 21:06:42 | INFO | Condition-3 (Phase-6) Applied:
2026-03-26 21:06:42 | INFO |   Forecast Mismatch: Intraday (1.770) != Day-ahead (1.940)
2026-03-26 21:06:42 | INFO |   Operation: SUBTRACT
2026-03-26 21:06:42 | INFO |   Base Adjustment %: 7.50%
2026-03-26 21:06:42 | INFO |   Irradiance Multiplier: 1.00x
2026-03-26 21:06:42 | INFO |   Temp Multiplier: 0.97x
2026-03-26 21:06:42 | INFO |   Wind Multiplier: 1.05x
2026-03-26 21:06:42 | INFO |   Weather Multiplier: 1.02x
2026-03-26 21:06:42 | INFO |   Final Adjustment %: -7.64%
2026-03-26 21:06:42 | INFO |   Calculation: 1.749 MW * (1 + -7.64% / 100)
2026-03-26 21:06:42 | INFO |   Formula (expanded): raw=1.7487*(1+-7.6387/100)=1.6152
2026-03-26 21:06:42 | INFO | --- FINAL RESULT ---
2026-03-26 21:06:42 | INFO | Raw Schedule (before smoothing): 1.615 MW
2026-03-26 21:06:42 | INFO | Final Scheduled MW: 1.615 MW
2026-03-26 21:06:42 | INFO | --------------------------------------------------------------------------------
2026-03-26 21:06:42 | INFO | --------------------------------------------------------------------------------
2026-03-26 21:06:42 | INFO | BLOCK 67
2026-03-26 21:06:42 | INFO | --------------------------------------------------------------------------------
2026-03-26 21:06:42 | INFO | --- METERED DATA ---
2026-03-26 21:06:42 | INFO | Metered Value: NOT YET AVAILABLE
2026-03-26 21:06:42 | INFO | Last Two Metered Values (for trend): ['0.221', '0.319']
2026-03-26 21:06:42 | INFO | --- FORECAST DATA ---
2026-03-26 21:06:42 | INFO | Intraday Forecast (Enercast): 1.550 MW
2026-03-26 21:06:42 | INFO | Day-ahead Forecast (Enercast): 1.690 MW
2026-03-26 21:06:42 | INFO | Base Forecast (raw, before curtailment/shutdown): 1.533 MW
2026-03-26 21:06:42 | INFO | Base Forecast (used for schedule): 1.533 MW
2026-03-26 21:06:42 | INFO | Effective Base Forecast (after curtailment/shutdown): 1.533 MW
2026-03-26 21:06:42 | INFO | Base Blend Inputs: meter_ref=0.707 MW, meter_factor=1.000, meter_weight=0.020
2026-03-26 21:06:42 | INFO | Plant Status: NORMAL
2026-03-26 21:06:42 | INFO | Effective Base Forecast = Base Forecast (raw) = 1.533 MW
2026-03-26 21:06:42 | INFO | --- WEATHER PARAMETERS ---
2026-03-26 21:06:42 | INFO | GTI: 478.0 W/m^2
2026-03-26 21:06:42 | INFO | DHI: 91.0 W/m^2
2026-03-26 21:06:42 | INFO | DNI: 0.0 W/m^2
2026-03-26 21:06:42 | INFO | Irradiance Ratio (GTI/MAX_GTI): 0.498
2026-03-26 21:06:42 | INFO | Diffuse Ratio (current): 0.190
2026-03-26 21:06:42 | INFO | Irradiance State: VARIABLE_CLEAR
2026-03-26 21:06:42 | INFO | Temp @ 2m: 36.11 C
2026-03-26 21:06:42 | INFO | Wind @ 10m: 14.37 m/s
2026-03-26 21:06:42 | INFO | Weather State: NORMAL
2026-03-26 21:06:42 | INFO | Dynamic Thresholds: cloud_thr=0.0000, shift_thr=0.0000
2026-03-26 21:06:42 | INFO | Multipliers: irradiance=1.00x, temp=0.97x, wind=1.05x
2026-03-26 21:06:42 | INFO | Weather Multiplier (combined): 1.02x
2026-03-26 21:06:42 | INFO | Abrupt Weather Change Detected: False
2026-03-26 21:06:42 | INFO | --- TREND ANALYSIS ---
2026-03-26 21:06:42 | INFO | Trend series (oldest -> latest):
2026-03-26 21:06:42 | INFO |   Block 66: 1.770 MW (source: INTRADAY_FALLBACK)
2026-03-26 21:06:42 | INFO |   Block 65: 2.020 MW (source: INTRADAY_FALLBACK)
2026-03-26 21:06:42 | INFO |   Block 64: 2.250 MW (source: INTRADAY_FALLBACK)
2026-03-26 21:06:42 | INFO |   Block 63: 2.470 MW (source: INTRADAY_FALLBACK)
2026-03-26 21:06:42 | INFO | Trend values used for slope calc: B66=1.770(INTRADAY_FALLBACK), B65=2.020(INTRADAY_FALLBACK), B64=2.250(INTRADAY_FALLBACK), B63=2.470(INTRADAY_FALLBACK)
2026-03-26 21:06:42 | INFO | Detected Trend Type: DECREASING
2026-03-26 21:06:42 | INFO | Trend Slope Percentage: -28.22%
2026-03-26 21:06:42 | INFO | Trend EPS Threshold: 1.50%
2026-03-26 21:06:42 | INFO | --- SCHEDULE CALCULATION ---
2026-03-26 21:06:42 | INFO | Condition Applied: CONDITION_3
2026-03-26 21:06:42 | INFO | Effective Base Forecast Used for Adjustments: 1.533 MW
2026-03-26 21:06:42 | INFO | Condition-3 (Phase-6) Applied:
2026-03-26 21:06:42 | INFO |   Forecast Mismatch: Intraday (1.550) != Day-ahead (1.690)
2026-03-26 21:06:42 | INFO |   Operation: SUBTRACT
2026-03-26 21:06:42 | INFO |   Base Adjustment %: 7.50%
2026-03-26 21:06:42 | INFO |   Irradiance Multiplier: 1.00x
2026-03-26 21:06:42 | INFO |   Temp Multiplier: 0.97x
2026-03-26 21:06:42 | INFO |   Wind Multiplier: 1.05x
2026-03-26 21:06:42 | INFO |   Weather Multiplier: 1.02x
2026-03-26 21:06:42 | INFO |   Final Adjustment %: -7.64%
2026-03-26 21:06:42 | INFO |   Calculation: 1.533 MW * (1 + -7.64% / 100)
2026-03-26 21:06:42 | INFO |   Formula (expanded): raw=1.5331*(1+-7.6387/100)=1.4160
2026-03-26 21:06:42 | INFO | --- FINAL RESULT ---
2026-03-26 21:06:42 | INFO | Raw Schedule (before smoothing): 1.416 MW
2026-03-26 21:06:42 | INFO | Final Scheduled MW: 1.416 MW
2026-03-26 21:06:42 | INFO | --------------------------------------------------------------------------------
2026-03-26 21:06:42 | INFO | --------------------------------------------------------------------------------
2026-03-26 21:06:42 | INFO | BLOCK 68
2026-03-26 21:06:42 | INFO | --------------------------------------------------------------------------------
2026-03-26 21:06:42 | INFO | --- METERED DATA ---
2026-03-26 21:06:42 | INFO | Metered Value: NOT YET AVAILABLE
2026-03-26 21:06:42 | INFO | Last Two Metered Values (for trend): ['0.221', '0.319']
2026-03-26 21:06:42 | INFO | --- FORECAST DATA ---
2026-03-26 21:06:42 | INFO | Intraday Forecast (Enercast): 1.340 MW
2026-03-26 21:06:42 | INFO | Day-ahead Forecast (Enercast): 1.450 MW
2026-03-26 21:06:42 | INFO | Base Forecast (raw, before curtailment/shutdown): 1.327 MW
2026-03-26 21:06:42 | INFO | Base Forecast (used for schedule): 1.327 MW
2026-03-26 21:06:42 | INFO | Effective Base Forecast (after curtailment/shutdown): 1.327 MW
2026-03-26 21:06:42 | INFO | Base Blend Inputs: meter_ref=0.707 MW, meter_factor=1.000, meter_weight=0.020
2026-03-26 21:06:42 | INFO | Plant Status: NORMAL
2026-03-26 21:06:42 | INFO | Effective Base Forecast = Base Forecast (raw) = 1.327 MW
2026-03-26 21:06:42 | INFO | --- WEATHER PARAMETERS ---
2026-03-26 21:06:42 | INFO | GTI: 424.0 W/m^2
2026-03-26 21:06:42 | INFO | DHI: 87.0 W/m^2
2026-03-26 21:06:42 | INFO | DNI: 0.0 W/m^2
2026-03-26 21:06:42 | INFO | Irradiance Ratio (GTI/MAX_GTI): 0.442
2026-03-26 21:06:42 | INFO | Diffuse Ratio (current): 0.205
2026-03-26 21:06:42 | INFO | Irradiance State: CLOUD_TRANSIENT
2026-03-26 21:06:42 | INFO | Temp @ 2m: 36.01 C
2026-03-26 21:06:42 | INFO | Wind @ 10m: 15.94 m/s
2026-03-26 21:06:42 | INFO | Weather State: NORMAL
2026-03-26 21:06:42 | INFO | Dynamic Thresholds: cloud_thr=0.0000, shift_thr=0.0000
2026-03-26 21:06:42 | INFO | Multipliers: irradiance=0.70x, temp=0.97x, wind=1.05x
2026-03-26 21:06:42 | INFO | Weather Multiplier (combined): 0.71x
2026-03-26 21:06:42 | INFO | Abrupt Weather Change Detected: False
2026-03-26 21:06:42 | INFO | --- TREND ANALYSIS ---
2026-03-26 21:06:42 | INFO | Trend series (oldest -> latest):
2026-03-26 21:06:42 | INFO |   Block 67: 1.550 MW (source: INTRADAY_FALLBACK)
2026-03-26 21:06:42 | INFO |   Block 66: 1.770 MW (source: INTRADAY_FALLBACK)
2026-03-26 21:06:42 | INFO |   Block 65: 2.020 MW (source: INTRADAY_FALLBACK)
2026-03-26 21:06:42 | INFO |   Block 64: 2.250 MW (source: INTRADAY_FALLBACK)
2026-03-26 21:06:42 | INFO | Trend values used for slope calc: B67=1.550(INTRADAY_FALLBACK), B66=1.770(INTRADAY_FALLBACK), B65=2.020(INTRADAY_FALLBACK), B64=2.250(INTRADAY_FALLBACK)
2026-03-26 21:06:42 | INFO | Detected Trend Type: DECREASING
2026-03-26 21:06:42 | INFO | Trend Slope Percentage: -31.33%
2026-03-26 21:06:42 | INFO | Trend EPS Threshold: 1.50%
2026-03-26 21:06:42 | INFO | --- SCHEDULE CALCULATION ---
2026-03-26 21:06:42 | INFO | Condition Applied: CONDITION_3
2026-03-26 21:06:42 | INFO | Effective Base Forecast Used for Adjustments: 1.327 MW
2026-03-26 21:06:42 | INFO | Condition-3 (Phase-6) Applied:
2026-03-26 21:06:42 | INFO |   Forecast Mismatch: Intraday (1.340) != Day-ahead (1.450)
2026-03-26 21:06:42 | INFO |   Operation: SUBTRACT
2026-03-26 21:06:42 | INFO |   Base Adjustment %: 7.50%
2026-03-26 21:06:42 | INFO |   Irradiance Multiplier: 0.70x
2026-03-26 21:06:42 | INFO |   Temp Multiplier: 0.97x
2026-03-26 21:06:42 | INFO |   Wind Multiplier: 1.05x
2026-03-26 21:06:42 | INFO |   Weather Multiplier: 0.71x
2026-03-26 21:06:42 | INFO |   Final Adjustment %: -5.35%
2026-03-26 21:06:42 | INFO |   Calculation: 1.327 MW * (1 + -5.35% / 100)
2026-03-26 21:06:42 | INFO |   Formula (expanded): raw=1.3273*(1+-5.3471/100)=1.2564
2026-03-26 21:06:42 | INFO | --- FINAL RESULT ---
2026-03-26 21:06:42 | INFO | Raw Schedule (before smoothing): 1.256 MW
2026-03-26 21:06:42 | INFO | Final Scheduled MW: 1.256 MW
2026-03-26 21:06:42 | INFO | --------------------------------------------------------------------------------
2026-03-26 21:06:42 | INFO | --------------------------------------------------------------------------------
2026-03-26 21:06:42 | INFO | BLOCK 69
2026-03-26 21:06:42 | INFO | --------------------------------------------------------------------------------
2026-03-26 21:06:42 | INFO | --- METERED DATA ---
2026-03-26 21:06:42 | INFO | Metered Value: NOT YET AVAILABLE
2026-03-26 21:06:42 | INFO | Last Two Metered Values (for trend): ['0.221', '0.319']
2026-03-26 21:06:42 | INFO | --- FORECAST DATA ---
2026-03-26 21:06:42 | INFO | Intraday Forecast (Enercast): 1.120 MW
2026-03-26 21:06:42 | INFO | Day-ahead Forecast (Enercast): 1.200 MW
2026-03-26 21:06:42 | INFO | Base Forecast (raw, before curtailment/shutdown): 1.112 MW
2026-03-26 21:06:42 | INFO | Base Forecast (used for schedule): 1.112 MW
2026-03-26 21:06:42 | INFO | Effective Base Forecast (after curtailment/shutdown): 1.112 MW
2026-03-26 21:06:42 | INFO | Base Blend Inputs: meter_ref=0.707 MW, meter_factor=1.000, meter_weight=0.020
2026-03-26 21:06:42 | INFO | Plant Status: NORMAL
2026-03-26 21:06:42 | INFO | Effective Base Forecast = Base Forecast (raw) = 1.112 MW
2026-03-26 21:06:42 | INFO | --- WEATHER PARAMETERS ---
2026-03-26 21:06:42 | INFO | GTI: 360.0 W/m^2
2026-03-26 21:06:42 | INFO | DHI: 81.0 W/m^2
2026-03-26 21:06:42 | INFO | DNI: 0.0 W/m^2
2026-03-26 21:06:42 | INFO | Irradiance Ratio (GTI/MAX_GTI): 0.375
2026-03-26 21:06:42 | INFO | Diffuse Ratio (current): 0.225
2026-03-26 21:06:42 | INFO | Irradiance State: CLOUD_TRANSIENT
2026-03-26 21:06:42 | INFO | Temp @ 2m: 35.81 C
2026-03-26 21:06:42 | INFO | Wind @ 10m: 17.56 m/s
2026-03-26 21:06:42 | INFO | Weather State: NORMAL
2026-03-26 21:06:42 | INFO | Dynamic Thresholds: cloud_thr=0.0000, shift_thr=0.0000
2026-03-26 21:06:42 | INFO | Multipliers: irradiance=0.70x, temp=0.97x, wind=1.05x
2026-03-26 21:06:42 | INFO | Weather Multiplier (combined): 0.71x
2026-03-26 21:06:42 | INFO | Abrupt Weather Change Detected: False
2026-03-26 21:06:42 | INFO | --- TREND ANALYSIS ---
2026-03-26 21:06:42 | INFO | Trend series (oldest -> latest):
2026-03-26 21:06:42 | INFO |   Block 68: 1.340 MW (source: INTRADAY_FALLBACK)
2026-03-26 21:06:42 | INFO |   Block 67: 1.550 MW (source: INTRADAY_FALLBACK)
2026-03-26 21:06:42 | INFO |   Block 66: 1.770 MW (source: INTRADAY_FALLBACK)
2026-03-26 21:06:42 | INFO |   Block 65: 2.020 MW (source: INTRADAY_FALLBACK)
2026-03-26 21:06:42 | INFO | Trend values used for slope calc: B68=1.340(INTRADAY_FALLBACK), B67=1.550(INTRADAY_FALLBACK), B66=1.770(INTRADAY_FALLBACK), B65=2.020(INTRADAY_FALLBACK)
2026-03-26 21:06:42 | INFO | Detected Trend Type: DECREASING
2026-03-26 21:06:42 | INFO | Trend Slope Percentage: -33.75%
2026-03-26 21:06:42 | INFO | Trend EPS Threshold: 1.50%
2026-03-26 21:06:42 | INFO | --- SCHEDULE CALCULATION ---
2026-03-26 21:06:42 | INFO | Condition Applied: CONDITION_3
2026-03-26 21:06:42 | INFO | Effective Base Forecast Used for Adjustments: 1.112 MW
2026-03-26 21:06:42 | INFO | Condition-3 (Phase-6) Applied:
2026-03-26 21:06:42 | INFO |   Forecast Mismatch: Intraday (1.120) != Day-ahead (1.200)
2026-03-26 21:06:42 | INFO |   Operation: SUBTRACT
2026-03-26 21:06:42 | INFO |   Base Adjustment %: 7.50%
2026-03-26 21:06:42 | INFO |   Irradiance Multiplier: 0.70x
2026-03-26 21:06:42 | INFO |   Temp Multiplier: 0.97x
2026-03-26 21:06:42 | INFO |   Wind Multiplier: 1.05x
2026-03-26 21:06:42 | INFO |   Weather Multiplier: 0.71x
2026-03-26 21:06:42 | INFO |   Final Adjustment %: -5.35%
2026-03-26 21:06:42 | INFO |   Calculation: 1.112 MW * (1 + -5.35% / 100)
2026-03-26 21:06:42 | INFO |   Formula (expanded): raw=1.1117*(1+-5.3471/100)=1.0523
2026-03-26 21:06:42 | INFO | --- FINAL RESULT ---
2026-03-26 21:06:42 | INFO | Raw Schedule (before smoothing): 1.052 MW
2026-03-26 21:06:42 | INFO | Final Scheduled MW: 1.052 MW
2026-03-26 21:06:42 | INFO | --------------------------------------------------------------------------------
2026-03-26 21:06:42 | INFO | --------------------------------------------------------------------------------
2026-03-26 21:06:42 | INFO | BLOCK 70
2026-03-26 21:06:42 | INFO | --------------------------------------------------------------------------------
2026-03-26 21:06:42 | INFO | --- METERED DATA ---
2026-03-26 21:06:42 | INFO | Metered Value: NOT YET AVAILABLE
2026-03-26 21:06:42 | INFO | Last Two Metered Values (for trend): ['0.221', '0.319']
2026-03-26 21:06:42 | INFO | --- FORECAST DATA ---
2026-03-26 21:06:42 | INFO | Intraday Forecast (Enercast): 0.900 MW
2026-03-26 21:06:42 | INFO | Day-ahead Forecast (Enercast): 0.950 MW
2026-03-26 21:06:42 | INFO | Base Forecast (raw, before curtailment/shutdown): 0.896 MW
2026-03-26 21:06:42 | INFO | Base Forecast (used for schedule): 0.896 MW
2026-03-26 21:06:42 | INFO | Effective Base Forecast (after curtailment/shutdown): 0.896 MW
2026-03-26 21:06:42 | INFO | Base Blend Inputs: meter_ref=0.707 MW, meter_factor=1.000, meter_weight=0.020
2026-03-26 21:06:42 | INFO | Plant Status: NORMAL
2026-03-26 21:06:42 | INFO | Effective Base Forecast = Base Forecast (raw) = 0.896 MW
2026-03-26 21:06:42 | INFO | --- WEATHER PARAMETERS ---
2026-03-26 21:06:42 | INFO | GTI: 284.0 W/m^2
2026-03-26 21:06:42 | INFO | DHI: 71.0 W/m^2
2026-03-26 21:06:42 | INFO | DNI: 0.0 W/m^2
2026-03-26 21:06:42 | INFO | Irradiance Ratio (GTI/MAX_GTI): 0.296
2026-03-26 21:06:42 | INFO | Diffuse Ratio (current): 0.250
2026-03-26 21:06:42 | INFO | Irradiance State: CLOUD_TRANSIENT
2026-03-26 21:06:42 | INFO | Temp @ 2m: 35.51 C
2026-03-26 21:06:42 | INFO | Wind @ 10m: 19.02 m/s
2026-03-26 21:06:42 | INFO | Weather State: NORMAL
2026-03-26 21:06:42 | INFO | Dynamic Thresholds: cloud_thr=0.0000, shift_thr=0.0000
2026-03-26 21:06:42 | INFO | Multipliers: irradiance=0.70x, temp=0.97x, wind=1.05x
2026-03-26 21:06:42 | INFO | Weather Multiplier (combined): 0.71x
2026-03-26 21:06:42 | INFO | Abrupt Weather Change Detected: False
2026-03-26 21:06:42 | INFO | --- TREND ANALYSIS ---
2026-03-26 21:06:42 | INFO | Trend series (oldest -> latest):
2026-03-26 21:06:42 | INFO |   Block 69: 1.120 MW (source: INTRADAY_FALLBACK)
2026-03-26 21:06:42 | INFO |   Block 68: 1.340 MW (source: INTRADAY_FALLBACK)
2026-03-26 21:06:42 | INFO |   Block 67: 1.550 MW (source: INTRADAY_FALLBACK)
2026-03-26 21:06:42 | INFO |   Block 66: 1.770 MW (source: INTRADAY_FALLBACK)
2026-03-26 21:06:42 | INFO | Trend values used for slope calc: B69=1.120(INTRADAY_FALLBACK), B68=1.340(INTRADAY_FALLBACK), B67=1.550(INTRADAY_FALLBACK), B66=1.770(INTRADAY_FALLBACK)
2026-03-26 21:06:42 | INFO | Detected Trend Type: DECREASING
2026-03-26 21:06:42 | INFO | Trend Slope Percentage: -36.63%
2026-03-26 21:06:42 | INFO | Trend EPS Threshold: 1.50%
2026-03-26 21:06:42 | INFO | --- SCHEDULE CALCULATION ---
2026-03-26 21:06:42 | INFO | Condition Applied: CONDITION_3
2026-03-26 21:06:42 | INFO | Effective Base Forecast Used for Adjustments: 0.896 MW
2026-03-26 21:06:42 | INFO | Condition-3 (Phase-6) Applied:
2026-03-26 21:06:42 | INFO |   Forecast Mismatch: Intraday (0.900) != Day-ahead (0.950)
2026-03-26 21:06:42 | INFO |   Operation: SUBTRACT
2026-03-26 21:06:42 | INFO |   Base Adjustment %: 7.50%
2026-03-26 21:06:42 | INFO |   Irradiance Multiplier: 0.70x
2026-03-26 21:06:42 | INFO |   Temp Multiplier: 0.97x
2026-03-26 21:06:42 | INFO |   Wind Multiplier: 1.05x
2026-03-26 21:06:42 | INFO |   Weather Multiplier: 0.71x
2026-03-26 21:06:42 | INFO |   Final Adjustment %: -5.35%
2026-03-26 21:06:42 | INFO |   Calculation: 0.896 MW * (1 + -5.35% / 100)
2026-03-26 21:06:42 | INFO |   Formula (expanded): raw=0.8961*(1+-5.3471/100)=0.8482
2026-03-26 21:06:42 | INFO | --- FINAL RESULT ---
2026-03-26 21:06:42 | INFO | Raw Schedule (before smoothing): 0.848 MW
2026-03-26 21:06:42 | INFO | Final Scheduled MW: 0.848 MW
2026-03-26 21:06:42 | INFO | --------------------------------------------------------------------------------
2026-03-26 21:06:42 | INFO | --------------------------------------------------------------------------------
2026-03-26 21:06:42 | INFO | BLOCK 71
2026-03-26 21:06:42 | INFO | --------------------------------------------------------------------------------
2026-03-26 21:06:42 | INFO | --- METERED DATA ---
2026-03-26 21:06:42 | INFO | Metered Value: NOT YET AVAILABLE
2026-03-26 21:06:42 | INFO | Last Two Metered Values (for trend): ['0.221', '0.319']
2026-03-26 21:06:42 | INFO | --- FORECAST DATA ---
2026-03-26 21:06:42 | INFO | Intraday Forecast (Enercast): 0.540 MW
2026-03-26 21:06:42 | INFO | Day-ahead Forecast (Enercast): 0.710 MW
2026-03-26 21:06:42 | INFO | Base Forecast (raw, before curtailment/shutdown): 0.543 MW
2026-03-26 21:06:42 | INFO | Base Forecast (used for schedule): 0.543 MW
2026-03-26 21:06:42 | INFO | Effective Base Forecast (after curtailment/shutdown): 0.543 MW
2026-03-26 21:06:42 | INFO | Base Blend Inputs: meter_ref=0.707 MW, meter_factor=1.000, meter_weight=0.020
2026-03-26 21:06:42 | INFO | Plant Status: NORMAL
2026-03-26 21:06:42 | INFO | Effective Base Forecast = Base Forecast (raw) = 0.543 MW
2026-03-26 21:06:42 | INFO | --- WEATHER PARAMETERS ---
2026-03-26 21:06:42 | INFO | GTI: 198.0 W/m^2
2026-03-26 21:06:42 | INFO | DHI: 58.0 W/m^2
2026-03-26 21:06:42 | INFO | DNI: 0.0 W/m^2
2026-03-26 21:06:42 | INFO | Irradiance Ratio (GTI/MAX_GTI): 0.206
2026-03-26 21:06:42 | INFO | Diffuse Ratio (current): 0.293
2026-03-26 21:06:42 | INFO | Irradiance State: CLOUD_TRANSIENT
2026-03-26 21:06:42 | INFO | Temp @ 2m: 35.21 C
2026-03-26 21:06:42 | INFO | Wind @ 10m: 19.88 m/s
2026-03-26 21:06:42 | INFO | Weather State: NORMAL
2026-03-26 21:06:42 | INFO | Dynamic Thresholds: cloud_thr=0.0000, shift_thr=0.0000
2026-03-26 21:06:42 | INFO | Multipliers: irradiance=0.70x, temp=0.97x, wind=1.05x
2026-03-26 21:06:42 | INFO | Weather Multiplier (combined): 0.71x
2026-03-26 21:06:42 | INFO | Abrupt Weather Change Detected: False
2026-03-26 21:06:42 | INFO | --- TREND ANALYSIS ---
2026-03-26 21:06:42 | INFO | Trend series (oldest -> latest):
2026-03-26 21:06:42 | INFO |   Block 70: 0.900 MW (source: INTRADAY_FALLBACK)
2026-03-26 21:06:42 | INFO |   Block 69: 1.120 MW (source: INTRADAY_FALLBACK)
2026-03-26 21:06:42 | INFO |   Block 68: 1.340 MW (source: INTRADAY_FALLBACK)
2026-03-26 21:06:42 | INFO |   Block 67: 1.550 MW (source: INTRADAY_FALLBACK)
2026-03-26 21:06:42 | INFO | Trend values used for slope calc: B70=0.900(INTRADAY_FALLBACK), B69=1.120(INTRADAY_FALLBACK), B68=1.340(INTRADAY_FALLBACK), B67=1.550(INTRADAY_FALLBACK)
2026-03-26 21:06:42 | INFO | Detected Trend Type: DECREASING
2026-03-26 21:06:42 | INFO | Trend Slope Percentage: -41.92%
2026-03-26 21:06:42 | INFO | Trend EPS Threshold: 1.50%
2026-03-26 21:06:42 | INFO | --- SCHEDULE CALCULATION ---
2026-03-26 21:06:42 | INFO | Condition Applied: CONDITION_3
2026-03-26 21:06:42 | INFO | Effective Base Forecast Used for Adjustments: 0.543 MW
2026-03-26 21:06:42 | INFO | Condition-3 (Phase-6) Applied:
2026-03-26 21:06:42 | INFO |   Forecast Mismatch: Intraday (0.540) != Day-ahead (0.710)
2026-03-26 21:06:42 | INFO |   Operation: SUBTRACT
2026-03-26 21:06:42 | INFO |   Base Adjustment %: 7.50%
2026-03-26 21:06:42 | INFO |   Irradiance Multiplier: 0.70x
2026-03-26 21:06:42 | INFO |   Temp Multiplier: 0.97x
2026-03-26 21:06:42 | INFO |   Wind Multiplier: 1.05x
2026-03-26 21:06:42 | INFO |   Weather Multiplier: 0.71x
2026-03-26 21:06:42 | INFO |   Final Adjustment %: -5.35%
2026-03-26 21:06:42 | INFO |   Calculation: 0.543 MW * (1 + -5.35% / 100)
2026-03-26 21:06:42 | INFO |   Formula (expanded): raw=0.5433*(1+-5.3471/100)=0.5143
2026-03-26 21:06:42 | INFO | --- FINAL RESULT ---
2026-03-26 21:06:42 | INFO | Raw Schedule (before smoothing): 0.514 MW
2026-03-26 21:06:42 | INFO | Final Scheduled MW: 0.514 MW
2026-03-26 21:06:42 | INFO | --------------------------------------------------------------------------------
2026-03-26 21:06:42 | INFO | Low GTI ratio (0.127) -> base_forecast damped by 0.85
2026-03-26 21:06:42 | INFO | --------------------------------------------------------------------------------
2026-03-26 21:06:42 | INFO | BLOCK 72
2026-03-26 21:06:42 | INFO | --------------------------------------------------------------------------------
2026-03-26 21:06:42 | INFO | --- METERED DATA ---
2026-03-26 21:06:42 | INFO | Metered Value: NOT YET AVAILABLE
2026-03-26 21:06:42 | INFO | Last Two Metered Values (for trend): ['0.221', '0.319']
2026-03-26 21:06:42 | INFO | --- FORECAST DATA ---
2026-03-26 21:06:42 | INFO | Intraday Forecast (Enercast): 0.360 MW
2026-03-26 21:06:42 | INFO | Day-ahead Forecast (Enercast): 0.470 MW
2026-03-26 21:06:42 | INFO | Base Forecast (raw, before curtailment/shutdown): 0.367 MW
2026-03-26 21:06:42 | INFO | Base Forecast (used for schedule): 0.312 MW
2026-03-26 21:06:42 | INFO | Effective Base Forecast (after curtailment/shutdown): 0.312 MW
2026-03-26 21:06:42 | INFO | Base Blend Inputs: meter_ref=0.707 MW, meter_factor=1.000, meter_weight=0.020
2026-03-26 21:06:42 | INFO | Plant Status: NORMAL
2026-03-26 21:06:42 | INFO | Effective Base Forecast = Base Forecast (raw) = 0.312 MW
2026-03-26 21:06:42 | INFO | --- WEATHER PARAMETERS ---
2026-03-26 21:06:42 | INFO | GTI: 122.0 W/m^2
2026-03-26 21:06:42 | INFO | DHI: 45.0 W/m^2
2026-03-26 21:06:42 | INFO | DNI: 0.0 W/m^2
2026-03-26 21:06:42 | INFO | Irradiance Ratio (GTI/MAX_GTI): 0.127
2026-03-26 21:06:42 | INFO | Diffuse Ratio (current): 0.369
2026-03-26 21:06:42 | INFO | Irradiance State: OVERCAST
2026-03-26 21:06:42 | INFO | Temp @ 2m: 34.86 C
2026-03-26 21:06:42 | INFO | Wind @ 10m: 19.97 m/s
2026-03-26 21:06:42 | INFO | Weather State: NORMAL
2026-03-26 21:06:42 | INFO | Dynamic Thresholds: cloud_thr=0.0000, shift_thr=0.0000
2026-03-26 21:06:42 | INFO | Multipliers: irradiance=0.55x, temp=1.00x, wind=1.05x
2026-03-26 21:06:42 | INFO | Weather Multiplier (combined): 0.58x
2026-03-26 21:06:42 | INFO | Abrupt Weather Change Detected: False
2026-03-26 21:06:42 | INFO | --- TREND ANALYSIS ---
2026-03-26 21:06:42 | INFO | Trend series (oldest -> latest):
2026-03-26 21:06:42 | INFO |   Block 71: 0.540 MW (source: INTRADAY_FALLBACK)
2026-03-26 21:06:42 | INFO |   Block 70: 0.900 MW (source: INTRADAY_FALLBACK)
2026-03-26 21:06:42 | INFO |   Block 69: 1.120 MW (source: INTRADAY_FALLBACK)
2026-03-26 21:06:42 | INFO |   Block 68: 1.340 MW (source: INTRADAY_FALLBACK)
2026-03-26 21:06:42 | INFO | Trend values used for slope calc: B71=0.540(INTRADAY_FALLBACK), B70=0.900(INTRADAY_FALLBACK), B69=1.120(INTRADAY_FALLBACK), B68=1.340(INTRADAY_FALLBACK)
2026-03-26 21:06:42 | INFO | Detected Trend Type: DECREASING
2026-03-26 21:06:42 | INFO | Trend Slope Percentage: -57.46%
2026-03-26 21:06:42 | INFO | Trend EPS Threshold: 1.50%
2026-03-26 21:06:42 | INFO | --- SCHEDULE CALCULATION ---
2026-03-26 21:06:42 | INFO | Condition Applied: CONDITION_3
2026-03-26 21:06:42 | INFO | Effective Base Forecast Used for Adjustments: 0.312 MW
2026-03-26 21:06:42 | INFO | Condition-3 (Phase-6) Applied:
2026-03-26 21:06:42 | INFO |   Forecast Mismatch: Intraday (0.360) != Day-ahead (0.470)
2026-03-26 21:06:42 | INFO |   Operation: SUBTRACT
2026-03-26 21:06:42 | INFO |   Base Adjustment %: 7.50%
2026-03-26 21:06:42 | INFO |   Irradiance Multiplier: 0.55x
2026-03-26 21:06:42 | INFO |   Temp Multiplier: 1.00x
2026-03-26 21:06:42 | INFO |   Wind Multiplier: 1.05x
2026-03-26 21:06:42 | INFO |   Weather Multiplier: 1.00x
2026-03-26 21:06:42 | INFO |   Final Adjustment %: -7.50%
2026-03-26 21:06:42 | INFO |   Calculation: 0.312 MW * (1 + -7.50% / 100)
2026-03-26 21:06:42 | INFO |   Formula (expanded): raw=0.3119*(1+-7.5000/100)=0.2885
2026-03-26 21:06:42 | INFO | --- FINAL RESULT ---
2026-03-26 21:06:42 | INFO | Raw Schedule (before smoothing): 0.289 MW
2026-03-26 21:06:42 | INFO | Final Scheduled MW: 0.289 MW
2026-03-26 21:06:42 | INFO | --------------------------------------------------------------------------------
2026-03-26 21:06:42 | INFO | Low GTI ratio (0.072) -> base_forecast damped by 0.85
2026-03-26 21:06:42 | INFO | --------------------------------------------------------------------------------
2026-03-26 21:06:42 | INFO | BLOCK 73
2026-03-26 21:06:42 | INFO | --------------------------------------------------------------------------------
2026-03-26 21:06:42 | INFO | --- METERED DATA ---
2026-03-26 21:06:42 | INFO | Metered Value: NOT YET AVAILABLE
2026-03-26 21:06:42 | INFO | Last Two Metered Values (for trend): ['0.221', '0.319']
2026-03-26 21:06:42 | INFO | --- FORECAST DATA ---
2026-03-26 21:06:42 | INFO | Intraday Forecast (Enercast): 0.210 MW
2026-03-26 21:06:42 | INFO | Day-ahead Forecast (Enercast): 0.270 MW
2026-03-26 21:06:42 | INFO | Base Forecast (raw, before curtailment/shutdown): 0.220 MW
2026-03-26 21:06:42 | INFO | Base Forecast (used for schedule): 0.187 MW
2026-03-26 21:06:42 | INFO | Effective Base Forecast (after curtailment/shutdown): 0.187 MW
2026-03-26 21:06:42 | INFO | Base Blend Inputs: meter_ref=0.707 MW, meter_factor=1.000, meter_weight=0.020
2026-03-26 21:06:42 | INFO | Plant Status: NORMAL
2026-03-26 21:06:42 | INFO | Effective Base Forecast = Base Forecast (raw) = 0.187 MW
2026-03-26 21:06:42 | INFO | --- WEATHER PARAMETERS ---
2026-03-26 21:06:42 | INFO | GTI: 69.0 W/m^2
2026-03-26 21:06:42 | INFO | DHI: 33.0 W/m^2
2026-03-26 21:06:42 | INFO | DNI: 0.0 W/m^2
2026-03-26 21:06:42 | INFO | Irradiance Ratio (GTI/MAX_GTI): 0.072
2026-03-26 21:06:42 | INFO | Diffuse Ratio (current): 0.478
2026-03-26 21:06:42 | INFO | Irradiance State: OVERCAST
2026-03-26 21:06:42 | INFO | Temp @ 2m: 34.51 C
2026-03-26 21:06:42 | INFO | Wind @ 10m: 19.59 m/s
2026-03-26 21:06:42 | INFO | Weather State: NORMAL
2026-03-26 21:06:42 | INFO | Dynamic Thresholds: cloud_thr=0.0000, shift_thr=0.0000
2026-03-26 21:06:42 | INFO | Multipliers: irradiance=0.55x, temp=1.00x, wind=1.05x
2026-03-26 21:06:42 | INFO | Weather Multiplier (combined): 0.58x
2026-03-26 21:06:42 | INFO | Abrupt Weather Change Detected: False
2026-03-26 21:06:42 | INFO | --- TREND ANALYSIS ---
2026-03-26 21:06:42 | INFO | Trend series (oldest -> latest):
2026-03-26 21:06:42 | INFO |   Block 72: 0.360 MW (source: INTRADAY_FALLBACK)
2026-03-26 21:06:42 | INFO |   Block 71: 0.540 MW (source: INTRADAY_FALLBACK)
2026-03-26 21:06:42 | INFO |   Block 70: 0.900 MW (source: INTRADAY_FALLBACK)
2026-03-26 21:06:42 | INFO |   Block 69: 1.120 MW (source: INTRADAY_FALLBACK)
2026-03-26 21:06:42 | INFO | Trend values used for slope calc: B72=0.360(INTRADAY_FALLBACK), B71=0.540(INTRADAY_FALLBACK), B70=0.900(INTRADAY_FALLBACK), B69=1.120(INTRADAY_FALLBACK)
2026-03-26 21:06:42 | INFO | Detected Trend Type: DECREASING
2026-03-26 21:06:42 | INFO | Trend Slope Percentage: -70.34%
2026-03-26 21:06:42 | INFO | Trend EPS Threshold: 1.50%
2026-03-26 21:06:42 | INFO | --- SCHEDULE CALCULATION ---
2026-03-26 21:06:42 | INFO | Condition Applied: CONDITION_3
2026-03-26 21:06:42 | INFO | Effective Base Forecast Used for Adjustments: 0.187 MW
2026-03-26 21:06:42 | INFO | Condition-3 (Phase-6) Applied:
2026-03-26 21:06:42 | INFO |   Forecast Mismatch: Intraday (0.210) != Day-ahead (0.270)
2026-03-26 21:06:42 | INFO |   Operation: SUBTRACT
2026-03-26 21:06:42 | INFO |   Base Adjustment %: 7.50%
2026-03-26 21:06:42 | INFO |   Irradiance Multiplier: 0.55x
2026-03-26 21:06:42 | INFO |   Temp Multiplier: 1.00x
2026-03-26 21:06:42 | INFO |   Wind Multiplier: 1.05x
2026-03-26 21:06:42 | INFO |   Weather Multiplier: 1.00x
2026-03-26 21:06:42 | INFO |   Final Adjustment %: -7.50%
2026-03-26 21:06:42 | INFO |   Calculation: 0.187 MW * (1 + -7.50% / 100)
2026-03-26 21:06:42 | INFO |   Formula (expanded): raw=0.1869*(1+-7.5000/100)=0.1729
2026-03-26 21:06:42 | INFO | --- FINAL RESULT ---
2026-03-26 21:06:42 | INFO | Raw Schedule (before smoothing): 0.173 MW
2026-03-26 21:06:42 | INFO | Final Scheduled MW: 0.173 MW
2026-03-26 21:06:42 | INFO | --------------------------------------------------------------------------------
2026-03-26 21:06:42 | INFO | Low GTI ratio (0.040) -> base_forecast damped by 0.85
2026-03-26 21:06:42 | INFO | --------------------------------------------------------------------------------
2026-03-26 21:06:42 | INFO | BLOCK 74
2026-03-26 21:06:42 | INFO | --------------------------------------------------------------------------------
2026-03-26 21:06:42 | INFO | --- METERED DATA ---
2026-03-26 21:06:42 | INFO | Metered Value: NOT YET AVAILABLE
2026-03-26 21:06:42 | INFO | Last Two Metered Values (for trend): ['0.221', '0.319']
2026-03-26 21:06:42 | INFO | --- FORECAST DATA ---
2026-03-26 21:06:42 | INFO | Intraday Forecast (Enercast): 0.080 MW
2026-03-26 21:06:42 | INFO | Day-ahead Forecast (Enercast): 0.110 MW
2026-03-26 21:06:42 | INFO | Base Forecast (raw, before curtailment/shutdown): 0.093 MW
2026-03-26 21:06:42 | INFO | Base Forecast (used for schedule): 0.079 MW
2026-03-26 21:06:42 | INFO | Effective Base Forecast (after curtailment/shutdown): 0.079 MW
2026-03-26 21:06:42 | INFO | Base Blend Inputs: meter_ref=0.707 MW, meter_factor=1.000, meter_weight=0.020
2026-03-26 21:06:42 | INFO | Plant Status: NORMAL
2026-03-26 21:06:42 | INFO | Effective Base Forecast = Base Forecast (raw) = 0.079 MW
2026-03-26 21:06:42 | INFO | --- WEATHER PARAMETERS ---
2026-03-26 21:06:42 | INFO | GTI: 38.0 W/m^2
2026-03-26 21:06:42 | INFO | DHI: 22.0 W/m^2
2026-03-26 21:06:42 | INFO | DNI: 0.0 W/m^2
2026-03-26 21:06:42 | INFO | Irradiance Ratio (GTI/MAX_GTI): 0.040
2026-03-26 21:06:42 | INFO | Diffuse Ratio (current): 0.440
2026-03-26 21:06:42 | INFO | Irradiance State: OVERCAST
2026-03-26 21:06:42 | INFO | Temp @ 2m: 34.11 C
2026-03-26 21:06:42 | INFO | Wind @ 10m: 19.01 m/s
2026-03-26 21:06:42 | INFO | Weather State: NORMAL
2026-03-26 21:06:42 | INFO | Dynamic Thresholds: cloud_thr=0.0000, shift_thr=0.0000
2026-03-26 21:06:42 | INFO | Multipliers: irradiance=0.55x, temp=1.00x, wind=1.05x
2026-03-26 21:06:42 | INFO | Weather Multiplier (combined): 0.58x
2026-03-26 21:06:42 | INFO | Abrupt Weather Change Detected: False
2026-03-26 21:06:42 | INFO | --- TREND ANALYSIS ---
2026-03-26 21:06:42 | INFO | Trend series (oldest -> latest):
2026-03-26 21:06:42 | INFO |   Block 73: 0.210 MW (source: INTRADAY_FALLBACK)
2026-03-26 21:06:42 | INFO |   Block 72: 0.360 MW (source: INTRADAY_FALLBACK)
2026-03-26 21:06:42 | INFO |   Block 71: 0.540 MW (source: INTRADAY_FALLBACK)
2026-03-26 21:06:42 | INFO |   Block 70: 0.900 MW (source: INTRADAY_FALLBACK)
2026-03-26 21:06:42 | INFO | Trend values used for slope calc: B73=0.210(INTRADAY_FALLBACK), B72=0.360(INTRADAY_FALLBACK), B71=0.540(INTRADAY_FALLBACK), B70=0.900(INTRADAY_FALLBACK)
2026-03-26 21:06:42 | INFO | Detected Trend Type: DECREASING
2026-03-26 21:06:42 | INFO | Trend Slope Percentage: -80.36%
2026-03-26 21:06:42 | INFO | Trend EPS Threshold: 1.50%
2026-03-26 21:06:42 | INFO | --- SCHEDULE CALCULATION ---
2026-03-26 21:06:42 | INFO | Condition Applied: CONDITION_3
2026-03-26 21:06:42 | INFO | Effective Base Forecast Used for Adjustments: 0.079 MW
2026-03-26 21:06:42 | INFO | Condition-3 (Phase-6) Applied:
2026-03-26 21:06:42 | INFO |   Forecast Mismatch: Intraday (0.080) != Day-ahead (0.110)
2026-03-26 21:06:42 | INFO |   Operation: SUBTRACT
2026-03-26 21:06:42 | INFO |   Base Adjustment %: 7.50%
2026-03-26 21:06:42 | INFO |   Irradiance Multiplier: 0.55x
2026-03-26 21:06:42 | INFO |   Temp Multiplier: 1.00x
2026-03-26 21:06:42 | INFO |   Wind Multiplier: 1.05x
2026-03-26 21:06:42 | INFO |   Weather Multiplier: 1.00x
2026-03-26 21:06:42 | INFO |   Final Adjustment %: -7.50%
2026-03-26 21:06:42 | INFO |   Calculation: 0.079 MW * (1 + -7.50% / 100)
2026-03-26 21:06:42 | INFO |   Formula (expanded): raw=0.0787*(1+-7.5000/100)=0.0728
2026-03-26 21:06:42 | INFO | --- FINAL RESULT ---
2026-03-26 21:06:42 | INFO | Raw Schedule (before smoothing): 0.073 MW
2026-03-26 21:06:42 | INFO | Final Scheduled MW: 0.073 MW
2026-03-26 21:06:42 | INFO | --------------------------------------------------------------------------------
2026-03-26 21:06:42 | INFO | --------------------------------------------------------------------------------
2026-03-26 21:06:42 | INFO | BLOCK 75
2026-03-26 21:06:42 | INFO | --------------------------------------------------------------------------------
2026-03-26 21:06:42 | INFO | --- METERED DATA ---
2026-03-26 21:06:42 | INFO | Metered Value: NOT YET AVAILABLE
2026-03-26 21:06:42 | INFO | Last Two Metered Values (for trend): ['0.221', '0.319']
2026-03-26 21:06:42 | INFO | --- FORECAST DATA ---
2026-03-26 21:06:42 | INFO | Intraday Forecast (Enercast): 0.000 MW
2026-03-26 21:06:42 | INFO | Day-ahead Forecast (Enercast): 0.000 MW
2026-03-26 21:06:42 | INFO | Base Forecast (raw, before curtailment/shutdown): 0.014 MW
2026-03-26 21:06:42 | INFO | Base Forecast (used for schedule): 0.014 MW
2026-03-26 21:06:42 | INFO | Effective Base Forecast (after curtailment/shutdown): 0.014 MW
2026-03-26 21:06:42 | INFO | Base Blend Inputs: meter_ref=0.707 MW, meter_factor=1.000, meter_weight=0.020
2026-03-26 21:06:42 | INFO | Plant Status: NORMAL
2026-03-26 21:06:42 | INFO | Effective Base Forecast = Base Forecast (raw) = 0.014 MW
2026-03-26 21:06:42 | INFO | --- WEATHER PARAMETERS ---
2026-03-26 21:06:42 | INFO | GTI: 19.0 W/m^2
2026-03-26 21:06:42 | INFO | DHI: 12.0 W/m^2
2026-03-26 21:06:42 | INFO | DNI: 0.0 W/m^2
2026-03-26 21:06:42 | INFO | Irradiance Ratio (GTI/MAX_GTI): 0.020
2026-03-26 21:06:42 | INFO | Diffuse Ratio (current): 0.240
2026-03-26 21:06:42 | INFO | Irradiance State: OVERCAST
2026-03-26 21:06:42 | INFO | Temp @ 2m: 33.71 C
2026-03-26 21:06:42 | INFO | Wind @ 10m: 17.94 m/s
2026-03-26 21:06:42 | INFO | Weather State: NORMAL
2026-03-26 21:06:42 | INFO | Dynamic Thresholds: cloud_thr=0.0000, shift_thr=0.0000
2026-03-26 21:06:42 | INFO | Multipliers: irradiance=0.55x, temp=1.00x, wind=1.05x
2026-03-26 21:06:42 | INFO | Weather Multiplier (combined): 0.58x
2026-03-26 21:06:42 | INFO | Abrupt Weather Change Detected: False
2026-03-26 21:06:42 | INFO | --- TREND ANALYSIS ---
2026-03-26 21:06:42 | INFO | Trend series: INSUFFICIENT DATA
2026-03-26 21:06:42 | INFO | Detected Trend Type: FLAT
2026-03-26 21:06:42 | INFO | Trend Slope Percentage: 0.00%
2026-03-26 21:06:42 | INFO | Trend EPS Threshold: 1.50%
2026-03-26 21:06:42 | INFO | --- SCHEDULE CALCULATION ---
2026-03-26 21:06:42 | INFO | Condition Applied: SUNSET_CLAMP
2026-03-26 21:06:42 | INFO | Effective Base Forecast Used for Adjustments: 0.014 MW
2026-03-26 21:06:42 | INFO | Condition-3: NOT APPLIED for this block path
2026-03-26 21:06:42 | INFO |   Final Adjustment %: 0.00%
2026-03-26 21:06:42 | INFO |   Formula (expanded): SUNSET_CLAMP: GTI=19.000 < 0.02*MAX_GTI=19.180 => raw=0
2026-03-26 21:06:42 | INFO | --- FINAL RESULT ---
2026-03-26 21:06:42 | INFO | Raw Schedule (before smoothing): 0.000 MW
2026-03-26 21:06:42 | INFO | Final Scheduled MW: 0.000 MW
2026-03-26 21:06:42 | INFO | --------------------------------------------------------------------------------
2026-03-26 21:06:42 | INFO | --------------------------------------------------------------------------------
2026-03-26 21:06:42 | INFO | BLOCK 76
2026-03-26 21:06:42 | INFO | --------------------------------------------------------------------------------
2026-03-26 21:06:42 | INFO | --- METERED DATA ---
2026-03-26 21:06:42 | INFO | Metered Value: NOT YET AVAILABLE
2026-03-26 21:06:42 | INFO | Last Two Metered Values (for trend): ['0.221', '0.319']
2026-03-26 21:06:42 | INFO | --- FORECAST DATA ---
2026-03-26 21:06:42 | INFO | Intraday Forecast (Enercast): 0.000 MW
2026-03-26 21:06:42 | INFO | Day-ahead Forecast (Enercast): 0.000 MW
2026-03-26 21:06:42 | INFO | Base Forecast (raw, before curtailment/shutdown): 0.014 MW
2026-03-26 21:06:42 | INFO | Base Forecast (used for schedule): 0.014 MW
2026-03-26 21:06:42 | INFO | Effective Base Forecast (after curtailment/shutdown): 0.014 MW
2026-03-26 21:06:42 | INFO | Base Blend Inputs: meter_ref=0.707 MW, meter_factor=1.000, meter_weight=0.020
2026-03-26 21:06:42 | INFO | Plant Status: NORMAL
2026-03-26 21:06:42 | INFO | Effective Base Forecast = Base Forecast (raw) = 0.014 MW
2026-03-26 21:06:42 | INFO | --- WEATHER PARAMETERS ---
2026-03-26 21:06:42 | INFO | GTI: 0.0 W/m^2
2026-03-26 21:06:42 | INFO | DHI: 2.0 W/m^2
2026-03-26 21:06:42 | INFO | DNI: 0.0 W/m^2
2026-03-26 21:06:42 | INFO | Irradiance Ratio (GTI/MAX_GTI): 0.000
2026-03-26 21:06:42 | INFO | Diffuse Ratio (current): 0.040
2026-03-26 21:06:42 | INFO | Irradiance State: OVERCAST
2026-03-26 21:06:42 | INFO | Temp @ 2m: 33.36 C
2026-03-26 21:06:42 | INFO | Wind @ 10m: 16.64 m/s
2026-03-26 21:06:42 | INFO | Weather State: NORMAL
2026-03-26 21:06:42 | INFO | Dynamic Thresholds: cloud_thr=0.0000, shift_thr=0.0000
2026-03-26 21:06:42 | INFO | Multipliers: irradiance=0.55x, temp=1.00x, wind=1.05x
2026-03-26 21:06:42 | INFO | Weather Multiplier (combined): 0.58x
2026-03-26 21:06:42 | INFO | Abrupt Weather Change Detected: False
2026-03-26 21:06:42 | INFO | --- TREND ANALYSIS ---
2026-03-26 21:06:42 | INFO | Trend series: INSUFFICIENT DATA
2026-03-26 21:06:42 | INFO | Detected Trend Type: FLAT
2026-03-26 21:06:42 | INFO | Trend Slope Percentage: 0.00%
2026-03-26 21:06:42 | INFO | Trend EPS Threshold: 1.50%
2026-03-26 21:06:42 | INFO | --- SCHEDULE CALCULATION ---
2026-03-26 21:06:42 | INFO | Condition Applied: SUNSET_CLAMP
2026-03-26 21:06:42 | INFO | Effective Base Forecast Used for Adjustments: 0.014 MW
2026-03-26 21:06:42 | INFO | Condition-3: NOT APPLIED for this block path
2026-03-26 21:06:42 | INFO |   Final Adjustment %: 0.00%
2026-03-26 21:06:42 | INFO |   Formula (expanded): SUNSET_CLAMP: GTI=0.000 < 0.02*MAX_GTI=19.180 => raw=0
2026-03-26 21:06:42 | INFO | --- FINAL RESULT ---
2026-03-26 21:06:42 | INFO | Raw Schedule (before smoothing): 0.000 MW
2026-03-26 21:06:42 | INFO | Final Scheduled MW: 0.000 MW
2026-03-26 21:06:42 | INFO | --------------------------------------------------------------------------------
2026-03-26 21:06:42 | INFO | --------------------------------------------------------------------------------
2026-03-26 21:06:42 | INFO | BLOCK 77
2026-03-26 21:06:42 | INFO | --------------------------------------------------------------------------------
2026-03-26 21:06:42 | INFO | --- METERED DATA ---
2026-03-26 21:06:42 | INFO | Metered Value: NOT YET AVAILABLE
2026-03-26 21:06:42 | INFO | Last Two Metered Values (for trend): ['0.221', '0.319']
2026-03-26 21:06:42 | INFO | --- FORECAST DATA ---
2026-03-26 21:06:42 | INFO | Intraday Forecast (Enercast): 0.000 MW
2026-03-26 21:06:42 | INFO | Day-ahead Forecast (Enercast): 0.000 MW
2026-03-26 21:06:42 | INFO | Base Forecast (raw, before curtailment/shutdown): 0.014 MW
2026-03-26 21:06:42 | INFO | Base Forecast (used for schedule): 0.014 MW
2026-03-26 21:06:42 | INFO | Effective Base Forecast (after curtailment/shutdown): 0.014 MW
2026-03-26 21:06:42 | INFO | Base Blend Inputs: meter_ref=0.707 MW, meter_factor=1.000, meter_weight=0.020
2026-03-26 21:06:42 | INFO | Plant Status: NORMAL
2026-03-26 21:06:42 | INFO | Effective Base Forecast = Base Forecast (raw) = 0.014 MW
2026-03-26 21:06:42 | INFO | --- WEATHER PARAMETERS ---
2026-03-26 21:06:42 | INFO | GTI: 0.0 W/m^2
2026-03-26 21:06:42 | INFO | DHI: 0.0 W/m^2
2026-03-26 21:06:42 | INFO | DNI: 0.0 W/m^2
2026-03-26 21:06:42 | INFO | Irradiance Ratio (GTI/MAX_GTI): 0.000
2026-03-26 21:06:42 | INFO | Diffuse Ratio (current): 0.000
2026-03-26 21:06:42 | INFO | Irradiance State: OVERCAST
2026-03-26 21:06:42 | INFO | Temp @ 2m: 32.96 C
2026-03-26 21:06:42 | INFO | Wind @ 10m: 14.84 m/s
2026-03-26 21:06:42 | INFO | Weather State: NORMAL
2026-03-26 21:06:42 | INFO | Dynamic Thresholds: cloud_thr=0.0000, shift_thr=0.0000
2026-03-26 21:06:42 | INFO | Multipliers: irradiance=0.55x, temp=1.00x, wind=1.05x
2026-03-26 21:06:42 | INFO | Weather Multiplier (combined): 0.58x
2026-03-26 21:06:42 | INFO | Abrupt Weather Change Detected: False
2026-03-26 21:06:42 | INFO | --- TREND ANALYSIS ---
2026-03-26 21:06:42 | INFO | Trend series: INSUFFICIENT DATA
2026-03-26 21:06:42 | INFO | Detected Trend Type: FLAT
2026-03-26 21:06:42 | INFO | Trend Slope Percentage: 0.00%
2026-03-26 21:06:42 | INFO | Trend EPS Threshold: 1.50%
2026-03-26 21:06:42 | INFO | --- SCHEDULE CALCULATION ---
2026-03-26 21:06:42 | INFO | Condition Applied: SUNSET_CLAMP
2026-03-26 21:06:42 | INFO | Effective Base Forecast Used for Adjustments: 0.014 MW
2026-03-26 21:06:42 | INFO | Condition-3: NOT APPLIED for this block path
2026-03-26 21:06:42 | INFO |   Final Adjustment %: 0.00%
2026-03-26 21:06:42 | INFO |   Formula (expanded): SUNSET_CLAMP: GTI=0.000 < 0.02*MAX_GTI=19.180 => raw=0
2026-03-26 21:06:42 | INFO | --- FINAL RESULT ---
2026-03-26 21:06:42 | INFO | Raw Schedule (before smoothing): 0.000 MW
2026-03-26 21:06:42 | INFO | Final Scheduled MW: 0.000 MW
2026-03-26 21:06:42 | INFO | --------------------------------------------------------------------------------
2026-03-26 21:06:42 | INFO | --------------------------------------------------------------------------------
2026-03-26 21:06:42 | INFO | BLOCK 78
2026-03-26 21:06:42 | INFO | --------------------------------------------------------------------------------
2026-03-26 21:06:42 | INFO | --- METERED DATA ---
2026-03-26 21:06:42 | INFO | Metered Value: NOT YET AVAILABLE
2026-03-26 21:06:42 | INFO | Last Two Metered Values (for trend): ['0.221', '0.319']
2026-03-26 21:06:42 | INFO | --- FORECAST DATA ---
2026-03-26 21:06:42 | INFO | Intraday Forecast (Enercast): 0.000 MW
2026-03-26 21:06:42 | INFO | Day-ahead Forecast (Enercast): 0.000 MW
2026-03-26 21:06:42 | INFO | Base Forecast (raw, before curtailment/shutdown): 0.014 MW
2026-03-26 21:06:42 | INFO | Base Forecast (used for schedule): 0.014 MW
2026-03-26 21:06:42 | INFO | Effective Base Forecast (after curtailment/shutdown): 0.014 MW
2026-03-26 21:06:42 | INFO | Base Blend Inputs: meter_ref=0.707 MW, meter_factor=1.000, meter_weight=0.020
2026-03-26 21:06:42 | INFO | Plant Status: NORMAL
2026-03-26 21:06:42 | INFO | Effective Base Forecast = Base Forecast (raw) = 0.014 MW
2026-03-26 21:06:42 | INFO | --- WEATHER PARAMETERS ---
2026-03-26 21:06:42 | INFO | GTI: 0.0 W/m^2
2026-03-26 21:06:42 | INFO | DHI: 0.0 W/m^2
2026-03-26 21:06:42 | INFO | DNI: 0.0 W/m^2
2026-03-26 21:06:42 | INFO | Irradiance Ratio (GTI/MAX_GTI): 0.000
2026-03-26 21:06:42 | INFO | Diffuse Ratio (current): 0.000
2026-03-26 21:06:42 | INFO | Irradiance State: OVERCAST
2026-03-26 21:06:42 | INFO | Temp @ 2m: 32.61 C
2026-03-26 21:06:42 | INFO | Wind @ 10m: 13.32 m/s
2026-03-26 21:06:42 | INFO | Weather State: NORMAL
2026-03-26 21:06:42 | INFO | Dynamic Thresholds: cloud_thr=0.0000, shift_thr=0.0000
2026-03-26 21:06:42 | INFO | Multipliers: irradiance=0.55x, temp=1.00x, wind=1.05x
2026-03-26 21:06:42 | INFO | Weather Multiplier (combined): 0.58x
2026-03-26 21:06:42 | INFO | Abrupt Weather Change Detected: False
2026-03-26 21:06:42 | INFO | --- TREND ANALYSIS ---
2026-03-26 21:06:42 | INFO | Trend series: INSUFFICIENT DATA
2026-03-26 21:06:42 | INFO | Detected Trend Type: FLAT
2026-03-26 21:06:42 | INFO | Trend Slope Percentage: 0.00%
2026-03-26 21:06:42 | INFO | Trend EPS Threshold: 1.50%
2026-03-26 21:06:42 | INFO | --- SCHEDULE CALCULATION ---
2026-03-26 21:06:42 | INFO | Condition Applied: SUNSET_CLAMP
2026-03-26 21:06:42 | INFO | Effective Base Forecast Used for Adjustments: 0.014 MW
2026-03-26 21:06:42 | INFO | Condition-3: NOT APPLIED for this block path
2026-03-26 21:06:42 | INFO |   Final Adjustment %: 0.00%
2026-03-26 21:06:42 | INFO |   Formula (expanded): SUNSET_CLAMP: GTI=0.000 < 0.02*MAX_GTI=19.180 => raw=0
2026-03-26 21:06:42 | INFO | --- FINAL RESULT ---
2026-03-26 21:06:42 | INFO | Raw Schedule (before smoothing): 0.000 MW
2026-03-26 21:06:42 | INFO | Final Scheduled MW: 0.000 MW
2026-03-26 21:06:42 | INFO | --------------------------------------------------------------------------------
2026-03-26 21:06:42 | INFO | --------------------------------------------------------------------------------
2026-03-26 21:06:42 | INFO | BLOCK 79
2026-03-26 21:06:42 | INFO | --------------------------------------------------------------------------------
2026-03-26 21:06:42 | INFO | --- METERED DATA ---
2026-03-26 21:06:42 | INFO | Metered Value: NOT YET AVAILABLE
2026-03-26 21:06:42 | INFO | Last Two Metered Values (for trend): ['0.221', '0.319']
2026-03-26 21:06:42 | INFO | --- FORECAST DATA ---
2026-03-26 21:06:42 | INFO | Intraday Forecast (Enercast): 0.000 MW
2026-03-26 21:06:42 | INFO | Day-ahead Forecast (Enercast): 0.000 MW
2026-03-26 21:06:42 | INFO | Base Forecast (raw, before curtailment/shutdown): 0.014 MW
2026-03-26 21:06:42 | INFO | Base Forecast (used for schedule): 0.014 MW
2026-03-26 21:06:42 | INFO | Effective Base Forecast (after curtailment/shutdown): 0.014 MW
2026-03-26 21:06:42 | INFO | Base Blend Inputs: meter_ref=0.707 MW, meter_factor=1.000, meter_weight=0.020
2026-03-26 21:06:42 | INFO | Plant Status: NORMAL
2026-03-26 21:06:42 | INFO | Effective Base Forecast = Base Forecast (raw) = 0.014 MW
2026-03-26 21:06:42 | INFO | --- WEATHER PARAMETERS ---
2026-03-26 21:06:42 | INFO | GTI: 0.0 W/m^2
2026-03-26 21:06:42 | INFO | DHI: 0.0 W/m^2
2026-03-26 21:06:42 | INFO | DNI: 0.0 W/m^2
2026-03-26 21:06:42 | INFO | Irradiance Ratio (GTI/MAX_GTI): 0.000
2026-03-26 21:06:42 | INFO | Diffuse Ratio (current): 0.000
2026-03-26 21:06:42 | INFO | Irradiance State: OVERCAST
2026-03-26 21:06:42 | INFO | Temp @ 2m: 32.21 C
2026-03-26 21:06:42 | INFO | Wind @ 10m: 12.18 m/s
2026-03-26 21:06:42 | INFO | Weather State: NORMAL
2026-03-26 21:06:42 | INFO | Dynamic Thresholds: cloud_thr=0.0000, shift_thr=0.0000
2026-03-26 21:06:42 | INFO | Multipliers: irradiance=0.55x, temp=1.00x, wind=1.05x
2026-03-26 21:06:42 | INFO | Weather Multiplier (combined): 0.58x
2026-03-26 21:06:42 | INFO | Abrupt Weather Change Detected: False
2026-03-26 21:06:42 | INFO | --- TREND ANALYSIS ---
2026-03-26 21:06:42 | INFO | Trend series: INSUFFICIENT DATA
2026-03-26 21:06:42 | INFO | Detected Trend Type: FLAT
2026-03-26 21:06:42 | INFO | Trend Slope Percentage: 0.00%
2026-03-26 21:06:42 | INFO | Trend EPS Threshold: 1.50%
2026-03-26 21:06:42 | INFO | --- SCHEDULE CALCULATION ---
2026-03-26 21:06:42 | INFO | Condition Applied: SUNSET_CLAMP
2026-03-26 21:06:42 | INFO | Effective Base Forecast Used for Adjustments: 0.014 MW
2026-03-26 21:06:42 | INFO | Condition-3: NOT APPLIED for this block path
2026-03-26 21:06:42 | INFO |   Final Adjustment %: 0.00%
2026-03-26 21:06:42 | INFO |   Formula (expanded): SUNSET_CLAMP: GTI=0.000 < 0.02*MAX_GTI=19.180 => raw=0
2026-03-26 21:06:42 | INFO | --- FINAL RESULT ---
2026-03-26 21:06:42 | INFO | Raw Schedule (before smoothing): 0.000 MW
2026-03-26 21:06:42 | INFO | Final Scheduled MW: 0.000 MW
2026-03-26 21:06:42 | INFO | --------------------------------------------------------------------------------
2026-03-26 21:06:42 | INFO | --------------------------------------------------------------------------------
2026-03-26 21:06:42 | INFO | BLOCK 80
2026-03-26 21:06:42 | INFO | --------------------------------------------------------------------------------
2026-03-26 21:06:42 | INFO | --- METERED DATA ---
2026-03-26 21:06:42 | INFO | Metered Value: NOT YET AVAILABLE
2026-03-26 21:06:42 | INFO | Last Two Metered Values (for trend): ['0.221', '0.319']
2026-03-26 21:06:42 | INFO | --- FORECAST DATA ---
2026-03-26 21:06:42 | INFO | Intraday Forecast (Enercast): 0.000 MW
2026-03-26 21:06:42 | INFO | Day-ahead Forecast (Enercast): 0.000 MW
2026-03-26 21:06:42 | INFO | Base Forecast (raw, before curtailment/shutdown): 0.014 MW
2026-03-26 21:06:42 | INFO | Base Forecast (used for schedule): 0.014 MW
2026-03-26 21:06:42 | INFO | Effective Base Forecast (after curtailment/shutdown): 0.014 MW
2026-03-26 21:06:42 | INFO | Base Blend Inputs: meter_ref=0.707 MW, meter_factor=1.000, meter_weight=0.020
2026-03-26 21:06:42 | INFO | Plant Status: NORMAL
2026-03-26 21:06:42 | INFO | Effective Base Forecast = Base Forecast (raw) = 0.014 MW
2026-03-26 21:06:42 | INFO | --- WEATHER PARAMETERS ---
2026-03-26 21:06:42 | INFO | GTI: 0.0 W/m^2
2026-03-26 21:06:42 | INFO | DHI: 0.0 W/m^2
2026-03-26 21:06:42 | INFO | DNI: 0.0 W/m^2
2026-03-26 21:06:42 | INFO | Irradiance Ratio (GTI/MAX_GTI): 0.000
2026-03-26 21:06:42 | INFO | Diffuse Ratio (current): 0.000
2026-03-26 21:06:42 | INFO | Irradiance State: OVERCAST
2026-03-26 21:06:42 | INFO | Temp @ 2m: 31.81 C
2026-03-26 21:06:42 | INFO | Wind @ 10m: 12.07 m/s
2026-03-26 21:06:42 | INFO | Weather State: NORMAL
2026-03-26 21:06:42 | INFO | Dynamic Thresholds: cloud_thr=0.0000, shift_thr=0.0000
2026-03-26 21:06:42 | INFO | Multipliers: irradiance=0.55x, temp=1.00x, wind=1.05x
2026-03-26 21:06:42 | INFO | Weather Multiplier (combined): 0.58x
2026-03-26 21:06:42 | INFO | Abrupt Weather Change Detected: False
2026-03-26 21:06:42 | INFO | --- TREND ANALYSIS ---
2026-03-26 21:06:42 | INFO | Trend series: INSUFFICIENT DATA
2026-03-26 21:06:42 | INFO | Detected Trend Type: FLAT
2026-03-26 21:06:42 | INFO | Trend Slope Percentage: 0.00%
2026-03-26 21:06:42 | INFO | Trend EPS Threshold: 1.50%
2026-03-26 21:06:42 | INFO | --- SCHEDULE CALCULATION ---
2026-03-26 21:06:42 | INFO | Condition Applied: SUNSET_CLAMP
2026-03-26 21:06:42 | INFO | Effective Base Forecast Used for Adjustments: 0.014 MW
2026-03-26 21:06:42 | INFO | Condition-3: NOT APPLIED for this block path
2026-03-26 21:06:42 | INFO |   Final Adjustment %: 0.00%
2026-03-26 21:06:42 | INFO |   Formula (expanded): SUNSET_CLAMP: GTI=0.000 < 0.02*MAX_GTI=19.180 => raw=0
2026-03-26 21:06:42 | INFO | --- FINAL RESULT ---
2026-03-26 21:06:42 | INFO | Raw Schedule (before smoothing): 0.000 MW
2026-03-26 21:06:42 | INFO | Final Scheduled MW: 0.000 MW
2026-03-26 21:06:42 | INFO | --------------------------------------------------------------------------------
2026-03-26 21:06:42 | INFO | --------------------------------------------------------------------------------
2026-03-26 21:06:42 | INFO | BLOCK 81
2026-03-26 21:06:42 | INFO | --------------------------------------------------------------------------------
2026-03-26 21:06:42 | INFO | --- METERED DATA ---
2026-03-26 21:06:42 | INFO | Metered Value: NOT YET AVAILABLE
2026-03-26 21:06:42 | INFO | Last Two Metered Values (for trend): ['0.221', '0.319']
2026-03-26 21:06:42 | INFO | --- FORECAST DATA ---
2026-03-26 21:06:42 | INFO | Intraday Forecast (Enercast): 0.000 MW
2026-03-26 21:06:42 | INFO | Day-ahead Forecast (Enercast): 0.000 MW
2026-03-26 21:06:42 | INFO | Base Forecast (raw, before curtailment/shutdown): 0.014 MW
2026-03-26 21:06:42 | INFO | Base Forecast (used for schedule): 0.014 MW
2026-03-26 21:06:42 | INFO | Effective Base Forecast (after curtailment/shutdown): 0.014 MW
2026-03-26 21:06:42 | INFO | Base Blend Inputs: meter_ref=0.707 MW, meter_factor=1.000, meter_weight=0.020
2026-03-26 21:06:42 | INFO | Plant Status: NORMAL
2026-03-26 21:06:42 | INFO | Effective Base Forecast = Base Forecast (raw) = 0.014 MW
2026-03-26 21:06:42 | INFO | --- WEATHER PARAMETERS ---
2026-03-26 21:06:42 | INFO | GTI: 0.0 W/m^2
2026-03-26 21:06:42 | INFO | DHI: 0.0 W/m^2
2026-03-26 21:06:42 | INFO | DNI: 0.0 W/m^2
2026-03-26 21:06:42 | INFO | Irradiance Ratio (GTI/MAX_GTI): 0.000
2026-03-26 21:06:42 | INFO | Diffuse Ratio (current): 0.000
2026-03-26 21:06:42 | INFO | Irradiance State: OVERCAST
2026-03-26 21:06:42 | INFO | Temp @ 2m: 31.41 C
2026-03-26 21:06:42 | INFO | Wind @ 10m: 12.31 m/s
2026-03-26 21:06:42 | INFO | Weather State: NORMAL
2026-03-26 21:06:42 | INFO | Dynamic Thresholds: cloud_thr=0.0000, shift_thr=0.0000
2026-03-26 21:06:42 | INFO | Multipliers: irradiance=0.55x, temp=1.00x, wind=1.05x
2026-03-26 21:06:42 | INFO | Weather Multiplier (combined): 0.58x
2026-03-26 21:06:42 | INFO | Abrupt Weather Change Detected: False
2026-03-26 21:06:42 | INFO | --- TREND ANALYSIS ---
2026-03-26 21:06:42 | INFO | Trend series: INSUFFICIENT DATA
2026-03-26 21:06:42 | INFO | Detected Trend Type: FLAT
2026-03-26 21:06:42 | INFO | Trend Slope Percentage: 0.00%
2026-03-26 21:06:42 | INFO | Trend EPS Threshold: 1.50%
2026-03-26 21:06:42 | INFO | --- SCHEDULE CALCULATION ---
2026-03-26 21:06:42 | INFO | Condition Applied: SUNSET_CLAMP
2026-03-26 21:06:42 | INFO | Effective Base Forecast Used for Adjustments: 0.014 MW
2026-03-26 21:06:42 | INFO | Condition-3: NOT APPLIED for this block path
2026-03-26 21:06:42 | INFO |   Final Adjustment %: 0.00%
2026-03-26 21:06:42 | INFO |   Formula (expanded): SUNSET_CLAMP: GTI=0.000 < 0.02*MAX_GTI=19.180 => raw=0
2026-03-26 21:06:42 | INFO | --- FINAL RESULT ---
2026-03-26 21:06:42 | INFO | Raw Schedule (before smoothing): 0.000 MW
2026-03-26 21:06:42 | INFO | Final Scheduled MW: 0.000 MW
2026-03-26 21:06:42 | INFO | --------------------------------------------------------------------------------
2026-03-26 21:06:42 | INFO | --------------------------------------------------------------------------------
2026-03-26 21:06:42 | INFO | BLOCK 82
2026-03-26 21:06:42 | INFO | --------------------------------------------------------------------------------
2026-03-26 21:06:42 | INFO | --- METERED DATA ---
2026-03-26 21:06:42 | INFO | Metered Value: NOT YET AVAILABLE
2026-03-26 21:06:42 | INFO | Last Two Metered Values (for trend): ['0.221', '0.319']
2026-03-26 21:06:42 | INFO | --- FORECAST DATA ---
2026-03-26 21:06:42 | INFO | Intraday Forecast (Enercast): 0.000 MW
2026-03-26 21:06:42 | INFO | Day-ahead Forecast (Enercast): 0.000 MW
2026-03-26 21:06:42 | INFO | Base Forecast (raw, before curtailment/shutdown): 0.014 MW
2026-03-26 21:06:42 | INFO | Base Forecast (used for schedule): 0.014 MW
2026-03-26 21:06:42 | INFO | Effective Base Forecast (after curtailment/shutdown): 0.014 MW
2026-03-26 21:06:42 | INFO | Base Blend Inputs: meter_ref=0.707 MW, meter_factor=1.000, meter_weight=0.020
2026-03-26 21:06:42 | INFO | Plant Status: NORMAL
2026-03-26 21:06:42 | INFO | Effective Base Forecast = Base Forecast (raw) = 0.014 MW
2026-03-26 21:06:42 | INFO | --- WEATHER PARAMETERS ---
2026-03-26 21:06:42 | INFO | GTI: 0.0 W/m^2
2026-03-26 21:06:42 | INFO | DHI: 0.0 W/m^2
2026-03-26 21:06:42 | INFO | DNI: 0.0 W/m^2
2026-03-26 21:06:42 | INFO | Irradiance Ratio (GTI/MAX_GTI): 0.000
2026-03-26 21:06:42 | INFO | Diffuse Ratio (current): 0.000
2026-03-26 21:06:42 | INFO | Irradiance State: OVERCAST
2026-03-26 21:06:42 | INFO | Temp @ 2m: 31.01 C
2026-03-26 21:06:42 | INFO | Wind @ 10m: 13.44 m/s
2026-03-26 21:06:42 | INFO | Weather State: NORMAL
2026-03-26 21:06:42 | INFO | Dynamic Thresholds: cloud_thr=0.0000, shift_thr=0.0000
2026-03-26 21:06:42 | INFO | Multipliers: irradiance=0.55x, temp=1.00x, wind=1.05x
2026-03-26 21:06:42 | INFO | Weather Multiplier (combined): 0.58x
2026-03-26 21:06:42 | INFO | Abrupt Weather Change Detected: False
2026-03-26 21:06:42 | INFO | --- TREND ANALYSIS ---
2026-03-26 21:06:42 | INFO | Trend series: INSUFFICIENT DATA
2026-03-26 21:06:42 | INFO | Detected Trend Type: FLAT
2026-03-26 21:06:42 | INFO | Trend Slope Percentage: 0.00%
2026-03-26 21:06:42 | INFO | Trend EPS Threshold: 1.50%
2026-03-26 21:06:42 | INFO | --- SCHEDULE CALCULATION ---
2026-03-26 21:06:42 | INFO | Condition Applied: SUNSET_CLAMP
2026-03-26 21:06:42 | INFO | Effective Base Forecast Used for Adjustments: 0.014 MW
2026-03-26 21:06:42 | INFO | Condition-3: NOT APPLIED for this block path
2026-03-26 21:06:42 | INFO |   Final Adjustment %: 0.00%
2026-03-26 21:06:42 | INFO |   Formula (expanded): SUNSET_CLAMP: GTI=0.000 < 0.02*MAX_GTI=19.180 => raw=0
2026-03-26 21:06:42 | INFO | --- FINAL RESULT ---
2026-03-26 21:06:42 | INFO | Raw Schedule (before smoothing): 0.000 MW
2026-03-26 21:06:42 | INFO | Final Scheduled MW: 0.000 MW
2026-03-26 21:06:42 | INFO | --------------------------------------------------------------------------------
2026-03-26 21:06:42 | INFO | --------------------------------------------------------------------------------
2026-03-26 21:06:42 | INFO | BLOCK 83
2026-03-26 21:06:42 | INFO | --------------------------------------------------------------------------------
2026-03-26 21:06:42 | INFO | --- METERED DATA ---
2026-03-26 21:06:42 | INFO | Metered Value: NOT YET AVAILABLE
2026-03-26 21:06:42 | INFO | Last Two Metered Values (for trend): ['0.221', '0.319']
2026-03-26 21:06:42 | INFO | --- FORECAST DATA ---
2026-03-26 21:06:42 | INFO | Intraday Forecast (Enercast): 0.000 MW
2026-03-26 21:06:42 | INFO | Day-ahead Forecast (Enercast): 0.000 MW
2026-03-26 21:06:42 | INFO | Base Forecast (raw, before curtailment/shutdown): 0.014 MW
2026-03-26 21:06:42 | INFO | Base Forecast (used for schedule): 0.014 MW
2026-03-26 21:06:42 | INFO | Effective Base Forecast (after curtailment/shutdown): 0.014 MW
2026-03-26 21:06:42 | INFO | Base Blend Inputs: meter_ref=0.707 MW, meter_factor=1.000, meter_weight=0.020
2026-03-26 21:06:42 | INFO | Plant Status: NORMAL
2026-03-26 21:06:42 | INFO | Effective Base Forecast = Base Forecast (raw) = 0.014 MW
2026-03-26 21:06:42 | INFO | --- WEATHER PARAMETERS ---
2026-03-26 21:06:42 | INFO | GTI: 0.0 W/m^2
2026-03-26 21:06:42 | INFO | DHI: 0.0 W/m^2
2026-03-26 21:06:42 | INFO | DNI: 0.0 W/m^2
2026-03-26 21:06:42 | INFO | Irradiance Ratio (GTI/MAX_GTI): 0.000
2026-03-26 21:06:42 | INFO | Diffuse Ratio (current): 0.000
2026-03-26 21:06:42 | INFO | Irradiance State: OVERCAST
2026-03-26 21:06:42 | INFO | Temp @ 2m: 30.61 C
2026-03-26 21:06:42 | INFO | Wind @ 10m: 14.11 m/s
2026-03-26 21:06:42 | INFO | Weather State: NORMAL
2026-03-26 21:06:42 | INFO | Dynamic Thresholds: cloud_thr=0.0000, shift_thr=0.0000
2026-03-26 21:06:42 | INFO | Multipliers: irradiance=0.55x, temp=1.00x, wind=1.05x
2026-03-26 21:06:42 | INFO | Weather Multiplier (combined): 0.58x
2026-03-26 21:06:42 | INFO | Abrupt Weather Change Detected: False
2026-03-26 21:06:42 | INFO | --- TREND ANALYSIS ---
2026-03-26 21:06:42 | INFO | Trend series: INSUFFICIENT DATA
2026-03-26 21:06:42 | INFO | Detected Trend Type: FLAT
2026-03-26 21:06:42 | INFO | Trend Slope Percentage: 0.00%
2026-03-26 21:06:42 | INFO | Trend EPS Threshold: 1.50%
2026-03-26 21:06:42 | INFO | --- SCHEDULE CALCULATION ---
2026-03-26 21:06:42 | INFO | Condition Applied: SUNSET_CLAMP
2026-03-26 21:06:42 | INFO | Effective Base Forecast Used for Adjustments: 0.014 MW
2026-03-26 21:06:42 | INFO | Condition-3: NOT APPLIED for this block path
2026-03-26 21:06:42 | INFO |   Final Adjustment %: 0.00%
2026-03-26 21:06:42 | INFO |   Formula (expanded): SUNSET_CLAMP: GTI=0.000 < 0.02*MAX_GTI=19.180 => raw=0
2026-03-26 21:06:42 | INFO | --- FINAL RESULT ---
2026-03-26 21:06:42 | INFO | Raw Schedule (before smoothing): 0.000 MW
2026-03-26 21:06:42 | INFO | Final Scheduled MW: 0.000 MW
2026-03-26 21:06:42 | INFO | --------------------------------------------------------------------------------
2026-03-26 21:06:42 | INFO | --------------------------------------------------------------------------------
2026-03-26 21:06:42 | INFO | BLOCK 84
2026-03-26 21:06:42 | INFO | --------------------------------------------------------------------------------
2026-03-26 21:06:42 | INFO | --- METERED DATA ---
2026-03-26 21:06:42 | INFO | Metered Value: NOT YET AVAILABLE
2026-03-26 21:06:42 | INFO | Last Two Metered Values (for trend): ['0.221', '0.319']
2026-03-26 21:06:42 | INFO | --- FORECAST DATA ---
2026-03-26 21:06:42 | INFO | Intraday Forecast (Enercast): 0.000 MW
2026-03-26 21:06:42 | INFO | Day-ahead Forecast (Enercast): 0.000 MW
2026-03-26 21:06:42 | INFO | Base Forecast (raw, before curtailment/shutdown): 0.014 MW
2026-03-26 21:06:42 | INFO | Base Forecast (used for schedule): 0.014 MW
2026-03-26 21:06:42 | INFO | Effective Base Forecast (after curtailment/shutdown): 0.014 MW
2026-03-26 21:06:42 | INFO | Base Blend Inputs: meter_ref=0.707 MW, meter_factor=1.000, meter_weight=0.020
2026-03-26 21:06:42 | INFO | Plant Status: NORMAL
2026-03-26 21:06:42 | INFO | Effective Base Forecast = Base Forecast (raw) = 0.014 MW
2026-03-26 21:06:42 | INFO | --- WEATHER PARAMETERS ---
2026-03-26 21:06:42 | INFO | GTI: 0.0 W/m^2
2026-03-26 21:06:42 | INFO | DHI: 0.0 W/m^2
2026-03-26 21:06:42 | INFO | DNI: 0.0 W/m^2
2026-03-26 21:06:42 | INFO | Irradiance Ratio (GTI/MAX_GTI): 0.000
2026-03-26 21:06:42 | INFO | Diffuse Ratio (current): 0.000
2026-03-26 21:06:42 | INFO | Irradiance State: OVERCAST
2026-03-26 21:06:42 | INFO | Temp @ 2m: 30.26 C
2026-03-26 21:06:42 | INFO | Wind @ 10m: 13.98 m/s
2026-03-26 21:06:42 | INFO | Weather State: NORMAL
2026-03-26 21:06:42 | INFO | Dynamic Thresholds: cloud_thr=0.0000, shift_thr=0.0000
2026-03-26 21:06:42 | INFO | Multipliers: irradiance=0.55x, temp=1.00x, wind=1.05x
2026-03-26 21:06:42 | INFO | Weather Multiplier (combined): 0.58x
2026-03-26 21:06:42 | INFO | Abrupt Weather Change Detected: False
2026-03-26 21:06:42 | INFO | --- TREND ANALYSIS ---
2026-03-26 21:06:42 | INFO | Trend series: INSUFFICIENT DATA
2026-03-26 21:06:42 | INFO | Detected Trend Type: FLAT
2026-03-26 21:06:42 | INFO | Trend Slope Percentage: 0.00%
2026-03-26 21:06:42 | INFO | Trend EPS Threshold: 1.50%
2026-03-26 21:06:42 | INFO | --- SCHEDULE CALCULATION ---
2026-03-26 21:06:42 | INFO | Condition Applied: SUNSET_CLAMP
2026-03-26 21:06:42 | INFO | Effective Base Forecast Used for Adjustments: 0.014 MW
2026-03-26 21:06:42 | INFO | Condition-3: NOT APPLIED for this block path
2026-03-26 21:06:42 | INFO |   Final Adjustment %: 0.00%
2026-03-26 21:06:42 | INFO |   Formula (expanded): SUNSET_CLAMP: GTI=0.000 < 0.02*MAX_GTI=19.180 => raw=0
2026-03-26 21:06:42 | INFO | --- FINAL RESULT ---
2026-03-26 21:06:42 | INFO | Raw Schedule (before smoothing): 0.000 MW
2026-03-26 21:06:42 | INFO | Final Scheduled MW: 0.000 MW
2026-03-26 21:06:42 | INFO | --------------------------------------------------------------------------------
2026-03-26 21:06:42 | INFO | --------------------------------------------------------------------------------
2026-03-26 21:06:42 | INFO | BLOCK 85
2026-03-26 21:06:42 | INFO | --------------------------------------------------------------------------------
2026-03-26 21:06:42 | INFO | --- METERED DATA ---
2026-03-26 21:06:42 | INFO | Metered Value: NOT YET AVAILABLE
2026-03-26 21:06:42 | INFO | Last Two Metered Values (for trend): ['0.221', '0.319']
2026-03-26 21:06:42 | INFO | --- FORECAST DATA ---
2026-03-26 21:06:42 | INFO | Intraday Forecast (Enercast): 0.000 MW
2026-03-26 21:06:42 | INFO | Day-ahead Forecast (Enercast): 0.000 MW
2026-03-26 21:06:42 | INFO | Base Forecast (raw, before curtailment/shutdown): 0.014 MW
2026-03-26 21:06:42 | INFO | Base Forecast (used for schedule): 0.014 MW
2026-03-26 21:06:42 | INFO | Effective Base Forecast (after curtailment/shutdown): 0.014 MW
2026-03-26 21:06:42 | INFO | Base Blend Inputs: meter_ref=0.707 MW, meter_factor=1.000, meter_weight=0.020
2026-03-26 21:06:42 | INFO | Plant Status: NORMAL
2026-03-26 21:06:42 | INFO | Effective Base Forecast = Base Forecast (raw) = 0.014 MW
2026-03-26 21:06:42 | INFO | --- WEATHER PARAMETERS ---
2026-03-26 21:06:42 | INFO | GTI: 0.0 W/m^2
2026-03-26 21:06:42 | INFO | DHI: 0.0 W/m^2
2026-03-26 21:06:42 | INFO | DNI: 0.0 W/m^2
2026-03-26 21:06:42 | INFO | Irradiance Ratio (GTI/MAX_GTI): 0.000
2026-03-26 21:06:42 | INFO | Diffuse Ratio (current): 0.000
2026-03-26 21:06:42 | INFO | Irradiance State: OVERCAST
2026-03-26 21:06:42 | INFO | Temp @ 2m: 29.91 C
2026-03-26 21:06:42 | INFO | Wind @ 10m: 14.33 m/s
2026-03-26 21:06:42 | INFO | Weather State: NORMAL
2026-03-26 21:06:42 | INFO | Dynamic Thresholds: cloud_thr=0.0000, shift_thr=0.0000
2026-03-26 21:06:42 | INFO | Multipliers: irradiance=0.55x, temp=1.00x, wind=1.05x
2026-03-26 21:06:42 | INFO | Weather Multiplier (combined): 0.58x
2026-03-26 21:06:42 | INFO | Abrupt Weather Change Detected: False
2026-03-26 21:06:42 | INFO | --- TREND ANALYSIS ---
2026-03-26 21:06:42 | INFO | Trend series: INSUFFICIENT DATA
2026-03-26 21:06:42 | INFO | Detected Trend Type: FLAT
2026-03-26 21:06:42 | INFO | Trend Slope Percentage: 0.00%
2026-03-26 21:06:42 | INFO | Trend EPS Threshold: 1.50%
2026-03-26 21:06:42 | INFO | --- SCHEDULE CALCULATION ---
2026-03-26 21:06:42 | INFO | Condition Applied: SUNSET_CLAMP
2026-03-26 21:06:42 | INFO | Effective Base Forecast Used for Adjustments: 0.014 MW
2026-03-26 21:06:42 | INFO | Condition-3: NOT APPLIED for this block path
2026-03-26 21:06:42 | INFO |   Final Adjustment %: 0.00%
2026-03-26 21:06:42 | INFO |   Formula (expanded): SUNSET_CLAMP: GTI=0.000 < 0.02*MAX_GTI=19.180 => raw=0
2026-03-26 21:06:42 | INFO | --- FINAL RESULT ---
2026-03-26 21:06:42 | INFO | Raw Schedule (before smoothing): 0.000 MW
2026-03-26 21:06:42 | INFO | Final Scheduled MW: 0.000 MW
2026-03-26 21:06:42 | INFO | --------------------------------------------------------------------------------
2026-03-26 21:06:42 | INFO | --------------------------------------------------------------------------------
2026-03-26 21:06:42 | INFO | BLOCK 86
2026-03-26 21:06:42 | INFO | --------------------------------------------------------------------------------
2026-03-26 21:06:42 | INFO | --- METERED DATA ---
2026-03-26 21:06:42 | INFO | Metered Value: NOT YET AVAILABLE
2026-03-26 21:06:42 | INFO | Last Two Metered Values (for trend): ['0.221', '0.319']
2026-03-26 21:06:42 | INFO | --- FORECAST DATA ---
2026-03-26 21:06:42 | INFO | Intraday Forecast (Enercast): 0.000 MW
2026-03-26 21:06:42 | INFO | Day-ahead Forecast (Enercast): 0.000 MW
2026-03-26 21:06:42 | INFO | Base Forecast (raw, before curtailment/shutdown): 0.014 MW
2026-03-26 21:06:42 | INFO | Base Forecast (used for schedule): 0.014 MW
2026-03-26 21:06:42 | INFO | Effective Base Forecast (after curtailment/shutdown): 0.014 MW
2026-03-26 21:06:42 | INFO | Base Blend Inputs: meter_ref=0.707 MW, meter_factor=1.000, meter_weight=0.020
2026-03-26 21:06:42 | INFO | Plant Status: NORMAL
2026-03-26 21:06:42 | INFO | Effective Base Forecast = Base Forecast (raw) = 0.014 MW
2026-03-26 21:06:42 | INFO | --- WEATHER PARAMETERS ---
2026-03-26 21:06:42 | INFO | GTI: 0.0 W/m^2
2026-03-26 21:06:42 | INFO | DHI: 0.0 W/m^2
2026-03-26 21:06:42 | INFO | DNI: 0.0 W/m^2
2026-03-26 21:06:42 | INFO | Irradiance Ratio (GTI/MAX_GTI): 0.000
2026-03-26 21:06:42 | INFO | Diffuse Ratio (current): 0.000
2026-03-26 21:06:42 | INFO | Irradiance State: OVERCAST
2026-03-26 21:06:42 | INFO | Temp @ 2m: 29.61 C
2026-03-26 21:06:42 | INFO | Wind @ 10m: 15.19 m/s
2026-03-26 21:06:42 | INFO | Weather State: NORMAL
2026-03-26 21:06:42 | INFO | Dynamic Thresholds: cloud_thr=0.0000, shift_thr=0.0000
2026-03-26 21:06:42 | INFO | Multipliers: irradiance=0.55x, temp=1.00x, wind=1.05x
2026-03-26 21:06:42 | INFO | Weather Multiplier (combined): 0.58x
2026-03-26 21:06:42 | INFO | Abrupt Weather Change Detected: False
2026-03-26 21:06:42 | INFO | --- TREND ANALYSIS ---
2026-03-26 21:06:42 | INFO | Trend series: INSUFFICIENT DATA
2026-03-26 21:06:42 | INFO | Detected Trend Type: FLAT
2026-03-26 21:06:42 | INFO | Trend Slope Percentage: 0.00%
2026-03-26 21:06:42 | INFO | Trend EPS Threshold: 1.50%
2026-03-26 21:06:42 | INFO | --- SCHEDULE CALCULATION ---
2026-03-26 21:06:42 | INFO | Condition Applied: SUNSET_CLAMP
2026-03-26 21:06:42 | INFO | Effective Base Forecast Used for Adjustments: 0.014 MW
2026-03-26 21:06:42 | INFO | Condition-3: NOT APPLIED for this block path
2026-03-26 21:06:42 | INFO |   Final Adjustment %: 0.00%
2026-03-26 21:06:42 | INFO |   Formula (expanded): SUNSET_CLAMP: GTI=0.000 < 0.02*MAX_GTI=19.180 => raw=0
2026-03-26 21:06:42 | INFO | --- FINAL RESULT ---
2026-03-26 21:06:42 | INFO | Raw Schedule (before smoothing): 0.000 MW
2026-03-26 21:06:42 | INFO | Final Scheduled MW: 0.000 MW
2026-03-26 21:06:42 | INFO | --------------------------------------------------------------------------------
2026-03-26 21:06:42 | INFO | --------------------------------------------------------------------------------
2026-03-26 21:06:42 | INFO | BLOCK 87
2026-03-26 21:06:42 | INFO | --------------------------------------------------------------------------------
2026-03-26 21:06:42 | INFO | --- METERED DATA ---
2026-03-26 21:06:42 | INFO | Metered Value: NOT YET AVAILABLE
2026-03-26 21:06:42 | INFO | Last Two Metered Values (for trend): ['0.221', '0.319']
2026-03-26 21:06:42 | INFO | --- FORECAST DATA ---
2026-03-26 21:06:42 | INFO | Intraday Forecast (Enercast): 0.000 MW
2026-03-26 21:06:42 | INFO | Day-ahead Forecast (Enercast): 0.000 MW
2026-03-26 21:06:42 | INFO | Base Forecast (raw, before curtailment/shutdown): 0.014 MW
2026-03-26 21:06:42 | INFO | Base Forecast (used for schedule): 0.014 MW
2026-03-26 21:06:42 | INFO | Effective Base Forecast (after curtailment/shutdown): 0.014 MW
2026-03-26 21:06:42 | INFO | Base Blend Inputs: meter_ref=0.707 MW, meter_factor=1.000, meter_weight=0.020
2026-03-26 21:06:42 | INFO | Plant Status: NORMAL
2026-03-26 21:06:42 | INFO | Effective Base Forecast = Base Forecast (raw) = 0.014 MW
2026-03-26 21:06:42 | INFO | --- WEATHER PARAMETERS ---
2026-03-26 21:06:42 | INFO | GTI: 0.0 W/m^2
2026-03-26 21:06:42 | INFO | DHI: 0.0 W/m^2
2026-03-26 21:06:42 | INFO | DNI: 0.0 W/m^2
2026-03-26 21:06:42 | INFO | Irradiance Ratio (GTI/MAX_GTI): 0.000
2026-03-26 21:06:42 | INFO | Diffuse Ratio (current): 0.000
2026-03-26 21:06:42 | INFO | Irradiance State: OVERCAST
2026-03-26 21:06:42 | INFO | Temp @ 2m: 29.31 C
2026-03-26 21:06:42 | INFO | Wind @ 10m: 15.79 m/s
2026-03-26 21:06:42 | INFO | Weather State: NORMAL
2026-03-26 21:06:42 | INFO | Dynamic Thresholds: cloud_thr=0.0000, shift_thr=0.0000
2026-03-26 21:06:42 | INFO | Multipliers: irradiance=0.55x, temp=1.00x, wind=1.05x
2026-03-26 21:06:42 | INFO | Weather Multiplier (combined): 0.58x
2026-03-26 21:06:42 | INFO | Abrupt Weather Change Detected: False
2026-03-26 21:06:42 | INFO | --- TREND ANALYSIS ---
2026-03-26 21:06:42 | INFO | Trend series: INSUFFICIENT DATA
2026-03-26 21:06:42 | INFO | Detected Trend Type: FLAT
2026-03-26 21:06:42 | INFO | Trend Slope Percentage: 0.00%
2026-03-26 21:06:42 | INFO | Trend EPS Threshold: 1.50%
2026-03-26 21:06:42 | INFO | --- SCHEDULE CALCULATION ---
2026-03-26 21:06:42 | INFO | Condition Applied: SUNSET_CLAMP
2026-03-26 21:06:42 | INFO | Effective Base Forecast Used for Adjustments: 0.014 MW
2026-03-26 21:06:42 | INFO | Condition-3: NOT APPLIED for this block path
2026-03-26 21:06:42 | INFO |   Final Adjustment %: 0.00%
2026-03-26 21:06:42 | INFO |   Formula (expanded): SUNSET_CLAMP: GTI=0.000 < 0.02*MAX_GTI=19.180 => raw=0
2026-03-26 21:06:42 | INFO | --- FINAL RESULT ---
2026-03-26 21:06:42 | INFO | Raw Schedule (before smoothing): 0.000 MW
2026-03-26 21:06:42 | INFO | Final Scheduled MW: 0.000 MW
2026-03-26 21:06:42 | INFO | --------------------------------------------------------------------------------
2026-03-26 21:06:42 | INFO | --------------------------------------------------------------------------------
2026-03-26 21:06:42 | INFO | BLOCK 88
2026-03-26 21:06:42 | INFO | --------------------------------------------------------------------------------
2026-03-26 21:06:42 | INFO | --- METERED DATA ---
2026-03-26 21:06:42 | INFO | Metered Value: NOT YET AVAILABLE
2026-03-26 21:06:42 | INFO | Last Two Metered Values (for trend): ['0.221', '0.319']
2026-03-26 21:06:42 | INFO | --- FORECAST DATA ---
2026-03-26 21:06:42 | INFO | Intraday Forecast (Enercast): 0.000 MW
2026-03-26 21:06:42 | INFO | Day-ahead Forecast (Enercast): 0.000 MW
2026-03-26 21:06:42 | INFO | Base Forecast (raw, before curtailment/shutdown): 0.014 MW
2026-03-26 21:06:42 | INFO | Base Forecast (used for schedule): 0.014 MW
2026-03-26 21:06:42 | INFO | Effective Base Forecast (after curtailment/shutdown): 0.014 MW
2026-03-26 21:06:42 | INFO | Base Blend Inputs: meter_ref=0.707 MW, meter_factor=1.000, meter_weight=0.020
2026-03-26 21:06:42 | INFO | Plant Status: NORMAL
2026-03-26 21:06:42 | INFO | Effective Base Forecast = Base Forecast (raw) = 0.014 MW
2026-03-26 21:06:42 | INFO | --- WEATHER PARAMETERS ---
2026-03-26 21:06:42 | INFO | GTI: 0.0 W/m^2
2026-03-26 21:06:42 | INFO | DHI: 0.0 W/m^2
2026-03-26 21:06:42 | INFO | DNI: 0.0 W/m^2
2026-03-26 21:06:42 | INFO | Irradiance Ratio (GTI/MAX_GTI): 0.000
2026-03-26 21:06:42 | INFO | Diffuse Ratio (current): 0.000
2026-03-26 21:06:42 | INFO | Irradiance State: OVERCAST
2026-03-26 21:06:42 | INFO | Temp @ 2m: 29.06 C
2026-03-26 21:06:42 | INFO | Wind @ 10m: 15.79 m/s
2026-03-26 21:06:42 | INFO | Weather State: NORMAL
2026-03-26 21:06:42 | INFO | Dynamic Thresholds: cloud_thr=0.0000, shift_thr=0.0000
2026-03-26 21:06:42 | INFO | Multipliers: irradiance=0.55x, temp=1.00x, wind=1.05x
2026-03-26 21:06:42 | INFO | Weather Multiplier (combined): 0.58x
2026-03-26 21:06:42 | INFO | Abrupt Weather Change Detected: False
2026-03-26 21:06:42 | INFO | --- TREND ANALYSIS ---
2026-03-26 21:06:42 | INFO | Trend series: INSUFFICIENT DATA
2026-03-26 21:06:42 | INFO | Detected Trend Type: FLAT
2026-03-26 21:06:42 | INFO | Trend Slope Percentage: 0.00%
2026-03-26 21:06:42 | INFO | Trend EPS Threshold: 1.50%
2026-03-26 21:06:42 | INFO | --- SCHEDULE CALCULATION ---
2026-03-26 21:06:42 | INFO | Condition Applied: SUNSET_CLAMP
2026-03-26 21:06:42 | INFO | Effective Base Forecast Used for Adjustments: 0.014 MW
2026-03-26 21:06:42 | INFO | Condition-3: NOT APPLIED for this block path
2026-03-26 21:06:42 | INFO |   Final Adjustment %: 0.00%
2026-03-26 21:06:42 | INFO |   Formula (expanded): SUNSET_CLAMP: GTI=0.000 < 0.02*MAX_GTI=19.180 => raw=0
2026-03-26 21:06:42 | INFO | --- FINAL RESULT ---
2026-03-26 21:06:42 | INFO | Raw Schedule (before smoothing): 0.000 MW
2026-03-26 21:06:42 | INFO | Final Scheduled MW: 0.000 MW
2026-03-26 21:06:42 | INFO | --------------------------------------------------------------------------------
2026-03-26 21:06:42 | INFO | --------------------------------------------------------------------------------
2026-03-26 21:06:42 | INFO | BLOCK 89
2026-03-26 21:06:42 | INFO | --------------------------------------------------------------------------------
2026-03-26 21:06:42 | INFO | --- METERED DATA ---
2026-03-26 21:06:42 | INFO | Metered Value: NOT YET AVAILABLE
2026-03-26 21:06:42 | INFO | Last Two Metered Values (for trend): ['0.221', '0.319']
2026-03-26 21:06:42 | INFO | --- FORECAST DATA ---
2026-03-26 21:06:42 | INFO | Intraday Forecast (Enercast): 0.000 MW
2026-03-26 21:06:42 | INFO | Day-ahead Forecast (Enercast): 0.000 MW
2026-03-26 21:06:42 | INFO | Base Forecast (raw, before curtailment/shutdown): 0.014 MW
2026-03-26 21:06:42 | INFO | Base Forecast (used for schedule): 0.014 MW
2026-03-26 21:06:42 | INFO | Effective Base Forecast (after curtailment/shutdown): 0.014 MW
2026-03-26 21:06:42 | INFO | Base Blend Inputs: meter_ref=0.707 MW, meter_factor=1.000, meter_weight=0.020
2026-03-26 21:06:42 | INFO | Plant Status: NORMAL
2026-03-26 21:06:42 | INFO | Effective Base Forecast = Base Forecast (raw) = 0.014 MW
2026-03-26 21:06:42 | INFO | --- WEATHER PARAMETERS ---
2026-03-26 21:06:42 | INFO | GTI: 0.0 W/m^2
2026-03-26 21:06:42 | INFO | DHI: 0.0 W/m^2
2026-03-26 21:06:42 | INFO | DNI: 0.0 W/m^2
2026-03-26 21:06:42 | INFO | Irradiance Ratio (GTI/MAX_GTI): 0.000
2026-03-26 21:06:42 | INFO | Diffuse Ratio (current): 0.000
2026-03-26 21:06:42 | INFO | Irradiance State: OVERCAST
2026-03-26 21:06:42 | INFO | Temp @ 2m: 28.81 C
2026-03-26 21:06:42 | INFO | Wind @ 10m: 15.31 m/s
2026-03-26 21:06:42 | INFO | Weather State: NORMAL
2026-03-26 21:06:42 | INFO | Dynamic Thresholds: cloud_thr=0.0000, shift_thr=0.0000
2026-03-26 21:06:42 | INFO | Multipliers: irradiance=0.55x, temp=1.00x, wind=1.05x
2026-03-26 21:06:42 | INFO | Weather Multiplier (combined): 0.58x
2026-03-26 21:06:42 | INFO | Abrupt Weather Change Detected: False
2026-03-26 21:06:42 | INFO | --- TREND ANALYSIS ---
2026-03-26 21:06:42 | INFO | Trend series: INSUFFICIENT DATA
2026-03-26 21:06:42 | INFO | Detected Trend Type: FLAT
2026-03-26 21:06:42 | INFO | Trend Slope Percentage: 0.00%
2026-03-26 21:06:42 | INFO | Trend EPS Threshold: 1.50%
2026-03-26 21:06:42 | INFO | --- SCHEDULE CALCULATION ---
2026-03-26 21:06:42 | INFO | Condition Applied: SUNSET_CLAMP
2026-03-26 21:06:42 | INFO | Effective Base Forecast Used for Adjustments: 0.014 MW
2026-03-26 21:06:42 | INFO | Condition-3: NOT APPLIED for this block path
2026-03-26 21:06:42 | INFO |   Final Adjustment %: 0.00%
2026-03-26 21:06:42 | INFO |   Formula (expanded): SUNSET_CLAMP: GTI=0.000 < 0.02*MAX_GTI=19.180 => raw=0
2026-03-26 21:06:42 | INFO | --- FINAL RESULT ---
2026-03-26 21:06:42 | INFO | Raw Schedule (before smoothing): 0.000 MW
2026-03-26 21:06:42 | INFO | Final Scheduled MW: 0.000 MW
2026-03-26 21:06:42 | INFO | --------------------------------------------------------------------------------
2026-03-26 21:06:42 | INFO | --------------------------------------------------------------------------------
2026-03-26 21:06:42 | INFO | BLOCK 90
2026-03-26 21:06:42 | INFO | --------------------------------------------------------------------------------
2026-03-26 21:06:42 | INFO | --- METERED DATA ---
2026-03-26 21:06:42 | INFO | Metered Value: NOT YET AVAILABLE
2026-03-26 21:06:42 | INFO | Last Two Metered Values (for trend): ['0.221', '0.319']
2026-03-26 21:06:42 | INFO | --- FORECAST DATA ---
2026-03-26 21:06:42 | INFO | Intraday Forecast (Enercast): 0.000 MW
2026-03-26 21:06:42 | INFO | Day-ahead Forecast (Enercast): 0.000 MW
2026-03-26 21:06:42 | INFO | Base Forecast (raw, before curtailment/shutdown): 0.014 MW
2026-03-26 21:06:42 | INFO | Base Forecast (used for schedule): 0.014 MW
2026-03-26 21:06:42 | INFO | Effective Base Forecast (after curtailment/shutdown): 0.014 MW
2026-03-26 21:06:42 | INFO | Base Blend Inputs: meter_ref=0.707 MW, meter_factor=1.000, meter_weight=0.020
2026-03-26 21:06:42 | INFO | Plant Status: NORMAL
2026-03-26 21:06:42 | INFO | Effective Base Forecast = Base Forecast (raw) = 0.014 MW
2026-03-26 21:06:42 | INFO | --- WEATHER PARAMETERS ---
2026-03-26 21:06:42 | INFO | GTI: 0.0 W/m^2
2026-03-26 21:06:42 | INFO | DHI: 0.0 W/m^2
2026-03-26 21:06:42 | INFO | DNI: 0.0 W/m^2
2026-03-26 21:06:42 | INFO | Irradiance Ratio (GTI/MAX_GTI): 0.000
2026-03-26 21:06:42 | INFO | Diffuse Ratio (current): 0.000
2026-03-26 21:06:42 | INFO | Irradiance State: OVERCAST
2026-03-26 21:06:42 | INFO | Temp @ 2m: 28.61 C
2026-03-26 21:06:42 | INFO | Wind @ 10m: 14.62 m/s
2026-03-26 21:06:42 | INFO | Weather State: NORMAL
2026-03-26 21:06:42 | INFO | Dynamic Thresholds: cloud_thr=0.0000, shift_thr=0.0000
2026-03-26 21:06:42 | INFO | Multipliers: irradiance=0.55x, temp=1.00x, wind=1.05x
2026-03-26 21:06:42 | INFO | Weather Multiplier (combined): 0.58x
2026-03-26 21:06:42 | INFO | Abrupt Weather Change Detected: False
2026-03-26 21:06:42 | INFO | --- TREND ANALYSIS ---
2026-03-26 21:06:42 | INFO | Trend series: INSUFFICIENT DATA
2026-03-26 21:06:42 | INFO | Detected Trend Type: FLAT
2026-03-26 21:06:42 | INFO | Trend Slope Percentage: 0.00%
2026-03-26 21:06:42 | INFO | Trend EPS Threshold: 1.50%
2026-03-26 21:06:42 | INFO | --- SCHEDULE CALCULATION ---
2026-03-26 21:06:42 | INFO | Condition Applied: SUNSET_CLAMP
2026-03-26 21:06:42 | INFO | Effective Base Forecast Used for Adjustments: 0.014 MW
2026-03-26 21:06:42 | INFO | Condition-3: NOT APPLIED for this block path
2026-03-26 21:06:42 | INFO |   Final Adjustment %: 0.00%
2026-03-26 21:06:42 | INFO |   Formula (expanded): SUNSET_CLAMP: GTI=0.000 < 0.02*MAX_GTI=19.180 => raw=0
2026-03-26 21:06:42 | INFO | --- FINAL RESULT ---
2026-03-26 21:06:42 | INFO | Raw Schedule (before smoothing): 0.000 MW
2026-03-26 21:06:42 | INFO | Final Scheduled MW: 0.000 MW
2026-03-26 21:06:42 | INFO | --------------------------------------------------------------------------------
2026-03-26 21:06:42 | INFO | --------------------------------------------------------------------------------
2026-03-26 21:06:42 | INFO | BLOCK 91
2026-03-26 21:06:42 | INFO | --------------------------------------------------------------------------------
2026-03-26 21:06:42 | INFO | --- METERED DATA ---
2026-03-26 21:06:42 | INFO | Metered Value: NOT YET AVAILABLE
2026-03-26 21:06:42 | INFO | Last Two Metered Values (for trend): ['0.221', '0.319']
2026-03-26 21:06:42 | INFO | --- FORECAST DATA ---
2026-03-26 21:06:42 | INFO | Intraday Forecast (Enercast): 0.000 MW
2026-03-26 21:06:42 | INFO | Day-ahead Forecast (Enercast): 0.000 MW
2026-03-26 21:06:42 | INFO | Base Forecast (raw, before curtailment/shutdown): 0.014 MW
2026-03-26 21:06:42 | INFO | Base Forecast (used for schedule): 0.014 MW
2026-03-26 21:06:42 | INFO | Effective Base Forecast (after curtailment/shutdown): 0.014 MW
2026-03-26 21:06:42 | INFO | Base Blend Inputs: meter_ref=0.707 MW, meter_factor=1.000, meter_weight=0.020
2026-03-26 21:06:42 | INFO | Plant Status: NORMAL
2026-03-26 21:06:42 | INFO | Effective Base Forecast = Base Forecast (raw) = 0.014 MW
2026-03-26 21:06:42 | INFO | --- WEATHER PARAMETERS ---
2026-03-26 21:06:42 | INFO | GTI: 0.0 W/m^2
2026-03-26 21:06:42 | INFO | DHI: 0.0 W/m^2
2026-03-26 21:06:42 | INFO | DNI: 0.0 W/m^2
2026-03-26 21:06:42 | INFO | Irradiance Ratio (GTI/MAX_GTI): 0.000
2026-03-26 21:06:42 | INFO | Diffuse Ratio (current): 0.000
2026-03-26 21:06:42 | INFO | Irradiance State: OVERCAST
2026-03-26 21:06:42 | INFO | Temp @ 2m: 28.41 C
2026-03-26 21:06:42 | INFO | Wind @ 10m: 14.48 m/s
2026-03-26 21:06:42 | INFO | Weather State: NORMAL
2026-03-26 21:06:42 | INFO | Dynamic Thresholds: cloud_thr=0.0000, shift_thr=0.0000
2026-03-26 21:06:42 | INFO | Multipliers: irradiance=0.55x, temp=1.00x, wind=1.05x
2026-03-26 21:06:42 | INFO | Weather Multiplier (combined): 0.58x
2026-03-26 21:06:42 | INFO | Abrupt Weather Change Detected: False
2026-03-26 21:06:42 | INFO | --- TREND ANALYSIS ---
2026-03-26 21:06:42 | INFO | Trend series: INSUFFICIENT DATA
2026-03-26 21:06:42 | INFO | Detected Trend Type: FLAT
2026-03-26 21:06:42 | INFO | Trend Slope Percentage: 0.00%
2026-03-26 21:06:42 | INFO | Trend EPS Threshold: 1.50%
2026-03-26 21:06:42 | INFO | --- SCHEDULE CALCULATION ---
2026-03-26 21:06:42 | INFO | Condition Applied: SUNSET_CLAMP
2026-03-26 21:06:42 | INFO | Effective Base Forecast Used for Adjustments: 0.014 MW
2026-03-26 21:06:42 | INFO | Condition-3: NOT APPLIED for this block path
2026-03-26 21:06:42 | INFO |   Final Adjustment %: 0.00%
2026-03-26 21:06:42 | INFO |   Formula (expanded): SUNSET_CLAMP: GTI=0.000 < 0.02*MAX_GTI=19.180 => raw=0
2026-03-26 21:06:42 | INFO | --- FINAL RESULT ---
2026-03-26 21:06:42 | INFO | Raw Schedule (before smoothing): 0.000 MW
2026-03-26 21:06:42 | INFO | Final Scheduled MW: 0.000 MW
2026-03-26 21:06:42 | INFO | --------------------------------------------------------------------------------
2026-03-26 21:06:42 | INFO | --------------------------------------------------------------------------------
2026-03-26 21:06:42 | INFO | BLOCK 92
2026-03-26 21:06:42 | INFO | --------------------------------------------------------------------------------
2026-03-26 21:06:42 | INFO | --- METERED DATA ---
2026-03-26 21:06:42 | INFO | Metered Value: NOT YET AVAILABLE
2026-03-26 21:06:42 | INFO | Last Two Metered Values (for trend): ['0.221', '0.319']
2026-03-26 21:06:42 | INFO | --- FORECAST DATA ---
2026-03-26 21:06:42 | INFO | Intraday Forecast (Enercast): 0.000 MW
2026-03-26 21:06:42 | INFO | Day-ahead Forecast (Enercast): 0.000 MW
2026-03-26 21:06:42 | INFO | Base Forecast (raw, before curtailment/shutdown): 0.014 MW
2026-03-26 21:06:42 | INFO | Base Forecast (used for schedule): 0.014 MW
2026-03-26 21:06:42 | INFO | Effective Base Forecast (after curtailment/shutdown): 0.014 MW
2026-03-26 21:06:42 | INFO | Base Blend Inputs: meter_ref=0.707 MW, meter_factor=1.000, meter_weight=0.020
2026-03-26 21:06:42 | INFO | Plant Status: NORMAL
2026-03-26 21:06:42 | INFO | Effective Base Forecast = Base Forecast (raw) = 0.014 MW
2026-03-26 21:06:42 | INFO | --- WEATHER PARAMETERS ---
2026-03-26 21:06:42 | INFO | GTI: 0.0 W/m^2
2026-03-26 21:06:42 | INFO | DHI: 0.0 W/m^2
2026-03-26 21:06:42 | INFO | DNI: 0.0 W/m^2
2026-03-26 21:06:42 | INFO | Irradiance Ratio (GTI/MAX_GTI): 0.000
2026-03-26 21:06:42 | INFO | Diffuse Ratio (current): 0.000
2026-03-26 21:06:42 | INFO | Irradiance State: OVERCAST
2026-03-26 21:06:42 | INFO | Temp @ 2m: 28.26 C
2026-03-26 21:06:42 | INFO | Wind @ 10m: 14.78 m/s
2026-03-26 21:06:42 | INFO | Weather State: NORMAL
2026-03-26 21:06:42 | INFO | Dynamic Thresholds: cloud_thr=0.0000, shift_thr=0.0000
2026-03-26 21:06:42 | INFO | Multipliers: irradiance=0.55x, temp=1.00x, wind=1.05x
2026-03-26 21:06:42 | INFO | Weather Multiplier (combined): 0.58x
2026-03-26 21:06:42 | INFO | Abrupt Weather Change Detected: False
2026-03-26 21:06:42 | INFO | --- TREND ANALYSIS ---
2026-03-26 21:06:42 | INFO | Trend series: INSUFFICIENT DATA
2026-03-26 21:06:42 | INFO | Detected Trend Type: FLAT
2026-03-26 21:06:42 | INFO | Trend Slope Percentage: 0.00%
2026-03-26 21:06:42 | INFO | Trend EPS Threshold: 1.50%
2026-03-26 21:06:42 | INFO | --- SCHEDULE CALCULATION ---
2026-03-26 21:06:42 | INFO | Condition Applied: SUNSET_CLAMP
2026-03-26 21:06:42 | INFO | Effective Base Forecast Used for Adjustments: 0.014 MW
2026-03-26 21:06:42 | INFO | Condition-3: NOT APPLIED for this block path
2026-03-26 21:06:42 | INFO |   Final Adjustment %: 0.00%
2026-03-26 21:06:42 | INFO |   Formula (expanded): SUNSET_CLAMP: GTI=0.000 < 0.02*MAX_GTI=19.180 => raw=0
2026-03-26 21:06:42 | INFO | --- FINAL RESULT ---
2026-03-26 21:06:42 | INFO | Raw Schedule (before smoothing): 0.000 MW
2026-03-26 21:06:42 | INFO | Final Scheduled MW: 0.000 MW
2026-03-26 21:06:42 | INFO | --------------------------------------------------------------------------------
2026-03-26 21:06:42 | INFO | --------------------------------------------------------------------------------
2026-03-26 21:06:42 | INFO | BLOCK 93
2026-03-26 21:06:42 | INFO | --------------------------------------------------------------------------------
2026-03-26 21:06:42 | INFO | --- METERED DATA ---
2026-03-26 21:06:42 | INFO | Metered Value: NOT YET AVAILABLE
2026-03-26 21:06:42 | INFO | Last Two Metered Values (for trend): ['0.221', '0.319']
2026-03-26 21:06:42 | INFO | --- FORECAST DATA ---
2026-03-26 21:06:42 | INFO | Intraday Forecast (Enercast): 0.000 MW
2026-03-26 21:06:42 | INFO | Day-ahead Forecast (Enercast): 0.000 MW
2026-03-26 21:06:42 | INFO | Base Forecast (raw, before curtailment/shutdown): 0.014 MW
2026-03-26 21:06:42 | INFO | Base Forecast (used for schedule): 0.014 MW
2026-03-26 21:06:42 | INFO | Effective Base Forecast (after curtailment/shutdown): 0.014 MW
2026-03-26 21:06:42 | INFO | Base Blend Inputs: meter_ref=0.707 MW, meter_factor=1.000, meter_weight=0.020
2026-03-26 21:06:42 | INFO | Plant Status: NORMAL
2026-03-26 21:06:42 | INFO | Effective Base Forecast = Base Forecast (raw) = 0.014 MW
2026-03-26 21:06:42 | INFO | --- WEATHER PARAMETERS ---
2026-03-26 21:06:42 | INFO | GTI: 0.0 W/m^2
2026-03-26 21:06:42 | INFO | DHI: 0.0 W/m^2
2026-03-26 21:06:42 | INFO | DNI: 0.0 W/m^2
2026-03-26 21:06:42 | INFO | Irradiance Ratio (GTI/MAX_GTI): 0.000
2026-03-26 21:06:42 | INFO | Diffuse Ratio (current): 0.000
2026-03-26 21:06:42 | INFO | Irradiance State: OVERCAST
2026-03-26 21:06:42 | INFO | Temp @ 2m: 28.16 C
2026-03-26 21:06:42 | INFO | Wind @ 10m: 14.98 m/s
2026-03-26 21:06:42 | INFO | Weather State: NORMAL
2026-03-26 21:06:42 | INFO | Dynamic Thresholds: cloud_thr=0.0000, shift_thr=0.0000
2026-03-26 21:06:42 | INFO | Multipliers: irradiance=0.55x, temp=1.00x, wind=1.05x
2026-03-26 21:06:42 | INFO | Weather Multiplier (combined): 0.58x
2026-03-26 21:06:42 | INFO | Abrupt Weather Change Detected: False
2026-03-26 21:06:42 | INFO | --- TREND ANALYSIS ---
2026-03-26 21:06:42 | INFO | Trend series: INSUFFICIENT DATA
2026-03-26 21:06:42 | INFO | Detected Trend Type: FLAT
2026-03-26 21:06:42 | INFO | Trend Slope Percentage: 0.00%
2026-03-26 21:06:42 | INFO | Trend EPS Threshold: 1.50%
2026-03-26 21:06:42 | INFO | --- SCHEDULE CALCULATION ---
2026-03-26 21:06:42 | INFO | Condition Applied: SUNSET_CLAMP
2026-03-26 21:06:42 | INFO | Effective Base Forecast Used for Adjustments: 0.014 MW
2026-03-26 21:06:42 | INFO | Condition-3: NOT APPLIED for this block path
2026-03-26 21:06:42 | INFO |   Final Adjustment %: 0.00%
2026-03-26 21:06:42 | INFO |   Formula (expanded): SUNSET_CLAMP: GTI=0.000 < 0.02*MAX_GTI=19.180 => raw=0
2026-03-26 21:06:42 | INFO | --- FINAL RESULT ---
2026-03-26 21:06:42 | INFO | Raw Schedule (before smoothing): 0.000 MW
2026-03-26 21:06:42 | INFO | Final Scheduled MW: 0.000 MW
2026-03-26 21:06:42 | INFO | --------------------------------------------------------------------------------
2026-03-26 21:06:42 | INFO | --------------------------------------------------------------------------------
2026-03-26 21:06:42 | INFO | BLOCK 94
2026-03-26 21:06:42 | INFO | --------------------------------------------------------------------------------
2026-03-26 21:06:42 | INFO | --- METERED DATA ---
2026-03-26 21:06:42 | INFO | Metered Value: NOT YET AVAILABLE
2026-03-26 21:06:42 | INFO | Last Two Metered Values (for trend): ['0.221', '0.319']
2026-03-26 21:06:42 | INFO | --- FORECAST DATA ---
2026-03-26 21:06:42 | INFO | Intraday Forecast (Enercast): 0.000 MW
2026-03-26 21:06:42 | INFO | Day-ahead Forecast (Enercast): 0.000 MW
2026-03-26 21:06:42 | INFO | Base Forecast (raw, before curtailment/shutdown): 0.014 MW
2026-03-26 21:06:42 | INFO | Base Forecast (used for schedule): 0.014 MW
2026-03-26 21:06:42 | INFO | Effective Base Forecast (after curtailment/shutdown): 0.014 MW
2026-03-26 21:06:42 | INFO | Base Blend Inputs: meter_ref=0.707 MW, meter_factor=1.000, meter_weight=0.020
2026-03-26 21:06:42 | INFO | Plant Status: NORMAL
2026-03-26 21:06:42 | INFO | Effective Base Forecast = Base Forecast (raw) = 0.014 MW
2026-03-26 21:06:42 | INFO | --- WEATHER PARAMETERS ---
2026-03-26 21:06:42 | INFO | GTI: 0.0 W/m^2
2026-03-26 21:06:42 | INFO | DHI: 0.0 W/m^2
2026-03-26 21:06:42 | INFO | DNI: 0.0 W/m^2
2026-03-26 21:06:42 | INFO | Irradiance Ratio (GTI/MAX_GTI): 0.000
2026-03-26 21:06:42 | INFO | Diffuse Ratio (current): 0.000
2026-03-26 21:06:42 | INFO | Irradiance State: OVERCAST
2026-03-26 21:06:42 | INFO | Temp @ 2m: 28.01 C
2026-03-26 21:06:42 | INFO | Wind @ 10m: 15.70 m/s
2026-03-26 21:06:42 | INFO | Weather State: NORMAL
2026-03-26 21:06:42 | INFO | Dynamic Thresholds: cloud_thr=0.0000, shift_thr=0.0000
2026-03-26 21:06:42 | INFO | Multipliers: irradiance=0.55x, temp=1.00x, wind=1.05x
2026-03-26 21:06:42 | INFO | Weather Multiplier (combined): 0.58x
2026-03-26 21:06:42 | INFO | Abrupt Weather Change Detected: False
2026-03-26 21:06:42 | INFO | --- TREND ANALYSIS ---
2026-03-26 21:06:42 | INFO | Trend series: INSUFFICIENT DATA
2026-03-26 21:06:42 | INFO | Detected Trend Type: FLAT
2026-03-26 21:06:42 | INFO | Trend Slope Percentage: 0.00%
2026-03-26 21:06:42 | INFO | Trend EPS Threshold: 1.50%
2026-03-26 21:06:42 | INFO | --- SCHEDULE CALCULATION ---
2026-03-26 21:06:42 | INFO | Condition Applied: SUNSET_CLAMP
2026-03-26 21:06:42 | INFO | Effective Base Forecast Used for Adjustments: 0.014 MW
2026-03-26 21:06:42 | INFO | Condition-3: NOT APPLIED for this block path
2026-03-26 21:06:42 | INFO |   Final Adjustment %: 0.00%
2026-03-26 21:06:42 | INFO |   Formula (expanded): SUNSET_CLAMP: GTI=0.000 < 0.02*MAX_GTI=19.180 => raw=0
2026-03-26 21:06:42 | INFO | --- FINAL RESULT ---
2026-03-26 21:06:42 | INFO | Raw Schedule (before smoothing): 0.000 MW
2026-03-26 21:06:42 | INFO | Final Scheduled MW: 0.000 MW
2026-03-26 21:06:42 | INFO | --------------------------------------------------------------------------------
2026-03-26 21:06:42 | INFO | --------------------------------------------------------------------------------
2026-03-26 21:06:42 | INFO | BLOCK 95
2026-03-26 21:06:42 | INFO | --------------------------------------------------------------------------------
2026-03-26 21:06:42 | INFO | --- METERED DATA ---
2026-03-26 21:06:42 | INFO | Metered Value: NOT YET AVAILABLE
2026-03-26 21:06:42 | INFO | Last Two Metered Values (for trend): ['0.221', '0.319']
2026-03-26 21:06:42 | INFO | --- FORECAST DATA ---
2026-03-26 21:06:42 | INFO | Intraday Forecast (Enercast): 0.000 MW
2026-03-26 21:06:42 | INFO | Day-ahead Forecast (Enercast): 0.000 MW
2026-03-26 21:06:42 | INFO | Base Forecast (raw, before curtailment/shutdown): 0.014 MW
2026-03-26 21:06:42 | INFO | Base Forecast (used for schedule): 0.014 MW
2026-03-26 21:06:42 | INFO | Effective Base Forecast (after curtailment/shutdown): 0.014 MW
2026-03-26 21:06:42 | INFO | Base Blend Inputs: meter_ref=0.707 MW, meter_factor=1.000, meter_weight=0.020
2026-03-26 21:06:42 | INFO | Plant Status: NORMAL
2026-03-26 21:06:42 | INFO | Effective Base Forecast = Base Forecast (raw) = 0.014 MW
2026-03-26 21:06:42 | INFO | --- WEATHER PARAMETERS ---
2026-03-26 21:06:42 | INFO | GTI: 0.0 W/m^2
2026-03-26 21:06:42 | INFO | DHI: 0.0 W/m^2
2026-03-26 21:06:42 | INFO | DNI: 0.0 W/m^2
2026-03-26 21:06:42 | INFO | Irradiance Ratio (GTI/MAX_GTI): 0.000
2026-03-26 21:06:42 | INFO | Diffuse Ratio (current): 0.000
2026-03-26 21:06:42 | INFO | Irradiance State: OVERCAST
2026-03-26 21:06:42 | INFO | Temp @ 2m: 27.91 C
2026-03-26 21:06:42 | INFO | Wind @ 10m: 15.91 m/s
2026-03-26 21:06:42 | INFO | Weather State: NORMAL
2026-03-26 21:06:42 | INFO | Dynamic Thresholds: cloud_thr=0.0000, shift_thr=0.0000
2026-03-26 21:06:42 | INFO | Multipliers: irradiance=0.55x, temp=1.00x, wind=1.05x
2026-03-26 21:06:42 | INFO | Weather Multiplier (combined): 0.58x
2026-03-26 21:06:42 | INFO | Abrupt Weather Change Detected: False
2026-03-26 21:06:42 | INFO | --- TREND ANALYSIS ---
2026-03-26 21:06:42 | INFO | Trend series: INSUFFICIENT DATA
2026-03-26 21:06:42 | INFO | Detected Trend Type: FLAT
2026-03-26 21:06:42 | INFO | Trend Slope Percentage: 0.00%
2026-03-26 21:06:42 | INFO | Trend EPS Threshold: 1.50%
2026-03-26 21:06:42 | INFO | --- SCHEDULE CALCULATION ---
2026-03-26 21:06:42 | INFO | Condition Applied: SUNSET_CLAMP
2026-03-26 21:06:42 | INFO | Effective Base Forecast Used for Adjustments: 0.014 MW
2026-03-26 21:06:42 | INFO | Condition-3: NOT APPLIED for this block path
2026-03-26 21:06:42 | INFO |   Final Adjustment %: 0.00%
2026-03-26 21:06:42 | INFO |   Formula (expanded): SUNSET_CLAMP: GTI=0.000 < 0.02*MAX_GTI=19.180 => raw=0
2026-03-26 21:06:42 | INFO | --- FINAL RESULT ---
2026-03-26 21:06:42 | INFO | Raw Schedule (before smoothing): 0.000 MW
2026-03-26 21:06:42 | INFO | Final Scheduled MW: 0.000 MW
2026-03-26 21:06:42 | INFO | --------------------------------------------------------------------------------
2026-03-26 21:06:42 | INFO | --------------------------------------------------------------------------------
2026-03-26 21:06:42 | INFO | BLOCK 96
2026-03-26 21:06:42 | INFO | --------------------------------------------------------------------------------
2026-03-26 21:06:42 | INFO | --- METERED DATA ---
2026-03-26 21:06:42 | INFO | Metered Value: NOT YET AVAILABLE
2026-03-26 21:06:42 | INFO | Last Two Metered Values (for trend): ['0.221', '0.319']
2026-03-26 21:06:42 | INFO | --- FORECAST DATA ---
2026-03-26 21:06:42 | INFO | Intraday Forecast (Enercast): 0.000 MW
2026-03-26 21:06:42 | INFO | Day-ahead Forecast (Enercast): 0.000 MW
2026-03-26 21:06:42 | INFO | Base Forecast (raw, before curtailment/shutdown): 0.014 MW
2026-03-26 21:06:42 | INFO | Base Forecast (used for schedule): 0.014 MW
2026-03-26 21:06:42 | INFO | Effective Base Forecast (after curtailment/shutdown): 0.014 MW
2026-03-26 21:06:42 | INFO | Base Blend Inputs: meter_ref=0.707 MW, meter_factor=1.000, meter_weight=0.020
2026-03-26 21:06:42 | INFO | Plant Status: NORMAL
2026-03-26 21:06:42 | INFO | Effective Base Forecast = Base Forecast (raw) = 0.014 MW
2026-03-26 21:06:42 | INFO | --- WEATHER PARAMETERS ---
2026-03-26 21:06:42 | INFO | GTI: 0.0 W/m^2
2026-03-26 21:06:42 | INFO | DHI: 0.0 W/m^2
2026-03-26 21:06:42 | INFO | DNI: 0.0 W/m^2
2026-03-26 21:06:42 | INFO | Irradiance Ratio (GTI/MAX_GTI): 0.000
2026-03-26 21:06:42 | INFO | Diffuse Ratio (current): 0.000
2026-03-26 21:06:42 | INFO | Irradiance State: OVERCAST
2026-03-26 21:06:42 | INFO | Temp @ 2m: 27.76 C
2026-03-26 21:06:42 | INFO | Wind @ 10m: 16.36 m/s
2026-03-26 21:06:42 | INFO | Weather State: NORMAL
2026-03-26 21:06:42 | INFO | Dynamic Thresholds: cloud_thr=0.0000, shift_thr=0.0000
2026-03-26 21:06:42 | INFO | Multipliers: irradiance=0.55x, temp=1.00x, wind=1.05x
2026-03-26 21:06:42 | INFO | Weather Multiplier (combined): 0.58x
2026-03-26 21:06:42 | INFO | Abrupt Weather Change Detected: False
2026-03-26 21:06:42 | INFO | --- TREND ANALYSIS ---
2026-03-26 21:06:42 | INFO | Trend series: INSUFFICIENT DATA
2026-03-26 21:06:42 | INFO | Detected Trend Type: FLAT
2026-03-26 21:06:42 | INFO | Trend Slope Percentage: 0.00%
2026-03-26 21:06:42 | INFO | Trend EPS Threshold: 1.50%
2026-03-26 21:06:42 | INFO | --- SCHEDULE CALCULATION ---
2026-03-26 21:06:42 | INFO | Condition Applied: SUNSET_CLAMP
2026-03-26 21:06:42 | INFO | Effective Base Forecast Used for Adjustments: 0.014 MW
2026-03-26 21:06:42 | INFO | Condition-3: NOT APPLIED for this block path
2026-03-26 21:06:42 | INFO |   Final Adjustment %: 0.00%
2026-03-26 21:06:42 | INFO |   Formula (expanded): SUNSET_CLAMP: GTI=0.000 < 0.02*MAX_GTI=19.180 => raw=0
2026-03-26 21:06:42 | INFO | --- FINAL RESULT ---
2026-03-26 21:06:42 | INFO | Raw Schedule (before smoothing): 0.000 MW
2026-03-26 21:06:42 | INFO | Final Scheduled MW: 0.000 MW
2026-03-26 21:06:42 | INFO | --------------------------------------------------------------------------------
