2026-03-26 20:56:32 | INFO | ================================================================================
2026-03-26 20:56:32 | INFO | SCHEDULE FILE: schedule_from_31.csv
2026-03-26 20:56:32 | INFO | DATE: 2026-03-24
2026-03-26 20:56:32 | INFO | ENGINE BLOCK (Start Block): 31
2026-03-26 20:56:32 | INFO | DYNAMIC START BLOCK: 31
2026-03-26 20:56:32 | INFO | SCHEDULE REASON: custom_start
2026-03-26 20:56:32 | INFO | METERED PAIR USED (engine_block-2, engine_block-1): 0.570 MW, 1.290 MW
2026-03-26 20:56:32 | INFO | Generated: 2026-03-26 20:56:32
2026-03-26 20:56:32 | INFO | ================================================================================
2026-03-26 20:56:32 | INFO | BLOCK-WISE WEATHER STATE OVERVIEW
2026-03-26 20:56:32 | INFO | Block | Weather State
2026-03-26 20:56:32 | INFO | 31    | ABRUPT
2026-03-26 20:56:32 | INFO | 32    | ABRUPT
2026-03-26 20:56:32 | INFO | 33    | NORMAL
2026-03-26 20:56:32 | INFO | 34    | NORMAL
2026-03-26 20:56:32 | INFO | 35    | NORMAL
2026-03-26 20:56:32 | INFO | 36    | NORMAL
2026-03-26 20:56:32 | INFO | 37    | NORMAL
2026-03-26 20:56:32 | INFO | 38    | NORMAL
2026-03-26 20:56:32 | INFO | 39    | NORMAL
2026-03-26 20:56:32 | INFO | 40    | NORMAL
2026-03-26 20:56:32 | INFO | 41    | NORMAL
2026-03-26 20:56:32 | INFO | 42    | NORMAL
2026-03-26 20:56:32 | INFO | 43    | NORMAL
2026-03-26 20:56:32 | INFO | 44    | NORMAL
2026-03-26 20:56:32 | INFO | 45    | NORMAL
2026-03-26 20:56:32 | INFO | 46    | NORMAL
2026-03-26 20:56:32 | INFO | 47    | NORMAL
2026-03-26 20:56:32 | INFO | 48    | NORMAL
2026-03-26 20:56:32 | INFO | 49    | NORMAL
2026-03-26 20:56:32 | INFO | 50    | NORMAL
2026-03-26 20:56:32 | INFO | 51    | NORMAL
2026-03-26 20:56:32 | INFO | 52    | NORMAL
2026-03-26 20:56:32 | INFO | 53    | NORMAL
2026-03-26 20:56:32 | INFO | 54    | NORMAL
2026-03-26 20:56:32 | INFO | 55    | NORMAL
2026-03-26 20:56:32 | INFO | 56    | NORMAL
2026-03-26 20:56:32 | INFO | 57    | NORMAL
2026-03-26 20:56:32 | INFO | 58    | NORMAL
2026-03-26 20:56:32 | INFO | 59    | NORMAL
2026-03-26 20:56:32 | INFO | 60    | NORMAL
2026-03-26 20:56:32 | INFO | 61    | NORMAL
2026-03-26 20:56:32 | INFO | 62    | NORMAL
2026-03-26 20:56:32 | INFO | 63    | NORMAL
2026-03-26 20:56:32 | INFO | 64    | NORMAL
2026-03-26 20:56:32 | INFO | 65    | NORMAL
2026-03-26 20:56:32 | INFO | 66    | NORMAL
2026-03-26 20:56:32 | INFO | 67    | NORMAL
2026-03-26 20:56:32 | INFO | 68    | NORMAL
2026-03-26 20:56:32 | INFO | 69    | NORMAL
2026-03-26 20:56:32 | INFO | 70    | NORMAL
2026-03-26 20:56:32 | INFO | 71    | NORMAL
2026-03-26 20:56:32 | INFO | 72    | NORMAL
2026-03-26 20:56:32 | INFO | 73    | NORMAL
2026-03-26 20:56:32 | INFO | 74    | NORMAL
2026-03-26 20:56:32 | INFO | 75    | NORMAL
2026-03-26 20:56:32 | INFO | 76    | NORMAL
2026-03-26 20:56:32 | INFO | 77    | NORMAL
2026-03-26 20:56:32 | INFO | 78    | NORMAL
2026-03-26 20:56:32 | INFO | 79    | NORMAL
2026-03-26 20:56:32 | INFO | 80    | NORMAL
2026-03-26 20:56:32 | INFO | 81    | NORMAL
2026-03-26 20:56:32 | INFO | 82    | NORMAL
2026-03-26 20:56:32 | INFO | 83    | NORMAL
2026-03-26 20:56:32 | INFO | 84    | NORMAL
2026-03-26 20:56:32 | INFO | 85    | NORMAL
2026-03-26 20:56:32 | INFO | 86    | NORMAL
2026-03-26 20:56:32 | INFO | 87    | NORMAL
2026-03-26 20:56:32 | INFO | 88    | NORMAL
2026-03-26 20:56:32 | INFO | 89    | NORMAL
2026-03-26 20:56:32 | INFO | 90    | NORMAL
2026-03-26 20:56:32 | INFO | 91    | NORMAL
2026-03-26 20:56:32 | INFO | 92    | NORMAL
2026-03-26 20:56:32 | INFO | 93    | NORMAL
2026-03-26 20:56:32 | INFO | 94    | NORMAL
2026-03-26 20:56:32 | INFO | 95    | NORMAL
2026-03-26 20:56:32 | INFO | 96    | NORMAL
2026-03-26 20:56:32 | INFO | --------------------------------------------------------------------------------
2026-03-26 20:56:32 | INFO | ITERATION FORECAST CONTEXT | reason=custom_start | meter_ref=2.2000 | intraday_T=4.0100
2026-03-26 20:56:32 | INFO | --------------------------------------------------------------------------------
2026-03-26 20:56:32 | INFO | BLOCK 01
2026-03-26 20:56:32 | INFO | --------------------------------------------------------------------------------
2026-03-26 20:56:32 | INFO | --- METERED DATA ---
2026-03-26 20:56:32 | INFO | Metered Value (actual): -0.040 MW
2026-03-26 20:56:32 | INFO | Last Two Metered Values (for trend): ['0.570', '1.290']
2026-03-26 20:56:32 | INFO | --- FORECAST DATA ---
2026-03-26 20:56:32 | INFO | Intraday Forecast (Enercast): 0.000 MW
2026-03-26 20:56:32 | INFO | Day-ahead Forecast (Enercast): 0.000 MW
2026-03-26 20:56:32 | INFO | Base Forecast (raw, before curtailment/shutdown): 0.000 MW
2026-03-26 20:56:32 | INFO | Base Forecast (used for schedule): 0.000 MW
2026-03-26 20:56:32 | INFO | Effective Base Forecast (after curtailment/shutdown): 0.000 MW
2026-03-26 20:56:32 | INFO | Base Blend Inputs: meter_ref=-0.040 MW, meter_factor=1.000, meter_weight=0.080
2026-03-26 20:56:32 | INFO | Plant Status: NORMAL
2026-03-26 20:56:32 | INFO | Effective Base Forecast = Base Forecast (raw) = 0.000 MW
2026-03-26 20:56:32 | INFO | --- WEATHER PARAMETERS ---
2026-03-26 20:56:32 | INFO | GTI: 0.0 W/m^2
2026-03-26 20:56:32 | INFO | DHI: 0.0 W/m^2
2026-03-26 20:56:32 | INFO | DNI: 0.0 W/m^2
2026-03-26 20:56:32 | INFO | Irradiance Ratio (GTI/MAX_GTI): 0.000
2026-03-26 20:56:32 | INFO | Diffuse Ratio (current): 0.000
2026-03-26 20:56:32 | INFO | Irradiance State: OVERCAST
2026-03-26 20:56:32 | INFO | Temp @ 2m: 29.37 C
2026-03-26 20:56:32 | INFO | Wind @ 10m: 14.58 m/s
2026-03-26 20:56:32 | INFO | Weather State: NORMAL
2026-03-26 20:56:32 | INFO | Dynamic Thresholds: cloud_thr=0.0933, shift_thr=0.0987
2026-03-26 20:56:32 | INFO | Multipliers: irradiance=0.55x, temp=1.00x, wind=1.05x
2026-03-26 20:56:32 | INFO | Weather Multiplier (combined): 0.58x
2026-03-26 20:56:32 | INFO | Abrupt Weather Change Detected: False
2026-03-26 20:56:32 | INFO | --- TREND ANALYSIS ---
2026-03-26 20:56:32 | INFO | Trend series: INSUFFICIENT DATA
2026-03-26 20:56:32 | INFO | Detected Trend Type: FLAT
2026-03-26 20:56:32 | INFO | Trend Slope Percentage: 0.00%
2026-03-26 20:56:32 | INFO | Trend EPS Threshold: 1.50%
2026-03-26 20:56:32 | INFO | --- SCHEDULE CALCULATION ---
2026-03-26 20:56:32 | INFO | Condition Applied: PRE_START
2026-03-26 20:56:32 | INFO | Effective Base Forecast Used for Adjustments: 0.000 MW
2026-03-26 20:56:32 | INFO | Condition-3: NOT APPLIED for this block path
2026-03-26 20:56:32 | INFO |   Final Adjustment %: 0.00%
2026-03-26 20:56:32 | INFO |   Formula (expanded): PRE_START: raw=0
2026-03-26 20:56:32 | INFO | --- FINAL RESULT ---
2026-03-26 20:56:32 | INFO | Raw Schedule (before smoothing): 0.000 MW
2026-03-26 20:56:32 | INFO | Final Scheduled MW: 0.000 MW
2026-03-26 20:56:32 | INFO | Deviation from Metered: +0.040 MW
2026-03-26 20:56:32 | INFO | --------------------------------------------------------------------------------
2026-03-26 20:56:32 | INFO | --------------------------------------------------------------------------------
2026-03-26 20:56:32 | INFO | BLOCK 02
2026-03-26 20:56:32 | INFO | --------------------------------------------------------------------------------
2026-03-26 20:56:32 | INFO | --- METERED DATA ---
2026-03-26 20:56:32 | INFO | Metered Value (actual): -0.040 MW
2026-03-26 20:56:32 | INFO | Last Two Metered Values (for trend): ['0.570', '1.290']
2026-03-26 20:56:32 | INFO | --- FORECAST DATA ---
2026-03-26 20:56:32 | INFO | Intraday Forecast (Enercast): 0.000 MW
2026-03-26 20:56:32 | INFO | Day-ahead Forecast (Enercast): 0.000 MW
2026-03-26 20:56:32 | INFO | Base Forecast (raw, before curtailment/shutdown): 0.000 MW
2026-03-26 20:56:32 | INFO | Base Forecast (used for schedule): 0.000 MW
2026-03-26 20:56:32 | INFO | Effective Base Forecast (after curtailment/shutdown): 0.000 MW
2026-03-26 20:56:32 | INFO | Base Blend Inputs: meter_ref=-0.040 MW, meter_factor=1.000, meter_weight=0.080
2026-03-26 20:56:32 | INFO | Plant Status: NORMAL
2026-03-26 20:56:32 | INFO | Effective Base Forecast = Base Forecast (raw) = 0.000 MW
2026-03-26 20:56:32 | INFO | --- WEATHER PARAMETERS ---
2026-03-26 20:56:32 | INFO | GTI: 0.0 W/m^2
2026-03-26 20:56:32 | INFO | DHI: 0.0 W/m^2
2026-03-26 20:56:32 | INFO | DNI: 0.0 W/m^2
2026-03-26 20:56:32 | INFO | Irradiance Ratio (GTI/MAX_GTI): 0.000
2026-03-26 20:56:32 | INFO | Diffuse Ratio (current): 0.000
2026-03-26 20:56:32 | INFO | Irradiance State: OVERCAST
2026-03-26 20:56:32 | INFO | Temp @ 2m: 29.12 C
2026-03-26 20:56:32 | INFO | Wind @ 10m: 14.48 m/s
2026-03-26 20:56:32 | INFO | Weather State: NORMAL
2026-03-26 20:56:32 | INFO | Dynamic Thresholds: cloud_thr=0.0933, shift_thr=0.0987
2026-03-26 20:56:32 | INFO | Multipliers: irradiance=0.55x, temp=1.00x, wind=1.05x
2026-03-26 20:56:32 | INFO | Weather Multiplier (combined): 0.58x
2026-03-26 20:56:32 | INFO | Abrupt Weather Change Detected: False
2026-03-26 20:56:32 | INFO | --- TREND ANALYSIS ---
2026-03-26 20:56:32 | INFO | Trend series: INSUFFICIENT DATA
2026-03-26 20:56:32 | INFO | Detected Trend Type: FLAT
2026-03-26 20:56:32 | INFO | Trend Slope Percentage: 0.00%
2026-03-26 20:56:32 | INFO | Trend EPS Threshold: 1.50%
2026-03-26 20:56:32 | INFO | --- SCHEDULE CALCULATION ---
2026-03-26 20:56:32 | INFO | Condition Applied: PRE_START
2026-03-26 20:56:32 | INFO | Effective Base Forecast Used for Adjustments: 0.000 MW
2026-03-26 20:56:32 | INFO | Condition-3: NOT APPLIED for this block path
2026-03-26 20:56:32 | INFO |   Final Adjustment %: 0.00%
2026-03-26 20:56:32 | INFO |   Formula (expanded): PRE_START: raw=0
2026-03-26 20:56:32 | INFO | --- FINAL RESULT ---
2026-03-26 20:56:32 | INFO | Raw Schedule (before smoothing): 0.000 MW
2026-03-26 20:56:32 | INFO | Final Scheduled MW: 0.000 MW
2026-03-26 20:56:32 | INFO | Deviation from Metered: +0.040 MW
2026-03-26 20:56:32 | INFO | --------------------------------------------------------------------------------
2026-03-26 20:56:32 | INFO | --------------------------------------------------------------------------------
2026-03-26 20:56:32 | INFO | BLOCK 03
2026-03-26 20:56:32 | INFO | --------------------------------------------------------------------------------
2026-03-26 20:56:32 | INFO | --- METERED DATA ---
2026-03-26 20:56:32 | INFO | Metered Value (actual): -0.040 MW
2026-03-26 20:56:32 | INFO | Last Two Metered Values (for trend): ['0.570', '1.290']
2026-03-26 20:56:32 | INFO | --- FORECAST DATA ---
2026-03-26 20:56:32 | INFO | Intraday Forecast (Enercast): 0.000 MW
2026-03-26 20:56:32 | INFO | Day-ahead Forecast (Enercast): 0.000 MW
2026-03-26 20:56:32 | INFO | Base Forecast (raw, before curtailment/shutdown): 0.000 MW
2026-03-26 20:56:32 | INFO | Base Forecast (used for schedule): 0.000 MW
2026-03-26 20:56:32 | INFO | Effective Base Forecast (after curtailment/shutdown): 0.000 MW
2026-03-26 20:56:32 | INFO | Base Blend Inputs: meter_ref=-0.040 MW, meter_factor=1.000, meter_weight=0.080
2026-03-26 20:56:32 | INFO | Plant Status: NORMAL
2026-03-26 20:56:32 | INFO | Effective Base Forecast = Base Forecast (raw) = 0.000 MW
2026-03-26 20:56:32 | INFO | --- WEATHER PARAMETERS ---
2026-03-26 20:56:32 | INFO | GTI: 0.0 W/m^2
2026-03-26 20:56:32 | INFO | DHI: 0.0 W/m^2
2026-03-26 20:56:32 | INFO | DNI: 0.0 W/m^2
2026-03-26 20:56:32 | INFO | Irradiance Ratio (GTI/MAX_GTI): 0.000
2026-03-26 20:56:32 | INFO | Diffuse Ratio (current): 0.000
2026-03-26 20:56:32 | INFO | Irradiance State: OVERCAST
2026-03-26 20:56:32 | INFO | Temp @ 2m: 28.87 C
2026-03-26 20:56:32 | INFO | Wind @ 10m: 14.40 m/s
2026-03-26 20:56:32 | INFO | Weather State: NORMAL
2026-03-26 20:56:32 | INFO | Dynamic Thresholds: cloud_thr=0.0933, shift_thr=0.0987
2026-03-26 20:56:32 | INFO | Multipliers: irradiance=0.55x, temp=1.00x, wind=1.05x
2026-03-26 20:56:32 | INFO | Weather Multiplier (combined): 0.58x
2026-03-26 20:56:32 | INFO | Abrupt Weather Change Detected: False
2026-03-26 20:56:32 | INFO | --- TREND ANALYSIS ---
2026-03-26 20:56:32 | INFO | Trend series: INSUFFICIENT DATA
2026-03-26 20:56:32 | INFO | Detected Trend Type: FLAT
2026-03-26 20:56:32 | INFO | Trend Slope Percentage: 0.00%
2026-03-26 20:56:32 | INFO | Trend EPS Threshold: 1.50%
2026-03-26 20:56:32 | INFO | --- SCHEDULE CALCULATION ---
2026-03-26 20:56:32 | INFO | Condition Applied: PRE_START
2026-03-26 20:56:32 | INFO | Effective Base Forecast Used for Adjustments: 0.000 MW
2026-03-26 20:56:32 | INFO | Condition-3: NOT APPLIED for this block path
2026-03-26 20:56:32 | INFO |   Final Adjustment %: 0.00%
2026-03-26 20:56:32 | INFO |   Formula (expanded): PRE_START: raw=0
2026-03-26 20:56:32 | INFO | --- FINAL RESULT ---
2026-03-26 20:56:32 | INFO | Raw Schedule (before smoothing): 0.000 MW
2026-03-26 20:56:32 | INFO | Final Scheduled MW: 0.000 MW
2026-03-26 20:56:32 | INFO | Deviation from Metered: +0.040 MW
2026-03-26 20:56:32 | INFO | --------------------------------------------------------------------------------
2026-03-26 20:56:32 | INFO | --------------------------------------------------------------------------------
2026-03-26 20:56:32 | INFO | BLOCK 04
2026-03-26 20:56:32 | INFO | --------------------------------------------------------------------------------
2026-03-26 20:56:32 | INFO | --- METERED DATA ---
2026-03-26 20:56:32 | INFO | Metered Value (actual): -0.040 MW
2026-03-26 20:56:32 | INFO | Last Two Metered Values (for trend): ['0.570', '1.290']
2026-03-26 20:56:32 | INFO | --- FORECAST DATA ---
2026-03-26 20:56:32 | INFO | Intraday Forecast (Enercast): 0.000 MW
2026-03-26 20:56:32 | INFO | Day-ahead Forecast (Enercast): 0.000 MW
2026-03-26 20:56:32 | INFO | Base Forecast (raw, before curtailment/shutdown): 0.000 MW
2026-03-26 20:56:32 | INFO | Base Forecast (used for schedule): 0.000 MW
2026-03-26 20:56:32 | INFO | Effective Base Forecast (after curtailment/shutdown): 0.000 MW
2026-03-26 20:56:32 | INFO | Base Blend Inputs: meter_ref=-0.040 MW, meter_factor=1.000, meter_weight=0.080
2026-03-26 20:56:32 | INFO | Plant Status: NORMAL
2026-03-26 20:56:32 | INFO | Effective Base Forecast = Base Forecast (raw) = 0.000 MW
2026-03-26 20:56:32 | INFO | --- WEATHER PARAMETERS ---
2026-03-26 20:56:32 | INFO | GTI: 0.0 W/m^2
2026-03-26 20:56:32 | INFO | DHI: 0.0 W/m^2
2026-03-26 20:56:32 | INFO | DNI: 0.0 W/m^2
2026-03-26 20:56:32 | INFO | Irradiance Ratio (GTI/MAX_GTI): 0.000
2026-03-26 20:56:32 | INFO | Diffuse Ratio (current): 0.000
2026-03-26 20:56:32 | INFO | Irradiance State: OVERCAST
2026-03-26 20:56:32 | INFO | Temp @ 2m: 28.67 C
2026-03-26 20:56:32 | INFO | Wind @ 10m: 14.40 m/s
2026-03-26 20:56:32 | INFO | Weather State: NORMAL
2026-03-26 20:56:32 | INFO | Dynamic Thresholds: cloud_thr=0.0933, shift_thr=0.0987
2026-03-26 20:56:32 | INFO | Multipliers: irradiance=0.55x, temp=1.00x, wind=1.05x
2026-03-26 20:56:32 | INFO | Weather Multiplier (combined): 0.58x
2026-03-26 20:56:32 | INFO | Abrupt Weather Change Detected: False
2026-03-26 20:56:32 | INFO | --- TREND ANALYSIS ---
2026-03-26 20:56:32 | INFO | Trend series: INSUFFICIENT DATA
2026-03-26 20:56:32 | INFO | Detected Trend Type: FLAT
2026-03-26 20:56:32 | INFO | Trend Slope Percentage: 0.00%
2026-03-26 20:56:32 | INFO | Trend EPS Threshold: 1.50%
2026-03-26 20:56:32 | INFO | --- SCHEDULE CALCULATION ---
2026-03-26 20:56:32 | INFO | Condition Applied: PRE_START
2026-03-26 20:56:32 | INFO | Effective Base Forecast Used for Adjustments: 0.000 MW
2026-03-26 20:56:32 | INFO | Condition-3: NOT APPLIED for this block path
2026-03-26 20:56:32 | INFO |   Final Adjustment %: 0.00%
2026-03-26 20:56:32 | INFO |   Formula (expanded): PRE_START: raw=0
2026-03-26 20:56:32 | INFO | --- FINAL RESULT ---
2026-03-26 20:56:32 | INFO | Raw Schedule (before smoothing): 0.000 MW
2026-03-26 20:56:32 | INFO | Final Scheduled MW: 0.000 MW
2026-03-26 20:56:32 | INFO | Deviation from Metered: +0.040 MW
2026-03-26 20:56:32 | INFO | --------------------------------------------------------------------------------
2026-03-26 20:56:32 | INFO | --------------------------------------------------------------------------------
2026-03-26 20:56:32 | INFO | BLOCK 05
2026-03-26 20:56:32 | INFO | --------------------------------------------------------------------------------
2026-03-26 20:56:32 | INFO | --- METERED DATA ---
2026-03-26 20:56:32 | INFO | Metered Value (actual): -0.040 MW
2026-03-26 20:56:32 | INFO | Last Two Metered Values (for trend): ['0.570', '1.290']
2026-03-26 20:56:32 | INFO | --- FORECAST DATA ---
2026-03-26 20:56:32 | INFO | Intraday Forecast (Enercast): 0.000 MW
2026-03-26 20:56:32 | INFO | Day-ahead Forecast (Enercast): 0.000 MW
2026-03-26 20:56:32 | INFO | Base Forecast (raw, before curtailment/shutdown): 0.000 MW
2026-03-26 20:56:32 | INFO | Base Forecast (used for schedule): 0.000 MW
2026-03-26 20:56:32 | INFO | Effective Base Forecast (after curtailment/shutdown): 0.000 MW
2026-03-26 20:56:32 | INFO | Base Blend Inputs: meter_ref=-0.040 MW, meter_factor=1.000, meter_weight=0.080
2026-03-26 20:56:32 | INFO | Plant Status: NORMAL
2026-03-26 20:56:32 | INFO | Effective Base Forecast = Base Forecast (raw) = 0.000 MW
2026-03-26 20:56:32 | INFO | --- WEATHER PARAMETERS ---
2026-03-26 20:56:32 | INFO | GTI: 0.0 W/m^2
2026-03-26 20:56:32 | INFO | DHI: 0.0 W/m^2
2026-03-26 20:56:32 | INFO | DNI: 0.0 W/m^2
2026-03-26 20:56:32 | INFO | Irradiance Ratio (GTI/MAX_GTI): 0.000
2026-03-26 20:56:32 | INFO | Diffuse Ratio (current): 0.000
2026-03-26 20:56:32 | INFO | Irradiance State: OVERCAST
2026-03-26 20:56:32 | INFO | Temp @ 2m: 28.47 C
2026-03-26 20:56:32 | INFO | Wind @ 10m: 14.40 m/s
2026-03-26 20:56:32 | INFO | Weather State: NORMAL
2026-03-26 20:56:32 | INFO | Dynamic Thresholds: cloud_thr=0.0933, shift_thr=0.0987
2026-03-26 20:56:32 | INFO | Multipliers: irradiance=0.55x, temp=1.00x, wind=1.05x
2026-03-26 20:56:32 | INFO | Weather Multiplier (combined): 0.58x
2026-03-26 20:56:32 | INFO | Abrupt Weather Change Detected: False
2026-03-26 20:56:32 | INFO | --- TREND ANALYSIS ---
2026-03-26 20:56:32 | INFO | Trend series: INSUFFICIENT DATA
2026-03-26 20:56:32 | INFO | Detected Trend Type: FLAT
2026-03-26 20:56:32 | INFO | Trend Slope Percentage: 0.00%
2026-03-26 20:56:32 | INFO | Trend EPS Threshold: 1.50%
2026-03-26 20:56:32 | INFO | --- SCHEDULE CALCULATION ---
2026-03-26 20:56:32 | INFO | Condition Applied: PRE_START
2026-03-26 20:56:32 | INFO | Effective Base Forecast Used for Adjustments: 0.000 MW
2026-03-26 20:56:32 | INFO | Condition-3: NOT APPLIED for this block path
2026-03-26 20:56:32 | INFO |   Final Adjustment %: 0.00%
2026-03-26 20:56:32 | INFO |   Formula (expanded): PRE_START: raw=0
2026-03-26 20:56:32 | INFO | --- FINAL RESULT ---
2026-03-26 20:56:32 | INFO | Raw Schedule (before smoothing): 0.000 MW
2026-03-26 20:56:32 | INFO | Final Scheduled MW: 0.000 MW
2026-03-26 20:56:32 | INFO | Deviation from Metered: +0.040 MW
2026-03-26 20:56:32 | INFO | --------------------------------------------------------------------------------
2026-03-26 20:56:32 | INFO | --------------------------------------------------------------------------------
2026-03-26 20:56:32 | INFO | BLOCK 06
2026-03-26 20:56:32 | INFO | --------------------------------------------------------------------------------
2026-03-26 20:56:32 | INFO | --- METERED DATA ---
2026-03-26 20:56:32 | INFO | Metered Value (actual): -0.040 MW
2026-03-26 20:56:32 | INFO | Last Two Metered Values (for trend): ['0.570', '1.290']
2026-03-26 20:56:32 | INFO | --- FORECAST DATA ---
2026-03-26 20:56:32 | INFO | Intraday Forecast (Enercast): 0.000 MW
2026-03-26 20:56:32 | INFO | Day-ahead Forecast (Enercast): 0.000 MW
2026-03-26 20:56:32 | INFO | Base Forecast (raw, before curtailment/shutdown): 0.000 MW
2026-03-26 20:56:32 | INFO | Base Forecast (used for schedule): 0.000 MW
2026-03-26 20:56:32 | INFO | Effective Base Forecast (after curtailment/shutdown): 0.000 MW
2026-03-26 20:56:32 | INFO | Base Blend Inputs: meter_ref=-0.040 MW, meter_factor=1.000, meter_weight=0.080
2026-03-26 20:56:32 | INFO | Plant Status: NORMAL
2026-03-26 20:56:32 | INFO | Effective Base Forecast = Base Forecast (raw) = 0.000 MW
2026-03-26 20:56:32 | INFO | --- WEATHER PARAMETERS ---
2026-03-26 20:56:32 | INFO | GTI: 0.0 W/m^2
2026-03-26 20:56:32 | INFO | DHI: 0.0 W/m^2
2026-03-26 20:56:32 | INFO | DNI: 0.0 W/m^2
2026-03-26 20:56:32 | INFO | Irradiance Ratio (GTI/MAX_GTI): 0.000
2026-03-26 20:56:32 | INFO | Diffuse Ratio (current): 0.000
2026-03-26 20:56:32 | INFO | Irradiance State: OVERCAST
2026-03-26 20:56:32 | INFO | Temp @ 2m: 28.32 C
2026-03-26 20:56:32 | INFO | Wind @ 10m: 14.69 m/s
2026-03-26 20:56:32 | INFO | Weather State: NORMAL
2026-03-26 20:56:32 | INFO | Dynamic Thresholds: cloud_thr=0.0933, shift_thr=0.0987
2026-03-26 20:56:32 | INFO | Multipliers: irradiance=0.55x, temp=1.00x, wind=1.05x
2026-03-26 20:56:32 | INFO | Weather Multiplier (combined): 0.58x
2026-03-26 20:56:32 | INFO | Abrupt Weather Change Detected: False
2026-03-26 20:56:32 | INFO | --- TREND ANALYSIS ---
2026-03-26 20:56:32 | INFO | Trend series: INSUFFICIENT DATA
2026-03-26 20:56:32 | INFO | Detected Trend Type: FLAT
2026-03-26 20:56:32 | INFO | Trend Slope Percentage: 0.00%
2026-03-26 20:56:32 | INFO | Trend EPS Threshold: 1.50%
2026-03-26 20:56:32 | INFO | --- SCHEDULE CALCULATION ---
2026-03-26 20:56:32 | INFO | Condition Applied: PRE_START
2026-03-26 20:56:32 | INFO | Effective Base Forecast Used for Adjustments: 0.000 MW
2026-03-26 20:56:32 | INFO | Condition-3: NOT APPLIED for this block path
2026-03-26 20:56:32 | INFO |   Final Adjustment %: 0.00%
2026-03-26 20:56:32 | INFO |   Formula (expanded): PRE_START: raw=0
2026-03-26 20:56:32 | INFO | --- FINAL RESULT ---
2026-03-26 20:56:32 | INFO | Raw Schedule (before smoothing): 0.000 MW
2026-03-26 20:56:32 | INFO | Final Scheduled MW: 0.000 MW
2026-03-26 20:56:32 | INFO | Deviation from Metered: +0.040 MW
2026-03-26 20:56:32 | INFO | --------------------------------------------------------------------------------
2026-03-26 20:56:32 | INFO | --------------------------------------------------------------------------------
2026-03-26 20:56:32 | INFO | BLOCK 07
2026-03-26 20:56:32 | INFO | --------------------------------------------------------------------------------
2026-03-26 20:56:32 | INFO | --- METERED DATA ---
2026-03-26 20:56:32 | INFO | Metered Value (actual): -0.040 MW
2026-03-26 20:56:32 | INFO | Last Two Metered Values (for trend): ['0.570', '1.290']
2026-03-26 20:56:32 | INFO | --- FORECAST DATA ---
2026-03-26 20:56:32 | INFO | Intraday Forecast (Enercast): 0.000 MW
2026-03-26 20:56:32 | INFO | Day-ahead Forecast (Enercast): 0.000 MW
2026-03-26 20:56:32 | INFO | Base Forecast (raw, before curtailment/shutdown): 0.000 MW
2026-03-26 20:56:32 | INFO | Base Forecast (used for schedule): 0.000 MW
2026-03-26 20:56:32 | INFO | Effective Base Forecast (after curtailment/shutdown): 0.000 MW
2026-03-26 20:56:32 | INFO | Base Blend Inputs: meter_ref=-0.040 MW, meter_factor=1.000, meter_weight=0.080
2026-03-26 20:56:32 | INFO | Plant Status: NORMAL
2026-03-26 20:56:32 | INFO | Effective Base Forecast = Base Forecast (raw) = 0.000 MW
2026-03-26 20:56:32 | INFO | --- WEATHER PARAMETERS ---
2026-03-26 20:56:32 | INFO | GTI: 0.0 W/m^2
2026-03-26 20:56:32 | INFO | DHI: 0.0 W/m^2
2026-03-26 20:56:32 | INFO | DNI: 0.0 W/m^2
2026-03-26 20:56:32 | INFO | Irradiance Ratio (GTI/MAX_GTI): 0.000
2026-03-26 20:56:32 | INFO | Diffuse Ratio (current): 0.000
2026-03-26 20:56:32 | INFO | Irradiance State: OVERCAST
2026-03-26 20:56:32 | INFO | Temp @ 2m: 28.17 C
2026-03-26 20:56:32 | INFO | Wind @ 10m: 14.69 m/s
2026-03-26 20:56:32 | INFO | Weather State: NORMAL
2026-03-26 20:56:32 | INFO | Dynamic Thresholds: cloud_thr=0.0933, shift_thr=0.0987
2026-03-26 20:56:32 | INFO | Multipliers: irradiance=0.55x, temp=1.00x, wind=1.05x
2026-03-26 20:56:32 | INFO | Weather Multiplier (combined): 0.58x
2026-03-26 20:56:32 | INFO | Abrupt Weather Change Detected: False
2026-03-26 20:56:32 | INFO | --- TREND ANALYSIS ---
2026-03-26 20:56:32 | INFO | Trend series: INSUFFICIENT DATA
2026-03-26 20:56:32 | INFO | Detected Trend Type: FLAT
2026-03-26 20:56:32 | INFO | Trend Slope Percentage: 0.00%
2026-03-26 20:56:32 | INFO | Trend EPS Threshold: 1.50%
2026-03-26 20:56:32 | INFO | --- SCHEDULE CALCULATION ---
2026-03-26 20:56:32 | INFO | Condition Applied: PRE_START
2026-03-26 20:56:32 | INFO | Effective Base Forecast Used for Adjustments: 0.000 MW
2026-03-26 20:56:32 | INFO | Condition-3: NOT APPLIED for this block path
2026-03-26 20:56:32 | INFO |   Final Adjustment %: 0.00%
2026-03-26 20:56:32 | INFO |   Formula (expanded): PRE_START: raw=0
2026-03-26 20:56:32 | INFO | --- FINAL RESULT ---
2026-03-26 20:56:32 | INFO | Raw Schedule (before smoothing): 0.000 MW
2026-03-26 20:56:32 | INFO | Final Scheduled MW: 0.000 MW
2026-03-26 20:56:32 | INFO | Deviation from Metered: +0.040 MW
2026-03-26 20:56:32 | INFO | --------------------------------------------------------------------------------
2026-03-26 20:56:32 | INFO | --------------------------------------------------------------------------------
2026-03-26 20:56:32 | INFO | BLOCK 08
2026-03-26 20:56:32 | INFO | --------------------------------------------------------------------------------
2026-03-26 20:56:32 | INFO | --- METERED DATA ---
2026-03-26 20:56:32 | INFO | Metered Value (actual): -0.040 MW
2026-03-26 20:56:32 | INFO | Last Two Metered Values (for trend): ['0.570', '1.290']
2026-03-26 20:56:32 | INFO | --- FORECAST DATA ---
2026-03-26 20:56:32 | INFO | Intraday Forecast (Enercast): 0.000 MW
2026-03-26 20:56:32 | INFO | Day-ahead Forecast (Enercast): 0.000 MW
2026-03-26 20:56:32 | INFO | Base Forecast (raw, before curtailment/shutdown): 0.000 MW
2026-03-26 20:56:32 | INFO | Base Forecast (used for schedule): 0.000 MW
2026-03-26 20:56:32 | INFO | Effective Base Forecast (after curtailment/shutdown): 0.000 MW
2026-03-26 20:56:32 | INFO | Base Blend Inputs: meter_ref=-0.040 MW, meter_factor=1.000, meter_weight=0.080
2026-03-26 20:56:32 | INFO | Plant Status: NORMAL
2026-03-26 20:56:32 | INFO | Effective Base Forecast = Base Forecast (raw) = 0.000 MW
2026-03-26 20:56:32 | INFO | --- WEATHER PARAMETERS ---
2026-03-26 20:56:32 | INFO | GTI: 0.0 W/m^2
2026-03-26 20:56:32 | INFO | DHI: 0.0 W/m^2
2026-03-26 20:56:32 | INFO | DNI: 0.0 W/m^2
2026-03-26 20:56:32 | INFO | Irradiance Ratio (GTI/MAX_GTI): 0.000
2026-03-26 20:56:32 | INFO | Diffuse Ratio (current): 0.000
2026-03-26 20:56:32 | INFO | Irradiance State: OVERCAST
2026-03-26 20:56:32 | INFO | Temp @ 2m: 28.02 C
2026-03-26 20:56:32 | INFO | Wind @ 10m: 14.69 m/s
2026-03-26 20:56:32 | INFO | Weather State: NORMAL
2026-03-26 20:56:32 | INFO | Dynamic Thresholds: cloud_thr=0.0933, shift_thr=0.0987
2026-03-26 20:56:32 | INFO | Multipliers: irradiance=0.55x, temp=1.00x, wind=1.05x
2026-03-26 20:56:32 | INFO | Weather Multiplier (combined): 0.58x
2026-03-26 20:56:32 | INFO | Abrupt Weather Change Detected: False
2026-03-26 20:56:32 | INFO | --- TREND ANALYSIS ---
2026-03-26 20:56:32 | INFO | Trend series: INSUFFICIENT DATA
2026-03-26 20:56:32 | INFO | Detected Trend Type: FLAT
2026-03-26 20:56:32 | INFO | Trend Slope Percentage: 0.00%
2026-03-26 20:56:32 | INFO | Trend EPS Threshold: 1.50%
2026-03-26 20:56:32 | INFO | --- SCHEDULE CALCULATION ---
2026-03-26 20:56:32 | INFO | Condition Applied: PRE_START
2026-03-26 20:56:32 | INFO | Effective Base Forecast Used for Adjustments: 0.000 MW
2026-03-26 20:56:32 | INFO | Condition-3: NOT APPLIED for this block path
2026-03-26 20:56:32 | INFO |   Final Adjustment %: 0.00%
2026-03-26 20:56:32 | INFO |   Formula (expanded): PRE_START: raw=0
2026-03-26 20:56:32 | INFO | --- FINAL RESULT ---
2026-03-26 20:56:32 | INFO | Raw Schedule (before smoothing): 0.000 MW
2026-03-26 20:56:32 | INFO | Final Scheduled MW: 0.000 MW
2026-03-26 20:56:32 | INFO | Deviation from Metered: +0.040 MW
2026-03-26 20:56:32 | INFO | --------------------------------------------------------------------------------
2026-03-26 20:56:32 | INFO | --------------------------------------------------------------------------------
2026-03-26 20:56:32 | INFO | BLOCK 09
2026-03-26 20:56:32 | INFO | --------------------------------------------------------------------------------
2026-03-26 20:56:32 | INFO | --- METERED DATA ---
2026-03-26 20:56:32 | INFO | Metered Value (actual): -0.040 MW
2026-03-26 20:56:32 | INFO | Last Two Metered Values (for trend): ['0.570', '1.290']
2026-03-26 20:56:32 | INFO | --- FORECAST DATA ---
2026-03-26 20:56:32 | INFO | Intraday Forecast (Enercast): 0.000 MW
2026-03-26 20:56:32 | INFO | Day-ahead Forecast (Enercast): 0.000 MW
2026-03-26 20:56:32 | INFO | Base Forecast (raw, before curtailment/shutdown): 0.000 MW
2026-03-26 20:56:32 | INFO | Base Forecast (used for schedule): 0.000 MW
2026-03-26 20:56:32 | INFO | Effective Base Forecast (after curtailment/shutdown): 0.000 MW
2026-03-26 20:56:32 | INFO | Base Blend Inputs: meter_ref=-0.040 MW, meter_factor=1.000, meter_weight=0.080
2026-03-26 20:56:32 | INFO | Plant Status: NORMAL
2026-03-26 20:56:32 | INFO | Effective Base Forecast = Base Forecast (raw) = 0.000 MW
2026-03-26 20:56:32 | INFO | --- WEATHER PARAMETERS ---
2026-03-26 20:56:32 | INFO | GTI: 0.0 W/m^2
2026-03-26 20:56:32 | INFO | DHI: 0.0 W/m^2
2026-03-26 20:56:32 | INFO | DNI: 0.0 W/m^2
2026-03-26 20:56:32 | INFO | Irradiance Ratio (GTI/MAX_GTI): 0.000
2026-03-26 20:56:32 | INFO | Diffuse Ratio (current): 0.000
2026-03-26 20:56:32 | INFO | Irradiance State: OVERCAST
2026-03-26 20:56:32 | INFO | Temp @ 2m: 27.92 C
2026-03-26 20:56:32 | INFO | Wind @ 10m: 14.78 m/s
2026-03-26 20:56:32 | INFO | Weather State: NORMAL
2026-03-26 20:56:32 | INFO | Dynamic Thresholds: cloud_thr=0.0933, shift_thr=0.0987
2026-03-26 20:56:32 | INFO | Multipliers: irradiance=0.55x, temp=1.00x, wind=1.05x
2026-03-26 20:56:32 | INFO | Weather Multiplier (combined): 0.58x
2026-03-26 20:56:32 | INFO | Abrupt Weather Change Detected: False
2026-03-26 20:56:32 | INFO | --- TREND ANALYSIS ---
2026-03-26 20:56:32 | INFO | Trend series: INSUFFICIENT DATA
2026-03-26 20:56:32 | INFO | Detected Trend Type: FLAT
2026-03-26 20:56:32 | INFO | Trend Slope Percentage: 0.00%
2026-03-26 20:56:32 | INFO | Trend EPS Threshold: 1.50%
2026-03-26 20:56:32 | INFO | --- SCHEDULE CALCULATION ---
2026-03-26 20:56:32 | INFO | Condition Applied: PRE_START
2026-03-26 20:56:32 | INFO | Effective Base Forecast Used for Adjustments: 0.000 MW
2026-03-26 20:56:32 | INFO | Condition-3: NOT APPLIED for this block path
2026-03-26 20:56:32 | INFO |   Final Adjustment %: 0.00%
2026-03-26 20:56:32 | INFO |   Formula (expanded): PRE_START: raw=0
2026-03-26 20:56:32 | INFO | --- FINAL RESULT ---
2026-03-26 20:56:32 | INFO | Raw Schedule (before smoothing): 0.000 MW
2026-03-26 20:56:32 | INFO | Final Scheduled MW: 0.000 MW
2026-03-26 20:56:32 | INFO | Deviation from Metered: +0.040 MW
2026-03-26 20:56:32 | INFO | --------------------------------------------------------------------------------
2026-03-26 20:56:32 | INFO | --------------------------------------------------------------------------------
2026-03-26 20:56:32 | INFO | BLOCK 10
2026-03-26 20:56:32 | INFO | --------------------------------------------------------------------------------
2026-03-26 20:56:32 | INFO | --- METERED DATA ---
2026-03-26 20:56:32 | INFO | Metered Value (actual): -0.040 MW
2026-03-26 20:56:32 | INFO | Last Two Metered Values (for trend): ['0.570', '1.290']
2026-03-26 20:56:32 | INFO | --- FORECAST DATA ---
2026-03-26 20:56:32 | INFO | Intraday Forecast (Enercast): 0.000 MW
2026-03-26 20:56:32 | INFO | Day-ahead Forecast (Enercast): 0.000 MW
2026-03-26 20:56:32 | INFO | Base Forecast (raw, before curtailment/shutdown): 0.000 MW
2026-03-26 20:56:32 | INFO | Base Forecast (used for schedule): 0.000 MW
2026-03-26 20:56:32 | INFO | Effective Base Forecast (after curtailment/shutdown): 0.000 MW
2026-03-26 20:56:32 | INFO | Base Blend Inputs: meter_ref=-0.040 MW, meter_factor=1.000, meter_weight=0.080
2026-03-26 20:56:32 | INFO | Plant Status: NORMAL
2026-03-26 20:56:32 | INFO | Effective Base Forecast = Base Forecast (raw) = 0.000 MW
2026-03-26 20:56:32 | INFO | --- WEATHER PARAMETERS ---
2026-03-26 20:56:32 | INFO | GTI: 0.0 W/m^2
2026-03-26 20:56:32 | INFO | DHI: 0.0 W/m^2
2026-03-26 20:56:32 | INFO | DNI: 0.0 W/m^2
2026-03-26 20:56:32 | INFO | Irradiance Ratio (GTI/MAX_GTI): 0.000
2026-03-26 20:56:32 | INFO | Diffuse Ratio (current): 0.000
2026-03-26 20:56:32 | INFO | Irradiance State: OVERCAST
2026-03-26 20:56:32 | INFO | Temp @ 2m: 27.77 C
2026-03-26 20:56:32 | INFO | Wind @ 10m: 14.78 m/s
2026-03-26 20:56:32 | INFO | Weather State: NORMAL
2026-03-26 20:56:32 | INFO | Dynamic Thresholds: cloud_thr=0.0933, shift_thr=0.0987
2026-03-26 20:56:32 | INFO | Multipliers: irradiance=0.55x, temp=1.00x, wind=1.05x
2026-03-26 20:56:32 | INFO | Weather Multiplier (combined): 0.58x
2026-03-26 20:56:32 | INFO | Abrupt Weather Change Detected: False
2026-03-26 20:56:32 | INFO | --- TREND ANALYSIS ---
2026-03-26 20:56:32 | INFO | Trend series: INSUFFICIENT DATA
2026-03-26 20:56:32 | INFO | Detected Trend Type: FLAT
2026-03-26 20:56:32 | INFO | Trend Slope Percentage: 0.00%
2026-03-26 20:56:32 | INFO | Trend EPS Threshold: 1.50%
2026-03-26 20:56:32 | INFO | --- SCHEDULE CALCULATION ---
2026-03-26 20:56:32 | INFO | Condition Applied: PRE_START
2026-03-26 20:56:32 | INFO | Effective Base Forecast Used for Adjustments: 0.000 MW
2026-03-26 20:56:32 | INFO | Condition-3: NOT APPLIED for this block path
2026-03-26 20:56:32 | INFO |   Final Adjustment %: 0.00%
2026-03-26 20:56:32 | INFO |   Formula (expanded): PRE_START: raw=0
2026-03-26 20:56:32 | INFO | --- FINAL RESULT ---
2026-03-26 20:56:32 | INFO | Raw Schedule (before smoothing): 0.000 MW
2026-03-26 20:56:32 | INFO | Final Scheduled MW: 0.000 MW
2026-03-26 20:56:32 | INFO | Deviation from Metered: +0.040 MW
2026-03-26 20:56:32 | INFO | --------------------------------------------------------------------------------
2026-03-26 20:56:32 | INFO | --------------------------------------------------------------------------------
2026-03-26 20:56:32 | INFO | BLOCK 11
2026-03-26 20:56:32 | INFO | --------------------------------------------------------------------------------
2026-03-26 20:56:32 | INFO | --- METERED DATA ---
2026-03-26 20:56:32 | INFO | Metered Value (actual): -0.040 MW
2026-03-26 20:56:32 | INFO | Last Two Metered Values (for trend): ['0.570', '1.290']
2026-03-26 20:56:32 | INFO | --- FORECAST DATA ---
2026-03-26 20:56:32 | INFO | Intraday Forecast (Enercast): 0.000 MW
2026-03-26 20:56:32 | INFO | Day-ahead Forecast (Enercast): 0.000 MW
2026-03-26 20:56:32 | INFO | Base Forecast (raw, before curtailment/shutdown): 0.000 MW
2026-03-26 20:56:32 | INFO | Base Forecast (used for schedule): 0.000 MW
2026-03-26 20:56:32 | INFO | Effective Base Forecast (after curtailment/shutdown): 0.000 MW
2026-03-26 20:56:32 | INFO | Base Blend Inputs: meter_ref=-0.040 MW, meter_factor=1.000, meter_weight=0.080
2026-03-26 20:56:32 | INFO | Plant Status: NORMAL
2026-03-26 20:56:32 | INFO | Effective Base Forecast = Base Forecast (raw) = 0.000 MW
2026-03-26 20:56:32 | INFO | --- WEATHER PARAMETERS ---
2026-03-26 20:56:32 | INFO | GTI: 0.0 W/m^2
2026-03-26 20:56:32 | INFO | DHI: 0.0 W/m^2
2026-03-26 20:56:32 | INFO | DNI: 0.0 W/m^2
2026-03-26 20:56:32 | INFO | Irradiance Ratio (GTI/MAX_GTI): 0.000
2026-03-26 20:56:32 | INFO | Diffuse Ratio (current): 0.000
2026-03-26 20:56:32 | INFO | Irradiance State: OVERCAST
2026-03-26 20:56:32 | INFO | Temp @ 2m: 27.67 C
2026-03-26 20:56:32 | INFO | Wind @ 10m: 14.48 m/s
2026-03-26 20:56:32 | INFO | Weather State: NORMAL
2026-03-26 20:56:32 | INFO | Dynamic Thresholds: cloud_thr=0.0933, shift_thr=0.0987
2026-03-26 20:56:32 | INFO | Multipliers: irradiance=0.55x, temp=1.00x, wind=1.05x
2026-03-26 20:56:32 | INFO | Weather Multiplier (combined): 0.58x
2026-03-26 20:56:32 | INFO | Abrupt Weather Change Detected: False
2026-03-26 20:56:32 | INFO | --- TREND ANALYSIS ---
2026-03-26 20:56:32 | INFO | Trend series: INSUFFICIENT DATA
2026-03-26 20:56:32 | INFO | Detected Trend Type: FLAT
2026-03-26 20:56:32 | INFO | Trend Slope Percentage: 0.00%
2026-03-26 20:56:32 | INFO | Trend EPS Threshold: 1.50%
2026-03-26 20:56:32 | INFO | --- SCHEDULE CALCULATION ---
2026-03-26 20:56:32 | INFO | Condition Applied: PRE_START
2026-03-26 20:56:32 | INFO | Effective Base Forecast Used for Adjustments: 0.000 MW
2026-03-26 20:56:32 | INFO | Condition-3: NOT APPLIED for this block path
2026-03-26 20:56:32 | INFO |   Final Adjustment %: 0.00%
2026-03-26 20:56:32 | INFO |   Formula (expanded): PRE_START: raw=0
2026-03-26 20:56:32 | INFO | --- FINAL RESULT ---
2026-03-26 20:56:32 | INFO | Raw Schedule (before smoothing): 0.000 MW
2026-03-26 20:56:32 | INFO | Final Scheduled MW: 0.000 MW
2026-03-26 20:56:32 | INFO | Deviation from Metered: +0.040 MW
2026-03-26 20:56:32 | INFO | --------------------------------------------------------------------------------
2026-03-26 20:56:32 | INFO | --------------------------------------------------------------------------------
2026-03-26 20:56:32 | INFO | BLOCK 12
2026-03-26 20:56:32 | INFO | --------------------------------------------------------------------------------
2026-03-26 20:56:32 | INFO | --- METERED DATA ---
2026-03-26 20:56:32 | INFO | Metered Value (actual): -0.040 MW
2026-03-26 20:56:32 | INFO | Last Two Metered Values (for trend): ['0.570', '1.290']
2026-03-26 20:56:32 | INFO | --- FORECAST DATA ---
2026-03-26 20:56:32 | INFO | Intraday Forecast (Enercast): 0.000 MW
2026-03-26 20:56:32 | INFO | Day-ahead Forecast (Enercast): 0.000 MW
2026-03-26 20:56:32 | INFO | Base Forecast (raw, before curtailment/shutdown): 0.000 MW
2026-03-26 20:56:32 | INFO | Base Forecast (used for schedule): 0.000 MW
2026-03-26 20:56:32 | INFO | Effective Base Forecast (after curtailment/shutdown): 0.000 MW
2026-03-26 20:56:32 | INFO | Base Blend Inputs: meter_ref=-0.040 MW, meter_factor=1.000, meter_weight=0.080
2026-03-26 20:56:32 | INFO | Plant Status: NORMAL
2026-03-26 20:56:32 | INFO | Effective Base Forecast = Base Forecast (raw) = 0.000 MW
2026-03-26 20:56:32 | INFO | --- WEATHER PARAMETERS ---
2026-03-26 20:56:32 | INFO | GTI: 0.0 W/m^2
2026-03-26 20:56:32 | INFO | DHI: 0.0 W/m^2
2026-03-26 20:56:32 | INFO | DNI: 0.0 W/m^2
2026-03-26 20:56:32 | INFO | Irradiance Ratio (GTI/MAX_GTI): 0.000
2026-03-26 20:56:32 | INFO | Diffuse Ratio (current): 0.000
2026-03-26 20:56:32 | INFO | Irradiance State: OVERCAST
2026-03-26 20:56:32 | INFO | Temp @ 2m: 27.57 C
2026-03-26 20:56:32 | INFO | Wind @ 10m: 14.19 m/s
2026-03-26 20:56:32 | INFO | Weather State: NORMAL
2026-03-26 20:56:32 | INFO | Dynamic Thresholds: cloud_thr=0.0933, shift_thr=0.0987
2026-03-26 20:56:32 | INFO | Multipliers: irradiance=0.55x, temp=1.00x, wind=1.05x
2026-03-26 20:56:32 | INFO | Weather Multiplier (combined): 0.58x
2026-03-26 20:56:32 | INFO | Abrupt Weather Change Detected: False
2026-03-26 20:56:32 | INFO | --- TREND ANALYSIS ---
2026-03-26 20:56:32 | INFO | Trend series: INSUFFICIENT DATA
2026-03-26 20:56:32 | INFO | Detected Trend Type: FLAT
2026-03-26 20:56:32 | INFO | Trend Slope Percentage: 0.00%
2026-03-26 20:56:32 | INFO | Trend EPS Threshold: 1.50%
2026-03-26 20:56:32 | INFO | --- SCHEDULE CALCULATION ---
2026-03-26 20:56:32 | INFO | Condition Applied: PRE_START
2026-03-26 20:56:32 | INFO | Effective Base Forecast Used for Adjustments: 0.000 MW
2026-03-26 20:56:32 | INFO | Condition-3: NOT APPLIED for this block path
2026-03-26 20:56:32 | INFO |   Final Adjustment %: 0.00%
2026-03-26 20:56:32 | INFO |   Formula (expanded): PRE_START: raw=0
2026-03-26 20:56:32 | INFO | --- FINAL RESULT ---
2026-03-26 20:56:32 | INFO | Raw Schedule (before smoothing): 0.000 MW
2026-03-26 20:56:32 | INFO | Final Scheduled MW: 0.000 MW
2026-03-26 20:56:32 | INFO | Deviation from Metered: +0.040 MW
2026-03-26 20:56:32 | INFO | --------------------------------------------------------------------------------
2026-03-26 20:56:32 | INFO | --------------------------------------------------------------------------------
2026-03-26 20:56:32 | INFO | BLOCK 13
2026-03-26 20:56:32 | INFO | --------------------------------------------------------------------------------
2026-03-26 20:56:32 | INFO | --- METERED DATA ---
2026-03-26 20:56:32 | INFO | Metered Value (actual): -0.040 MW
2026-03-26 20:56:32 | INFO | Last Two Metered Values (for trend): ['0.570', '1.290']
2026-03-26 20:56:32 | INFO | --- FORECAST DATA ---
2026-03-26 20:56:32 | INFO | Intraday Forecast (Enercast): 0.000 MW
2026-03-26 20:56:32 | INFO | Day-ahead Forecast (Enercast): 0.000 MW
2026-03-26 20:56:32 | INFO | Base Forecast (raw, before curtailment/shutdown): 0.000 MW
2026-03-26 20:56:32 | INFO | Base Forecast (used for schedule): 0.000 MW
2026-03-26 20:56:32 | INFO | Effective Base Forecast (after curtailment/shutdown): 0.000 MW
2026-03-26 20:56:32 | INFO | Base Blend Inputs: meter_ref=-0.040 MW, meter_factor=1.000, meter_weight=0.080
2026-03-26 20:56:32 | INFO | Plant Status: NORMAL
2026-03-26 20:56:32 | INFO | Effective Base Forecast = Base Forecast (raw) = 0.000 MW
2026-03-26 20:56:32 | INFO | --- WEATHER PARAMETERS ---
2026-03-26 20:56:32 | INFO | GTI: 0.0 W/m^2
2026-03-26 20:56:32 | INFO | DHI: 0.0 W/m^2
2026-03-26 20:56:32 | INFO | DNI: 0.0 W/m^2
2026-03-26 20:56:32 | INFO | Irradiance Ratio (GTI/MAX_GTI): 0.000
2026-03-26 20:56:32 | INFO | Diffuse Ratio (current): 0.000
2026-03-26 20:56:32 | INFO | Irradiance State: OVERCAST
2026-03-26 20:56:32 | INFO | Temp @ 2m: 27.47 C
2026-03-26 20:56:32 | INFO | Wind @ 10m: 13.83 m/s
2026-03-26 20:56:32 | INFO | Weather State: NORMAL
2026-03-26 20:56:32 | INFO | Dynamic Thresholds: cloud_thr=0.0933, shift_thr=0.0987
2026-03-26 20:56:32 | INFO | Multipliers: irradiance=0.55x, temp=1.00x, wind=1.05x
2026-03-26 20:56:32 | INFO | Weather Multiplier (combined): 0.58x
2026-03-26 20:56:32 | INFO | Abrupt Weather Change Detected: False
2026-03-26 20:56:32 | INFO | --- TREND ANALYSIS ---
2026-03-26 20:56:32 | INFO | Trend series: INSUFFICIENT DATA
2026-03-26 20:56:32 | INFO | Detected Trend Type: FLAT
2026-03-26 20:56:32 | INFO | Trend Slope Percentage: 0.00%
2026-03-26 20:56:32 | INFO | Trend EPS Threshold: 1.50%
2026-03-26 20:56:32 | INFO | --- SCHEDULE CALCULATION ---
2026-03-26 20:56:32 | INFO | Condition Applied: PRE_START
2026-03-26 20:56:32 | INFO | Effective Base Forecast Used for Adjustments: 0.000 MW
2026-03-26 20:56:32 | INFO | Condition-3: NOT APPLIED for this block path
2026-03-26 20:56:32 | INFO |   Final Adjustment %: 0.00%
2026-03-26 20:56:32 | INFO |   Formula (expanded): PRE_START: raw=0
2026-03-26 20:56:32 | INFO | --- FINAL RESULT ---
2026-03-26 20:56:32 | INFO | Raw Schedule (before smoothing): 0.000 MW
2026-03-26 20:56:32 | INFO | Final Scheduled MW: 0.000 MW
2026-03-26 20:56:32 | INFO | Deviation from Metered: +0.040 MW
2026-03-26 20:56:32 | INFO | --------------------------------------------------------------------------------
2026-03-26 20:56:32 | INFO | --------------------------------------------------------------------------------
2026-03-26 20:56:32 | INFO | BLOCK 14
2026-03-26 20:56:32 | INFO | --------------------------------------------------------------------------------
2026-03-26 20:56:32 | INFO | --- METERED DATA ---
2026-03-26 20:56:32 | INFO | Metered Value (actual): -0.040 MW
2026-03-26 20:56:32 | INFO | Last Two Metered Values (for trend): ['0.570', '1.290']
2026-03-26 20:56:32 | INFO | --- FORECAST DATA ---
2026-03-26 20:56:32 | INFO | Intraday Forecast (Enercast): 0.000 MW
2026-03-26 20:56:32 | INFO | Day-ahead Forecast (Enercast): 0.000 MW
2026-03-26 20:56:32 | INFO | Base Forecast (raw, before curtailment/shutdown): 0.000 MW
2026-03-26 20:56:32 | INFO | Base Forecast (used for schedule): 0.000 MW
2026-03-26 20:56:32 | INFO | Effective Base Forecast (after curtailment/shutdown): 0.000 MW
2026-03-26 20:56:32 | INFO | Base Blend Inputs: meter_ref=-0.040 MW, meter_factor=1.000, meter_weight=0.080
2026-03-26 20:56:32 | INFO | Plant Status: NORMAL
2026-03-26 20:56:32 | INFO | Effective Base Forecast = Base Forecast (raw) = 0.000 MW
2026-03-26 20:56:32 | INFO | --- WEATHER PARAMETERS ---
2026-03-26 20:56:32 | INFO | GTI: 0.0 W/m^2
2026-03-26 20:56:32 | INFO | DHI: 0.0 W/m^2
2026-03-26 20:56:32 | INFO | DNI: 0.0 W/m^2
2026-03-26 20:56:32 | INFO | Irradiance Ratio (GTI/MAX_GTI): 0.000
2026-03-26 20:56:32 | INFO | Diffuse Ratio (current): 0.000
2026-03-26 20:56:32 | INFO | Irradiance State: OVERCAST
2026-03-26 20:56:32 | INFO | Temp @ 2m: 27.37 C
2026-03-26 20:56:32 | INFO | Wind @ 10m: 13.51 m/s
2026-03-26 20:56:32 | INFO | Weather State: NORMAL
2026-03-26 20:56:32 | INFO | Dynamic Thresholds: cloud_thr=0.0933, shift_thr=0.0987
2026-03-26 20:56:32 | INFO | Multipliers: irradiance=0.55x, temp=1.00x, wind=1.05x
2026-03-26 20:56:32 | INFO | Weather Multiplier (combined): 0.58x
2026-03-26 20:56:32 | INFO | Abrupt Weather Change Detected: False
2026-03-26 20:56:32 | INFO | --- TREND ANALYSIS ---
2026-03-26 20:56:32 | INFO | Trend series: INSUFFICIENT DATA
2026-03-26 20:56:32 | INFO | Detected Trend Type: FLAT
2026-03-26 20:56:32 | INFO | Trend Slope Percentage: 0.00%
2026-03-26 20:56:32 | INFO | Trend EPS Threshold: 1.50%
2026-03-26 20:56:32 | INFO | --- SCHEDULE CALCULATION ---
2026-03-26 20:56:32 | INFO | Condition Applied: PRE_START
2026-03-26 20:56:32 | INFO | Effective Base Forecast Used for Adjustments: 0.000 MW
2026-03-26 20:56:32 | INFO | Condition-3: NOT APPLIED for this block path
2026-03-26 20:56:32 | INFO |   Final Adjustment %: 0.00%
2026-03-26 20:56:32 | INFO |   Formula (expanded): PRE_START: raw=0
2026-03-26 20:56:32 | INFO | --- FINAL RESULT ---
2026-03-26 20:56:32 | INFO | Raw Schedule (before smoothing): 0.000 MW
2026-03-26 20:56:32 | INFO | Final Scheduled MW: 0.000 MW
2026-03-26 20:56:32 | INFO | Deviation from Metered: +0.040 MW
2026-03-26 20:56:32 | INFO | --------------------------------------------------------------------------------
2026-03-26 20:56:32 | INFO | --------------------------------------------------------------------------------
2026-03-26 20:56:32 | INFO | BLOCK 15
2026-03-26 20:56:32 | INFO | --------------------------------------------------------------------------------
2026-03-26 20:56:32 | INFO | --- METERED DATA ---
2026-03-26 20:56:32 | INFO | Metered Value (actual): -0.040 MW
2026-03-26 20:56:32 | INFO | Last Two Metered Values (for trend): ['0.570', '1.290']
2026-03-26 20:56:32 | INFO | --- FORECAST DATA ---
2026-03-26 20:56:32 | INFO | Intraday Forecast (Enercast): 0.000 MW
2026-03-26 20:56:32 | INFO | Day-ahead Forecast (Enercast): 0.000 MW
2026-03-26 20:56:32 | INFO | Base Forecast (raw, before curtailment/shutdown): 0.000 MW
2026-03-26 20:56:32 | INFO | Base Forecast (used for schedule): 0.000 MW
2026-03-26 20:56:32 | INFO | Effective Base Forecast (after curtailment/shutdown): 0.000 MW
2026-03-26 20:56:32 | INFO | Base Blend Inputs: meter_ref=-0.040 MW, meter_factor=1.000, meter_weight=0.080
2026-03-26 20:56:32 | INFO | Plant Status: NORMAL
2026-03-26 20:56:32 | INFO | Effective Base Forecast = Base Forecast (raw) = 0.000 MW
2026-03-26 20:56:32 | INFO | --- WEATHER PARAMETERS ---
2026-03-26 20:56:32 | INFO | GTI: 0.0 W/m^2
2026-03-26 20:56:32 | INFO | DHI: 0.0 W/m^2
2026-03-26 20:56:32 | INFO | DNI: 0.0 W/m^2
2026-03-26 20:56:32 | INFO | Irradiance Ratio (GTI/MAX_GTI): 0.000
2026-03-26 20:56:32 | INFO | Diffuse Ratio (current): 0.000
2026-03-26 20:56:32 | INFO | Irradiance State: OVERCAST
2026-03-26 20:56:32 | INFO | Temp @ 2m: 27.27 C
2026-03-26 20:56:32 | INFO | Wind @ 10m: 13.24 m/s
2026-03-26 20:56:32 | INFO | Weather State: NORMAL
2026-03-26 20:56:32 | INFO | Dynamic Thresholds: cloud_thr=0.0933, shift_thr=0.0987
2026-03-26 20:56:32 | INFO | Multipliers: irradiance=0.55x, temp=1.00x, wind=1.05x
2026-03-26 20:56:32 | INFO | Weather Multiplier (combined): 0.58x
2026-03-26 20:56:32 | INFO | Abrupt Weather Change Detected: False
2026-03-26 20:56:32 | INFO | --- TREND ANALYSIS ---
2026-03-26 20:56:32 | INFO | Trend series: INSUFFICIENT DATA
2026-03-26 20:56:32 | INFO | Detected Trend Type: FLAT
2026-03-26 20:56:32 | INFO | Trend Slope Percentage: 0.00%
2026-03-26 20:56:32 | INFO | Trend EPS Threshold: 1.50%
2026-03-26 20:56:32 | INFO | --- SCHEDULE CALCULATION ---
2026-03-26 20:56:32 | INFO | Condition Applied: PRE_START
2026-03-26 20:56:32 | INFO | Effective Base Forecast Used for Adjustments: 0.000 MW
2026-03-26 20:56:32 | INFO | Condition-3: NOT APPLIED for this block path
2026-03-26 20:56:32 | INFO |   Final Adjustment %: 0.00%
2026-03-26 20:56:32 | INFO |   Formula (expanded): PRE_START: raw=0
2026-03-26 20:56:32 | INFO | --- FINAL RESULT ---
2026-03-26 20:56:32 | INFO | Raw Schedule (before smoothing): 0.000 MW
2026-03-26 20:56:32 | INFO | Final Scheduled MW: 0.000 MW
2026-03-26 20:56:32 | INFO | Deviation from Metered: +0.040 MW
2026-03-26 20:56:32 | INFO | --------------------------------------------------------------------------------
2026-03-26 20:56:32 | INFO | --------------------------------------------------------------------------------
2026-03-26 20:56:32 | INFO | BLOCK 16
2026-03-26 20:56:32 | INFO | --------------------------------------------------------------------------------
2026-03-26 20:56:32 | INFO | --- METERED DATA ---
2026-03-26 20:56:32 | INFO | Metered Value (actual): -0.040 MW
2026-03-26 20:56:32 | INFO | Last Two Metered Values (for trend): ['0.570', '1.290']
2026-03-26 20:56:32 | INFO | --- FORECAST DATA ---
2026-03-26 20:56:33 | INFO | Intraday Forecast (Enercast): 0.000 MW
2026-03-26 20:56:33 | INFO | Day-ahead Forecast (Enercast): 0.000 MW
2026-03-26 20:56:33 | INFO | Base Forecast (raw, before curtailment/shutdown): 0.000 MW
2026-03-26 20:56:33 | INFO | Base Forecast (used for schedule): 0.000 MW
2026-03-26 20:56:33 | INFO | Effective Base Forecast (after curtailment/shutdown): 0.000 MW
2026-03-26 20:56:33 | INFO | Base Blend Inputs: meter_ref=-0.040 MW, meter_factor=1.000, meter_weight=0.080
2026-03-26 20:56:33 | INFO | Plant Status: NORMAL
2026-03-26 20:56:33 | INFO | Effective Base Forecast = Base Forecast (raw) = 0.000 MW
2026-03-26 20:56:33 | INFO | --- WEATHER PARAMETERS ---
2026-03-26 20:56:33 | INFO | GTI: 0.0 W/m^2
2026-03-26 20:56:33 | INFO | DHI: 0.0 W/m^2
2026-03-26 20:56:33 | INFO | DNI: 0.0 W/m^2
2026-03-26 20:56:33 | INFO | Irradiance Ratio (GTI/MAX_GTI): 0.000
2026-03-26 20:56:33 | INFO | Diffuse Ratio (current): 0.000
2026-03-26 20:56:33 | INFO | Irradiance State: OVERCAST
2026-03-26 20:56:33 | INFO | Temp @ 2m: 27.17 C
2026-03-26 20:56:33 | INFO | Wind @ 10m: 13.28 m/s
2026-03-26 20:56:33 | INFO | Weather State: NORMAL
2026-03-26 20:56:33 | INFO | Dynamic Thresholds: cloud_thr=0.0933, shift_thr=0.0987
2026-03-26 20:56:33 | INFO | Multipliers: irradiance=0.55x, temp=1.00x, wind=1.05x
2026-03-26 20:56:33 | INFO | Weather Multiplier (combined): 0.58x
2026-03-26 20:56:33 | INFO | Abrupt Weather Change Detected: False
2026-03-26 20:56:33 | INFO | --- TREND ANALYSIS ---
2026-03-26 20:56:33 | INFO | Trend series: INSUFFICIENT DATA
2026-03-26 20:56:33 | INFO | Detected Trend Type: FLAT
2026-03-26 20:56:33 | INFO | Trend Slope Percentage: 0.00%
2026-03-26 20:56:33 | INFO | Trend EPS Threshold: 1.50%
2026-03-26 20:56:33 | INFO | --- SCHEDULE CALCULATION ---
2026-03-26 20:56:33 | INFO | Condition Applied: PRE_START
2026-03-26 20:56:33 | INFO | Effective Base Forecast Used for Adjustments: 0.000 MW
2026-03-26 20:56:33 | INFO | Condition-3: NOT APPLIED for this block path
2026-03-26 20:56:33 | INFO |   Final Adjustment %: 0.00%
2026-03-26 20:56:33 | INFO |   Formula (expanded): PRE_START: raw=0
2026-03-26 20:56:33 | INFO | --- FINAL RESULT ---
2026-03-26 20:56:33 | INFO | Raw Schedule (before smoothing): 0.000 MW
2026-03-26 20:56:33 | INFO | Final Scheduled MW: 0.000 MW
2026-03-26 20:56:33 | INFO | Deviation from Metered: +0.040 MW
2026-03-26 20:56:33 | INFO | --------------------------------------------------------------------------------
2026-03-26 20:56:33 | INFO | --------------------------------------------------------------------------------
2026-03-26 20:56:33 | INFO | BLOCK 17
2026-03-26 20:56:33 | INFO | --------------------------------------------------------------------------------
2026-03-26 20:56:33 | INFO | --- METERED DATA ---
2026-03-26 20:56:33 | INFO | Metered Value (actual): -0.040 MW
2026-03-26 20:56:33 | INFO | Last Two Metered Values (for trend): ['0.570', '1.290']
2026-03-26 20:56:33 | INFO | --- FORECAST DATA ---
2026-03-26 20:56:33 | INFO | Intraday Forecast (Enercast): 0.000 MW
2026-03-26 20:56:33 | INFO | Day-ahead Forecast (Enercast): 0.000 MW
2026-03-26 20:56:33 | INFO | Base Forecast (raw, before curtailment/shutdown): 0.000 MW
2026-03-26 20:56:33 | INFO | Base Forecast (used for schedule): 0.000 MW
2026-03-26 20:56:33 | INFO | Effective Base Forecast (after curtailment/shutdown): 0.000 MW
2026-03-26 20:56:33 | INFO | Base Blend Inputs: meter_ref=-0.040 MW, meter_factor=1.000, meter_weight=0.080
2026-03-26 20:56:33 | INFO | Plant Status: NORMAL
2026-03-26 20:56:33 | INFO | Effective Base Forecast = Base Forecast (raw) = 0.000 MW
2026-03-26 20:56:33 | INFO | --- WEATHER PARAMETERS ---
2026-03-26 20:56:33 | INFO | GTI: 0.0 W/m^2
2026-03-26 20:56:33 | INFO | DHI: 0.0 W/m^2
2026-03-26 20:56:33 | INFO | DNI: 0.0 W/m^2
2026-03-26 20:56:33 | INFO | Irradiance Ratio (GTI/MAX_GTI): 0.000
2026-03-26 20:56:33 | INFO | Diffuse Ratio (current): 0.000
2026-03-26 20:56:33 | INFO | Irradiance State: OVERCAST
2026-03-26 20:56:33 | INFO | Temp @ 2m: 27.07 C
2026-03-26 20:56:33 | INFO | Wind @ 10m: 13.10 m/s
2026-03-26 20:56:33 | INFO | Weather State: NORMAL
2026-03-26 20:56:33 | INFO | Dynamic Thresholds: cloud_thr=0.0933, shift_thr=0.0987
2026-03-26 20:56:33 | INFO | Multipliers: irradiance=0.55x, temp=1.00x, wind=1.05x
2026-03-26 20:56:33 | INFO | Weather Multiplier (combined): 0.58x
2026-03-26 20:56:33 | INFO | Abrupt Weather Change Detected: False
2026-03-26 20:56:33 | INFO | --- TREND ANALYSIS ---
2026-03-26 20:56:33 | INFO | Trend series: INSUFFICIENT DATA
2026-03-26 20:56:33 | INFO | Detected Trend Type: FLAT
2026-03-26 20:56:33 | INFO | Trend Slope Percentage: 0.00%
2026-03-26 20:56:33 | INFO | Trend EPS Threshold: 1.50%
2026-03-26 20:56:33 | INFO | --- SCHEDULE CALCULATION ---
2026-03-26 20:56:33 | INFO | Condition Applied: PRE_START
2026-03-26 20:56:33 | INFO | Effective Base Forecast Used for Adjustments: 0.000 MW
2026-03-26 20:56:33 | INFO | Condition-3: NOT APPLIED for this block path
2026-03-26 20:56:33 | INFO |   Final Adjustment %: 0.00%
2026-03-26 20:56:33 | INFO |   Formula (expanded): PRE_START: raw=0
2026-03-26 20:56:33 | INFO | --- FINAL RESULT ---
2026-03-26 20:56:33 | INFO | Raw Schedule (before smoothing): 0.000 MW
2026-03-26 20:56:33 | INFO | Final Scheduled MW: 0.000 MW
2026-03-26 20:56:33 | INFO | Deviation from Metered: +0.040 MW
2026-03-26 20:56:33 | INFO | --------------------------------------------------------------------------------
2026-03-26 20:56:33 | INFO | --------------------------------------------------------------------------------
2026-03-26 20:56:33 | INFO | BLOCK 18
2026-03-26 20:56:33 | INFO | --------------------------------------------------------------------------------
2026-03-26 20:56:33 | INFO | --- METERED DATA ---
2026-03-26 20:56:33 | INFO | Metered Value (actual): -0.040 MW
2026-03-26 20:56:33 | INFO | Last Two Metered Values (for trend): ['0.570', '1.290']
2026-03-26 20:56:33 | INFO | --- FORECAST DATA ---
2026-03-26 20:56:33 | INFO | Intraday Forecast (Enercast): 0.000 MW
2026-03-26 20:56:33 | INFO | Day-ahead Forecast (Enercast): 0.000 MW
2026-03-26 20:56:33 | INFO | Base Forecast (raw, before curtailment/shutdown): 0.000 MW
2026-03-26 20:56:33 | INFO | Base Forecast (used for schedule): 0.000 MW
2026-03-26 20:56:33 | INFO | Effective Base Forecast (after curtailment/shutdown): 0.000 MW
2026-03-26 20:56:33 | INFO | Base Blend Inputs: meter_ref=-0.040 MW, meter_factor=1.000, meter_weight=0.080
2026-03-26 20:56:33 | INFO | Plant Status: NORMAL
2026-03-26 20:56:33 | INFO | Effective Base Forecast = Base Forecast (raw) = 0.000 MW
2026-03-26 20:56:33 | INFO | --- WEATHER PARAMETERS ---
2026-03-26 20:56:33 | INFO | GTI: 0.0 W/m^2
2026-03-26 20:56:33 | INFO | DHI: 0.0 W/m^2
2026-03-26 20:56:33 | INFO | DNI: 0.0 W/m^2
2026-03-26 20:56:33 | INFO | Irradiance Ratio (GTI/MAX_GTI): 0.000
2026-03-26 20:56:33 | INFO | Diffuse Ratio (current): 0.000
2026-03-26 20:56:33 | INFO | Irradiance State: OVERCAST
2026-03-26 20:56:33 | INFO | Temp @ 2m: 26.97 C
2026-03-26 20:56:33 | INFO | Wind @ 10m: 13.09 m/s
2026-03-26 20:56:33 | INFO | Weather State: NORMAL
2026-03-26 20:56:33 | INFO | Dynamic Thresholds: cloud_thr=0.0933, shift_thr=0.0987
2026-03-26 20:56:33 | INFO | Multipliers: irradiance=0.55x, temp=1.00x, wind=1.05x
2026-03-26 20:56:33 | INFO | Weather Multiplier (combined): 0.58x
2026-03-26 20:56:33 | INFO | Abrupt Weather Change Detected: False
2026-03-26 20:56:33 | INFO | --- TREND ANALYSIS ---
2026-03-26 20:56:33 | INFO | Trend series: INSUFFICIENT DATA
2026-03-26 20:56:33 | INFO | Detected Trend Type: FLAT
2026-03-26 20:56:33 | INFO | Trend Slope Percentage: 0.00%
2026-03-26 20:56:33 | INFO | Trend EPS Threshold: 1.50%
2026-03-26 20:56:33 | INFO | --- SCHEDULE CALCULATION ---
2026-03-26 20:56:33 | INFO | Condition Applied: PRE_START
2026-03-26 20:56:33 | INFO | Effective Base Forecast Used for Adjustments: 0.000 MW
2026-03-26 20:56:33 | INFO | Condition-3: NOT APPLIED for this block path
2026-03-26 20:56:33 | INFO |   Final Adjustment %: 0.00%
2026-03-26 20:56:33 | INFO |   Formula (expanded): PRE_START: raw=0
2026-03-26 20:56:33 | INFO | --- FINAL RESULT ---
2026-03-26 20:56:33 | INFO | Raw Schedule (before smoothing): 0.000 MW
2026-03-26 20:56:33 | INFO | Final Scheduled MW: 0.000 MW
2026-03-26 20:56:33 | INFO | Deviation from Metered: +0.040 MW
2026-03-26 20:56:33 | INFO | --------------------------------------------------------------------------------
2026-03-26 20:56:33 | INFO | --------------------------------------------------------------------------------
2026-03-26 20:56:33 | INFO | BLOCK 19
2026-03-26 20:56:33 | INFO | --------------------------------------------------------------------------------
2026-03-26 20:56:33 | INFO | --- METERED DATA ---
2026-03-26 20:56:33 | INFO | Metered Value (actual): -0.040 MW
2026-03-26 20:56:33 | INFO | Last Two Metered Values (for trend): ['0.570', '1.290']
2026-03-26 20:56:33 | INFO | --- FORECAST DATA ---
2026-03-26 20:56:33 | INFO | Intraday Forecast (Enercast): 0.000 MW
2026-03-26 20:56:33 | INFO | Day-ahead Forecast (Enercast): 0.000 MW
2026-03-26 20:56:33 | INFO | Base Forecast (raw, before curtailment/shutdown): 0.000 MW
2026-03-26 20:56:33 | INFO | Base Forecast (used for schedule): 0.000 MW
2026-03-26 20:56:33 | INFO | Effective Base Forecast (after curtailment/shutdown): 0.000 MW
2026-03-26 20:56:33 | INFO | Base Blend Inputs: meter_ref=-0.040 MW, meter_factor=1.000, meter_weight=0.080
2026-03-26 20:56:33 | INFO | Plant Status: NORMAL
2026-03-26 20:56:33 | INFO | Effective Base Forecast = Base Forecast (raw) = 0.000 MW
2026-03-26 20:56:33 | INFO | --- WEATHER PARAMETERS ---
2026-03-26 20:56:33 | INFO | GTI: 0.0 W/m^2
2026-03-26 20:56:33 | INFO | DHI: 0.0 W/m^2
2026-03-26 20:56:33 | INFO | DNI: 0.0 W/m^2
2026-03-26 20:56:33 | INFO | Irradiance Ratio (GTI/MAX_GTI): 0.000
2026-03-26 20:56:33 | INFO | Diffuse Ratio (current): 0.000
2026-03-26 20:56:33 | INFO | Irradiance State: OVERCAST
2026-03-26 20:56:33 | INFO | Temp @ 2m: 26.87 C
2026-03-26 20:56:33 | INFO | Wind @ 10m: 13.05 m/s
2026-03-26 20:56:33 | INFO | Weather State: NORMAL
2026-03-26 20:56:33 | INFO | Dynamic Thresholds: cloud_thr=0.0933, shift_thr=0.0987
2026-03-26 20:56:33 | INFO | Multipliers: irradiance=0.55x, temp=1.00x, wind=1.05x
2026-03-26 20:56:33 | INFO | Weather Multiplier (combined): 0.58x
2026-03-26 20:56:33 | INFO | Abrupt Weather Change Detected: False
2026-03-26 20:56:33 | INFO | --- TREND ANALYSIS ---
2026-03-26 20:56:33 | INFO | Trend series: INSUFFICIENT DATA
2026-03-26 20:56:33 | INFO | Detected Trend Type: FLAT
2026-03-26 20:56:33 | INFO | Trend Slope Percentage: 0.00%
2026-03-26 20:56:33 | INFO | Trend EPS Threshold: 1.50%
2026-03-26 20:56:33 | INFO | --- SCHEDULE CALCULATION ---
2026-03-26 20:56:33 | INFO | Condition Applied: PRE_START
2026-03-26 20:56:33 | INFO | Effective Base Forecast Used for Adjustments: 0.000 MW
2026-03-26 20:56:33 | INFO | Condition-3: NOT APPLIED for this block path
2026-03-26 20:56:33 | INFO |   Final Adjustment %: 0.00%
2026-03-26 20:56:33 | INFO |   Formula (expanded): PRE_START: raw=0
2026-03-26 20:56:33 | INFO | --- FINAL RESULT ---
2026-03-26 20:56:33 | INFO | Raw Schedule (before smoothing): 0.000 MW
2026-03-26 20:56:33 | INFO | Final Scheduled MW: 0.000 MW
2026-03-26 20:56:33 | INFO | Deviation from Metered: +0.040 MW
2026-03-26 20:56:33 | INFO | --------------------------------------------------------------------------------
2026-03-26 20:56:33 | INFO | --------------------------------------------------------------------------------
2026-03-26 20:56:33 | INFO | BLOCK 20
2026-03-26 20:56:33 | INFO | --------------------------------------------------------------------------------
2026-03-26 20:56:33 | INFO | --- METERED DATA ---
2026-03-26 20:56:33 | INFO | Metered Value (actual): -0.040 MW
2026-03-26 20:56:33 | INFO | Last Two Metered Values (for trend): ['0.570', '1.290']
2026-03-26 20:56:33 | INFO | --- FORECAST DATA ---
2026-03-26 20:56:33 | INFO | Intraday Forecast (Enercast): 0.000 MW
2026-03-26 20:56:33 | INFO | Day-ahead Forecast (Enercast): 0.000 MW
2026-03-26 20:56:33 | INFO | Base Forecast (raw, before curtailment/shutdown): 0.000 MW
2026-03-26 20:56:33 | INFO | Base Forecast (used for schedule): 0.000 MW
2026-03-26 20:56:33 | INFO | Effective Base Forecast (after curtailment/shutdown): 0.000 MW
2026-03-26 20:56:33 | INFO | Base Blend Inputs: meter_ref=-0.040 MW, meter_factor=1.000, meter_weight=0.080
2026-03-26 20:56:33 | INFO | Plant Status: NORMAL
2026-03-26 20:56:33 | INFO | Effective Base Forecast = Base Forecast (raw) = 0.000 MW
2026-03-26 20:56:33 | INFO | --- WEATHER PARAMETERS ---
2026-03-26 20:56:33 | INFO | GTI: 0.0 W/m^2
2026-03-26 20:56:33 | INFO | DHI: 0.0 W/m^2
2026-03-26 20:56:33 | INFO | DNI: 0.0 W/m^2
2026-03-26 20:56:33 | INFO | Irradiance Ratio (GTI/MAX_GTI): 0.000
2026-03-26 20:56:33 | INFO | Diffuse Ratio (current): 0.000
2026-03-26 20:56:33 | INFO | Irradiance State: OVERCAST
2026-03-26 20:56:33 | INFO | Temp @ 2m: 26.72 C
2026-03-26 20:56:33 | INFO | Wind @ 10m: 12.85 m/s
2026-03-26 20:56:33 | INFO | Weather State: NORMAL
2026-03-26 20:56:33 | INFO | Dynamic Thresholds: cloud_thr=0.0933, shift_thr=0.0987
2026-03-26 20:56:33 | INFO | Multipliers: irradiance=0.55x, temp=1.00x, wind=1.05x
2026-03-26 20:56:33 | INFO | Weather Multiplier (combined): 0.58x
2026-03-26 20:56:33 | INFO | Abrupt Weather Change Detected: False
2026-03-26 20:56:33 | INFO | --- TREND ANALYSIS ---
2026-03-26 20:56:33 | INFO | Trend series: INSUFFICIENT DATA
2026-03-26 20:56:33 | INFO | Detected Trend Type: FLAT
2026-03-26 20:56:33 | INFO | Trend Slope Percentage: 0.00%
2026-03-26 20:56:33 | INFO | Trend EPS Threshold: 1.50%
2026-03-26 20:56:33 | INFO | --- SCHEDULE CALCULATION ---
2026-03-26 20:56:33 | INFO | Condition Applied: PRE_START
2026-03-26 20:56:33 | INFO | Effective Base Forecast Used for Adjustments: 0.000 MW
2026-03-26 20:56:33 | INFO | Condition-3: NOT APPLIED for this block path
2026-03-26 20:56:33 | INFO |   Final Adjustment %: 0.00%
2026-03-26 20:56:33 | INFO |   Formula (expanded): PRE_START: raw=0
2026-03-26 20:56:33 | INFO | --- FINAL RESULT ---
2026-03-26 20:56:33 | INFO | Raw Schedule (before smoothing): 0.000 MW
2026-03-26 20:56:33 | INFO | Final Scheduled MW: 0.000 MW
2026-03-26 20:56:33 | INFO | Deviation from Metered: +0.040 MW
2026-03-26 20:56:33 | INFO | --------------------------------------------------------------------------------
2026-03-26 20:56:33 | INFO | --------------------------------------------------------------------------------
2026-03-26 20:56:33 | INFO | BLOCK 21
2026-03-26 20:56:33 | INFO | --------------------------------------------------------------------------------
2026-03-26 20:56:33 | INFO | --- METERED DATA ---
2026-03-26 20:56:33 | INFO | Metered Value (actual): -0.040 MW
2026-03-26 20:56:33 | INFO | Last Two Metered Values (for trend): ['0.570', '1.290']
2026-03-26 20:56:33 | INFO | --- FORECAST DATA ---
2026-03-26 20:56:33 | INFO | Intraday Forecast (Enercast): 0.000 MW
2026-03-26 20:56:33 | INFO | Day-ahead Forecast (Enercast): 0.000 MW
2026-03-26 20:56:33 | INFO | Base Forecast (raw, before curtailment/shutdown): 0.000 MW
2026-03-26 20:56:33 | INFO | Base Forecast (used for schedule): 0.000 MW
2026-03-26 20:56:33 | INFO | Effective Base Forecast (after curtailment/shutdown): 0.000 MW
2026-03-26 20:56:33 | INFO | Base Blend Inputs: meter_ref=-0.040 MW, meter_factor=1.000, meter_weight=0.080
2026-03-26 20:56:33 | INFO | Plant Status: NORMAL
2026-03-26 20:56:33 | INFO | Effective Base Forecast = Base Forecast (raw) = 0.000 MW
2026-03-26 20:56:33 | INFO | --- WEATHER PARAMETERS ---
2026-03-26 20:56:33 | INFO | GTI: 0.0 W/m^2
2026-03-26 20:56:33 | INFO | DHI: 0.0 W/m^2
2026-03-26 20:56:33 | INFO | DNI: 0.0 W/m^2
2026-03-26 20:56:33 | INFO | Irradiance Ratio (GTI/MAX_GTI): 0.000
2026-03-26 20:56:33 | INFO | Diffuse Ratio (current): 0.000
2026-03-26 20:56:33 | INFO | Irradiance State: OVERCAST
2026-03-26 20:56:33 | INFO | Temp @ 2m: 26.52 C
2026-03-26 20:56:33 | INFO | Wind @ 10m: 12.98 m/s
2026-03-26 20:56:33 | INFO | Weather State: NORMAL
2026-03-26 20:56:33 | INFO | Dynamic Thresholds: cloud_thr=0.0933, shift_thr=0.0987
2026-03-26 20:56:33 | INFO | Multipliers: irradiance=0.55x, temp=1.00x, wind=1.05x
2026-03-26 20:56:33 | INFO | Weather Multiplier (combined): 0.58x
2026-03-26 20:56:33 | INFO | Abrupt Weather Change Detected: False
2026-03-26 20:56:33 | INFO | --- TREND ANALYSIS ---
2026-03-26 20:56:33 | INFO | Trend series: INSUFFICIENT DATA
2026-03-26 20:56:33 | INFO | Detected Trend Type: FLAT
2026-03-26 20:56:33 | INFO | Trend Slope Percentage: 0.00%
2026-03-26 20:56:33 | INFO | Trend EPS Threshold: 1.50%
2026-03-26 20:56:33 | INFO | --- SCHEDULE CALCULATION ---
2026-03-26 20:56:33 | INFO | Condition Applied: PRE_START
2026-03-26 20:56:33 | INFO | Effective Base Forecast Used for Adjustments: 0.000 MW
2026-03-26 20:56:33 | INFO | Condition-3: NOT APPLIED for this block path
2026-03-26 20:56:33 | INFO |   Final Adjustment %: 0.00%
2026-03-26 20:56:33 | INFO |   Formula (expanded): PRE_START: raw=0
2026-03-26 20:56:33 | INFO | --- FINAL RESULT ---
2026-03-26 20:56:33 | INFO | Raw Schedule (before smoothing): 0.000 MW
2026-03-26 20:56:33 | INFO | Final Scheduled MW: 0.000 MW
2026-03-26 20:56:33 | INFO | Deviation from Metered: +0.040 MW
2026-03-26 20:56:33 | INFO | --------------------------------------------------------------------------------
2026-03-26 20:56:33 | INFO | --------------------------------------------------------------------------------
2026-03-26 20:56:33 | INFO | BLOCK 22
2026-03-26 20:56:33 | INFO | --------------------------------------------------------------------------------
2026-03-26 20:56:33 | INFO | --- METERED DATA ---
2026-03-26 20:56:33 | INFO | Metered Value (actual): -0.040 MW
2026-03-26 20:56:33 | INFO | Last Two Metered Values (for trend): ['0.570', '1.290']
2026-03-26 20:56:33 | INFO | --- FORECAST DATA ---
2026-03-26 20:56:33 | INFO | Intraday Forecast (Enercast): 0.000 MW
2026-03-26 20:56:33 | INFO | Day-ahead Forecast (Enercast): 0.000 MW
2026-03-26 20:56:33 | INFO | Base Forecast (raw, before curtailment/shutdown): 0.000 MW
2026-03-26 20:56:33 | INFO | Base Forecast (used for schedule): 0.000 MW
2026-03-26 20:56:33 | INFO | Effective Base Forecast (after curtailment/shutdown): 0.000 MW
2026-03-26 20:56:33 | INFO | Base Blend Inputs: meter_ref=-0.040 MW, meter_factor=1.000, meter_weight=0.080
2026-03-26 20:56:33 | INFO | Plant Status: NORMAL
2026-03-26 20:56:33 | INFO | Effective Base Forecast = Base Forecast (raw) = 0.000 MW
2026-03-26 20:56:33 | INFO | --- WEATHER PARAMETERS ---
2026-03-26 20:56:33 | INFO | GTI: 0.0 W/m^2
2026-03-26 20:56:33 | INFO | DHI: 0.0 W/m^2
2026-03-26 20:56:33 | INFO | DNI: 0.0 W/m^2
2026-03-26 20:56:33 | INFO | Irradiance Ratio (GTI/MAX_GTI): 0.000
2026-03-26 20:56:33 | INFO | Diffuse Ratio (current): 0.000
2026-03-26 20:56:33 | INFO | Irradiance State: OVERCAST
2026-03-26 20:56:33 | INFO | Temp @ 2m: 26.32 C
2026-03-26 20:56:33 | INFO | Wind @ 10m: 14.00 m/s
2026-03-26 20:56:33 | INFO | Weather State: NORMAL
2026-03-26 20:56:33 | INFO | Dynamic Thresholds: cloud_thr=0.0933, shift_thr=0.0987
2026-03-26 20:56:33 | INFO | Multipliers: irradiance=0.55x, temp=1.00x, wind=1.05x
2026-03-26 20:56:33 | INFO | Weather Multiplier (combined): 0.58x
2026-03-26 20:56:33 | INFO | Abrupt Weather Change Detected: False
2026-03-26 20:56:33 | INFO | --- TREND ANALYSIS ---
2026-03-26 20:56:33 | INFO | Trend series: INSUFFICIENT DATA
2026-03-26 20:56:33 | INFO | Detected Trend Type: FLAT
2026-03-26 20:56:33 | INFO | Trend Slope Percentage: 0.00%
2026-03-26 20:56:33 | INFO | Trend EPS Threshold: 1.50%
2026-03-26 20:56:33 | INFO | --- SCHEDULE CALCULATION ---
2026-03-26 20:56:33 | INFO | Condition Applied: PRE_START
2026-03-26 20:56:33 | INFO | Effective Base Forecast Used for Adjustments: 0.000 MW
2026-03-26 20:56:33 | INFO | Condition-3: NOT APPLIED for this block path
2026-03-26 20:56:33 | INFO |   Final Adjustment %: 0.00%
2026-03-26 20:56:33 | INFO |   Formula (expanded): PRE_START: raw=0
2026-03-26 20:56:33 | INFO | --- FINAL RESULT ---
2026-03-26 20:56:33 | INFO | Raw Schedule (before smoothing): 0.000 MW
2026-03-26 20:56:33 | INFO | Final Scheduled MW: 0.000 MW
2026-03-26 20:56:33 | INFO | Deviation from Metered: +0.040 MW
2026-03-26 20:56:33 | INFO | --------------------------------------------------------------------------------
2026-03-26 20:56:33 | INFO | --------------------------------------------------------------------------------
2026-03-26 20:56:33 | INFO | BLOCK 23
2026-03-26 20:56:33 | INFO | --------------------------------------------------------------------------------
2026-03-26 20:56:33 | INFO | --- METERED DATA ---
2026-03-26 20:56:33 | INFO | Metered Value (actual): -0.040 MW
2026-03-26 20:56:33 | INFO | Last Two Metered Values (for trend): ['0.570', '1.290']
2026-03-26 20:56:33 | INFO | --- FORECAST DATA ---
2026-03-26 20:56:33 | INFO | Intraday Forecast (Enercast): 0.000 MW
2026-03-26 20:56:33 | INFO | Day-ahead Forecast (Enercast): 0.000 MW
2026-03-26 20:56:33 | INFO | Base Forecast (raw, before curtailment/shutdown): 0.000 MW
2026-03-26 20:56:33 | INFO | Base Forecast (used for schedule): 0.000 MW
2026-03-26 20:56:33 | INFO | Effective Base Forecast (after curtailment/shutdown): 0.000 MW
2026-03-26 20:56:33 | INFO | Base Blend Inputs: meter_ref=-0.040 MW, meter_factor=1.000, meter_weight=0.080
2026-03-26 20:56:33 | INFO | Plant Status: NORMAL
2026-03-26 20:56:33 | INFO | Effective Base Forecast = Base Forecast (raw) = 0.000 MW
2026-03-26 20:56:33 | INFO | --- WEATHER PARAMETERS ---
2026-03-26 20:56:33 | INFO | GTI: 0.0 W/m^2
2026-03-26 20:56:33 | INFO | DHI: 0.0 W/m^2
2026-03-26 20:56:33 | INFO | DNI: 0.0 W/m^2
2026-03-26 20:56:33 | INFO | Irradiance Ratio (GTI/MAX_GTI): 0.000
2026-03-26 20:56:33 | INFO | Diffuse Ratio (current): 0.000
2026-03-26 20:56:33 | INFO | Irradiance State: OVERCAST
2026-03-26 20:56:33 | INFO | Temp @ 2m: 26.17 C
2026-03-26 20:56:33 | INFO | Wind @ 10m: 14.97 m/s
2026-03-26 20:56:33 | INFO | Weather State: NORMAL
2026-03-26 20:56:33 | INFO | Dynamic Thresholds: cloud_thr=0.0933, shift_thr=0.0987
2026-03-26 20:56:33 | INFO | Multipliers: irradiance=0.55x, temp=1.00x, wind=1.05x
2026-03-26 20:56:33 | INFO | Weather Multiplier (combined): 0.58x
2026-03-26 20:56:33 | INFO | Abrupt Weather Change Detected: False
2026-03-26 20:56:33 | INFO | --- TREND ANALYSIS ---
2026-03-26 20:56:33 | INFO | Trend series: INSUFFICIENT DATA
2026-03-26 20:56:33 | INFO | Detected Trend Type: FLAT
2026-03-26 20:56:33 | INFO | Trend Slope Percentage: 0.00%
2026-03-26 20:56:33 | INFO | Trend EPS Threshold: 1.50%
2026-03-26 20:56:33 | INFO | --- SCHEDULE CALCULATION ---
2026-03-26 20:56:33 | INFO | Condition Applied: PRE_START
2026-03-26 20:56:33 | INFO | Effective Base Forecast Used for Adjustments: 0.000 MW
2026-03-26 20:56:33 | INFO | Condition-3: NOT APPLIED for this block path
2026-03-26 20:56:33 | INFO |   Final Adjustment %: 0.00%
2026-03-26 20:56:33 | INFO |   Formula (expanded): PRE_START: raw=0
2026-03-26 20:56:33 | INFO | --- FINAL RESULT ---
2026-03-26 20:56:33 | INFO | Raw Schedule (before smoothing): 0.000 MW
2026-03-26 20:56:33 | INFO | Final Scheduled MW: 0.000 MW
2026-03-26 20:56:33 | INFO | Deviation from Metered: +0.040 MW
2026-03-26 20:56:33 | INFO | --------------------------------------------------------------------------------
2026-03-26 20:56:33 | INFO | --------------------------------------------------------------------------------
2026-03-26 20:56:33 | INFO | BLOCK 24
2026-03-26 20:56:33 | INFO | --------------------------------------------------------------------------------
2026-03-26 20:56:33 | INFO | --- METERED DATA ---
2026-03-26 20:56:33 | INFO | Metered Value (actual): -0.040 MW
2026-03-26 20:56:33 | INFO | Last Two Metered Values (for trend): ['0.570', '1.290']
2026-03-26 20:56:33 | INFO | --- FORECAST DATA ---
2026-03-26 20:56:33 | INFO | Intraday Forecast (Enercast): 0.000 MW
2026-03-26 20:56:33 | INFO | Day-ahead Forecast (Enercast): 0.000 MW
2026-03-26 20:56:33 | INFO | Base Forecast (raw, before curtailment/shutdown): 0.000 MW
2026-03-26 20:56:33 | INFO | Base Forecast (used for schedule): 0.000 MW
2026-03-26 20:56:33 | INFO | Effective Base Forecast (after curtailment/shutdown): 0.000 MW
2026-03-26 20:56:33 | INFO | Base Blend Inputs: meter_ref=-0.040 MW, meter_factor=1.000, meter_weight=0.080
2026-03-26 20:56:33 | INFO | Plant Status: NORMAL
2026-03-26 20:56:33 | INFO | Effective Base Forecast = Base Forecast (raw) = 0.000 MW
2026-03-26 20:56:33 | INFO | --- WEATHER PARAMETERS ---
2026-03-26 20:56:33 | INFO | GTI: 0.0 W/m^2
2026-03-26 20:56:33 | INFO | DHI: 0.0 W/m^2
2026-03-26 20:56:33 | INFO | DNI: 0.0 W/m^2
2026-03-26 20:56:33 | INFO | Irradiance Ratio (GTI/MAX_GTI): 0.000
2026-03-26 20:56:33 | INFO | Diffuse Ratio (current): 0.000
2026-03-26 20:56:33 | INFO | Irradiance State: OVERCAST
2026-03-26 20:56:33 | INFO | Temp @ 2m: 26.02 C
2026-03-26 20:56:33 | INFO | Wind @ 10m: 14.58 m/s
2026-03-26 20:56:33 | INFO | Weather State: NORMAL
2026-03-26 20:56:33 | INFO | Dynamic Thresholds: cloud_thr=0.0933, shift_thr=0.0987
2026-03-26 20:56:33 | INFO | Multipliers: irradiance=0.55x, temp=1.00x, wind=1.05x
2026-03-26 20:56:33 | INFO | Weather Multiplier (combined): 0.58x
2026-03-26 20:56:33 | INFO | Abrupt Weather Change Detected: False
2026-03-26 20:56:33 | INFO | --- TREND ANALYSIS ---
2026-03-26 20:56:33 | INFO | Trend series: INSUFFICIENT DATA
2026-03-26 20:56:33 | INFO | Detected Trend Type: FLAT
2026-03-26 20:56:33 | INFO | Trend Slope Percentage: 0.00%
2026-03-26 20:56:33 | INFO | Trend EPS Threshold: 1.50%
2026-03-26 20:56:33 | INFO | --- SCHEDULE CALCULATION ---
2026-03-26 20:56:33 | INFO | Condition Applied: PRE_START
2026-03-26 20:56:33 | INFO | Effective Base Forecast Used for Adjustments: 0.000 MW
2026-03-26 20:56:33 | INFO | Condition-3: NOT APPLIED for this block path
2026-03-26 20:56:33 | INFO |   Final Adjustment %: 0.00%
2026-03-26 20:56:33 | INFO |   Formula (expanded): PRE_START: raw=0
2026-03-26 20:56:33 | INFO | --- FINAL RESULT ---
2026-03-26 20:56:33 | INFO | Raw Schedule (before smoothing): 0.000 MW
2026-03-26 20:56:33 | INFO | Final Scheduled MW: 0.000 MW
2026-03-26 20:56:33 | INFO | Deviation from Metered: +0.040 MW
2026-03-26 20:56:33 | INFO | --------------------------------------------------------------------------------
2026-03-26 20:56:33 | INFO | --------------------------------------------------------------------------------
2026-03-26 20:56:33 | INFO | BLOCK 25
2026-03-26 20:56:33 | INFO | --------------------------------------------------------------------------------
2026-03-26 20:56:33 | INFO | --- METERED DATA ---
2026-03-26 20:56:33 | INFO | Metered Value (actual): -0.040 MW
2026-03-26 20:56:33 | INFO | Last Two Metered Values (for trend): ['0.570', '1.290']
2026-03-26 20:56:33 | INFO | --- FORECAST DATA ---
2026-03-26 20:56:33 | INFO | Intraday Forecast (Enercast): 0.000 MW
2026-03-26 20:56:33 | INFO | Day-ahead Forecast (Enercast): 0.000 MW
2026-03-26 20:56:33 | INFO | Base Forecast (raw, before curtailment/shutdown): 0.000 MW
2026-03-26 20:56:33 | INFO | Base Forecast (used for schedule): 0.000 MW
2026-03-26 20:56:33 | INFO | Effective Base Forecast (after curtailment/shutdown): 0.000 MW
2026-03-26 20:56:33 | INFO | Base Blend Inputs: meter_ref=-0.040 MW, meter_factor=1.000, meter_weight=0.080
2026-03-26 20:56:33 | INFO | Plant Status: NORMAL
2026-03-26 20:56:33 | INFO | Effective Base Forecast = Base Forecast (raw) = 0.000 MW
2026-03-26 20:56:33 | INFO | --- WEATHER PARAMETERS ---
2026-03-26 20:56:33 | INFO | GTI: 0.0 W/m^2
2026-03-26 20:56:33 | INFO | DHI: 0.0 W/m^2
2026-03-26 20:56:33 | INFO | DNI: 0.0 W/m^2
2026-03-26 20:56:33 | INFO | Irradiance Ratio (GTI/MAX_GTI): 0.000
2026-03-26 20:56:33 | INFO | Diffuse Ratio (current): 0.000
2026-03-26 20:56:33 | INFO | Irradiance State: OVERCAST
2026-03-26 20:56:33 | INFO | Temp @ 2m: 25.82 C
2026-03-26 20:56:33 | INFO | Wind @ 10m: 13.83 m/s
2026-03-26 20:56:33 | INFO | Weather State: NORMAL
2026-03-26 20:56:33 | INFO | Dynamic Thresholds: cloud_thr=0.0933, shift_thr=0.0987
2026-03-26 20:56:33 | INFO | Multipliers: irradiance=0.55x, temp=1.00x, wind=1.05x
2026-03-26 20:56:33 | INFO | Weather Multiplier (combined): 0.58x
2026-03-26 20:56:33 | INFO | Abrupt Weather Change Detected: False
2026-03-26 20:56:33 | INFO | --- TREND ANALYSIS ---
2026-03-26 20:56:33 | INFO | Trend series: INSUFFICIENT DATA
2026-03-26 20:56:33 | INFO | Detected Trend Type: FLAT
2026-03-26 20:56:33 | INFO | Trend Slope Percentage: 0.00%
2026-03-26 20:56:33 | INFO | Trend EPS Threshold: 1.50%
2026-03-26 20:56:33 | INFO | --- SCHEDULE CALCULATION ---
2026-03-26 20:56:33 | INFO | Condition Applied: PRE_START
2026-03-26 20:56:33 | INFO | Effective Base Forecast Used for Adjustments: 0.000 MW
2026-03-26 20:56:33 | INFO | Condition-3: NOT APPLIED for this block path
2026-03-26 20:56:33 | INFO |   Final Adjustment %: 0.00%
2026-03-26 20:56:33 | INFO |   Formula (expanded): PRE_START: raw=0
2026-03-26 20:56:33 | INFO | --- FINAL RESULT ---
2026-03-26 20:56:33 | INFO | Raw Schedule (before smoothing): 0.000 MW
2026-03-26 20:56:33 | INFO | Final Scheduled MW: 0.000 MW
2026-03-26 20:56:33 | INFO | Deviation from Metered: +0.040 MW
2026-03-26 20:56:33 | INFO | --------------------------------------------------------------------------------
2026-03-26 20:56:33 | INFO | --------------------------------------------------------------------------------
2026-03-26 20:56:33 | INFO | BLOCK 26
2026-03-26 20:56:33 | INFO | --------------------------------------------------------------------------------
2026-03-26 20:56:33 | INFO | --- METERED DATA ---
2026-03-26 20:56:33 | INFO | Metered Value (actual): -0.060 MW
2026-03-26 20:56:33 | INFO | Last Two Metered Values (for trend): ['0.570', '1.290']
2026-03-26 20:56:33 | INFO | --- FORECAST DATA ---
2026-03-26 20:56:33 | INFO | Intraday Forecast (Enercast): 0.000 MW
2026-03-26 20:56:33 | INFO | Day-ahead Forecast (Enercast): 0.000 MW
2026-03-26 20:56:33 | INFO | Base Forecast (raw, before curtailment/shutdown): 0.000 MW
2026-03-26 20:56:33 | INFO | Base Forecast (used for schedule): 0.000 MW
2026-03-26 20:56:33 | INFO | Effective Base Forecast (after curtailment/shutdown): 0.000 MW
2026-03-26 20:56:33 | INFO | Base Blend Inputs: meter_ref=-0.060 MW, meter_factor=1.000, meter_weight=0.080
2026-03-26 20:56:33 | INFO | Plant Status: NORMAL
2026-03-26 20:56:33 | INFO | Effective Base Forecast = Base Forecast (raw) = 0.000 MW
2026-03-26 20:56:33 | INFO | --- WEATHER PARAMETERS ---
2026-03-26 20:56:33 | INFO | GTI: 0.0 W/m^2
2026-03-26 20:56:33 | INFO | DHI: 0.0 W/m^2
2026-03-26 20:56:33 | INFO | DNI: 0.0 W/m^2
2026-03-26 20:56:33 | INFO | Irradiance Ratio (GTI/MAX_GTI): 0.000
2026-03-26 20:56:33 | INFO | Diffuse Ratio (current): 0.000
2026-03-26 20:56:33 | INFO | Irradiance State: OVERCAST
2026-03-26 20:56:33 | INFO | Temp @ 2m: 25.67 C
2026-03-26 20:56:33 | INFO | Wind @ 10m: 12.48 m/s
2026-03-26 20:56:33 | INFO | Weather State: NORMAL
2026-03-26 20:56:33 | INFO | Dynamic Thresholds: cloud_thr=0.0933, shift_thr=0.0987
2026-03-26 20:56:33 | INFO | Multipliers: irradiance=0.55x, temp=1.00x, wind=1.05x
2026-03-26 20:56:33 | INFO | Weather Multiplier (combined): 0.58x
2026-03-26 20:56:33 | INFO | Abrupt Weather Change Detected: False
2026-03-26 20:56:33 | INFO | --- TREND ANALYSIS ---
2026-03-26 20:56:33 | INFO | Trend series: INSUFFICIENT DATA
2026-03-26 20:56:33 | INFO | Detected Trend Type: FLAT
2026-03-26 20:56:33 | INFO | Trend Slope Percentage: 0.00%
2026-03-26 20:56:33 | INFO | Trend EPS Threshold: 1.50%
2026-03-26 20:56:33 | INFO | --- SCHEDULE CALCULATION ---
2026-03-26 20:56:33 | INFO | Condition Applied: PRE_START
2026-03-26 20:56:33 | INFO | Effective Base Forecast Used for Adjustments: 0.000 MW
2026-03-26 20:56:33 | INFO | Condition-3: NOT APPLIED for this block path
2026-03-26 20:56:33 | INFO |   Final Adjustment %: 0.00%
2026-03-26 20:56:33 | INFO |   Formula (expanded): PRE_START: raw=0
2026-03-26 20:56:33 | INFO | --- FINAL RESULT ---
2026-03-26 20:56:33 | INFO | Raw Schedule (before smoothing): 0.000 MW
2026-03-26 20:56:33 | INFO | Final Scheduled MW: 0.000 MW
2026-03-26 20:56:33 | INFO | Deviation from Metered: +0.060 MW
2026-03-26 20:56:33 | INFO | --------------------------------------------------------------------------------
2026-03-26 20:56:33 | INFO | --------------------------------------------------------------------------------
2026-03-26 20:56:33 | INFO | BLOCK 27
2026-03-26 20:56:33 | INFO | --------------------------------------------------------------------------------
2026-03-26 20:56:33 | INFO | --- METERED DATA ---
2026-03-26 20:56:33 | INFO | Metered Value (actual): -0.060 MW
2026-03-26 20:56:33 | INFO | Last Two Metered Values (for trend): ['0.570', '1.290']
2026-03-26 20:56:33 | INFO | --- FORECAST DATA ---
2026-03-26 20:56:33 | INFO | Intraday Forecast (Enercast): 0.100 MW
2026-03-26 20:56:33 | INFO | Day-ahead Forecast (Enercast): 0.120 MW
2026-03-26 20:56:33 | INFO | Base Forecast (raw, before curtailment/shutdown): 0.000 MW
2026-03-26 20:56:33 | INFO | Base Forecast (used for schedule): 0.000 MW
2026-03-26 20:56:33 | INFO | Effective Base Forecast (after curtailment/shutdown): 0.000 MW
2026-03-26 20:56:33 | INFO | Base Blend Inputs: meter_ref=-0.060 MW, meter_factor=1.000, meter_weight=0.080
2026-03-26 20:56:33 | INFO | Plant Status: NORMAL
2026-03-26 20:56:33 | INFO | Effective Base Forecast = Base Forecast (raw) = 0.000 MW
2026-03-26 20:56:33 | INFO | --- WEATHER PARAMETERS ---
2026-03-26 20:56:33 | INFO | GTI: 0.0 W/m^2
2026-03-26 20:56:33 | INFO | DHI: 0.0 W/m^2
2026-03-26 20:56:33 | INFO | DNI: 0.0 W/m^2
2026-03-26 20:56:33 | INFO | Irradiance Ratio (GTI/MAX_GTI): 0.000
2026-03-26 20:56:33 | INFO | Diffuse Ratio (current): 0.000
2026-03-26 20:56:33 | INFO | Irradiance State: OVERCAST
2026-03-26 20:56:33 | INFO | Temp @ 2m: 25.67 C
2026-03-26 20:56:33 | INFO | Wind @ 10m: 12.26 m/s
2026-03-26 20:56:33 | INFO | Weather State: NORMAL
2026-03-26 20:56:33 | INFO | Dynamic Thresholds: cloud_thr=0.0933, shift_thr=0.0987
2026-03-26 20:56:33 | INFO | Multipliers: irradiance=0.55x, temp=1.00x, wind=1.05x
2026-03-26 20:56:33 | INFO | Weather Multiplier (combined): 0.58x
2026-03-26 20:56:33 | INFO | Abrupt Weather Change Detected: False
2026-03-26 20:56:33 | INFO | --- TREND ANALYSIS ---
2026-03-26 20:56:33 | INFO | Trend series: INSUFFICIENT DATA
2026-03-26 20:56:33 | INFO | Detected Trend Type: FLAT
2026-03-26 20:56:33 | INFO | Trend Slope Percentage: 0.00%
2026-03-26 20:56:33 | INFO | Trend EPS Threshold: 1.50%
2026-03-26 20:56:33 | INFO | --- SCHEDULE CALCULATION ---
2026-03-26 20:56:33 | INFO | Condition Applied: PRE_START
2026-03-26 20:56:33 | INFO | Effective Base Forecast Used for Adjustments: 0.000 MW
2026-03-26 20:56:33 | INFO | Condition-3: NOT APPLIED for this block path
2026-03-26 20:56:33 | INFO |   Final Adjustment %: 0.00%
2026-03-26 20:56:33 | INFO |   Formula (expanded): PRE_START: raw=0
2026-03-26 20:56:33 | INFO | --- FINAL RESULT ---
2026-03-26 20:56:33 | INFO | Raw Schedule (before smoothing): 0.000 MW
2026-03-26 20:56:33 | INFO | Final Scheduled MW: 0.000 MW
2026-03-26 20:56:33 | INFO | Deviation from Metered: +0.060 MW
2026-03-26 20:56:33 | INFO | --------------------------------------------------------------------------------
2026-03-26 20:56:33 | INFO | --------------------------------------------------------------------------------
2026-03-26 20:56:33 | INFO | BLOCK 28
2026-03-26 20:56:33 | INFO | --------------------------------------------------------------------------------
2026-03-26 20:56:33 | INFO | --- METERED DATA ---
2026-03-26 20:56:33 | INFO | Metered Value (actual): 0.030 MW
2026-03-26 20:56:33 | INFO | Last Two Metered Values (for trend): ['0.570', '1.290']
2026-03-26 20:56:33 | INFO | --- FORECAST DATA ---
2026-03-26 20:56:33 | INFO | Intraday Forecast (Enercast): 0.800 MW
2026-03-26 20:56:33 | INFO | Day-ahead Forecast (Enercast): 0.890 MW
2026-03-26 20:56:33 | INFO | Base Forecast (raw, before curtailment/shutdown): 0.000 MW
2026-03-26 20:56:33 | INFO | Base Forecast (used for schedule): 0.000 MW
2026-03-26 20:56:33 | INFO | Effective Base Forecast (after curtailment/shutdown): 0.000 MW
2026-03-26 20:56:33 | INFO | Base Blend Inputs: meter_ref=0.030 MW, meter_factor=1.000, meter_weight=0.080
2026-03-26 20:56:33 | INFO | Plant Status: NORMAL
2026-03-26 20:56:33 | INFO | Effective Base Forecast = Base Forecast (raw) = 0.000 MW
2026-03-26 20:56:33 | INFO | --- WEATHER PARAMETERS ---
2026-03-26 20:56:33 | INFO | GTI: 21.0 W/m^2
2026-03-26 20:56:33 | INFO | DHI: 8.0 W/m^2
2026-03-26 20:56:33 | INFO | DNI: 0.0 W/m^2
2026-03-26 20:56:33 | INFO | Irradiance Ratio (GTI/MAX_GTI): 0.021
2026-03-26 20:56:33 | INFO | Diffuse Ratio (current): 0.160
2026-03-26 20:56:33 | INFO | Irradiance State: OVERCAST
2026-03-26 20:56:33 | INFO | Temp @ 2m: 25.77 C
2026-03-26 20:56:33 | INFO | Wind @ 10m: 12.98 m/s
2026-03-26 20:56:33 | INFO | Weather State: NORMAL
2026-03-26 20:56:33 | INFO | Dynamic Thresholds: cloud_thr=0.0933, shift_thr=0.0987
2026-03-26 20:56:33 | INFO | Multipliers: irradiance=0.55x, temp=1.00x, wind=1.05x
2026-03-26 20:56:33 | INFO | Weather Multiplier (combined): 0.58x
2026-03-26 20:56:33 | INFO | Abrupt Weather Change Detected: False
2026-03-26 20:56:33 | INFO | --- TREND ANALYSIS ---
2026-03-26 20:56:33 | INFO | Trend series: INSUFFICIENT DATA
2026-03-26 20:56:33 | INFO | Detected Trend Type: FLAT
2026-03-26 20:56:33 | INFO | Trend Slope Percentage: 0.00%
2026-03-26 20:56:33 | INFO | Trend EPS Threshold: 1.50%
2026-03-26 20:56:33 | INFO | --- SCHEDULE CALCULATION ---
2026-03-26 20:56:33 | INFO | Condition Applied: PRE_START
2026-03-26 20:56:33 | INFO | Effective Base Forecast Used for Adjustments: 0.000 MW
2026-03-26 20:56:33 | INFO | Condition-3: NOT APPLIED for this block path
2026-03-26 20:56:33 | INFO |   Final Adjustment %: 0.00%
2026-03-26 20:56:33 | INFO |   Formula (expanded): PRE_START: raw=0
2026-03-26 20:56:33 | INFO | --- FINAL RESULT ---
2026-03-26 20:56:33 | INFO | Raw Schedule (before smoothing): 0.000 MW
2026-03-26 20:56:33 | INFO | Final Scheduled MW: 0.000 MW
2026-03-26 20:56:33 | INFO | Deviation from Metered: -0.030 MW
2026-03-26 20:56:33 | INFO | --------------------------------------------------------------------------------
2026-03-26 20:56:33 | INFO | --------------------------------------------------------------------------------
2026-03-26 20:56:33 | INFO | BLOCK 29
2026-03-26 20:56:33 | INFO | --------------------------------------------------------------------------------
2026-03-26 20:56:33 | INFO | --- METERED DATA ---
2026-03-26 20:56:33 | INFO | Metered Value (actual): 0.570 MW
2026-03-26 20:56:33 | INFO | Last Two Metered Values (for trend): ['0.570', '1.290']
2026-03-26 20:56:33 | INFO | --- FORECAST DATA ---
2026-03-26 20:56:33 | INFO | Intraday Forecast (Enercast): 1.770 MW
2026-03-26 20:56:33 | INFO | Day-ahead Forecast (Enercast): 1.880 MW
2026-03-26 20:56:33 | INFO | Base Forecast (raw, before curtailment/shutdown): 0.000 MW
2026-03-26 20:56:33 | INFO | Base Forecast (used for schedule): 0.000 MW
2026-03-26 20:56:33 | INFO | Effective Base Forecast (after curtailment/shutdown): 0.000 MW
2026-03-26 20:56:33 | INFO | Base Blend Inputs: meter_ref=0.570 MW, meter_factor=1.000, meter_weight=0.080
2026-03-26 20:56:33 | INFO | Plant Status: NORMAL
2026-03-26 20:56:33 | INFO | Effective Base Forecast = Base Forecast (raw) = 0.000 MW
2026-03-26 20:56:33 | INFO | --- WEATHER PARAMETERS ---
2026-03-26 20:56:33 | INFO | GTI: 60.0 W/m^2
2026-03-26 20:56:33 | INFO | DHI: 21.0 W/m^2
2026-03-26 20:56:33 | INFO | DNI: 0.0 W/m^2
2026-03-26 20:56:33 | INFO | Irradiance Ratio (GTI/MAX_GTI): 0.059
2026-03-26 20:56:33 | INFO | Diffuse Ratio (current): 0.350
2026-03-26 20:56:33 | INFO | Irradiance State: OVERCAST
2026-03-26 20:56:33 | INFO | Temp @ 2m: 26.02 C
2026-03-26 20:56:33 | INFO | Wind @ 10m: 14.34 m/s
2026-03-26 20:56:33 | INFO | Weather State: NORMAL
2026-03-26 20:56:33 | INFO | Dynamic Thresholds: cloud_thr=0.0933, shift_thr=0.0987
2026-03-26 20:56:33 | INFO | Multipliers: irradiance=0.55x, temp=1.00x, wind=1.05x
2026-03-26 20:56:33 | INFO | Weather Multiplier (combined): 0.58x
2026-03-26 20:56:33 | INFO | Abrupt Weather Change Detected: False
2026-03-26 20:56:33 | INFO | --- TREND ANALYSIS ---
2026-03-26 20:56:33 | INFO | Trend series: INSUFFICIENT DATA
2026-03-26 20:56:33 | INFO | Detected Trend Type: FLAT
2026-03-26 20:56:33 | INFO | Trend Slope Percentage: 0.00%
2026-03-26 20:56:33 | INFO | Trend EPS Threshold: 1.50%
2026-03-26 20:56:33 | INFO | --- SCHEDULE CALCULATION ---
2026-03-26 20:56:33 | INFO | Condition Applied: PRE_START
2026-03-26 20:56:33 | INFO | Effective Base Forecast Used for Adjustments: 0.000 MW
2026-03-26 20:56:33 | INFO | Condition-3: NOT APPLIED for this block path
2026-03-26 20:56:33 | INFO |   Final Adjustment %: 0.00%
2026-03-26 20:56:33 | INFO |   Formula (expanded): PRE_START: raw=0
2026-03-26 20:56:33 | INFO | --- FINAL RESULT ---
2026-03-26 20:56:33 | INFO | Raw Schedule (before smoothing): 0.000 MW
2026-03-26 20:56:33 | INFO | Final Scheduled MW: 0.000 MW
2026-03-26 20:56:33 | INFO | Deviation from Metered: -0.570 MW
2026-03-26 20:56:33 | INFO | --------------------------------------------------------------------------------
2026-03-26 20:56:33 | INFO | --------------------------------------------------------------------------------
2026-03-26 20:56:33 | INFO | BLOCK 30
2026-03-26 20:56:33 | INFO | --------------------------------------------------------------------------------
2026-03-26 20:56:33 | INFO | --- METERED DATA ---
2026-03-26 20:56:33 | INFO | Metered Value (actual): 1.290 MW
2026-03-26 20:56:33 | INFO | Last Two Metered Values (for trend): ['0.570', '1.290']
2026-03-26 20:56:33 | INFO | --- FORECAST DATA ---
2026-03-26 20:56:33 | INFO | Intraday Forecast (Enercast): 2.900 MW
2026-03-26 20:56:33 | INFO | Day-ahead Forecast (Enercast): 3.010 MW
2026-03-26 20:56:33 | INFO | Base Forecast (raw, before curtailment/shutdown): 0.000 MW
2026-03-26 20:56:33 | INFO | Base Forecast (used for schedule): 0.000 MW
2026-03-26 20:56:33 | INFO | Effective Base Forecast (after curtailment/shutdown): 0.000 MW
2026-03-26 20:56:33 | INFO | Base Blend Inputs: meter_ref=1.290 MW, meter_factor=1.000, meter_weight=0.080
2026-03-26 20:56:33 | INFO | Plant Status: NORMAL
2026-03-26 20:56:33 | INFO | Effective Base Forecast = Base Forecast (raw) = 0.000 MW
2026-03-26 20:56:33 | INFO | --- WEATHER PARAMETERS ---
2026-03-26 20:56:33 | INFO | GTI: 104.0 W/m^2
2026-03-26 20:56:33 | INFO | DHI: 34.0 W/m^2
2026-03-26 20:56:33 | INFO | DNI: 0.0 W/m^2
2026-03-26 20:56:33 | INFO | Irradiance Ratio (GTI/MAX_GTI): 0.102
2026-03-26 20:56:33 | INFO | Diffuse Ratio (current): 0.327
2026-03-26 20:56:33 | INFO | Irradiance State: OVERCAST
2026-03-26 20:56:33 | INFO | Temp @ 2m: 26.32 C
2026-03-26 20:56:33 | INFO | Wind @ 10m: 15.94 m/s
2026-03-26 20:56:33 | INFO | Weather State: NORMAL
2026-03-26 20:56:33 | INFO | Dynamic Thresholds: cloud_thr=0.0933, shift_thr=0.0987
2026-03-26 20:56:33 | INFO | Multipliers: irradiance=0.55x, temp=1.00x, wind=1.05x
2026-03-26 20:56:33 | INFO | Weather Multiplier (combined): 0.58x
2026-03-26 20:56:33 | INFO | Abrupt Weather Change Detected: False
2026-03-26 20:56:33 | INFO | --- TREND ANALYSIS ---
2026-03-26 20:56:33 | INFO | Trend series: INSUFFICIENT DATA
2026-03-26 20:56:33 | INFO | Detected Trend Type: FLAT
2026-03-26 20:56:33 | INFO | Trend Slope Percentage: 0.00%
2026-03-26 20:56:33 | INFO | Trend EPS Threshold: 1.50%
2026-03-26 20:56:33 | INFO | --- SCHEDULE CALCULATION ---
2026-03-26 20:56:33 | INFO | Condition Applied: PRE_START
2026-03-26 20:56:33 | INFO | Effective Base Forecast Used for Adjustments: 0.000 MW
2026-03-26 20:56:33 | INFO | Condition-3: NOT APPLIED for this block path
2026-03-26 20:56:33 | INFO |   Final Adjustment %: 0.00%
2026-03-26 20:56:33 | INFO |   Formula (expanded): PRE_START: raw=0
2026-03-26 20:56:33 | INFO | --- FINAL RESULT ---
2026-03-26 20:56:33 | INFO | Raw Schedule (before smoothing): 0.000 MW
2026-03-26 20:56:33 | INFO | Final Scheduled MW: 0.000 MW
2026-03-26 20:56:33 | INFO | Deviation from Metered: -1.290 MW
2026-03-26 20:56:33 | INFO | --------------------------------------------------------------------------------
2026-03-26 20:56:33 | INFO | --------------------------------------------------------------------------------
2026-03-26 20:56:33 | INFO | BLOCK 31
2026-03-26 20:56:33 | INFO | --------------------------------------------------------------------------------
2026-03-26 20:56:33 | INFO | --- METERED DATA ---
2026-03-26 20:56:33 | INFO | Metered Value (actual): 2.200 MW
2026-03-26 20:56:33 | INFO | Last Two Metered Values (for trend): ['0.570', '1.290']
2026-03-26 20:56:33 | INFO | --- FORECAST DATA ---
2026-03-26 20:56:33 | INFO | Intraday Forecast (Enercast): 4.010 MW
2026-03-26 20:56:33 | INFO | Day-ahead Forecast (Enercast): 4.120 MW
2026-03-26 20:56:33 | INFO | Base Forecast (raw, before curtailment/shutdown): 3.865 MW
2026-03-26 20:56:33 | INFO | Base Forecast (used for schedule): 3.865 MW
2026-03-26 20:56:33 | INFO | Effective Base Forecast (after curtailment/shutdown): 3.865 MW
2026-03-26 20:56:33 | INFO | Base Blend Inputs: meter_ref=2.200 MW, meter_factor=1.000, meter_weight=0.080
2026-03-26 20:56:33 | INFO | Plant Status: NORMAL
2026-03-26 20:56:33 | INFO | Effective Base Forecast = Base Forecast (raw) = 3.865 MW
2026-03-26 20:56:33 | INFO | --- WEATHER PARAMETERS ---
2026-03-26 20:56:33 | INFO | GTI: 158.0 W/m^2
2026-03-26 20:56:33 | INFO | DHI: 45.0 W/m^2
2026-03-26 20:56:33 | INFO | DNI: 0.0 W/m^2
2026-03-26 20:56:33 | INFO | Irradiance Ratio (GTI/MAX_GTI): 0.156
2026-03-26 20:56:33 | INFO | Diffuse Ratio (current): 0.285
2026-03-26 20:56:33 | INFO | Irradiance State: OVERCAST
2026-03-26 20:56:33 | INFO | Temp @ 2m: 26.67 C
2026-03-26 20:56:33 | INFO | Wind @ 10m: 17.11 m/s
2026-03-26 20:56:33 | INFO | Weather State: ABRUPT
2026-03-26 20:56:33 | INFO | Dynamic Thresholds: cloud_thr=0.0933, shift_thr=0.0987
2026-03-26 20:56:33 | INFO | Multipliers: irradiance=0.55x, temp=1.00x, wind=1.05x
2026-03-26 20:56:33 | INFO | Weather Multiplier (combined): 0.58x
2026-03-26 20:56:33 | INFO | Abrupt Weather Change Detected: True
2026-03-26 20:56:33 | INFO | --- TREND ANALYSIS ---
2026-03-26 20:56:33 | INFO | Trend series (oldest -> latest):
2026-03-26 20:56:33 | INFO |   Block 30: 1.290 MW (source: METERED)
2026-03-26 20:56:33 | INFO |   Block 29: 0.570 MW (source: METERED)
2026-03-26 20:56:33 | INFO |   Block 28: 0.030 MW (source: METERED)
2026-03-26 20:56:33 | INFO |   Block 27: -0.060 MW (source: METERED)
2026-03-26 20:56:33 | INFO | Trend values used for slope calc: B30=1.290(METERED), B29=0.570(METERED), B28=0.030(METERED), B27=-0.060(METERED)
2026-03-26 20:56:33 | INFO | Detected Trend Type: ABRUPT
2026-03-26 20:56:33 | INFO | Trend Slope Percentage: 0.00%
2026-03-26 20:56:33 | INFO | Trend EPS Threshold: 1.50%
2026-03-26 20:56:33 | INFO | --- SCHEDULE CALCULATION ---
2026-03-26 20:56:33 | INFO | Condition Applied: ABRUPT_DECREASE
2026-03-26 20:56:33 | INFO | Effective Base Forecast Used for Adjustments: 3.865 MW
2026-03-26 20:56:33 | INFO | Condition-3: NOT APPLIED for this block path
2026-03-26 20:56:33 | INFO |   Final Adjustment %: -10.00%
2026-03-26 20:56:33 | INFO |   Formula (expanded): raw=base*(0.9000)
2026-03-26 20:56:33 | INFO | --- FINAL RESULT ---
2026-03-26 20:56:33 | INFO | Raw Schedule (before smoothing): 3.479 MW
2026-03-26 20:56:33 | INFO | Final Scheduled MW: 3.479 MW
2026-03-26 20:56:33 | INFO | Deviation from Metered: +1.279 MW
2026-03-26 20:56:33 | INFO | --------------------------------------------------------------------------------
2026-03-26 20:56:33 | INFO | --------------------------------------------------------------------------------
2026-03-26 20:56:33 | INFO | BLOCK 32
2026-03-26 20:56:33 | INFO | --------------------------------------------------------------------------------
2026-03-26 20:56:33 | INFO | --- METERED DATA ---
2026-03-26 20:56:33 | INFO | Metered Value: NOT YET AVAILABLE
2026-03-26 20:56:33 | INFO | Last Two Metered Values (for trend): ['0.570', '1.290']
2026-03-26 20:56:33 | INFO | --- FORECAST DATA ---
2026-03-26 20:56:33 | INFO | Intraday Forecast (Enercast): 5.180 MW
2026-03-26 20:56:33 | INFO | Day-ahead Forecast (Enercast): 5.300 MW
2026-03-26 20:56:33 | INFO | Base Forecast (raw, before curtailment/shutdown): 4.942 MW
2026-03-26 20:56:33 | INFO | Base Forecast (used for schedule): 4.942 MW
2026-03-26 20:56:33 | INFO | Effective Base Forecast (after curtailment/shutdown): 4.942 MW
2026-03-26 20:56:33 | INFO | Base Blend Inputs: meter_ref=2.200 MW, meter_factor=1.000, meter_weight=0.080
2026-03-26 20:56:33 | INFO | Plant Status: NORMAL
2026-03-26 20:56:33 | INFO | Effective Base Forecast = Base Forecast (raw) = 4.942 MW
2026-03-26 20:56:33 | INFO | --- WEATHER PARAMETERS ---
2026-03-26 20:56:33 | INFO | GTI: 221.0 W/m^2
2026-03-26 20:56:33 | INFO | DHI: 53.0 W/m^2
2026-03-26 20:56:33 | INFO | DNI: 0.0 W/m^2
2026-03-26 20:56:33 | INFO | Irradiance Ratio (GTI/MAX_GTI): 0.218
2026-03-26 20:56:33 | INFO | Diffuse Ratio (current): 0.240
2026-03-26 20:56:33 | INFO | Irradiance State: CLOUD_TRANSIENT
2026-03-26 20:56:33 | INFO | Temp @ 2m: 27.12 C
2026-03-26 20:56:33 | INFO | Wind @ 10m: 18.46 m/s
2026-03-26 20:56:33 | INFO | Weather State: ABRUPT
2026-03-26 20:56:33 | INFO | Dynamic Thresholds: cloud_thr=0.0933, shift_thr=0.0987
2026-03-26 20:56:33 | INFO | Multipliers: irradiance=0.70x, temp=1.00x, wind=1.05x
2026-03-26 20:56:33 | INFO | Weather Multiplier (combined): 0.73x
2026-03-26 20:56:33 | INFO | Abrupt Weather Change Detected: True
2026-03-26 20:56:33 | INFO | --- TREND ANALYSIS ---
2026-03-26 20:56:33 | INFO | Trend series (oldest -> latest):
2026-03-26 20:56:33 | INFO |   Block 31: 2.200 MW (source: METERED)
2026-03-26 20:56:33 | INFO |   Block 30: 1.290 MW (source: METERED)
2026-03-26 20:56:33 | INFO |   Block 29: 0.570 MW (source: METERED)
2026-03-26 20:56:33 | INFO |   Block 28: 0.030 MW (source: METERED)
2026-03-26 20:56:33 | INFO | Trend values used for slope calc: B31=2.200(METERED), B30=1.290(METERED), B29=0.570(METERED), B28=0.030(METERED)
2026-03-26 20:56:33 | INFO | Detected Trend Type: ABRUPT
2026-03-26 20:56:33 | INFO | Trend Slope Percentage: 0.00%
2026-03-26 20:56:33 | INFO | Trend EPS Threshold: 1.50%
2026-03-26 20:56:33 | INFO | --- SCHEDULE CALCULATION ---
2026-03-26 20:56:33 | INFO | Condition Applied: ABRUPT_DECREASE
2026-03-26 20:56:33 | INFO | Effective Base Forecast Used for Adjustments: 4.942 MW
2026-03-26 20:56:33 | INFO | Condition-3: NOT APPLIED for this block path
2026-03-26 20:56:33 | INFO |   Final Adjustment %: -10.00%
2026-03-26 20:56:33 | INFO |   Formula (expanded): raw=base*(0.9000)
2026-03-26 20:56:33 | INFO | --- FINAL RESULT ---
2026-03-26 20:56:33 | INFO | Raw Schedule (before smoothing): 4.447 MW
2026-03-26 20:56:33 | INFO | Final Scheduled MW: 4.447 MW
2026-03-26 20:56:33 | INFO | --------------------------------------------------------------------------------
2026-03-26 20:56:33 | INFO | --------------------------------------------------------------------------------
2026-03-26 20:56:33 | INFO | BLOCK 33
2026-03-26 20:56:33 | INFO | --------------------------------------------------------------------------------
2026-03-26 20:56:33 | INFO | --- METERED DATA ---
2026-03-26 20:56:33 | INFO | Metered Value: NOT YET AVAILABLE
2026-03-26 20:56:33 | INFO | Last Two Metered Values (for trend): ['0.570', '1.290']
2026-03-26 20:56:33 | INFO | --- FORECAST DATA ---
2026-03-26 20:56:33 | INFO | Intraday Forecast (Enercast): 6.400 MW
2026-03-26 20:56:33 | INFO | Day-ahead Forecast (Enercast): 6.520 MW
2026-03-26 20:56:33 | INFO | Base Forecast (raw, before curtailment/shutdown): 6.064 MW
2026-03-26 20:56:33 | INFO | Base Forecast (used for schedule): 6.064 MW
2026-03-26 20:56:33 | INFO | Effective Base Forecast (after curtailment/shutdown): 6.064 MW
2026-03-26 20:56:33 | INFO | Base Blend Inputs: meter_ref=2.200 MW, meter_factor=1.000, meter_weight=0.080
2026-03-26 20:56:33 | INFO | Plant Status: NORMAL
2026-03-26 20:56:33 | INFO | Effective Base Forecast = Base Forecast (raw) = 6.064 MW
2026-03-26 20:56:33 | INFO | --- WEATHER PARAMETERS ---
2026-03-26 20:56:33 | INFO | GTI: 291.0 W/m^2
2026-03-26 20:56:33 | INFO | DHI: 59.0 W/m^2
2026-03-26 20:56:33 | INFO | DNI: 0.0 W/m^2
2026-03-26 20:56:33 | INFO | Irradiance Ratio (GTI/MAX_GTI): 0.287
2026-03-26 20:56:33 | INFO | Diffuse Ratio (current): 0.203
2026-03-26 20:56:33 | INFO | Irradiance State: CLOUD_TRANSIENT
2026-03-26 20:56:33 | INFO | Temp @ 2m: 27.62 C
2026-03-26 20:56:33 | INFO | Wind @ 10m: 19.81 m/s
2026-03-26 20:56:33 | INFO | Weather State: NORMAL
2026-03-26 20:56:33 | INFO | Dynamic Thresholds: cloud_thr=0.0933, shift_thr=0.0987
2026-03-26 20:56:33 | INFO | Multipliers: irradiance=0.70x, temp=1.00x, wind=1.05x
2026-03-26 20:56:33 | INFO | Weather Multiplier (combined): 0.73x
2026-03-26 20:56:33 | INFO | Abrupt Weather Change Detected: False
2026-03-26 20:56:33 | INFO | --- TREND ANALYSIS ---
2026-03-26 20:56:33 | INFO | Trend series (oldest -> latest):
2026-03-26 20:56:33 | INFO |   Block 32: 5.180 MW (source: INTRADAY_FALLBACK)
2026-03-26 20:56:33 | INFO |   Block 31: 2.200 MW (source: METERED)
2026-03-26 20:56:33 | INFO |   Block 30: 1.290 MW (source: METERED)
2026-03-26 20:56:33 | INFO |   Block 29: 0.570 MW (source: METERED)
2026-03-26 20:56:33 | INFO | Trend values used for slope calc: B32=5.180(INTRADAY_FALLBACK), B31=2.200(METERED), B30=1.290(METERED), B29=0.570(METERED)
2026-03-26 20:56:33 | INFO | Detected Trend Type: INCREASING
2026-03-26 20:56:33 | INFO | Trend Slope Percentage: 4466.67%
2026-03-26 20:56:33 | INFO | Trend EPS Threshold: 1.50%
2026-03-26 20:56:33 | INFO | --- SCHEDULE CALCULATION ---
2026-03-26 20:56:33 | INFO | Condition Applied: CONDITION_3
2026-03-26 20:56:33 | INFO | Effective Base Forecast Used for Adjustments: 6.064 MW
2026-03-26 20:56:33 | INFO | Condition-3 (Phase-6) Applied:
2026-03-26 20:56:33 | INFO |   Forecast Mismatch: Intraday (6.400) != Day-ahead (6.520)
2026-03-26 20:56:33 | INFO |   Operation: ADD
2026-03-26 20:56:33 | INFO |   Base Adjustment %: 10.00%
2026-03-26 20:56:33 | INFO |   Irradiance Multiplier: 0.70x
2026-03-26 20:56:33 | INFO |   Temp Multiplier: 1.00x
2026-03-26 20:56:33 | INFO |   Wind Multiplier: 1.05x
2026-03-26 20:56:33 | INFO |   Weather Multiplier: 0.73x
2026-03-26 20:56:33 | INFO |   Final Adjustment %: 7.35%
2026-03-26 20:56:33 | INFO |   Calculation: 6.064 MW * (1 + 7.35% / 100)
2026-03-26 20:56:33 | INFO |   Formula (expanded): raw=6.0640*(1+7.3500/100)=6.5097
2026-03-26 20:56:33 | INFO | --- FINAL RESULT ---
2026-03-26 20:56:33 | INFO | Raw Schedule (before smoothing): 6.510 MW
2026-03-26 20:56:33 | INFO | Final Scheduled MW: 6.510 MW
2026-03-26 20:56:33 | INFO | --------------------------------------------------------------------------------
2026-03-26 20:56:33 | INFO | --------------------------------------------------------------------------------
2026-03-26 20:56:33 | INFO | BLOCK 34
2026-03-26 20:56:33 | INFO | --------------------------------------------------------------------------------
2026-03-26 20:56:33 | INFO | --- METERED DATA ---
2026-03-26 20:56:33 | INFO | Metered Value: NOT YET AVAILABLE
2026-03-26 20:56:33 | INFO | Last Two Metered Values (for trend): ['0.570', '1.290']
2026-03-26 20:56:33 | INFO | --- FORECAST DATA ---
2026-03-26 20:56:33 | INFO | Intraday Forecast (Enercast): 7.660 MW
2026-03-26 20:56:33 | INFO | Day-ahead Forecast (Enercast): 7.760 MW
2026-03-26 20:56:33 | INFO | Base Forecast (raw, before curtailment/shutdown): 7.223 MW
2026-03-26 20:56:33 | INFO | Base Forecast (used for schedule): 7.223 MW
2026-03-26 20:56:33 | INFO | Effective Base Forecast (after curtailment/shutdown): 7.223 MW
2026-03-26 20:56:33 | INFO | Base Blend Inputs: meter_ref=2.200 MW, meter_factor=1.000, meter_weight=0.080
2026-03-26 20:56:33 | INFO | Plant Status: NORMAL
2026-03-26 20:56:33 | INFO | Effective Base Forecast = Base Forecast (raw) = 7.223 MW
2026-03-26 20:56:33 | INFO | --- WEATHER PARAMETERS ---
2026-03-26 20:56:33 | INFO | GTI: 358.0 W/m^2
2026-03-26 20:56:33 | INFO | DHI: 65.0 W/m^2
2026-03-26 20:56:33 | INFO | DNI: 0.0 W/m^2
2026-03-26 20:56:33 | INFO | Irradiance Ratio (GTI/MAX_GTI): 0.353
2026-03-26 20:56:33 | INFO | Diffuse Ratio (current): 0.182
2026-03-26 20:56:33 | INFO | Irradiance State: CLOUD_TRANSIENT
2026-03-26 20:56:33 | INFO | Temp @ 2m: 28.17 C
2026-03-26 20:56:33 | INFO | Wind @ 10m: 20.83 m/s
2026-03-26 20:56:33 | INFO | Weather State: NORMAL
2026-03-26 20:56:33 | INFO | Dynamic Thresholds: cloud_thr=0.0933, shift_thr=0.0987
2026-03-26 20:56:33 | INFO | Multipliers: irradiance=0.70x, temp=1.00x, wind=1.05x
2026-03-26 20:56:33 | INFO | Weather Multiplier (combined): 0.73x
2026-03-26 20:56:33 | INFO | Abrupt Weather Change Detected: False
2026-03-26 20:56:33 | INFO | --- TREND ANALYSIS ---
2026-03-26 20:56:33 | INFO | Trend series (oldest -> latest):
2026-03-26 20:56:33 | INFO |   Block 33: 6.400 MW (source: INTRADAY_FALLBACK)
2026-03-26 20:56:33 | INFO |   Block 32: 5.180 MW (source: INTRADAY_FALLBACK)
2026-03-26 20:56:33 | INFO |   Block 31: 2.200 MW (source: METERED)
2026-03-26 20:56:33 | INFO |   Block 30: 1.290 MW (source: METERED)
2026-03-26 20:56:33 | INFO | Trend values used for slope calc: B33=6.400(INTRADAY_FALLBACK), B32=5.180(INTRADAY_FALLBACK), B31=2.200(METERED), B30=1.290(METERED)
2026-03-26 20:56:33 | INFO | Detected Trend Type: INCREASING
2026-03-26 20:56:33 | INFO | Trend Slope Percentage: 538.00%
2026-03-26 20:56:33 | INFO | Trend EPS Threshold: 1.50%
2026-03-26 20:56:33 | INFO | --- SCHEDULE CALCULATION ---
2026-03-26 20:56:33 | INFO | Condition Applied: CONDITION_3
2026-03-26 20:56:33 | INFO | Effective Base Forecast Used for Adjustments: 7.223 MW
2026-03-26 20:56:33 | INFO | Condition-3 (Phase-6) Applied:
2026-03-26 20:56:33 | INFO |   Forecast Mismatch: Intraday (7.660) != Day-ahead (7.760)
2026-03-26 20:56:33 | INFO |   Operation: ADD
2026-03-26 20:56:33 | INFO |   Base Adjustment %: 10.00%
2026-03-26 20:56:33 | INFO |   Irradiance Multiplier: 0.70x
2026-03-26 20:56:33 | INFO |   Temp Multiplier: 1.00x
2026-03-26 20:56:33 | INFO |   Wind Multiplier: 1.05x
2026-03-26 20:56:33 | INFO |   Weather Multiplier: 0.73x
2026-03-26 20:56:33 | INFO |   Final Adjustment %: 7.35%
2026-03-26 20:56:33 | INFO |   Calculation: 7.223 MW * (1 + 7.35% / 100)
2026-03-26 20:56:33 | INFO |   Formula (expanded): raw=7.2232*(1+7.3500/100)=7.7541
2026-03-26 20:56:33 | INFO | --- FINAL RESULT ---
2026-03-26 20:56:33 | INFO | Raw Schedule (before smoothing): 7.754 MW
2026-03-26 20:56:33 | INFO | Final Scheduled MW: 7.754 MW
2026-03-26 20:56:33 | INFO | --------------------------------------------------------------------------------
2026-03-26 20:56:33 | INFO | --------------------------------------------------------------------------------
2026-03-26 20:56:33 | INFO | BLOCK 35
2026-03-26 20:56:33 | INFO | --------------------------------------------------------------------------------
2026-03-26 20:56:33 | INFO | --- METERED DATA ---
2026-03-26 20:56:33 | INFO | Metered Value: NOT YET AVAILABLE
2026-03-26 20:56:33 | INFO | Last Two Metered Values (for trend): ['0.570', '1.290']
2026-03-26 20:56:33 | INFO | --- FORECAST DATA ---
2026-03-26 20:56:33 | INFO | Intraday Forecast (Enercast): 8.840 MW
2026-03-26 20:56:33 | INFO | Day-ahead Forecast (Enercast): 8.940 MW
2026-03-26 20:56:33 | INFO | Base Forecast (raw, before curtailment/shutdown): 8.309 MW
2026-03-26 20:56:33 | INFO | Base Forecast (used for schedule): 8.309 MW
2026-03-26 20:56:33 | INFO | Effective Base Forecast (after curtailment/shutdown): 8.309 MW
2026-03-26 20:56:33 | INFO | Base Blend Inputs: meter_ref=2.200 MW, meter_factor=1.000, meter_weight=0.080
2026-03-26 20:56:33 | INFO | Plant Status: NORMAL
2026-03-26 20:56:33 | INFO | Effective Base Forecast = Base Forecast (raw) = 8.309 MW
2026-03-26 20:56:33 | INFO | --- WEATHER PARAMETERS ---
2026-03-26 20:56:33 | INFO | GTI: 421.0 W/m^2
2026-03-26 20:56:33 | INFO | DHI: 70.0 W/m^2
2026-03-26 20:56:33 | INFO | DNI: 0.0 W/m^2
2026-03-26 20:56:33 | INFO | Irradiance Ratio (GTI/MAX_GTI): 0.415
2026-03-26 20:56:33 | INFO | Diffuse Ratio (current): 0.166
2026-03-26 20:56:33 | INFO | Irradiance State: CLOUD_TRANSIENT
2026-03-26 20:56:33 | INFO | Temp @ 2m: 28.67 C
2026-03-26 20:56:33 | INFO | Wind @ 10m: 21.07 m/s
2026-03-26 20:56:33 | INFO | Weather State: NORMAL
2026-03-26 20:56:33 | INFO | Dynamic Thresholds: cloud_thr=0.0933, shift_thr=0.0987
2026-03-26 20:56:33 | INFO | Multipliers: irradiance=0.70x, temp=1.00x, wind=1.05x
2026-03-26 20:56:33 | INFO | Weather Multiplier (combined): 0.73x
2026-03-26 20:56:33 | INFO | Abrupt Weather Change Detected: False
2026-03-26 20:56:33 | INFO | --- TREND ANALYSIS ---
2026-03-26 20:56:33 | INFO | Trend series (oldest -> latest):
2026-03-26 20:56:33 | INFO |   Block 34: 7.660 MW (source: INTRADAY_FALLBACK)
2026-03-26 20:56:33 | INFO |   Block 33: 6.400 MW (source: INTRADAY_FALLBACK)
2026-03-26 20:56:33 | INFO |   Block 32: 5.180 MW (source: INTRADAY_FALLBACK)
2026-03-26 20:56:33 | INFO |   Block 31: 2.200 MW (source: METERED)
2026-03-26 20:56:33 | INFO | Trend values used for slope calc: B34=7.660(INTRADAY_FALLBACK), B33=6.400(INTRADAY_FALLBACK), B32=5.180(INTRADAY_FALLBACK), B31=2.200(METERED)
2026-03-26 20:56:33 | INFO | Detected Trend Type: INCREASING
2026-03-26 20:56:33 | INFO | Trend Slope Percentage: 194.12%
2026-03-26 20:56:33 | INFO | Trend EPS Threshold: 1.50%
2026-03-26 20:56:33 | INFO | --- SCHEDULE CALCULATION ---
2026-03-26 20:56:33 | INFO | Condition Applied: CONDITION_3
2026-03-26 20:56:33 | INFO | Effective Base Forecast Used for Adjustments: 8.309 MW
2026-03-26 20:56:33 | INFO | Condition-3 (Phase-6) Applied:
2026-03-26 20:56:33 | INFO |   Forecast Mismatch: Intraday (8.840) != Day-ahead (8.940)
2026-03-26 20:56:33 | INFO |   Operation: ADD
2026-03-26 20:56:33 | INFO |   Base Adjustment %: 10.00%
2026-03-26 20:56:33 | INFO |   Irradiance Multiplier: 0.70x
2026-03-26 20:56:33 | INFO |   Temp Multiplier: 1.00x
2026-03-26 20:56:33 | INFO |   Wind Multiplier: 1.05x
2026-03-26 20:56:33 | INFO |   Weather Multiplier: 0.73x
2026-03-26 20:56:33 | INFO |   Final Adjustment %: 7.35%
2026-03-26 20:56:33 | INFO |   Calculation: 8.309 MW * (1 + 7.35% / 100)
2026-03-26 20:56:33 | INFO |   Formula (expanded): raw=8.3088*(1+7.3500/100)=8.9195
2026-03-26 20:56:33 | INFO | --- FINAL RESULT ---
2026-03-26 20:56:33 | INFO | Raw Schedule (before smoothing): 8.919 MW
2026-03-26 20:56:33 | INFO | Final Scheduled MW: 8.919 MW
2026-03-26 20:56:33 | INFO | --------------------------------------------------------------------------------
2026-03-26 20:56:33 | INFO | --------------------------------------------------------------------------------
2026-03-26 20:56:33 | INFO | BLOCK 36
2026-03-26 20:56:33 | INFO | --------------------------------------------------------------------------------
2026-03-26 20:56:33 | INFO | --- METERED DATA ---
2026-03-26 20:56:33 | INFO | Metered Value: NOT YET AVAILABLE
2026-03-26 20:56:33 | INFO | Last Two Metered Values (for trend): ['0.570', '1.290']
2026-03-26 20:56:33 | INFO | --- FORECAST DATA ---
2026-03-26 20:56:33 | INFO | Intraday Forecast (Enercast): 10.010 MW
2026-03-26 20:56:33 | INFO | Day-ahead Forecast (Enercast): 10.100 MW
2026-03-26 20:56:33 | INFO | Base Forecast (raw, before curtailment/shutdown): 9.385 MW
2026-03-26 20:56:33 | INFO | Base Forecast (used for schedule): 9.385 MW
2026-03-26 20:56:33 | INFO | Effective Base Forecast (after curtailment/shutdown): 9.385 MW
2026-03-26 20:56:33 | INFO | Base Blend Inputs: meter_ref=2.200 MW, meter_factor=1.000, meter_weight=0.080
2026-03-26 20:56:33 | INFO | Plant Status: NORMAL
2026-03-26 20:56:33 | INFO | Effective Base Forecast = Base Forecast (raw) = 9.385 MW
2026-03-26 20:56:33 | INFO | --- WEATHER PARAMETERS ---
2026-03-26 20:56:33 | INFO | GTI: 481.0 W/m^2
2026-03-26 20:56:33 | INFO | DHI: 74.0 W/m^2
2026-03-26 20:56:33 | INFO | DNI: 0.0 W/m^2
2026-03-26 20:56:33 | INFO | Irradiance Ratio (GTI/MAX_GTI): 0.474
2026-03-26 20:56:33 | INFO | Diffuse Ratio (current): 0.154
2026-03-26 20:56:33 | INFO | Irradiance State: VARIABLE_CLEAR
2026-03-26 20:56:33 | INFO | Temp @ 2m: 29.17 C
2026-03-26 20:56:33 | INFO | Wind @ 10m: 20.52 m/s
2026-03-26 20:56:33 | INFO | Weather State: NORMAL
2026-03-26 20:56:33 | INFO | Dynamic Thresholds: cloud_thr=0.0933, shift_thr=0.0987
2026-03-26 20:56:33 | INFO | Multipliers: irradiance=1.00x, temp=1.00x, wind=1.05x
2026-03-26 20:56:33 | INFO | Weather Multiplier (combined): 1.05x
2026-03-26 20:56:33 | INFO | Abrupt Weather Change Detected: False
2026-03-26 20:56:33 | INFO | --- TREND ANALYSIS ---
2026-03-26 20:56:33 | INFO | Trend series (oldest -> latest):
2026-03-26 20:56:33 | INFO |   Block 35: 8.840 MW (source: INTRADAY_FALLBACK)
2026-03-26 20:56:33 | INFO |   Block 34: 7.660 MW (source: INTRADAY_FALLBACK)
2026-03-26 20:56:33 | INFO |   Block 33: 6.400 MW (source: INTRADAY_FALLBACK)
2026-03-26 20:56:33 | INFO |   Block 32: 5.180 MW (source: INTRADAY_FALLBACK)
2026-03-26 20:56:33 | INFO | Trend values used for slope calc: B35=8.840(INTRADAY_FALLBACK), B34=7.660(INTRADAY_FALLBACK), B33=6.400(INTRADAY_FALLBACK), B32=5.180(INTRADAY_FALLBACK)
2026-03-26 20:56:33 | INFO | Detected Trend Type: INCREASING
2026-03-26 20:56:33 | INFO | Trend Slope Percentage: 70.83%
2026-03-26 20:56:33 | INFO | Trend EPS Threshold: 1.50%
2026-03-26 20:56:33 | INFO | --- SCHEDULE CALCULATION ---
2026-03-26 20:56:33 | INFO | Condition Applied: CONDITION_3
2026-03-26 20:56:33 | INFO | Effective Base Forecast Used for Adjustments: 9.385 MW
2026-03-26 20:56:33 | INFO | Condition-3 (Phase-6) Applied:
2026-03-26 20:56:33 | INFO |   Forecast Mismatch: Intraday (10.010) != Day-ahead (10.100)
2026-03-26 20:56:33 | INFO |   Operation: ADD
2026-03-26 20:56:33 | INFO |   Base Adjustment %: 10.00%
2026-03-26 20:56:33 | INFO |   Irradiance Multiplier: 1.00x
2026-03-26 20:56:33 | INFO |   Temp Multiplier: 1.00x
2026-03-26 20:56:33 | INFO |   Wind Multiplier: 1.05x
2026-03-26 20:56:33 | INFO |   Weather Multiplier: 1.05x
2026-03-26 20:56:33 | INFO |   Final Adjustment %: 10.50%
2026-03-26 20:56:33 | INFO |   Calculation: 9.385 MW * (1 + 10.50% / 100)
2026-03-26 20:56:33 | INFO |   Formula (expanded): raw=9.3852*(1+10.5000/100)=10.3706
2026-03-26 20:56:33 | INFO | --- FINAL RESULT ---
2026-03-26 20:56:33 | INFO | Raw Schedule (before smoothing): 10.371 MW
2026-03-26 20:56:33 | INFO | Final Scheduled MW: 10.371 MW
2026-03-26 20:56:33 | INFO | --------------------------------------------------------------------------------
2026-03-26 20:56:33 | INFO | --------------------------------------------------------------------------------
2026-03-26 20:56:33 | INFO | BLOCK 37
2026-03-26 20:56:33 | INFO | --------------------------------------------------------------------------------
2026-03-26 20:56:33 | INFO | --- METERED DATA ---
2026-03-26 20:56:33 | INFO | Metered Value: NOT YET AVAILABLE
2026-03-26 20:56:33 | INFO | Last Two Metered Values (for trend): ['0.570', '1.290']
2026-03-26 20:56:33 | INFO | --- FORECAST DATA ---
2026-03-26 20:56:33 | INFO | Intraday Forecast (Enercast): 11.150 MW
2026-03-26 20:56:33 | INFO | Day-ahead Forecast (Enercast): 11.230 MW
2026-03-26 20:56:33 | INFO | Base Forecast (raw, before curtailment/shutdown): 10.434 MW
2026-03-26 20:56:33 | INFO | Base Forecast (used for schedule): 10.434 MW
2026-03-26 20:56:33 | INFO | Effective Base Forecast (after curtailment/shutdown): 10.434 MW
2026-03-26 20:56:33 | INFO | Base Blend Inputs: meter_ref=2.200 MW, meter_factor=1.000, meter_weight=0.080
2026-03-26 20:56:33 | INFO | Plant Status: NORMAL
2026-03-26 20:56:33 | INFO | Effective Base Forecast = Base Forecast (raw) = 10.434 MW
2026-03-26 20:56:33 | INFO | --- WEATHER PARAMETERS ---
2026-03-26 20:56:33 | INFO | GTI: 539.0 W/m^2
2026-03-26 20:56:33 | INFO | DHI: 78.0 W/m^2
2026-03-26 20:56:33 | INFO | DNI: 0.0 W/m^2
2026-03-26 20:56:33 | INFO | Irradiance Ratio (GTI/MAX_GTI): 0.531
2026-03-26 20:56:33 | INFO | Diffuse Ratio (current): 0.145
2026-03-26 20:56:33 | INFO | Irradiance State: VARIABLE_CLEAR
2026-03-26 20:56:33 | INFO | Temp @ 2m: 29.67 C
2026-03-26 20:56:33 | INFO | Wind @ 10m: 19.56 m/s
2026-03-26 20:56:33 | INFO | Weather State: NORMAL
2026-03-26 20:56:33 | INFO | Dynamic Thresholds: cloud_thr=0.0933, shift_thr=0.0987
2026-03-26 20:56:33 | INFO | Multipliers: irradiance=1.00x, temp=1.00x, wind=1.05x
2026-03-26 20:56:33 | INFO | Weather Multiplier (combined): 1.05x
2026-03-26 20:56:33 | INFO | Abrupt Weather Change Detected: False
2026-03-26 20:56:33 | INFO | --- TREND ANALYSIS ---
2026-03-26 20:56:33 | INFO | Trend series (oldest -> latest):
2026-03-26 20:56:33 | INFO |   Block 36: 10.010 MW (source: INTRADAY_FALLBACK)
2026-03-26 20:56:33 | INFO |   Block 35: 8.840 MW (source: INTRADAY_FALLBACK)
2026-03-26 20:56:33 | INFO |   Block 34: 7.660 MW (source: INTRADAY_FALLBACK)
2026-03-26 20:56:33 | INFO |   Block 33: 6.400 MW (source: INTRADAY_FALLBACK)
2026-03-26 20:56:33 | INFO | Trend values used for slope calc: B36=10.010(INTRADAY_FALLBACK), B35=8.840(INTRADAY_FALLBACK), B34=7.660(INTRADAY_FALLBACK), B33=6.400(INTRADAY_FALLBACK)
2026-03-26 20:56:33 | INFO | Detected Trend Type: INCREASING
2026-03-26 20:56:33 | INFO | Trend Slope Percentage: 56.07%
2026-03-26 20:56:33 | INFO | Trend EPS Threshold: 1.50%
2026-03-26 20:56:33 | INFO | --- SCHEDULE CALCULATION ---
2026-03-26 20:56:33 | INFO | Condition Applied: CONDITION_3
2026-03-26 20:56:33 | INFO | Effective Base Forecast Used for Adjustments: 10.434 MW
2026-03-26 20:56:33 | INFO | Condition-3 (Phase-6) Applied:
2026-03-26 20:56:33 | INFO |   Forecast Mismatch: Intraday (11.150) != Day-ahead (11.230)
2026-03-26 20:56:33 | INFO |   Operation: ADD
2026-03-26 20:56:33 | INFO |   Base Adjustment %: 10.00%
2026-03-26 20:56:33 | INFO |   Irradiance Multiplier: 1.00x
2026-03-26 20:56:33 | INFO |   Temp Multiplier: 1.00x
2026-03-26 20:56:33 | INFO |   Wind Multiplier: 1.05x
2026-03-26 20:56:33 | INFO |   Weather Multiplier: 1.05x
2026-03-26 20:56:33 | INFO |   Final Adjustment %: 10.50%
2026-03-26 20:56:33 | INFO |   Calculation: 10.434 MW * (1 + 10.50% / 100)
2026-03-26 20:56:33 | INFO |   Formula (expanded): raw=10.4340*(1+10.5000/100)=11.5296
2026-03-26 20:56:33 | INFO | --- FINAL RESULT ---
2026-03-26 20:56:33 | INFO | Raw Schedule (before smoothing): 11.530 MW
2026-03-26 20:56:33 | INFO | Final Scheduled MW: 11.530 MW
2026-03-26 20:56:33 | INFO | --------------------------------------------------------------------------------
2026-03-26 20:56:33 | INFO | --------------------------------------------------------------------------------
2026-03-26 20:56:33 | INFO | BLOCK 38
2026-03-26 20:56:33 | INFO | --------------------------------------------------------------------------------
2026-03-26 20:56:33 | INFO | --- METERED DATA ---
2026-03-26 20:56:33 | INFO | Metered Value: NOT YET AVAILABLE
2026-03-26 20:56:33 | INFO | Last Two Metered Values (for trend): ['0.570', '1.290']
2026-03-26 20:56:33 | INFO | --- FORECAST DATA ---
2026-03-26 20:56:33 | INFO | Intraday Forecast (Enercast): 12.270 MW
2026-03-26 20:56:33 | INFO | Day-ahead Forecast (Enercast): 12.340 MW
2026-03-26 20:56:33 | INFO | Base Forecast (raw, before curtailment/shutdown): 11.464 MW
2026-03-26 20:56:33 | INFO | Base Forecast (used for schedule): 11.464 MW
2026-03-26 20:56:33 | INFO | Effective Base Forecast (after curtailment/shutdown): 11.464 MW
2026-03-26 20:56:33 | INFO | Base Blend Inputs: meter_ref=2.200 MW, meter_factor=1.000, meter_weight=0.080
2026-03-26 20:56:33 | INFO | Plant Status: NORMAL
2026-03-26 20:56:33 | INFO | Effective Base Forecast = Base Forecast (raw) = 11.464 MW
2026-03-26 20:56:33 | INFO | --- WEATHER PARAMETERS ---
2026-03-26 20:56:33 | INFO | GTI: 597.0 W/m^2
2026-03-26 20:56:33 | INFO | DHI: 81.0 W/m^2
2026-03-26 20:56:33 | INFO | DNI: 0.0 W/m^2
2026-03-26 20:56:33 | INFO | Irradiance Ratio (GTI/MAX_GTI): 0.588
2026-03-26 20:56:33 | INFO | Diffuse Ratio (current): 0.136
2026-03-26 20:56:33 | INFO | Irradiance State: VARIABLE_CLEAR
2026-03-26 20:56:33 | INFO | Temp @ 2m: 30.12 C
2026-03-26 20:56:33 | INFO | Wind @ 10m: 18.29 m/s
2026-03-26 20:56:33 | INFO | Weather State: NORMAL
2026-03-26 20:56:33 | INFO | Dynamic Thresholds: cloud_thr=0.0933, shift_thr=0.0987
2026-03-26 20:56:33 | INFO | Multipliers: irradiance=1.00x, temp=1.00x, wind=1.05x
2026-03-26 20:56:33 | INFO | Weather Multiplier (combined): 1.05x
2026-03-26 20:56:33 | INFO | Abrupt Weather Change Detected: False
2026-03-26 20:56:33 | INFO | --- TREND ANALYSIS ---
2026-03-26 20:56:33 | INFO | Trend series (oldest -> latest):
2026-03-26 20:56:33 | INFO |   Block 37: 11.150 MW (source: INTRADAY_FALLBACK)
2026-03-26 20:56:33 | INFO |   Block 36: 10.010 MW (source: INTRADAY_FALLBACK)
2026-03-26 20:56:33 | INFO |   Block 35: 8.840 MW (source: INTRADAY_FALLBACK)
2026-03-26 20:56:33 | INFO |   Block 34: 7.660 MW (source: INTRADAY_FALLBACK)
2026-03-26 20:56:33 | INFO | Trend values used for slope calc: B37=11.150(INTRADAY_FALLBACK), B36=10.010(INTRADAY_FALLBACK), B35=8.840(INTRADAY_FALLBACK), B34=7.660(INTRADAY_FALLBACK)
2026-03-26 20:56:33 | INFO | Detected Trend Type: INCREASING
2026-03-26 20:56:33 | INFO | Trend Slope Percentage: 45.53%
2026-03-26 20:56:33 | INFO | Trend EPS Threshold: 1.50%
2026-03-26 20:56:33 | INFO | --- SCHEDULE CALCULATION ---
2026-03-26 20:56:33 | INFO | Condition Applied: CONDITION_3
2026-03-26 20:56:33 | INFO | Effective Base Forecast Used for Adjustments: 11.464 MW
2026-03-26 20:56:33 | INFO | Condition-3 (Phase-6) Applied:
2026-03-26 20:56:33 | INFO |   Forecast Mismatch: Intraday (12.270) != Day-ahead (12.340)
2026-03-26 20:56:33 | INFO |   Operation: ADD
2026-03-26 20:56:33 | INFO |   Base Adjustment %: 10.00%
2026-03-26 20:56:33 | INFO |   Irradiance Multiplier: 1.00x
2026-03-26 20:56:33 | INFO |   Temp Multiplier: 1.00x
2026-03-26 20:56:33 | INFO |   Wind Multiplier: 1.05x
2026-03-26 20:56:33 | INFO |   Weather Multiplier: 1.05x
2026-03-26 20:56:33 | INFO |   Final Adjustment %: 10.50%
2026-03-26 20:56:33 | INFO |   Calculation: 11.464 MW * (1 + 10.50% / 100)
2026-03-26 20:56:33 | INFO |   Formula (expanded): raw=11.4644*(1+10.5000/100)=12.6682
2026-03-26 20:56:33 | INFO | --- FINAL RESULT ---
2026-03-26 20:56:33 | INFO | Raw Schedule (before smoothing): 12.668 MW
2026-03-26 20:56:33 | INFO | Final Scheduled MW: 12.668 MW
2026-03-26 20:56:33 | INFO | --------------------------------------------------------------------------------
2026-03-26 20:56:33 | INFO | --------------------------------------------------------------------------------
2026-03-26 20:56:33 | INFO | BLOCK 39
2026-03-26 20:56:33 | INFO | --------------------------------------------------------------------------------
2026-03-26 20:56:33 | INFO | --- METERED DATA ---
2026-03-26 20:56:33 | INFO | Metered Value: NOT YET AVAILABLE
2026-03-26 20:56:33 | INFO | Last Two Metered Values (for trend): ['0.570', '1.290']
2026-03-26 20:56:33 | INFO | --- FORECAST DATA ---
2026-03-26 20:56:33 | INFO | Intraday Forecast (Enercast): 13.300 MW
2026-03-26 20:56:33 | INFO | Day-ahead Forecast (Enercast): 13.360 MW
2026-03-26 20:56:33 | INFO | Base Forecast (raw, before curtailment/shutdown): 12.412 MW
2026-03-26 20:56:33 | INFO | Base Forecast (used for schedule): 12.412 MW
2026-03-26 20:56:33 | INFO | Effective Base Forecast (after curtailment/shutdown): 12.412 MW
2026-03-26 20:56:33 | INFO | Base Blend Inputs: meter_ref=2.200 MW, meter_factor=1.000, meter_weight=0.080
2026-03-26 20:56:33 | INFO | Plant Status: NORMAL
2026-03-26 20:56:33 | INFO | Effective Base Forecast = Base Forecast (raw) = 12.412 MW
2026-03-26 20:56:33 | INFO | --- WEATHER PARAMETERS ---
2026-03-26 20:56:33 | INFO | GTI: 652.0 W/m^2
2026-03-26 20:56:33 | INFO | DHI: 83.0 W/m^2
2026-03-26 20:56:33 | INFO | DNI: 0.0 W/m^2
2026-03-26 20:56:33 | INFO | Irradiance Ratio (GTI/MAX_GTI): 0.642
2026-03-26 20:56:33 | INFO | Diffuse Ratio (current): 0.127
2026-03-26 20:56:33 | INFO | Irradiance State: VARIABLE_CLEAR
2026-03-26 20:56:33 | INFO | Temp @ 2m: 30.57 C
2026-03-26 20:56:33 | INFO | Wind @ 10m: 17.06 m/s
2026-03-26 20:56:33 | INFO | Weather State: NORMAL
2026-03-26 20:56:33 | INFO | Dynamic Thresholds: cloud_thr=0.0933, shift_thr=0.0987
2026-03-26 20:56:33 | INFO | Multipliers: irradiance=1.00x, temp=1.00x, wind=1.05x
2026-03-26 20:56:33 | INFO | Weather Multiplier (combined): 1.05x
2026-03-26 20:56:33 | INFO | Abrupt Weather Change Detected: False
2026-03-26 20:56:33 | INFO | --- TREND ANALYSIS ---
2026-03-26 20:56:33 | INFO | Trend series (oldest -> latest):
2026-03-26 20:56:33 | INFO |   Block 38: 12.270 MW (source: INTRADAY_FALLBACK)
2026-03-26 20:56:33 | INFO |   Block 37: 11.150 MW (source: INTRADAY_FALLBACK)
2026-03-26 20:56:33 | INFO |   Block 36: 10.010 MW (source: INTRADAY_FALLBACK)
2026-03-26 20:56:33 | INFO |   Block 35: 8.840 MW (source: INTRADAY_FALLBACK)
2026-03-26 20:56:33 | INFO | Trend values used for slope calc: B38=12.270(INTRADAY_FALLBACK), B37=11.150(INTRADAY_FALLBACK), B36=10.010(INTRADAY_FALLBACK), B35=8.840(INTRADAY_FALLBACK)
2026-03-26 20:56:33 | INFO | Detected Trend Type: INCREASING
2026-03-26 20:56:33 | INFO | Trend Slope Percentage: 38.73%
2026-03-26 20:56:33 | INFO | Trend EPS Threshold: 1.50%
2026-03-26 20:56:33 | INFO | --- SCHEDULE CALCULATION ---
2026-03-26 20:56:33 | INFO | Condition Applied: CONDITION_3
2026-03-26 20:56:33 | INFO | Effective Base Forecast Used for Adjustments: 12.412 MW
2026-03-26 20:56:33 | INFO | Condition-3 (Phase-6) Applied:
2026-03-26 20:56:33 | INFO |   Forecast Mismatch: Intraday (13.300) != Day-ahead (13.360)
2026-03-26 20:56:33 | INFO |   Operation: ADD
2026-03-26 20:56:33 | INFO |   Base Adjustment %: 10.00%
2026-03-26 20:56:33 | INFO |   Irradiance Multiplier: 1.00x
2026-03-26 20:56:33 | INFO |   Temp Multiplier: 1.00x
2026-03-26 20:56:33 | INFO |   Wind Multiplier: 1.05x
2026-03-26 20:56:33 | INFO |   Weather Multiplier: 1.05x
2026-03-26 20:56:33 | INFO |   Final Adjustment %: 10.50%
2026-03-26 20:56:33 | INFO |   Calculation: 12.412 MW * (1 + 10.50% / 100)
2026-03-26 20:56:33 | INFO |   Formula (expanded): raw=12.4120*(1+10.5000/100)=13.7153
2026-03-26 20:56:33 | INFO | --- FINAL RESULT ---
2026-03-26 20:56:33 | INFO | Raw Schedule (before smoothing): 13.715 MW
2026-03-26 20:56:33 | INFO | Final Scheduled MW: 13.715 MW
2026-03-26 20:56:33 | INFO | --------------------------------------------------------------------------------
2026-03-26 20:56:33 | INFO | --------------------------------------------------------------------------------
2026-03-26 20:56:33 | INFO | BLOCK 40
2026-03-26 20:56:33 | INFO | --------------------------------------------------------------------------------
2026-03-26 20:56:33 | INFO | --- METERED DATA ---
2026-03-26 20:56:33 | INFO | Metered Value: NOT YET AVAILABLE
2026-03-26 20:56:33 | INFO | Last Two Metered Values (for trend): ['0.570', '1.290']
2026-03-26 20:56:33 | INFO | --- FORECAST DATA ---
2026-03-26 20:56:33 | INFO | Intraday Forecast (Enercast): 14.290 MW
2026-03-26 20:56:33 | INFO | Day-ahead Forecast (Enercast): 14.330 MW
2026-03-26 20:56:33 | INFO | Base Forecast (raw, before curtailment/shutdown): 13.323 MW
2026-03-26 20:56:33 | INFO | Base Forecast (used for schedule): 13.323 MW
2026-03-26 20:56:33 | INFO | Effective Base Forecast (after curtailment/shutdown): 13.323 MW
2026-03-26 20:56:33 | INFO | Base Blend Inputs: meter_ref=2.200 MW, meter_factor=1.000, meter_weight=0.080
2026-03-26 20:56:33 | INFO | Plant Status: NORMAL
2026-03-26 20:56:33 | INFO | Effective Base Forecast = Base Forecast (raw) = 13.323 MW
2026-03-26 20:56:33 | INFO | --- WEATHER PARAMETERS ---
2026-03-26 20:56:33 | INFO | GTI: 704.0 W/m^2
2026-03-26 20:56:33 | INFO | DHI: 86.0 W/m^2
2026-03-26 20:56:33 | INFO | DNI: 0.0 W/m^2
2026-03-26 20:56:33 | INFO | Irradiance Ratio (GTI/MAX_GTI): 0.694
2026-03-26 20:56:33 | INFO | Diffuse Ratio (current): 0.122
2026-03-26 20:56:33 | INFO | Irradiance State: VARIABLE_CLEAR
2026-03-26 20:56:33 | INFO | Temp @ 2m: 30.97 C
2026-03-26 20:56:33 | INFO | Wind @ 10m: 15.88 m/s
2026-03-26 20:56:33 | INFO | Weather State: NORMAL
2026-03-26 20:56:33 | INFO | Dynamic Thresholds: cloud_thr=0.0933, shift_thr=0.0987
2026-03-26 20:56:33 | INFO | Multipliers: irradiance=1.00x, temp=1.00x, wind=1.05x
2026-03-26 20:56:33 | INFO | Weather Multiplier (combined): 1.05x
2026-03-26 20:56:33 | INFO | Abrupt Weather Change Detected: False
2026-03-26 20:56:33 | INFO | --- TREND ANALYSIS ---
2026-03-26 20:56:33 | INFO | Trend series (oldest -> latest):
2026-03-26 20:56:33 | INFO |   Block 39: 13.300 MW (source: INTRADAY_FALLBACK)
2026-03-26 20:56:33 | INFO |   Block 38: 12.270 MW (source: INTRADAY_FALLBACK)
2026-03-26 20:56:33 | INFO |   Block 37: 11.150 MW (source: INTRADAY_FALLBACK)
2026-03-26 20:56:33 | INFO |   Block 36: 10.010 MW (source: INTRADAY_FALLBACK)
2026-03-26 20:56:33 | INFO | Trend values used for slope calc: B39=13.300(INTRADAY_FALLBACK), B38=12.270(INTRADAY_FALLBACK), B37=11.150(INTRADAY_FALLBACK), B36=10.010(INTRADAY_FALLBACK)
2026-03-26 20:56:33 | INFO | Detected Trend Type: INCREASING
2026-03-26 20:56:33 | INFO | Trend Slope Percentage: 32.86%
2026-03-26 20:56:33 | INFO | Trend EPS Threshold: 1.50%
2026-03-26 20:56:33 | INFO | --- SCHEDULE CALCULATION ---
2026-03-26 20:56:33 | INFO | Condition Applied: CONDITION_3
2026-03-26 20:56:33 | INFO | Effective Base Forecast Used for Adjustments: 13.323 MW
2026-03-26 20:56:33 | INFO | Condition-3 (Phase-6) Applied:
2026-03-26 20:56:33 | INFO |   Forecast Mismatch: Intraday (14.290) != Day-ahead (14.330)
2026-03-26 20:56:33 | INFO |   Operation: ADD
2026-03-26 20:56:33 | INFO |   Base Adjustment %: 10.00%
2026-03-26 20:56:33 | INFO |   Irradiance Multiplier: 1.00x
2026-03-26 20:56:33 | INFO |   Temp Multiplier: 1.00x
2026-03-26 20:56:33 | INFO |   Wind Multiplier: 1.05x
2026-03-26 20:56:33 | INFO |   Weather Multiplier: 1.05x
2026-03-26 20:56:33 | INFO |   Final Adjustment %: 10.50%
2026-03-26 20:56:33 | INFO |   Calculation: 13.323 MW * (1 + 10.50% / 100)
2026-03-26 20:56:33 | INFO |   Formula (expanded): raw=13.3228*(1+10.5000/100)=14.7217
2026-03-26 20:56:33 | INFO | --- FINAL RESULT ---
2026-03-26 20:56:33 | INFO | Raw Schedule (before smoothing): 14.722 MW
2026-03-26 20:56:33 | INFO | Final Scheduled MW: 14.722 MW
2026-03-26 20:56:33 | INFO | --------------------------------------------------------------------------------
2026-03-26 20:56:33 | INFO | --------------------------------------------------------------------------------
2026-03-26 20:56:33 | INFO | BLOCK 41
2026-03-26 20:56:33 | INFO | --------------------------------------------------------------------------------
2026-03-26 20:56:33 | INFO | --- METERED DATA ---
2026-03-26 20:56:33 | INFO | Metered Value: NOT YET AVAILABLE
2026-03-26 20:56:33 | INFO | Last Two Metered Values (for trend): ['0.570', '1.290']
2026-03-26 20:56:33 | INFO | --- FORECAST DATA ---
2026-03-26 20:56:33 | INFO | Intraday Forecast (Enercast): 15.130 MW
2026-03-26 20:56:33 | INFO | Day-ahead Forecast (Enercast): 15.150 MW
2026-03-26 20:56:33 | INFO | Base Forecast (raw, before curtailment/shutdown): 14.096 MW
2026-03-26 20:56:33 | INFO | Base Forecast (used for schedule): 14.096 MW
2026-03-26 20:56:33 | INFO | Effective Base Forecast (after curtailment/shutdown): 14.096 MW
2026-03-26 20:56:33 | INFO | Base Blend Inputs: meter_ref=2.200 MW, meter_factor=1.000, meter_weight=0.080
2026-03-26 20:56:33 | INFO | Plant Status: NORMAL
2026-03-26 20:56:33 | INFO | Effective Base Forecast = Base Forecast (raw) = 14.096 MW
2026-03-26 20:56:33 | INFO | --- WEATHER PARAMETERS ---
2026-03-26 20:56:33 | INFO | GTI: 752.0 W/m^2
2026-03-26 20:56:33 | INFO | DHI: 88.0 W/m^2
2026-03-26 20:56:33 | INFO | DNI: 0.0 W/m^2
2026-03-26 20:56:33 | INFO | Irradiance Ratio (GTI/MAX_GTI): 0.741
2026-03-26 20:56:33 | INFO | Diffuse Ratio (current): 0.117
2026-03-26 20:56:33 | INFO | Irradiance State: VARIABLE_CLEAR
2026-03-26 20:56:33 | INFO | Temp @ 2m: 31.27 C
2026-03-26 20:56:33 | INFO | Wind @ 10m: 15.12 m/s
2026-03-26 20:56:33 | INFO | Weather State: NORMAL
2026-03-26 20:56:33 | INFO | Dynamic Thresholds: cloud_thr=0.0933, shift_thr=0.0987
2026-03-26 20:56:33 | INFO | Multipliers: irradiance=1.00x, temp=1.00x, wind=1.05x
2026-03-26 20:56:33 | INFO | Weather Multiplier (combined): 1.05x
2026-03-26 20:56:33 | INFO | Abrupt Weather Change Detected: False
2026-03-26 20:56:33 | INFO | --- TREND ANALYSIS ---
2026-03-26 20:56:33 | INFO | Trend series (oldest -> latest):
2026-03-26 20:56:33 | INFO |   Block 40: 14.290 MW (source: INTRADAY_FALLBACK)
2026-03-26 20:56:33 | INFO |   Block 39: 13.300 MW (source: INTRADAY_FALLBACK)
2026-03-26 20:56:33 | INFO |   Block 38: 12.270 MW (source: INTRADAY_FALLBACK)
2026-03-26 20:56:33 | INFO |   Block 37: 11.150 MW (source: INTRADAY_FALLBACK)
2026-03-26 20:56:33 | INFO | Trend values used for slope calc: B40=14.290(INTRADAY_FALLBACK), B39=13.300(INTRADAY_FALLBACK), B38=12.270(INTRADAY_FALLBACK), B37=11.150(INTRADAY_FALLBACK)
2026-03-26 20:56:33 | INFO | Detected Trend Type: INCREASING
2026-03-26 20:56:33 | INFO | Trend Slope Percentage: 28.03%
2026-03-26 20:56:33 | INFO | Trend EPS Threshold: 1.50%
2026-03-26 20:56:33 | INFO | --- SCHEDULE CALCULATION ---
2026-03-26 20:56:33 | INFO | Condition Applied: CONDITION_3
2026-03-26 20:56:33 | INFO | Effective Base Forecast Used for Adjustments: 14.096 MW
2026-03-26 20:56:33 | INFO | Condition-3 (Phase-6) Applied:
2026-03-26 20:56:33 | INFO |   Forecast Mismatch: Intraday (15.130) != Day-ahead (15.150)
2026-03-26 20:56:33 | INFO |   Operation: ADD
2026-03-26 20:56:33 | INFO |   Base Adjustment %: 10.00%
2026-03-26 20:56:33 | INFO |   Irradiance Multiplier: 1.00x
2026-03-26 20:56:33 | INFO |   Temp Multiplier: 1.00x
2026-03-26 20:56:33 | INFO |   Wind Multiplier: 1.05x
2026-03-26 20:56:33 | INFO |   Weather Multiplier: 1.05x
2026-03-26 20:56:33 | INFO |   Final Adjustment %: 10.50%
2026-03-26 20:56:33 | INFO |   Calculation: 14.096 MW * (1 + 10.50% / 100)
2026-03-26 20:56:33 | INFO |   Formula (expanded): raw=14.0956*(1+10.5000/100)=15.5756
2026-03-26 20:56:33 | INFO | --- FINAL RESULT ---
2026-03-26 20:56:33 | INFO | Raw Schedule (before smoothing): 15.576 MW
2026-03-26 20:56:33 | INFO | Final Scheduled MW: 15.576 MW
2026-03-26 20:56:33 | INFO | --------------------------------------------------------------------------------
2026-03-26 20:56:33 | INFO | --------------------------------------------------------------------------------
2026-03-26 20:56:33 | INFO | BLOCK 42
2026-03-26 20:56:33 | INFO | --------------------------------------------------------------------------------
2026-03-26 20:56:33 | INFO | --- METERED DATA ---
2026-03-26 20:56:33 | INFO | Metered Value: NOT YET AVAILABLE
2026-03-26 20:56:33 | INFO | Last Two Metered Values (for trend): ['0.570', '1.290']
2026-03-26 20:56:33 | INFO | --- FORECAST DATA ---
2026-03-26 20:56:33 | INFO | Intraday Forecast (Enercast): 15.810 MW
2026-03-26 20:56:33 | INFO | Day-ahead Forecast (Enercast): 15.810 MW
2026-03-26 20:56:33 | INFO | Base Forecast (raw, before curtailment/shutdown): 14.721 MW
2026-03-26 20:56:33 | INFO | Base Forecast (used for schedule): 14.721 MW
2026-03-26 20:56:33 | INFO | Effective Base Forecast (after curtailment/shutdown): 14.721 MW
2026-03-26 20:56:33 | INFO | Base Blend Inputs: meter_ref=2.200 MW, meter_factor=1.000, meter_weight=0.080
2026-03-26 20:56:33 | INFO | Plant Status: NORMAL
2026-03-26 20:56:33 | INFO | Effective Base Forecast = Base Forecast (raw) = 14.721 MW
2026-03-26 20:56:33 | INFO | --- WEATHER PARAMETERS ---
2026-03-26 20:56:33 | INFO | GTI: 797.0 W/m^2
2026-03-26 20:56:33 | INFO | DHI: 90.0 W/m^2
2026-03-26 20:56:33 | INFO | DNI: 0.0 W/m^2
2026-03-26 20:56:33 | INFO | Irradiance Ratio (GTI/MAX_GTI): 0.785
2026-03-26 20:56:33 | INFO | Diffuse Ratio (current): 0.113
2026-03-26 20:56:33 | INFO | Irradiance State: STABLE_CLEAR
2026-03-26 20:56:33 | INFO | Temp @ 2m: 31.57 C
2026-03-26 20:56:33 | INFO | Wind @ 10m: 14.04 m/s
2026-03-26 20:56:33 | INFO | Weather State: NORMAL
2026-03-26 20:56:33 | INFO | Dynamic Thresholds: cloud_thr=0.0933, shift_thr=0.0987
2026-03-26 20:56:33 | INFO | Multipliers: irradiance=1.15x, temp=1.00x, wind=1.05x
2026-03-26 20:56:33 | INFO | Weather Multiplier (combined): 1.21x
2026-03-26 20:56:33 | INFO | Abrupt Weather Change Detected: False
2026-03-26 20:56:33 | INFO | --- TREND ANALYSIS ---
2026-03-26 20:56:33 | INFO | Trend series (oldest -> latest):
2026-03-26 20:56:33 | INFO |   Block 41: 15.130 MW (source: INTRADAY_FALLBACK)
2026-03-26 20:56:33 | INFO |   Block 40: 14.290 MW (source: INTRADAY_FALLBACK)
2026-03-26 20:56:33 | INFO |   Block 39: 13.300 MW (source: INTRADAY_FALLBACK)
2026-03-26 20:56:33 | INFO |   Block 38: 12.270 MW (source: INTRADAY_FALLBACK)
2026-03-26 20:56:33 | INFO | Trend values used for slope calc: B41=15.130(INTRADAY_FALLBACK), B40=14.290(INTRADAY_FALLBACK), B39=13.300(INTRADAY_FALLBACK), B38=12.270(INTRADAY_FALLBACK)
2026-03-26 20:56:33 | INFO | Detected Trend Type: INCREASING
2026-03-26 20:56:33 | INFO | Trend Slope Percentage: 23.32%
2026-03-26 20:56:33 | INFO | Trend EPS Threshold: 1.50%
2026-03-26 20:56:33 | INFO | --- SCHEDULE CALCULATION ---
2026-03-26 20:56:33 | INFO | Condition Applied: CONDITION_3
2026-03-26 20:56:33 | INFO | Effective Base Forecast Used for Adjustments: 14.721 MW
2026-03-26 20:56:33 | INFO | Condition-3 (Phase-6) Applied:
2026-03-26 20:56:33 | INFO |   Forecast Mismatch: Intraday (15.810) != Day-ahead (15.810)
2026-03-26 20:56:33 | INFO |   Operation: ADD
2026-03-26 20:56:33 | INFO |   Base Adjustment %: 10.00%
2026-03-26 20:56:33 | INFO |   Irradiance Multiplier: 1.15x
2026-03-26 20:56:33 | INFO |   Temp Multiplier: 1.00x
2026-03-26 20:56:33 | INFO |   Wind Multiplier: 1.05x
2026-03-26 20:56:33 | INFO |   Weather Multiplier: 1.21x
2026-03-26 20:56:33 | INFO |   Final Adjustment %: 12.07%
2026-03-26 20:56:33 | INFO |   Calculation: 14.721 MW * (1 + 12.07% / 100)
2026-03-26 20:56:33 | INFO |   Formula (expanded): raw=14.7212*(1+12.0750/100)=16.4988
2026-03-26 20:56:33 | INFO | --- FINAL RESULT ---
2026-03-26 20:56:33 | INFO | Raw Schedule (before smoothing): 16.499 MW
2026-03-26 20:56:33 | INFO | Final Scheduled MW: 16.499 MW
2026-03-26 20:56:33 | INFO | --------------------------------------------------------------------------------
2026-03-26 20:56:33 | INFO | --------------------------------------------------------------------------------
2026-03-26 20:56:33 | INFO | BLOCK 43
2026-03-26 20:56:33 | INFO | --------------------------------------------------------------------------------
2026-03-26 20:56:33 | INFO | --- METERED DATA ---
2026-03-26 20:56:33 | INFO | Metered Value: NOT YET AVAILABLE
2026-03-26 20:56:33 | INFO | Last Two Metered Values (for trend): ['0.570', '1.290']
2026-03-26 20:56:33 | INFO | --- FORECAST DATA ---
2026-03-26 20:56:33 | INFO | Intraday Forecast (Enercast): 16.310 MW
2026-03-26 20:56:33 | INFO | Day-ahead Forecast (Enercast): 16.370 MW
2026-03-26 20:56:33 | INFO | Base Forecast (raw, before curtailment/shutdown): 15.181 MW
2026-03-26 20:56:33 | INFO | Base Forecast (used for schedule): 15.181 MW
2026-03-26 20:56:33 | INFO | Effective Base Forecast (after curtailment/shutdown): 15.181 MW
2026-03-26 20:56:33 | INFO | Base Blend Inputs: meter_ref=2.200 MW, meter_factor=1.000, meter_weight=0.080
2026-03-26 20:56:33 | INFO | Plant Status: NORMAL
2026-03-26 20:56:33 | INFO | Effective Base Forecast = Base Forecast (raw) = 15.181 MW
2026-03-26 20:56:33 | INFO | --- WEATHER PARAMETERS ---
2026-03-26 20:56:33 | INFO | GTI: 839.0 W/m^2
2026-03-26 20:56:33 | INFO | DHI: 92.0 W/m^2
2026-03-26 20:56:33 | INFO | DNI: 0.0 W/m^2
2026-03-26 20:56:33 | INFO | Irradiance Ratio (GTI/MAX_GTI): 0.827
2026-03-26 20:56:33 | INFO | Diffuse Ratio (current): 0.110
2026-03-26 20:56:33 | INFO | Irradiance State: STABLE_CLEAR
2026-03-26 20:56:33 | INFO | Temp @ 2m: 31.87 C
2026-03-26 20:56:33 | INFO | Wind @ 10m: 13.00 m/s
2026-03-26 20:56:33 | INFO | Weather State: NORMAL
2026-03-26 20:56:33 | INFO | Dynamic Thresholds: cloud_thr=0.0933, shift_thr=0.0987
2026-03-26 20:56:33 | INFO | Multipliers: irradiance=1.15x, temp=1.00x, wind=1.05x
2026-03-26 20:56:33 | INFO | Weather Multiplier (combined): 1.21x
2026-03-26 20:56:33 | INFO | Abrupt Weather Change Detected: False
2026-03-26 20:56:33 | INFO | --- TREND ANALYSIS ---
2026-03-26 20:56:33 | INFO | Trend series (oldest -> latest):
2026-03-26 20:56:33 | INFO |   Block 42: 15.810 MW (source: INTRADAY_FALLBACK)
2026-03-26 20:56:33 | INFO |   Block 41: 15.130 MW (source: INTRADAY_FALLBACK)
2026-03-26 20:56:33 | INFO |   Block 40: 14.290 MW (source: INTRADAY_FALLBACK)
2026-03-26 20:56:33 | INFO |   Block 39: 13.300 MW (source: INTRADAY_FALLBACK)
2026-03-26 20:56:33 | INFO | Trend values used for slope calc: B42=15.810(INTRADAY_FALLBACK), B41=15.130(INTRADAY_FALLBACK), B40=14.290(INTRADAY_FALLBACK), B39=13.300(INTRADAY_FALLBACK)
2026-03-26 20:56:33 | INFO | Detected Trend Type: INCREASING
2026-03-26 20:56:33 | INFO | Trend Slope Percentage: 18.77%
2026-03-26 20:56:33 | INFO | Trend EPS Threshold: 1.50%
2026-03-26 20:56:33 | INFO | --- SCHEDULE CALCULATION ---
2026-03-26 20:56:33 | INFO | Condition Applied: CONDITION_3
2026-03-26 20:56:33 | INFO | Effective Base Forecast Used for Adjustments: 15.181 MW
2026-03-26 20:56:33 | INFO | Condition-3 (Phase-6) Applied:
2026-03-26 20:56:33 | INFO |   Forecast Mismatch: Intraday (16.310) != Day-ahead (16.370)
2026-03-26 20:56:33 | INFO |   Operation: ADD
2026-03-26 20:56:33 | INFO |   Base Adjustment %: 10.00%
2026-03-26 20:56:33 | INFO |   Irradiance Multiplier: 1.15x
2026-03-26 20:56:33 | INFO |   Temp Multiplier: 1.00x
2026-03-26 20:56:33 | INFO |   Wind Multiplier: 1.05x
2026-03-26 20:56:33 | INFO |   Weather Multiplier: 1.21x
2026-03-26 20:56:33 | INFO |   Final Adjustment %: 12.07%
2026-03-26 20:56:33 | INFO |   Calculation: 15.181 MW * (1 + 12.07% / 100)
2026-03-26 20:56:33 | INFO |   Formula (expanded): raw=15.1812*(1+12.0750/100)=17.0143
2026-03-26 20:56:33 | INFO | --- FINAL RESULT ---
2026-03-26 20:56:33 | INFO | Raw Schedule (before smoothing): 17.014 MW
2026-03-26 20:56:33 | INFO | Final Scheduled MW: 17.014 MW
2026-03-26 20:56:33 | INFO | --------------------------------------------------------------------------------
2026-03-26 20:56:33 | INFO | --------------------------------------------------------------------------------
2026-03-26 20:56:33 | INFO | BLOCK 44
2026-03-26 20:56:33 | INFO | --------------------------------------------------------------------------------
2026-03-26 20:56:33 | INFO | --- METERED DATA ---
2026-03-26 20:56:33 | INFO | Metered Value: NOT YET AVAILABLE
2026-03-26 20:56:33 | INFO | Last Two Metered Values (for trend): ['0.570', '1.290']
2026-03-26 20:56:33 | INFO | --- FORECAST DATA ---
2026-03-26 20:56:33 | INFO | Intraday Forecast (Enercast): 16.740 MW
2026-03-26 20:56:33 | INFO | Day-ahead Forecast (Enercast): 16.860 MW
2026-03-26 20:56:33 | INFO | Base Forecast (raw, before curtailment/shutdown): 15.577 MW
2026-03-26 20:56:33 | INFO | Base Forecast (used for schedule): 15.577 MW
2026-03-26 20:56:33 | INFO | Effective Base Forecast (after curtailment/shutdown): 15.577 MW
2026-03-26 20:56:33 | INFO | Base Blend Inputs: meter_ref=2.200 MW, meter_factor=1.000, meter_weight=0.080
2026-03-26 20:56:33 | INFO | Plant Status: NORMAL
2026-03-26 20:56:33 | INFO | Effective Base Forecast = Base Forecast (raw) = 15.577 MW
2026-03-26 20:56:33 | INFO | --- WEATHER PARAMETERS ---
2026-03-26 20:56:33 | INFO | GTI: 876.0 W/m^2
2026-03-26 20:56:33 | INFO | DHI: 94.0 W/m^2
2026-03-26 20:56:33 | INFO | DNI: 0.0 W/m^2
2026-03-26 20:56:33 | INFO | Irradiance Ratio (GTI/MAX_GTI): 0.863
2026-03-26 20:56:33 | INFO | Diffuse Ratio (current): 0.107
2026-03-26 20:56:33 | INFO | Irradiance State: STABLE_CLEAR
2026-03-26 20:56:33 | INFO | Temp @ 2m: 32.12 C
2026-03-26 20:56:33 | INFO | Wind @ 10m: 11.97 m/s
2026-03-26 20:56:33 | INFO | Weather State: NORMAL
2026-03-26 20:56:33 | INFO | Dynamic Thresholds: cloud_thr=0.0933, shift_thr=0.0987
2026-03-26 20:56:33 | INFO | Multipliers: irradiance=1.15x, temp=1.00x, wind=1.05x
2026-03-26 20:56:33 | INFO | Weather Multiplier (combined): 1.21x
2026-03-26 20:56:33 | INFO | Abrupt Weather Change Detected: False
2026-03-26 20:56:33 | INFO | --- TREND ANALYSIS ---
2026-03-26 20:56:33 | INFO | Trend series (oldest -> latest):
2026-03-26 20:56:33 | INFO |   Block 43: 16.310 MW (source: INTRADAY_FALLBACK)
2026-03-26 20:56:33 | INFO |   Block 42: 15.810 MW (source: INTRADAY_FALLBACK)
2026-03-26 20:56:33 | INFO |   Block 41: 15.130 MW (source: INTRADAY_FALLBACK)
2026-03-26 20:56:33 | INFO |   Block 40: 14.290 MW (source: INTRADAY_FALLBACK)
2026-03-26 20:56:33 | INFO | Trend values used for slope calc: B43=16.310(INTRADAY_FALLBACK), B42=15.810(INTRADAY_FALLBACK), B41=15.130(INTRADAY_FALLBACK), B40=14.290(INTRADAY_FALLBACK)
2026-03-26 20:56:33 | INFO | Detected Trend Type: INCREASING
2026-03-26 20:56:33 | INFO | Trend Slope Percentage: 14.07%
2026-03-26 20:56:33 | INFO | Trend EPS Threshold: 1.50%
2026-03-26 20:56:33 | INFO | --- SCHEDULE CALCULATION ---
2026-03-26 20:56:33 | INFO | Condition Applied: CONDITION_3
2026-03-26 20:56:33 | INFO | Effective Base Forecast Used for Adjustments: 15.577 MW
2026-03-26 20:56:33 | INFO | Condition-3 (Phase-6) Applied:
2026-03-26 20:56:33 | INFO |   Forecast Mismatch: Intraday (16.740) != Day-ahead (16.860)
2026-03-26 20:56:33 | INFO |   Operation: ADD
2026-03-26 20:56:33 | INFO |   Base Adjustment %: 10.00%
2026-03-26 20:56:33 | INFO |   Irradiance Multiplier: 1.15x
2026-03-26 20:56:33 | INFO |   Temp Multiplier: 1.00x
2026-03-26 20:56:33 | INFO |   Wind Multiplier: 1.05x
2026-03-26 20:56:33 | INFO |   Weather Multiplier: 1.21x
2026-03-26 20:56:33 | INFO |   Final Adjustment %: 12.07%
2026-03-26 20:56:33 | INFO |   Calculation: 15.577 MW * (1 + 12.07% / 100)
2026-03-26 20:56:33 | INFO |   Formula (expanded): raw=15.5768*(1+12.0750/100)=17.4577
2026-03-26 20:56:33 | INFO | --- FINAL RESULT ---
2026-03-26 20:56:33 | INFO | Raw Schedule (before smoothing): 17.458 MW
2026-03-26 20:56:33 | INFO | Final Scheduled MW: 17.458 MW
2026-03-26 20:56:33 | INFO | --------------------------------------------------------------------------------
2026-03-26 20:56:33 | INFO | --------------------------------------------------------------------------------
2026-03-26 20:56:33 | INFO | BLOCK 45
2026-03-26 20:56:33 | INFO | --------------------------------------------------------------------------------
2026-03-26 20:56:33 | INFO | --- METERED DATA ---
2026-03-26 20:56:33 | INFO | Metered Value: NOT YET AVAILABLE
2026-03-26 20:56:33 | INFO | Last Two Metered Values (for trend): ['0.570', '1.290']
2026-03-26 20:56:33 | INFO | --- FORECAST DATA ---
2026-03-26 20:56:33 | INFO | Intraday Forecast (Enercast): 17.120 MW
2026-03-26 20:56:33 | INFO | Day-ahead Forecast (Enercast): 17.280 MW
2026-03-26 20:56:33 | INFO | Base Forecast (raw, before curtailment/shutdown): 15.926 MW
2026-03-26 20:56:33 | INFO | Base Forecast (used for schedule): 15.926 MW
2026-03-26 20:56:33 | INFO | Effective Base Forecast (after curtailment/shutdown): 15.926 MW
2026-03-26 20:56:33 | INFO | Base Blend Inputs: meter_ref=2.200 MW, meter_factor=1.000, meter_weight=0.080
2026-03-26 20:56:33 | INFO | Plant Status: NORMAL
2026-03-26 20:56:33 | INFO | Effective Base Forecast = Base Forecast (raw) = 15.926 MW
2026-03-26 20:56:33 | INFO | --- WEATHER PARAMETERS ---
2026-03-26 20:56:33 | INFO | GTI: 909.0 W/m^2
2026-03-26 20:56:33 | INFO | DHI: 96.0 W/m^2
2026-03-26 20:56:33 | INFO | DNI: 0.0 W/m^2
2026-03-26 20:56:33 | INFO | Irradiance Ratio (GTI/MAX_GTI): 0.896
2026-03-26 20:56:33 | INFO | Diffuse Ratio (current): 0.106
2026-03-26 20:56:33 | INFO | Irradiance State: STABLE_CLEAR
2026-03-26 20:56:33 | INFO | Temp @ 2m: 32.32 C
2026-03-26 20:56:33 | INFO | Wind @ 10m: 10.90 m/s
2026-03-26 20:56:33 | INFO | Weather State: NORMAL
2026-03-26 20:56:33 | INFO | Dynamic Thresholds: cloud_thr=0.0933, shift_thr=0.0987
2026-03-26 20:56:33 | INFO | Multipliers: irradiance=1.15x, temp=1.00x, wind=1.05x
2026-03-26 20:56:33 | INFO | Weather Multiplier (combined): 1.21x
2026-03-26 20:56:33 | INFO | Abrupt Weather Change Detected: False
2026-03-26 20:56:33 | INFO | --- TREND ANALYSIS ---
2026-03-26 20:56:33 | INFO | Trend series (oldest -> latest):
2026-03-26 20:56:33 | INFO |   Block 44: 16.740 MW (source: INTRADAY_FALLBACK)
2026-03-26 20:56:33 | INFO |   Block 43: 16.310 MW (source: INTRADAY_FALLBACK)
2026-03-26 20:56:33 | INFO |   Block 42: 15.810 MW (source: INTRADAY_FALLBACK)
2026-03-26 20:56:33 | INFO |   Block 41: 15.130 MW (source: INTRADAY_FALLBACK)
2026-03-26 20:56:33 | INFO | Trend values used for slope calc: B44=16.740(INTRADAY_FALLBACK), B43=16.310(INTRADAY_FALLBACK), B42=15.810(INTRADAY_FALLBACK), B41=15.130(INTRADAY_FALLBACK)
2026-03-26 20:56:33 | INFO | Detected Trend Type: INCREASING
2026-03-26 20:56:33 | INFO | Trend Slope Percentage: 10.52%
2026-03-26 20:56:33 | INFO | Trend EPS Threshold: 1.50%
2026-03-26 20:56:33 | INFO | --- SCHEDULE CALCULATION ---
2026-03-26 20:56:33 | INFO | Condition Applied: CONDITION_3
2026-03-26 20:56:33 | INFO | Effective Base Forecast Used for Adjustments: 15.926 MW
2026-03-26 20:56:33 | INFO | Condition-3 (Phase-6) Applied:
2026-03-26 20:56:33 | INFO |   Forecast Mismatch: Intraday (17.120) != Day-ahead (17.280)
2026-03-26 20:56:33 | INFO |   Operation: ADD
2026-03-26 20:56:33 | INFO |   Base Adjustment %: 10.00%
2026-03-26 20:56:33 | INFO |   Irradiance Multiplier: 1.15x
2026-03-26 20:56:33 | INFO |   Temp Multiplier: 1.00x
2026-03-26 20:56:33 | INFO |   Wind Multiplier: 1.05x
2026-03-26 20:56:33 | INFO |   Weather Multiplier: 1.21x
2026-03-26 20:56:33 | INFO |   Final Adjustment %: 12.07%
2026-03-26 20:56:33 | INFO |   Calculation: 15.926 MW * (1 + 12.07% / 100)
2026-03-26 20:56:33 | INFO |   Formula (expanded): raw=15.9264*(1+12.0750/100)=17.8495
2026-03-26 20:56:33 | INFO | --- FINAL RESULT ---
2026-03-26 20:56:33 | INFO | Raw Schedule (before smoothing): 17.850 MW
2026-03-26 20:56:33 | INFO | Final Scheduled MW: 17.850 MW
2026-03-26 20:56:33 | INFO | --------------------------------------------------------------------------------
2026-03-26 20:56:33 | INFO | --------------------------------------------------------------------------------
2026-03-26 20:56:33 | INFO | BLOCK 46
2026-03-26 20:56:33 | INFO | --------------------------------------------------------------------------------
2026-03-26 20:56:33 | INFO | --- METERED DATA ---
2026-03-26 20:56:33 | INFO | Metered Value: NOT YET AVAILABLE
2026-03-26 20:56:33 | INFO | Last Two Metered Values (for trend): ['0.570', '1.290']
2026-03-26 20:56:33 | INFO | --- FORECAST DATA ---
2026-03-26 20:56:33 | INFO | Intraday Forecast (Enercast): 17.410 MW
2026-03-26 20:56:33 | INFO | Day-ahead Forecast (Enercast): 17.630 MW
2026-03-26 20:56:33 | INFO | Base Forecast (raw, before curtailment/shutdown): 16.193 MW
2026-03-26 20:56:33 | INFO | Base Forecast (used for schedule): 16.193 MW
2026-03-26 20:56:33 | INFO | Effective Base Forecast (after curtailment/shutdown): 16.193 MW
2026-03-26 20:56:33 | INFO | Base Blend Inputs: meter_ref=2.200 MW, meter_factor=1.000, meter_weight=0.080
2026-03-26 20:56:33 | INFO | Plant Status: NORMAL
2026-03-26 20:56:33 | INFO | Effective Base Forecast = Base Forecast (raw) = 16.193 MW
2026-03-26 20:56:33 | INFO | --- WEATHER PARAMETERS ---
2026-03-26 20:56:33 | INFO | GTI: 939.0 W/m^2
2026-03-26 20:56:33 | INFO | DHI: 97.0 W/m^2
2026-03-26 20:56:33 | INFO | DNI: 0.0 W/m^2
2026-03-26 20:56:33 | INFO | Irradiance Ratio (GTI/MAX_GTI): 0.925
2026-03-26 20:56:33 | INFO | Diffuse Ratio (current): 0.103
2026-03-26 20:56:33 | INFO | Irradiance State: STABLE_CLEAR
2026-03-26 20:56:33 | INFO | Temp @ 2m: 32.47 C
2026-03-26 20:56:33 | INFO | Wind @ 10m: 9.53 m/s
2026-03-26 20:56:33 | INFO | Weather State: NORMAL
2026-03-26 20:56:33 | INFO | Dynamic Thresholds: cloud_thr=0.0933, shift_thr=0.0987
2026-03-26 20:56:33 | INFO | Multipliers: irradiance=1.15x, temp=1.00x, wind=1.05x
2026-03-26 20:56:33 | INFO | Weather Multiplier (combined): 1.21x
2026-03-26 20:56:33 | INFO | Abrupt Weather Change Detected: False
2026-03-26 20:56:33 | INFO | --- TREND ANALYSIS ---
2026-03-26 20:56:33 | INFO | Trend series (oldest -> latest):
2026-03-26 20:56:33 | INFO |   Block 45: 17.120 MW (source: INTRADAY_FALLBACK)
2026-03-26 20:56:33 | INFO |   Block 44: 16.740 MW (source: INTRADAY_FALLBACK)
2026-03-26 20:56:33 | INFO |   Block 43: 16.310 MW (source: INTRADAY_FALLBACK)
2026-03-26 20:56:33 | INFO |   Block 42: 15.810 MW (source: INTRADAY_FALLBACK)
2026-03-26 20:56:33 | INFO | Trend values used for slope calc: B45=17.120(INTRADAY_FALLBACK), B44=16.740(INTRADAY_FALLBACK), B43=16.310(INTRADAY_FALLBACK), B42=15.810(INTRADAY_FALLBACK)
2026-03-26 20:56:33 | INFO | Detected Trend Type: INCREASING
2026-03-26 20:56:33 | INFO | Trend Slope Percentage: 8.26%
2026-03-26 20:56:33 | INFO | Trend EPS Threshold: 1.50%
2026-03-26 20:56:33 | INFO | --- SCHEDULE CALCULATION ---
2026-03-26 20:56:33 | INFO | Condition Applied: CONDITION_3
2026-03-26 20:56:33 | INFO | Effective Base Forecast Used for Adjustments: 16.193 MW
2026-03-26 20:56:33 | INFO | Condition-3 (Phase-6) Applied:
2026-03-26 20:56:33 | INFO |   Forecast Mismatch: Intraday (17.410) != Day-ahead (17.630)
2026-03-26 20:56:33 | INFO |   Operation: ADD
2026-03-26 20:56:33 | INFO |   Base Adjustment %: 10.00%
2026-03-26 20:56:33 | INFO |   Irradiance Multiplier: 1.15x
2026-03-26 20:56:33 | INFO |   Temp Multiplier: 1.00x
2026-03-26 20:56:33 | INFO |   Wind Multiplier: 1.05x
2026-03-26 20:56:33 | INFO |   Weather Multiplier: 1.21x
2026-03-26 20:56:33 | INFO |   Final Adjustment %: 12.07%
2026-03-26 20:56:33 | INFO |   Calculation: 16.193 MW * (1 + 12.07% / 100)
2026-03-26 20:56:33 | INFO |   Formula (expanded): raw=16.1932*(1+12.0750/100)=18.1485
2026-03-26 20:56:33 | INFO | --- FINAL RESULT ---
2026-03-26 20:56:33 | INFO | Raw Schedule (before smoothing): 18.149 MW
2026-03-26 20:56:33 | INFO | Final Scheduled MW: 18.149 MW
2026-03-26 20:56:33 | INFO | --------------------------------------------------------------------------------
2026-03-26 20:56:33 | INFO | --------------------------------------------------------------------------------
2026-03-26 20:56:33 | INFO | BLOCK 47
2026-03-26 20:56:33 | INFO | --------------------------------------------------------------------------------
2026-03-26 20:56:33 | INFO | --- METERED DATA ---
2026-03-26 20:56:33 | INFO | Metered Value: NOT YET AVAILABLE
2026-03-26 20:56:33 | INFO | Last Two Metered Values (for trend): ['0.570', '1.290']
2026-03-26 20:56:33 | INFO | --- FORECAST DATA ---
2026-03-26 20:56:33 | INFO | Intraday Forecast (Enercast): 17.650 MW
2026-03-26 20:56:33 | INFO | Day-ahead Forecast (Enercast): 17.750 MW
2026-03-26 20:56:33 | INFO | Base Forecast (raw, before curtailment/shutdown): 16.414 MW
2026-03-26 20:56:33 | INFO | Base Forecast (used for schedule): 16.414 MW
2026-03-26 20:56:33 | INFO | Effective Base Forecast (after curtailment/shutdown): 16.414 MW
2026-03-26 20:56:33 | INFO | Base Blend Inputs: meter_ref=2.200 MW, meter_factor=1.000, meter_weight=0.080
2026-03-26 20:56:33 | INFO | Plant Status: NORMAL
2026-03-26 20:56:33 | INFO | Effective Base Forecast = Base Forecast (raw) = 16.414 MW
2026-03-26 20:56:33 | INFO | --- WEATHER PARAMETERS ---
2026-03-26 20:56:33 | INFO | GTI: 963.0 W/m^2
2026-03-26 20:56:33 | INFO | DHI: 97.0 W/m^2
2026-03-26 20:56:33 | INFO | DNI: 0.0 W/m^2
2026-03-26 20:56:33 | INFO | Irradiance Ratio (GTI/MAX_GTI): 0.949
2026-03-26 20:56:33 | INFO | Diffuse Ratio (current): 0.101
2026-03-26 20:56:33 | INFO | Irradiance State: STABLE_CLEAR
2026-03-26 20:56:33 | INFO | Temp @ 2m: 32.67 C
2026-03-26 20:56:33 | INFO | Wind @ 10m: 8.47 m/s
2026-03-26 20:56:33 | INFO | Weather State: NORMAL
2026-03-26 20:56:33 | INFO | Dynamic Thresholds: cloud_thr=0.0933, shift_thr=0.0987
2026-03-26 20:56:33 | INFO | Multipliers: irradiance=1.15x, temp=1.00x, wind=1.05x
2026-03-26 20:56:33 | INFO | Weather Multiplier (combined): 1.21x
2026-03-26 20:56:33 | INFO | Abrupt Weather Change Detected: False
2026-03-26 20:56:33 | INFO | --- TREND ANALYSIS ---
2026-03-26 20:56:33 | INFO | Trend series (oldest -> latest):
2026-03-26 20:56:33 | INFO |   Block 46: 17.410 MW (source: INTRADAY_FALLBACK)
2026-03-26 20:56:33 | INFO |   Block 45: 17.120 MW (source: INTRADAY_FALLBACK)
2026-03-26 20:56:33 | INFO |   Block 44: 16.740 MW (source: INTRADAY_FALLBACK)
2026-03-26 20:56:33 | INFO |   Block 43: 16.310 MW (source: INTRADAY_FALLBACK)
2026-03-26 20:56:33 | INFO | Trend values used for slope calc: B46=17.410(INTRADAY_FALLBACK), B45=17.120(INTRADAY_FALLBACK), B44=16.740(INTRADAY_FALLBACK), B43=16.310(INTRADAY_FALLBACK)
2026-03-26 20:56:33 | INFO | Detected Trend Type: INCREASING
2026-03-26 20:56:33 | INFO | Trend Slope Percentage: 6.76%
2026-03-26 20:56:33 | INFO | Trend EPS Threshold: 1.50%
2026-03-26 20:56:33 | INFO | --- SCHEDULE CALCULATION ---
2026-03-26 20:56:33 | INFO | Condition Applied: CONDITION_3
2026-03-26 20:56:33 | INFO | Effective Base Forecast Used for Adjustments: 16.414 MW
2026-03-26 20:56:33 | INFO | Condition-3 (Phase-6) Applied:
2026-03-26 20:56:33 | INFO |   Forecast Mismatch: Intraday (17.650) != Day-ahead (17.750)
2026-03-26 20:56:33 | INFO |   Operation: ADD
2026-03-26 20:56:33 | INFO |   Base Adjustment %: 10.00%
2026-03-26 20:56:33 | INFO |   Irradiance Multiplier: 1.15x
2026-03-26 20:56:33 | INFO |   Temp Multiplier: 1.00x
2026-03-26 20:56:33 | INFO |   Wind Multiplier: 1.05x
2026-03-26 20:56:33 | INFO |   Weather Multiplier: 1.21x
2026-03-26 20:56:33 | INFO |   Final Adjustment %: 12.07%
2026-03-26 20:56:33 | INFO |   Calculation: 16.414 MW * (1 + 12.07% / 100)
2026-03-26 20:56:33 | INFO |   Formula (expanded): raw=16.4140*(1+12.0750/100)=18.3960
2026-03-26 20:56:33 | INFO | --- FINAL RESULT ---
2026-03-26 20:56:33 | INFO | Raw Schedule (before smoothing): 18.396 MW
2026-03-26 20:56:33 | INFO | Final Scheduled MW: 18.396 MW
2026-03-26 20:56:33 | INFO | --------------------------------------------------------------------------------
2026-03-26 20:56:33 | INFO | --------------------------------------------------------------------------------
2026-03-26 20:56:33 | INFO | BLOCK 48
2026-03-26 20:56:33 | INFO | --------------------------------------------------------------------------------
2026-03-26 20:56:33 | INFO | --- METERED DATA ---
2026-03-26 20:56:33 | INFO | Metered Value: NOT YET AVAILABLE
2026-03-26 20:56:33 | INFO | Last Two Metered Values (for trend): ['0.570', '1.290']
2026-03-26 20:56:33 | INFO | --- FORECAST DATA ---
2026-03-26 20:56:33 | INFO | Intraday Forecast (Enercast): 17.820 MW
2026-03-26 20:56:33 | INFO | Day-ahead Forecast (Enercast): 17.790 MW
2026-03-26 20:56:33 | INFO | Base Forecast (raw, before curtailment/shutdown): 16.570 MW
2026-03-26 20:56:33 | INFO | Base Forecast (used for schedule): 16.570 MW
2026-03-26 20:56:33 | INFO | Effective Base Forecast (after curtailment/shutdown): 16.570 MW
2026-03-26 20:56:33 | INFO | Base Blend Inputs: meter_ref=2.200 MW, meter_factor=1.000, meter_weight=0.080
2026-03-26 20:56:33 | INFO | Plant Status: NORMAL
2026-03-26 20:56:33 | INFO | Effective Base Forecast = Base Forecast (raw) = 16.570 MW
2026-03-26 20:56:33 | INFO | --- WEATHER PARAMETERS ---
2026-03-26 20:56:33 | INFO | GTI: 983.0 W/m^2
2026-03-26 20:56:33 | INFO | DHI: 98.0 W/m^2
2026-03-26 20:56:33 | INFO | DNI: 0.0 W/m^2
2026-03-26 20:56:33 | INFO | Irradiance Ratio (GTI/MAX_GTI): 0.968
2026-03-26 20:56:33 | INFO | Diffuse Ratio (current): 0.100
2026-03-26 20:56:33 | INFO | Irradiance State: STABLE_CLEAR
2026-03-26 20:56:33 | INFO | Temp @ 2m: 32.87 C
2026-03-26 20:56:33 | INFO | Wind @ 10m: 7.17 m/s
2026-03-26 20:56:33 | INFO | Weather State: NORMAL
2026-03-26 20:56:33 | INFO | Dynamic Thresholds: cloud_thr=0.0933, shift_thr=0.0987
2026-03-26 20:56:33 | INFO | Multipliers: irradiance=1.15x, temp=1.00x, wind=1.05x
2026-03-26 20:56:33 | INFO | Weather Multiplier (combined): 1.21x
2026-03-26 20:56:33 | INFO | Abrupt Weather Change Detected: False
2026-03-26 20:56:33 | INFO | --- TREND ANALYSIS ---
2026-03-26 20:56:33 | INFO | Trend series (oldest -> latest):
2026-03-26 20:56:33 | INFO |   Block 47: 17.650 MW (source: INTRADAY_FALLBACK)
2026-03-26 20:56:33 | INFO |   Block 46: 17.410 MW (source: INTRADAY_FALLBACK)
2026-03-26 20:56:33 | INFO |   Block 45: 17.120 MW (source: INTRADAY_FALLBACK)
2026-03-26 20:56:33 | INFO |   Block 44: 16.740 MW (source: INTRADAY_FALLBACK)
2026-03-26 20:56:33 | INFO | Trend values used for slope calc: B47=17.650(INTRADAY_FALLBACK), B46=17.410(INTRADAY_FALLBACK), B45=17.120(INTRADAY_FALLBACK), B44=16.740(INTRADAY_FALLBACK)
2026-03-26 20:56:33 | INFO | Detected Trend Type: INCREASING
2026-03-26 20:56:33 | INFO | Trend Slope Percentage: 5.40%
2026-03-26 20:56:33 | INFO | Trend EPS Threshold: 1.50%
2026-03-26 20:56:33 | INFO | --- SCHEDULE CALCULATION ---
2026-03-26 20:56:33 | INFO | Condition Applied: CONDITION_3
2026-03-26 20:56:33 | INFO | Effective Base Forecast Used for Adjustments: 16.570 MW
2026-03-26 20:56:33 | INFO | Condition-3 (Phase-6) Applied:
2026-03-26 20:56:33 | INFO |   Forecast Mismatch: Intraday (17.820) != Day-ahead (17.790)
2026-03-26 20:56:33 | INFO |   Operation: ADD
2026-03-26 20:56:33 | INFO |   Base Adjustment %: 7.50%
2026-03-26 20:56:33 | INFO |   Irradiance Multiplier: 1.15x
2026-03-26 20:56:33 | INFO |   Temp Multiplier: 1.00x
2026-03-26 20:56:33 | INFO |   Wind Multiplier: 1.05x
2026-03-26 20:56:33 | INFO |   Weather Multiplier: 1.21x
2026-03-26 20:56:33 | INFO |   Final Adjustment %: 9.06%
2026-03-26 20:56:33 | INFO |   Calculation: 16.570 MW * (1 + 9.06% / 100)
2026-03-26 20:56:33 | INFO |   Formula (expanded): raw=16.5704*(1+9.0563/100)=18.0711
2026-03-26 20:56:33 | INFO | --- FINAL RESULT ---
2026-03-26 20:56:33 | INFO | Raw Schedule (before smoothing): 18.071 MW
2026-03-26 20:56:33 | INFO | Final Scheduled MW: 18.071 MW
2026-03-26 20:56:33 | INFO | --------------------------------------------------------------------------------
2026-03-26 20:56:33 | INFO | --------------------------------------------------------------------------------
2026-03-26 20:56:33 | INFO | BLOCK 49
2026-03-26 20:56:33 | INFO | --------------------------------------------------------------------------------
2026-03-26 20:56:33 | INFO | --- METERED DATA ---
2026-03-26 20:56:33 | INFO | Metered Value: NOT YET AVAILABLE
2026-03-26 20:56:33 | INFO | Last Two Metered Values (for trend): ['0.570', '1.290']
2026-03-26 20:56:33 | INFO | --- FORECAST DATA ---
2026-03-26 20:56:33 | INFO | Intraday Forecast (Enercast): 17.910 MW
2026-03-26 20:56:33 | INFO | Day-ahead Forecast (Enercast): 17.780 MW
2026-03-26 20:56:33 | INFO | Base Forecast (raw, before curtailment/shutdown): 16.653 MW
2026-03-26 20:56:33 | INFO | Base Forecast (used for schedule): 16.653 MW
2026-03-26 20:56:33 | INFO | Effective Base Forecast (after curtailment/shutdown): 16.653 MW
2026-03-26 20:56:33 | INFO | Base Blend Inputs: meter_ref=2.200 MW, meter_factor=1.000, meter_weight=0.080
2026-03-26 20:56:33 | INFO | Plant Status: NORMAL
2026-03-26 20:56:33 | INFO | Effective Base Forecast = Base Forecast (raw) = 16.653 MW
2026-03-26 20:56:33 | INFO | --- WEATHER PARAMETERS ---
2026-03-26 20:56:33 | INFO | GTI: 999.0 W/m^2
2026-03-26 20:56:33 | INFO | DHI: 98.0 W/m^2
2026-03-26 20:56:33 | INFO | DNI: 0.0 W/m^2
2026-03-26 20:56:33 | INFO | Irradiance Ratio (GTI/MAX_GTI): 0.984
2026-03-26 20:56:33 | INFO | Diffuse Ratio (current): 0.098
2026-03-26 20:56:33 | INFO | Irradiance State: STABLE_CLEAR
2026-03-26 20:56:33 | INFO | Temp @ 2m: 33.12 C
2026-03-26 20:56:33 | INFO | Wind @ 10m: 6.29 m/s
2026-03-26 20:56:33 | INFO | Weather State: NORMAL
2026-03-26 20:56:33 | INFO | Dynamic Thresholds: cloud_thr=0.0933, shift_thr=0.0987
2026-03-26 20:56:33 | INFO | Multipliers: irradiance=1.15x, temp=1.00x, wind=1.05x
2026-03-26 20:56:33 | INFO | Weather Multiplier (combined): 1.21x
2026-03-26 20:56:33 | INFO | Abrupt Weather Change Detected: False
2026-03-26 20:56:33 | INFO | --- TREND ANALYSIS ---
2026-03-26 20:56:33 | INFO | Trend series (oldest -> latest):
2026-03-26 20:56:33 | INFO |   Block 48: 17.820 MW (source: INTRADAY_FALLBACK)
2026-03-26 20:56:33 | INFO |   Block 47: 17.650 MW (source: INTRADAY_FALLBACK)
2026-03-26 20:56:33 | INFO |   Block 46: 17.410 MW (source: INTRADAY_FALLBACK)
2026-03-26 20:56:33 | INFO |   Block 45: 17.120 MW (source: INTRADAY_FALLBACK)
2026-03-26 20:56:33 | INFO | Trend values used for slope calc: B48=17.820(INTRADAY_FALLBACK), B47=17.650(INTRADAY_FALLBACK), B46=17.410(INTRADAY_FALLBACK), B45=17.120(INTRADAY_FALLBACK)
2026-03-26 20:56:33 | INFO | Detected Trend Type: INCREASING
2026-03-26 20:56:33 | INFO | Trend Slope Percentage: 4.09%
2026-03-26 20:56:33 | INFO | Trend EPS Threshold: 1.50%
2026-03-26 20:56:33 | INFO | --- SCHEDULE CALCULATION ---
2026-03-26 20:56:33 | INFO | Condition Applied: CONDITION_3
2026-03-26 20:56:33 | INFO | Effective Base Forecast Used for Adjustments: 16.653 MW
2026-03-26 20:56:33 | INFO | Condition-3 (Phase-6) Applied:
2026-03-26 20:56:33 | INFO |   Forecast Mismatch: Intraday (17.910) != Day-ahead (17.780)
2026-03-26 20:56:33 | INFO |   Operation: ADD
2026-03-26 20:56:33 | INFO |   Base Adjustment %: 7.50%
2026-03-26 20:56:33 | INFO |   Irradiance Multiplier: 1.15x
2026-03-26 20:56:33 | INFO |   Temp Multiplier: 1.00x
2026-03-26 20:56:33 | INFO |   Wind Multiplier: 1.05x
2026-03-26 20:56:33 | INFO |   Weather Multiplier: 1.21x
2026-03-26 20:56:33 | INFO |   Final Adjustment %: 9.06%
2026-03-26 20:56:33 | INFO |   Calculation: 16.653 MW * (1 + 9.06% / 100)
2026-03-26 20:56:33 | INFO |   Formula (expanded): raw=16.6532*(1+9.0563/100)=18.1614
2026-03-26 20:56:33 | INFO | --- FINAL RESULT ---
2026-03-26 20:56:33 | INFO | Raw Schedule (before smoothing): 18.161 MW
2026-03-26 20:56:33 | INFO | Final Scheduled MW: 18.161 MW
2026-03-26 20:56:33 | INFO | --------------------------------------------------------------------------------
2026-03-26 20:56:33 | INFO | --------------------------------------------------------------------------------
2026-03-26 20:56:33 | INFO | BLOCK 50
2026-03-26 20:56:33 | INFO | --------------------------------------------------------------------------------
2026-03-26 20:56:33 | INFO | --- METERED DATA ---
2026-03-26 20:56:33 | INFO | Metered Value: NOT YET AVAILABLE
2026-03-26 20:56:33 | INFO | Last Two Metered Values (for trend): ['0.570', '1.290']
2026-03-26 20:56:33 | INFO | --- FORECAST DATA ---
2026-03-26 20:56:33 | INFO | Intraday Forecast (Enercast): 17.940 MW
2026-03-26 20:56:33 | INFO | Day-ahead Forecast (Enercast): 17.670 MW
2026-03-26 20:56:33 | INFO | Base Forecast (raw, before curtailment/shutdown): 16.681 MW
2026-03-26 20:56:33 | INFO | Base Forecast (used for schedule): 16.681 MW
2026-03-26 20:56:33 | INFO | Effective Base Forecast (after curtailment/shutdown): 16.681 MW
2026-03-26 20:56:33 | INFO | Base Blend Inputs: meter_ref=2.200 MW, meter_factor=1.000, meter_weight=0.080
2026-03-26 20:56:33 | INFO | Plant Status: NORMAL
2026-03-26 20:56:33 | INFO | Effective Base Forecast = Base Forecast (raw) = 16.681 MW
2026-03-26 20:56:33 | INFO | --- WEATHER PARAMETERS ---
2026-03-26 20:56:33 | INFO | GTI: 1009.0 W/m^2
2026-03-26 20:56:33 | INFO | DHI: 98.0 W/m^2
2026-03-26 20:56:33 | INFO | DNI: 0.0 W/m^2
2026-03-26 20:56:33 | INFO | Irradiance Ratio (GTI/MAX_GTI): 0.994
2026-03-26 20:56:33 | INFO | Diffuse Ratio (current): 0.097
2026-03-26 20:56:33 | INFO | Irradiance State: STABLE_CLEAR
2026-03-26 20:56:33 | INFO | Temp @ 2m: 33.37 C
2026-03-26 20:56:33 | INFO | Wind @ 10m: 5.19 m/s
2026-03-26 20:56:33 | INFO | Weather State: NORMAL
2026-03-26 20:56:33 | INFO | Dynamic Thresholds: cloud_thr=0.0933, shift_thr=0.0987
2026-03-26 20:56:33 | INFO | Multipliers: irradiance=1.15x, temp=1.00x, wind=1.05x
2026-03-26 20:56:33 | INFO | Weather Multiplier (combined): 1.21x
2026-03-26 20:56:33 | INFO | Abrupt Weather Change Detected: False
2026-03-26 20:56:33 | INFO | --- TREND ANALYSIS ---
2026-03-26 20:56:33 | INFO | Trend series (oldest -> latest):
2026-03-26 20:56:33 | INFO |   Block 49: 17.910 MW (source: INTRADAY_FALLBACK)
2026-03-26 20:56:33 | INFO |   Block 48: 17.820 MW (source: INTRADAY_FALLBACK)
2026-03-26 20:56:33 | INFO |   Block 47: 17.650 MW (source: INTRADAY_FALLBACK)
2026-03-26 20:56:33 | INFO |   Block 46: 17.410 MW (source: INTRADAY_FALLBACK)
2026-03-26 20:56:33 | INFO | Trend values used for slope calc: B49=17.910(INTRADAY_FALLBACK), B48=17.820(INTRADAY_FALLBACK), B47=17.650(INTRADAY_FALLBACK), B46=17.410(INTRADAY_FALLBACK)
2026-03-26 20:56:33 | INFO | Detected Trend Type: INCREASING
2026-03-26 20:56:33 | INFO | Trend Slope Percentage: 2.87%
2026-03-26 20:56:33 | INFO | Trend EPS Threshold: 1.50%
2026-03-26 20:56:33 | INFO | --- SCHEDULE CALCULATION ---
2026-03-26 20:56:33 | INFO | Condition Applied: CONDITION_3
2026-03-26 20:56:33 | INFO | Effective Base Forecast Used for Adjustments: 16.681 MW
2026-03-26 20:56:33 | INFO | Condition-3 (Phase-6) Applied:
2026-03-26 20:56:33 | INFO |   Forecast Mismatch: Intraday (17.940) != Day-ahead (17.670)
2026-03-26 20:56:33 | INFO |   Operation: ADD
2026-03-26 20:56:33 | INFO |   Base Adjustment %: 5.00%
2026-03-26 20:56:33 | INFO |   Irradiance Multiplier: 1.15x
2026-03-26 20:56:33 | INFO |   Temp Multiplier: 1.00x
2026-03-26 20:56:33 | INFO |   Wind Multiplier: 1.05x
2026-03-26 20:56:33 | INFO |   Weather Multiplier: 1.21x
2026-03-26 20:56:33 | INFO |   Final Adjustment %: 6.04%
2026-03-26 20:56:33 | INFO |   Calculation: 16.681 MW * (1 + 6.04% / 100)
2026-03-26 20:56:33 | INFO |   Formula (expanded): raw=16.6808*(1+6.0375/100)=17.6879
2026-03-26 20:56:33 | INFO | --- FINAL RESULT ---
2026-03-26 20:56:33 | INFO | Raw Schedule (before smoothing): 17.688 MW
2026-03-26 20:56:33 | INFO | Final Scheduled MW: 17.688 MW
2026-03-26 20:56:33 | INFO | --------------------------------------------------------------------------------
2026-03-26 20:56:33 | INFO | --------------------------------------------------------------------------------
2026-03-26 20:56:33 | INFO | BLOCK 51
2026-03-26 20:56:33 | INFO | --------------------------------------------------------------------------------
2026-03-26 20:56:33 | INFO | --- METERED DATA ---
2026-03-26 20:56:33 | INFO | Metered Value: NOT YET AVAILABLE
2026-03-26 20:56:33 | INFO | Last Two Metered Values (for trend): ['0.570', '1.290']
2026-03-26 20:56:33 | INFO | --- FORECAST DATA ---
2026-03-26 20:56:33 | INFO | Intraday Forecast (Enercast): 17.150 MW
2026-03-26 20:56:33 | INFO | Day-ahead Forecast (Enercast): 17.470 MW
2026-03-26 20:56:33 | INFO | Base Forecast (raw, before curtailment/shutdown): 15.954 MW
2026-03-26 20:56:33 | INFO | Base Forecast (used for schedule): 15.954 MW
2026-03-26 20:56:33 | INFO | Effective Base Forecast (after curtailment/shutdown): 15.954 MW
2026-03-26 20:56:33 | INFO | Base Blend Inputs: meter_ref=2.200 MW, meter_factor=1.000, meter_weight=0.080
2026-03-26 20:56:33 | INFO | Plant Status: NORMAL
2026-03-26 20:56:33 | INFO | Effective Base Forecast = Base Forecast (raw) = 15.954 MW
2026-03-26 20:56:33 | INFO | --- WEATHER PARAMETERS ---
2026-03-26 20:56:33 | INFO | GTI: 1015.0 W/m^2
2026-03-26 20:56:33 | INFO | DHI: 98.0 W/m^2
2026-03-26 20:56:33 | INFO | DNI: 0.0 W/m^2
2026-03-26 20:56:33 | INFO | Irradiance Ratio (GTI/MAX_GTI): 1.000
2026-03-26 20:56:33 | INFO | Diffuse Ratio (current): 0.097
2026-03-26 20:56:33 | INFO | Irradiance State: STABLE_CLEAR
2026-03-26 20:56:33 | INFO | Temp @ 2m: 33.57 C
2026-03-26 20:56:33 | INFO | Wind @ 10m: 4.58 m/s
2026-03-26 20:56:33 | INFO | Weather State: NORMAL
2026-03-26 20:56:33 | INFO | Dynamic Thresholds: cloud_thr=0.0933, shift_thr=0.0987
2026-03-26 20:56:33 | INFO | Multipliers: irradiance=1.15x, temp=1.00x, wind=1.03x
2026-03-26 20:56:33 | INFO | Weather Multiplier (combined): 1.18x
2026-03-26 20:56:33 | INFO | Abrupt Weather Change Detected: False
2026-03-26 20:56:33 | INFO | --- TREND ANALYSIS ---
2026-03-26 20:56:33 | INFO | Trend series (oldest -> latest):
2026-03-26 20:56:33 | INFO |   Block 50: 17.940 MW (source: INTRADAY_FALLBACK)
2026-03-26 20:56:33 | INFO |   Block 49: 17.910 MW (source: INTRADAY_FALLBACK)
2026-03-26 20:56:33 | INFO |   Block 48: 17.820 MW (source: INTRADAY_FALLBACK)
2026-03-26 20:56:33 | INFO |   Block 47: 17.650 MW (source: INTRADAY_FALLBACK)
2026-03-26 20:56:33 | INFO | Trend values used for slope calc: B50=17.940(INTRADAY_FALLBACK), B49=17.910(INTRADAY_FALLBACK), B48=17.820(INTRADAY_FALLBACK), B47=17.650(INTRADAY_FALLBACK)
2026-03-26 20:56:33 | INFO | Detected Trend Type: INCREASING
2026-03-26 20:56:33 | INFO | Trend Slope Percentage: 1.63%
2026-03-26 20:56:33 | INFO | Trend EPS Threshold: 1.50%
2026-03-26 20:56:33 | INFO | --- SCHEDULE CALCULATION ---
2026-03-26 20:56:33 | INFO | Condition Applied: CONDITION_3
2026-03-26 20:56:33 | INFO | Effective Base Forecast Used for Adjustments: 15.954 MW
2026-03-26 20:56:33 | INFO | Condition-3 (Phase-6) Applied:
2026-03-26 20:56:33 | INFO |   Forecast Mismatch: Intraday (17.150) != Day-ahead (17.470)
2026-03-26 20:56:33 | INFO |   Operation: ADD
2026-03-26 20:56:33 | INFO |   Base Adjustment %: 2.50%
2026-03-26 20:56:33 | INFO |   Irradiance Multiplier: 1.15x
2026-03-26 20:56:33 | INFO |   Temp Multiplier: 1.00x
2026-03-26 20:56:33 | INFO |   Wind Multiplier: 1.03x
2026-03-26 20:56:33 | INFO |   Weather Multiplier: 1.18x
2026-03-26 20:56:33 | INFO |   Final Adjustment %: 2.96%
2026-03-26 20:56:33 | INFO |   Calculation: 15.954 MW * (1 + 2.96% / 100)
2026-03-26 20:56:33 | INFO |   Formula (expanded): raw=15.9540*(1+2.9612/100)=16.4264
2026-03-26 20:56:33 | INFO | --- FINAL RESULT ---
2026-03-26 20:56:33 | INFO | Raw Schedule (before smoothing): 16.426 MW
2026-03-26 20:56:33 | INFO | Final Scheduled MW: 16.426 MW
2026-03-26 20:56:33 | INFO | --------------------------------------------------------------------------------
2026-03-26 20:56:33 | INFO | --------------------------------------------------------------------------------
2026-03-26 20:56:33 | INFO | BLOCK 52
2026-03-26 20:56:33 | INFO | --------------------------------------------------------------------------------
2026-03-26 20:56:33 | INFO | --- METERED DATA ---
2026-03-26 20:56:33 | INFO | Metered Value: NOT YET AVAILABLE
2026-03-26 20:56:33 | INFO | Last Two Metered Values (for trend): ['0.570', '1.290']
2026-03-26 20:56:33 | INFO | --- FORECAST DATA ---
2026-03-26 20:56:33 | INFO | Intraday Forecast (Enercast): 16.230 MW
2026-03-26 20:56:33 | INFO | Day-ahead Forecast (Enercast): 17.200 MW
2026-03-26 20:56:33 | INFO | Base Forecast (raw, before curtailment/shutdown): 15.108 MW
2026-03-26 20:56:33 | INFO | Base Forecast (used for schedule): 15.108 MW
2026-03-26 20:56:33 | INFO | Effective Base Forecast (after curtailment/shutdown): 15.108 MW
2026-03-26 20:56:33 | INFO | Base Blend Inputs: meter_ref=2.200 MW, meter_factor=1.000, meter_weight=0.080
2026-03-26 20:56:33 | INFO | Plant Status: NORMAL
2026-03-26 20:56:33 | INFO | Effective Base Forecast = Base Forecast (raw) = 15.108 MW
2026-03-26 20:56:33 | INFO | --- WEATHER PARAMETERS ---
2026-03-26 20:56:33 | INFO | GTI: 1015.0 W/m^2
2026-03-26 20:56:33 | INFO | DHI: 98.0 W/m^2
2026-03-26 20:56:33 | INFO | DNI: 0.0 W/m^2
2026-03-26 20:56:33 | INFO | Irradiance Ratio (GTI/MAX_GTI): 1.000
2026-03-26 20:56:33 | INFO | Diffuse Ratio (current): 0.097
2026-03-26 20:56:33 | INFO | Irradiance State: STABLE_CLEAR
2026-03-26 20:56:33 | INFO | Temp @ 2m: 33.77 C
2026-03-26 20:56:33 | INFO | Wind @ 10m: 4.39 m/s
2026-03-26 20:56:33 | INFO | Weather State: NORMAL
2026-03-26 20:56:33 | INFO | Dynamic Thresholds: cloud_thr=0.0933, shift_thr=0.0987
2026-03-26 20:56:33 | INFO | Multipliers: irradiance=1.15x, temp=1.00x, wind=1.03x
2026-03-26 20:56:33 | INFO | Weather Multiplier (combined): 1.18x
2026-03-26 20:56:33 | INFO | Abrupt Weather Change Detected: False
2026-03-26 20:56:33 | INFO | --- TREND ANALYSIS ---
2026-03-26 20:56:33 | INFO | Trend series (oldest -> latest):
2026-03-26 20:56:33 | INFO |   Block 51: 17.150 MW (source: INTRADAY_FALLBACK)
2026-03-26 20:56:33 | INFO |   Block 50: 17.940 MW (source: INTRADAY_FALLBACK)
2026-03-26 20:56:33 | INFO |   Block 49: 17.910 MW (source: INTRADAY_FALLBACK)
2026-03-26 20:56:33 | INFO |   Block 48: 17.820 MW (source: INTRADAY_FALLBACK)
2026-03-26 20:56:33 | INFO | Trend values used for slope calc: B51=17.150(INTRADAY_FALLBACK), B50=17.940(INTRADAY_FALLBACK), B49=17.910(INTRADAY_FALLBACK), B48=17.820(INTRADAY_FALLBACK)
2026-03-26 20:56:33 | INFO | Detected Trend Type: DECREASING
2026-03-26 20:56:33 | INFO | Trend Slope Percentage: -3.30%
2026-03-26 20:56:33 | INFO | Trend EPS Threshold: 1.50%
2026-03-26 20:56:33 | INFO | --- SCHEDULE CALCULATION ---
2026-03-26 20:56:33 | INFO | Condition Applied: CONDITION_3
2026-03-26 20:56:33 | INFO | Effective Base Forecast Used for Adjustments: 15.108 MW
2026-03-26 20:56:33 | INFO | Condition-3 (Phase-6) Applied:
2026-03-26 20:56:33 | INFO |   Forecast Mismatch: Intraday (16.230) != Day-ahead (17.200)
2026-03-26 20:56:33 | INFO |   Operation: SUBTRACT
2026-03-26 20:56:33 | INFO |   Base Adjustment %: 5.00%
2026-03-26 20:56:33 | INFO |   Irradiance Multiplier: 1.15x
2026-03-26 20:56:33 | INFO |   Temp Multiplier: 1.00x
2026-03-26 20:56:33 | INFO |   Wind Multiplier: 1.03x
2026-03-26 20:56:33 | INFO |   Weather Multiplier: 1.18x
2026-03-26 20:56:33 | INFO |   Final Adjustment %: -5.92%
2026-03-26 20:56:33 | INFO |   Calculation: 15.108 MW * (1 + -5.92% / 100)
2026-03-26 20:56:33 | INFO |   Formula (expanded): raw=15.1076*(1+-5.9225/100)=14.2129
2026-03-26 20:56:33 | INFO | --- FINAL RESULT ---
2026-03-26 20:56:33 | INFO | Raw Schedule (before smoothing): 14.213 MW
2026-03-26 20:56:33 | INFO | Final Scheduled MW: 14.213 MW
2026-03-26 20:56:33 | INFO | --------------------------------------------------------------------------------
2026-03-26 20:56:33 | INFO | --------------------------------------------------------------------------------
2026-03-26 20:56:33 | INFO | BLOCK 53
2026-03-26 20:56:33 | INFO | --------------------------------------------------------------------------------
2026-03-26 20:56:33 | INFO | --- METERED DATA ---
2026-03-26 20:56:33 | INFO | Metered Value: NOT YET AVAILABLE
2026-03-26 20:56:33 | INFO | Last Two Metered Values (for trend): ['0.570', '1.290']
2026-03-26 20:56:33 | INFO | --- FORECAST DATA ---
2026-03-26 20:56:33 | INFO | Intraday Forecast (Enercast): 15.110 MW
2026-03-26 20:56:33 | INFO | Day-ahead Forecast (Enercast): 16.800 MW
2026-03-26 20:56:33 | INFO | Base Forecast (raw, before curtailment/shutdown): 14.077 MW
2026-03-26 20:56:33 | INFO | Base Forecast (used for schedule): 14.077 MW
2026-03-26 20:56:33 | INFO | Effective Base Forecast (after curtailment/shutdown): 14.077 MW
2026-03-26 20:56:33 | INFO | Base Blend Inputs: meter_ref=2.200 MW, meter_factor=1.000, meter_weight=0.080
2026-03-26 20:56:33 | INFO | Plant Status: NORMAL
2026-03-26 20:56:33 | INFO | Effective Base Forecast = Base Forecast (raw) = 14.077 MW
2026-03-26 20:56:33 | INFO | --- WEATHER PARAMETERS ---
2026-03-26 20:56:33 | INFO | GTI: 1011.0 W/m^2
2026-03-26 20:56:33 | INFO | DHI: 98.0 W/m^2
2026-03-26 20:56:33 | INFO | DNI: 0.0 W/m^2
2026-03-26 20:56:33 | INFO | Irradiance Ratio (GTI/MAX_GTI): 0.996
2026-03-26 20:56:33 | INFO | Diffuse Ratio (current): 0.097
2026-03-26 20:56:33 | INFO | Irradiance State: STABLE_CLEAR
2026-03-26 20:56:33 | INFO | Temp @ 2m: 33.97 C
2026-03-26 20:56:33 | INFO | Wind @ 10m: 4.35 m/s
2026-03-26 20:56:33 | INFO | Weather State: NORMAL
2026-03-26 20:56:33 | INFO | Dynamic Thresholds: cloud_thr=0.0933, shift_thr=0.0987
2026-03-26 20:56:33 | INFO | Multipliers: irradiance=1.15x, temp=1.00x, wind=1.03x
2026-03-26 20:56:33 | INFO | Weather Multiplier (combined): 1.18x
2026-03-26 20:56:33 | INFO | Abrupt Weather Change Detected: False
2026-03-26 20:56:33 | INFO | --- TREND ANALYSIS ---
2026-03-26 20:56:33 | INFO | Trend series (oldest -> latest):
2026-03-26 20:56:33 | INFO |   Block 52: 16.230 MW (source: INTRADAY_FALLBACK)
2026-03-26 20:56:33 | INFO |   Block 51: 17.150 MW (source: INTRADAY_FALLBACK)
2026-03-26 20:56:33 | INFO |   Block 50: 17.940 MW (source: INTRADAY_FALLBACK)
2026-03-26 20:56:33 | INFO |   Block 49: 17.910 MW (source: INTRADAY_FALLBACK)
2026-03-26 20:56:33 | INFO | Trend values used for slope calc: B52=16.230(INTRADAY_FALLBACK), B51=17.150(INTRADAY_FALLBACK), B50=17.940(INTRADAY_FALLBACK), B49=17.910(INTRADAY_FALLBACK)
2026-03-26 20:56:33 | INFO | Detected Trend Type: DECREASING
2026-03-26 20:56:33 | INFO | Trend Slope Percentage: -9.62%
2026-03-26 20:56:33 | INFO | Trend EPS Threshold: 1.50%
2026-03-26 20:56:33 | INFO | --- SCHEDULE CALCULATION ---
2026-03-26 20:56:33 | INFO | Condition Applied: CONDITION_3
2026-03-26 20:56:33 | INFO | Effective Base Forecast Used for Adjustments: 14.077 MW
2026-03-26 20:56:33 | INFO | Condition-3 (Phase-6) Applied:
2026-03-26 20:56:33 | INFO |   Forecast Mismatch: Intraday (15.110) != Day-ahead (16.800)
2026-03-26 20:56:33 | INFO |   Operation: SUBTRACT
2026-03-26 20:56:33 | INFO |   Base Adjustment %: 10.00%
2026-03-26 20:56:33 | INFO |   Irradiance Multiplier: 1.15x
2026-03-26 20:56:33 | INFO |   Temp Multiplier: 1.00x
2026-03-26 20:56:33 | INFO |   Wind Multiplier: 1.03x
2026-03-26 20:56:33 | INFO |   Weather Multiplier: 1.18x
2026-03-26 20:56:33 | INFO |   Final Adjustment %: -11.84%
2026-03-26 20:56:33 | INFO |   Calculation: 14.077 MW * (1 + -11.84% / 100)
2026-03-26 20:56:33 | INFO |   Formula (expanded): raw=14.0772*(1+-11.8450/100)=12.4098
2026-03-26 20:56:33 | INFO | --- FINAL RESULT ---
2026-03-26 20:56:33 | INFO | Raw Schedule (before smoothing): 12.410 MW
2026-03-26 20:56:33 | INFO | Final Scheduled MW: 12.410 MW
2026-03-26 20:56:33 | INFO | --------------------------------------------------------------------------------
2026-03-26 20:56:33 | INFO | --------------------------------------------------------------------------------
2026-03-26 20:56:33 | INFO | BLOCK 54
2026-03-26 20:56:33 | INFO | --------------------------------------------------------------------------------
2026-03-26 20:56:33 | INFO | --- METERED DATA ---
2026-03-26 20:56:33 | INFO | Metered Value: NOT YET AVAILABLE
2026-03-26 20:56:33 | INFO | Last Two Metered Values (for trend): ['0.570', '1.290']
2026-03-26 20:56:33 | INFO | --- FORECAST DATA ---
2026-03-26 20:56:33 | INFO | Intraday Forecast (Enercast): 13.810 MW
2026-03-26 20:56:33 | INFO | Day-ahead Forecast (Enercast): 16.290 MW
2026-03-26 20:56:33 | INFO | Base Forecast (raw, before curtailment/shutdown): 12.881 MW
2026-03-26 20:56:33 | INFO | Base Forecast (used for schedule): 12.881 MW
2026-03-26 20:56:33 | INFO | Effective Base Forecast (after curtailment/shutdown): 12.881 MW
2026-03-26 20:56:33 | INFO | Base Blend Inputs: meter_ref=2.200 MW, meter_factor=1.000, meter_weight=0.080
2026-03-26 20:56:33 | INFO | Plant Status: NORMAL
2026-03-26 20:56:33 | INFO | Effective Base Forecast = Base Forecast (raw) = 12.881 MW
2026-03-26 20:56:33 | INFO | --- WEATHER PARAMETERS ---
2026-03-26 20:56:33 | INFO | GTI: 1001.0 W/m^2
2026-03-26 20:56:33 | INFO | DHI: 97.0 W/m^2
2026-03-26 20:56:33 | INFO | DNI: 0.0 W/m^2
2026-03-26 20:56:33 | INFO | Irradiance Ratio (GTI/MAX_GTI): 0.986
2026-03-26 20:56:33 | INFO | Diffuse Ratio (current): 0.097
2026-03-26 20:56:33 | INFO | Irradiance State: STABLE_CLEAR
2026-03-26 20:56:33 | INFO | Temp @ 2m: 34.12 C
2026-03-26 20:56:33 | INFO | Wind @ 10m: 4.10 m/s
2026-03-26 20:56:33 | INFO | Weather State: NORMAL
2026-03-26 20:56:33 | INFO | Dynamic Thresholds: cloud_thr=0.0933, shift_thr=0.0987
2026-03-26 20:56:33 | INFO | Multipliers: irradiance=1.15x, temp=1.00x, wind=1.03x
2026-03-26 20:56:33 | INFO | Weather Multiplier (combined): 1.18x
2026-03-26 20:56:33 | INFO | Abrupt Weather Change Detected: False
2026-03-26 20:56:33 | INFO | --- TREND ANALYSIS ---
2026-03-26 20:56:33 | INFO | Trend series (oldest -> latest):
2026-03-26 20:56:33 | INFO |   Block 53: 15.110 MW (source: INTRADAY_FALLBACK)
2026-03-26 20:56:33 | INFO |   Block 52: 16.230 MW (source: INTRADAY_FALLBACK)
2026-03-26 20:56:33 | INFO |   Block 51: 17.150 MW (source: INTRADAY_FALLBACK)
2026-03-26 20:56:33 | INFO |   Block 50: 17.940 MW (source: INTRADAY_FALLBACK)
2026-03-26 20:56:33 | INFO | Trend values used for slope calc: B53=15.110(INTRADAY_FALLBACK), B52=16.230(INTRADAY_FALLBACK), B51=17.150(INTRADAY_FALLBACK), B50=17.940(INTRADAY_FALLBACK)
2026-03-26 20:56:33 | INFO | Detected Trend Type: DECREASING
2026-03-26 20:56:33 | INFO | Trend Slope Percentage: -15.67%
2026-03-26 20:56:33 | INFO | Trend EPS Threshold: 1.50%
2026-03-26 20:56:33 | INFO | --- SCHEDULE CALCULATION ---
2026-03-26 20:56:33 | INFO | Condition Applied: CONDITION_3
2026-03-26 20:56:33 | INFO | Effective Base Forecast Used for Adjustments: 12.881 MW
2026-03-26 20:56:33 | INFO | Condition-3 (Phase-6) Applied:
2026-03-26 20:56:33 | INFO |   Forecast Mismatch: Intraday (13.810) != Day-ahead (16.290)
2026-03-26 20:56:33 | INFO |   Operation: SUBTRACT
2026-03-26 20:56:33 | INFO |   Base Adjustment %: 10.00%
2026-03-26 20:56:33 | INFO |   Irradiance Multiplier: 1.15x
2026-03-26 20:56:33 | INFO |   Temp Multiplier: 1.00x
2026-03-26 20:56:33 | INFO |   Wind Multiplier: 1.03x
2026-03-26 20:56:33 | INFO |   Weather Multiplier: 1.18x
2026-03-26 20:56:33 | INFO |   Final Adjustment %: -11.84%
2026-03-26 20:56:33 | INFO |   Calculation: 12.881 MW * (1 + -11.84% / 100)
2026-03-26 20:56:33 | INFO |   Formula (expanded): raw=12.8812*(1+-11.8450/100)=11.3554
2026-03-26 20:56:33 | INFO | --- FINAL RESULT ---
2026-03-26 20:56:33 | INFO | Raw Schedule (before smoothing): 11.355 MW
2026-03-26 20:56:33 | INFO | Final Scheduled MW: 11.355 MW
2026-03-26 20:56:33 | INFO | --------------------------------------------------------------------------------
2026-03-26 20:56:33 | INFO | --------------------------------------------------------------------------------
2026-03-26 20:56:33 | INFO | BLOCK 55
2026-03-26 20:56:33 | INFO | --------------------------------------------------------------------------------
2026-03-26 20:56:33 | INFO | --- METERED DATA ---
2026-03-26 20:56:33 | INFO | Metered Value: NOT YET AVAILABLE
2026-03-26 20:56:33 | INFO | Last Two Metered Values (for trend): ['0.570', '1.290']
2026-03-26 20:56:33 | INFO | --- FORECAST DATA ---
2026-03-26 20:56:33 | INFO | Intraday Forecast (Enercast): 14.370 MW
2026-03-26 20:56:33 | INFO | Day-ahead Forecast (Enercast): 15.770 MW
2026-03-26 20:56:33 | INFO | Base Forecast (raw, before curtailment/shutdown): 13.396 MW
2026-03-26 20:56:33 | INFO | Base Forecast (used for schedule): 13.396 MW
2026-03-26 20:56:33 | INFO | Effective Base Forecast (after curtailment/shutdown): 13.396 MW
2026-03-26 20:56:33 | INFO | Base Blend Inputs: meter_ref=2.200 MW, meter_factor=1.000, meter_weight=0.080
2026-03-26 20:56:33 | INFO | Plant Status: NORMAL
2026-03-26 20:56:33 | INFO | Effective Base Forecast = Base Forecast (raw) = 13.396 MW
2026-03-26 20:56:33 | INFO | --- WEATHER PARAMETERS ---
2026-03-26 20:56:33 | INFO | GTI: 987.0 W/m^2
2026-03-26 20:56:33 | INFO | DHI: 96.0 W/m^2
2026-03-26 20:56:33 | INFO | DNI: 0.0 W/m^2
2026-03-26 20:56:33 | INFO | Irradiance Ratio (GTI/MAX_GTI): 0.972
2026-03-26 20:56:33 | INFO | Diffuse Ratio (current): 0.097
2026-03-26 20:56:33 | INFO | Irradiance State: STABLE_CLEAR
2026-03-26 20:56:33 | INFO | Temp @ 2m: 34.27 C
2026-03-26 20:56:33 | INFO | Wind @ 10m: 4.33 m/s
2026-03-26 20:56:33 | INFO | Weather State: NORMAL
2026-03-26 20:56:33 | INFO | Dynamic Thresholds: cloud_thr=0.0933, shift_thr=0.0987
2026-03-26 20:56:33 | INFO | Multipliers: irradiance=1.15x, temp=1.00x, wind=1.03x
2026-03-26 20:56:33 | INFO | Weather Multiplier (combined): 1.18x
2026-03-26 20:56:33 | INFO | Abrupt Weather Change Detected: False
2026-03-26 20:56:33 | INFO | --- TREND ANALYSIS ---
2026-03-26 20:56:33 | INFO | Trend series (oldest -> latest):
2026-03-26 20:56:33 | INFO |   Block 54: 13.810 MW (source: INTRADAY_FALLBACK)
2026-03-26 20:56:33 | INFO |   Block 53: 15.110 MW (source: INTRADAY_FALLBACK)
2026-03-26 20:56:33 | INFO |   Block 52: 16.230 MW (source: INTRADAY_FALLBACK)
2026-03-26 20:56:33 | INFO |   Block 51: 17.150 MW (source: INTRADAY_FALLBACK)
2026-03-26 20:56:33 | INFO | Trend values used for slope calc: B54=13.810(INTRADAY_FALLBACK), B53=15.110(INTRADAY_FALLBACK), B52=16.230(INTRADAY_FALLBACK), B51=17.150(INTRADAY_FALLBACK)
2026-03-26 20:56:33 | INFO | Detected Trend Type: DECREASING
2026-03-26 20:56:33 | INFO | Trend Slope Percentage: -19.38%
2026-03-26 20:56:33 | INFO | Trend EPS Threshold: 1.50%
2026-03-26 20:56:33 | INFO | --- SCHEDULE CALCULATION ---
2026-03-26 20:56:33 | INFO | Condition Applied: CONDITION_3
2026-03-26 20:56:33 | INFO | Effective Base Forecast Used for Adjustments: 13.396 MW
2026-03-26 20:56:33 | INFO | Condition-3 (Phase-6) Applied:
2026-03-26 20:56:33 | INFO |   Forecast Mismatch: Intraday (14.370) != Day-ahead (15.770)
2026-03-26 20:56:33 | INFO |   Operation: SUBTRACT
2026-03-26 20:56:33 | INFO |   Base Adjustment %: 10.00%
2026-03-26 20:56:33 | INFO |   Irradiance Multiplier: 1.15x
2026-03-26 20:56:33 | INFO |   Temp Multiplier: 1.00x
2026-03-26 20:56:33 | INFO |   Wind Multiplier: 1.03x
2026-03-26 20:56:33 | INFO |   Weather Multiplier: 1.18x
2026-03-26 20:56:33 | INFO |   Final Adjustment %: -11.84%
2026-03-26 20:56:33 | INFO |   Calculation: 13.396 MW * (1 + -11.84% / 100)
2026-03-26 20:56:33 | INFO |   Formula (expanded): raw=13.3964*(1+-11.8450/100)=11.8096
2026-03-26 20:56:33 | INFO | --- FINAL RESULT ---
2026-03-26 20:56:33 | INFO | Raw Schedule (before smoothing): 11.810 MW
2026-03-26 20:56:33 | INFO | Final Scheduled MW: 11.810 MW
2026-03-26 20:56:33 | INFO | --------------------------------------------------------------------------------
2026-03-26 20:56:33 | INFO | --------------------------------------------------------------------------------
2026-03-26 20:56:33 | INFO | BLOCK 56
2026-03-26 20:56:33 | INFO | --------------------------------------------------------------------------------
2026-03-26 20:56:33 | INFO | --- METERED DATA ---
2026-03-26 20:56:33 | INFO | Metered Value: NOT YET AVAILABLE
2026-03-26 20:56:33 | INFO | Last Two Metered Values (for trend): ['0.570', '1.290']
2026-03-26 20:56:33 | INFO | --- FORECAST DATA ---
2026-03-26 20:56:33 | INFO | Intraday Forecast (Enercast): 14.790 MW
2026-03-26 20:56:33 | INFO | Day-ahead Forecast (Enercast): 15.210 MW
2026-03-26 20:56:33 | INFO | Base Forecast (raw, before curtailment/shutdown): 13.783 MW
2026-03-26 20:56:33 | INFO | Base Forecast (used for schedule): 13.783 MW
2026-03-26 20:56:33 | INFO | Effective Base Forecast (after curtailment/shutdown): 13.783 MW
2026-03-26 20:56:33 | INFO | Base Blend Inputs: meter_ref=2.200 MW, meter_factor=1.000, meter_weight=0.080
2026-03-26 20:56:33 | INFO | Plant Status: NORMAL
2026-03-26 20:56:33 | INFO | Effective Base Forecast = Base Forecast (raw) = 13.783 MW
2026-03-26 20:56:33 | INFO | --- WEATHER PARAMETERS ---
2026-03-26 20:56:33 | INFO | GTI: 968.0 W/m^2
2026-03-26 20:56:33 | INFO | DHI: 95.0 W/m^2
2026-03-26 20:56:33 | INFO | DNI: 0.0 W/m^2
2026-03-26 20:56:33 | INFO | Irradiance Ratio (GTI/MAX_GTI): 0.954
2026-03-26 20:56:33 | INFO | Diffuse Ratio (current): 0.098
2026-03-26 20:56:33 | INFO | Irradiance State: STABLE_CLEAR
2026-03-26 20:56:33 | INFO | Temp @ 2m: 34.37 C
2026-03-26 20:56:33 | INFO | Wind @ 10m: 4.69 m/s
2026-03-26 20:56:33 | INFO | Weather State: NORMAL
2026-03-26 20:56:33 | INFO | Dynamic Thresholds: cloud_thr=0.0933, shift_thr=0.0987
2026-03-26 20:56:33 | INFO | Multipliers: irradiance=1.15x, temp=1.00x, wind=1.03x
2026-03-26 20:56:33 | INFO | Weather Multiplier (combined): 1.18x
2026-03-26 20:56:33 | INFO | Abrupt Weather Change Detected: False
2026-03-26 20:56:33 | INFO | --- TREND ANALYSIS ---
2026-03-26 20:56:33 | INFO | Trend series (oldest -> latest):
2026-03-26 20:56:33 | INFO |   Block 55: 14.370 MW (source: INTRADAY_FALLBACK)
2026-03-26 20:56:33 | INFO |   Block 54: 13.810 MW (source: INTRADAY_FALLBACK)
2026-03-26 20:56:33 | INFO |   Block 53: 15.110 MW (source: INTRADAY_FALLBACK)
2026-03-26 20:56:33 | INFO |   Block 52: 16.230 MW (source: INTRADAY_FALLBACK)
2026-03-26 20:56:33 | INFO | Trend values used for slope calc: B55=14.370(INTRADAY_FALLBACK), B54=13.810(INTRADAY_FALLBACK), B53=15.110(INTRADAY_FALLBACK), B52=16.230(INTRADAY_FALLBACK)
2026-03-26 20:56:33 | INFO | Detected Trend Type: DECREASING
2026-03-26 20:56:33 | INFO | Trend Slope Percentage: -12.97%
2026-03-26 20:56:33 | INFO | Trend EPS Threshold: 1.50%
2026-03-26 20:56:33 | INFO | --- SCHEDULE CALCULATION ---
2026-03-26 20:56:33 | INFO | Condition Applied: CONDITION_3
2026-03-26 20:56:33 | INFO | Effective Base Forecast Used for Adjustments: 13.783 MW
2026-03-26 20:56:33 | INFO | Condition-3 (Phase-6) Applied:
2026-03-26 20:56:33 | INFO |   Forecast Mismatch: Intraday (14.790) != Day-ahead (15.210)
2026-03-26 20:56:33 | INFO |   Operation: SUBTRACT
2026-03-26 20:56:33 | INFO |   Base Adjustment %: 10.00%
2026-03-26 20:56:33 | INFO |   Irradiance Multiplier: 1.15x
2026-03-26 20:56:33 | INFO |   Temp Multiplier: 1.00x
2026-03-26 20:56:33 | INFO |   Wind Multiplier: 1.03x
2026-03-26 20:56:33 | INFO |   Weather Multiplier: 1.18x
2026-03-26 20:56:33 | INFO |   Final Adjustment %: -11.84%
2026-03-26 20:56:33 | INFO |   Calculation: 13.783 MW * (1 + -11.84% / 100)
2026-03-26 20:56:33 | INFO |   Formula (expanded): raw=13.7828*(1+-11.8450/100)=12.1502
2026-03-26 20:56:33 | INFO | --- FINAL RESULT ---
2026-03-26 20:56:33 | INFO | Raw Schedule (before smoothing): 12.150 MW
2026-03-26 20:56:33 | INFO | Final Scheduled MW: 12.150 MW
2026-03-26 20:56:33 | INFO | --------------------------------------------------------------------------------
2026-03-26 20:56:33 | INFO | --------------------------------------------------------------------------------
2026-03-26 20:56:33 | INFO | BLOCK 57
2026-03-26 20:56:33 | INFO | --------------------------------------------------------------------------------
2026-03-26 20:56:33 | INFO | --- METERED DATA ---
2026-03-26 20:56:33 | INFO | Metered Value: NOT YET AVAILABLE
2026-03-26 20:56:33 | INFO | Last Two Metered Values (for trend): ['0.570', '1.290']
2026-03-26 20:56:33 | INFO | --- FORECAST DATA ---
2026-03-26 20:56:33 | INFO | Intraday Forecast (Enercast): 15.050 MW
2026-03-26 20:56:33 | INFO | Day-ahead Forecast (Enercast): 14.550 MW
2026-03-26 20:56:33 | INFO | Base Forecast (raw, before curtailment/shutdown): 14.022 MW
2026-03-26 20:56:33 | INFO | Base Forecast (used for schedule): 14.022 MW
2026-03-26 20:56:33 | INFO | Effective Base Forecast (after curtailment/shutdown): 14.022 MW
2026-03-26 20:56:33 | INFO | Base Blend Inputs: meter_ref=2.200 MW, meter_factor=1.000, meter_weight=0.080
2026-03-26 20:56:33 | INFO | Plant Status: NORMAL
2026-03-26 20:56:33 | INFO | Effective Base Forecast = Base Forecast (raw) = 14.022 MW
2026-03-26 20:56:33 | INFO | --- WEATHER PARAMETERS ---
2026-03-26 20:56:33 | INFO | GTI: 944.0 W/m^2
2026-03-26 20:56:33 | INFO | DHI: 94.0 W/m^2
2026-03-26 20:56:33 | INFO | DNI: 0.0 W/m^2
2026-03-26 20:56:33 | INFO | Irradiance Ratio (GTI/MAX_GTI): 0.930
2026-03-26 20:56:33 | INFO | Diffuse Ratio (current): 0.100
2026-03-26 20:56:33 | INFO | Irradiance State: STABLE_CLEAR
2026-03-26 20:56:33 | INFO | Temp @ 2m: 34.47 C
2026-03-26 20:56:33 | INFO | Wind @ 10m: 4.80 m/s
2026-03-26 20:56:33 | INFO | Weather State: NORMAL
2026-03-26 20:56:33 | INFO | Dynamic Thresholds: cloud_thr=0.0933, shift_thr=0.0987
2026-03-26 20:56:33 | INFO | Multipliers: irradiance=1.15x, temp=1.00x, wind=1.03x
2026-03-26 20:56:33 | INFO | Weather Multiplier (combined): 1.18x
2026-03-26 20:56:33 | INFO | Abrupt Weather Change Detected: False
2026-03-26 20:56:33 | INFO | --- TREND ANALYSIS ---
2026-03-26 20:56:33 | INFO | Trend series (oldest -> latest):
2026-03-26 20:56:33 | INFO |   Block 56: 14.790 MW (source: INTRADAY_FALLBACK)
2026-03-26 20:56:33 | INFO |   Block 55: 14.370 MW (source: INTRADAY_FALLBACK)
2026-03-26 20:56:33 | INFO |   Block 54: 13.810 MW (source: INTRADAY_FALLBACK)
2026-03-26 20:56:33 | INFO |   Block 53: 15.110 MW (source: INTRADAY_FALLBACK)
2026-03-26 20:56:33 | INFO | Trend values used for slope calc: B56=14.790(INTRADAY_FALLBACK), B55=14.370(INTRADAY_FALLBACK), B54=13.810(INTRADAY_FALLBACK), B53=15.110(INTRADAY_FALLBACK)
2026-03-26 20:56:33 | INFO | Detected Trend Type: FLAT
2026-03-26 20:56:33 | INFO | Trend Slope Percentage: -0.82%
2026-03-26 20:56:33 | INFO | Trend EPS Threshold: 1.50%
2026-03-26 20:56:33 | INFO | --- SCHEDULE CALCULATION ---
2026-03-26 20:56:33 | INFO | Condition Applied: CONDITION_3
2026-03-26 20:56:33 | INFO | Effective Base Forecast Used for Adjustments: 14.022 MW
2026-03-26 20:56:33 | INFO | Condition-3 (Phase-6) Applied:
2026-03-26 20:56:33 | INFO |   Forecast Mismatch: Intraday (15.050) != Day-ahead (14.550)
2026-03-26 20:56:33 | INFO |   Operation: ADD
2026-03-26 20:56:33 | INFO |   Base Adjustment %: 2.50%
2026-03-26 20:56:33 | INFO |   Irradiance Multiplier: 1.15x
2026-03-26 20:56:33 | INFO |   Temp Multiplier: 1.00x
2026-03-26 20:56:33 | INFO |   Wind Multiplier: 1.03x
2026-03-26 20:56:33 | INFO |   Weather Multiplier: 1.18x
2026-03-26 20:56:33 | INFO |   Final Adjustment %: 2.96%
2026-03-26 20:56:33 | INFO |   Calculation: 14.022 MW * (1 + 2.96% / 100)
2026-03-26 20:56:33 | INFO |   Formula (expanded): raw=14.0220*(1+2.9612/100)=14.4372
2026-03-26 20:56:33 | INFO | --- FINAL RESULT ---
2026-03-26 20:56:33 | INFO | Raw Schedule (before smoothing): 14.437 MW
2026-03-26 20:56:33 | INFO | Final Scheduled MW: 14.437 MW
2026-03-26 20:56:33 | INFO | --------------------------------------------------------------------------------
2026-03-26 20:56:34 | INFO | --------------------------------------------------------------------------------
2026-03-26 20:56:34 | INFO | BLOCK 58
2026-03-26 20:56:34 | INFO | --------------------------------------------------------------------------------
2026-03-26 20:56:34 | INFO | --- METERED DATA ---
2026-03-26 20:56:34 | INFO | Metered Value: NOT YET AVAILABLE
2026-03-26 20:56:34 | INFO | Last Two Metered Values (for trend): ['0.570', '1.290']
2026-03-26 20:56:34 | INFO | --- FORECAST DATA ---
2026-03-26 20:56:34 | INFO | Intraday Forecast (Enercast): 15.170 MW
2026-03-26 20:56:34 | INFO | Day-ahead Forecast (Enercast): 13.880 MW
2026-03-26 20:56:34 | INFO | Base Forecast (raw, before curtailment/shutdown): 14.132 MW
2026-03-26 20:56:34 | INFO | Base Forecast (used for schedule): 14.132 MW
2026-03-26 20:56:34 | INFO | Effective Base Forecast (after curtailment/shutdown): 14.132 MW
2026-03-26 20:56:34 | INFO | Base Blend Inputs: meter_ref=2.200 MW, meter_factor=1.000, meter_weight=0.080
2026-03-26 20:56:34 | INFO | Plant Status: NORMAL
2026-03-26 20:56:34 | INFO | Effective Base Forecast = Base Forecast (raw) = 14.132 MW
2026-03-26 20:56:34 | INFO | --- WEATHER PARAMETERS ---
2026-03-26 20:56:34 | INFO | GTI: 916.0 W/m^2
2026-03-26 20:56:34 | INFO | DHI: 93.0 W/m^2
2026-03-26 20:56:34 | INFO | DNI: 0.0 W/m^2
2026-03-26 20:56:34 | INFO | Irradiance Ratio (GTI/MAX_GTI): 0.902
2026-03-26 20:56:34 | INFO | Diffuse Ratio (current): 0.102
2026-03-26 20:56:34 | INFO | Irradiance State: STABLE_CLEAR
2026-03-26 20:56:34 | INFO | Temp @ 2m: 34.57 C
2026-03-26 20:56:34 | INFO | Wind @ 10m: 5.24 m/s
2026-03-26 20:56:34 | INFO | Weather State: NORMAL
2026-03-26 20:56:34 | INFO | Dynamic Thresholds: cloud_thr=0.0933, shift_thr=0.0987
2026-03-26 20:56:34 | INFO | Multipliers: irradiance=1.15x, temp=1.00x, wind=1.05x
2026-03-26 20:56:34 | INFO | Weather Multiplier (combined): 1.21x
2026-03-26 20:56:34 | INFO | Abrupt Weather Change Detected: False
2026-03-26 20:56:34 | INFO | --- TREND ANALYSIS ---
2026-03-26 20:56:34 | INFO | Trend series (oldest -> latest):
2026-03-26 20:56:34 | INFO |   Block 57: 15.050 MW (source: INTRADAY_FALLBACK)
2026-03-26 20:56:34 | INFO |   Block 56: 14.790 MW (source: INTRADAY_FALLBACK)
2026-03-26 20:56:34 | INFO |   Block 55: 14.370 MW (source: INTRADAY_FALLBACK)
2026-03-26 20:56:34 | INFO |   Block 54: 13.810 MW (source: INTRADAY_FALLBACK)
2026-03-26 20:56:34 | INFO | Trend values used for slope calc: B57=15.050(INTRADAY_FALLBACK), B56=14.790(INTRADAY_FALLBACK), B55=14.370(INTRADAY_FALLBACK), B54=13.810(INTRADAY_FALLBACK)
2026-03-26 20:56:34 | INFO | Detected Trend Type: INCREASING
2026-03-26 20:56:34 | INFO | Trend Slope Percentage: 8.95%
2026-03-26 20:56:34 | INFO | Trend EPS Threshold: 1.50%
2026-03-26 20:56:34 | INFO | --- SCHEDULE CALCULATION ---
2026-03-26 20:56:34 | INFO | Condition Applied: CONDITION_3
2026-03-26 20:56:34 | INFO | Effective Base Forecast Used for Adjustments: 14.132 MW
2026-03-26 20:56:34 | INFO | Condition-3 (Phase-6) Applied:
2026-03-26 20:56:34 | INFO |   Forecast Mismatch: Intraday (15.170) != Day-ahead (13.880)
2026-03-26 20:56:34 | INFO |   Operation: ADD
2026-03-26 20:56:34 | INFO |   Base Adjustment %: 10.00%
2026-03-26 20:56:34 | INFO |   Irradiance Multiplier: 1.15x
2026-03-26 20:56:34 | INFO |   Temp Multiplier: 1.00x
2026-03-26 20:56:34 | INFO |   Wind Multiplier: 1.05x
2026-03-26 20:56:34 | INFO |   Weather Multiplier: 1.21x
2026-03-26 20:56:34 | INFO |   Final Adjustment %: 12.07%
2026-03-26 20:56:34 | INFO |   Calculation: 14.132 MW * (1 + 12.07% / 100)
2026-03-26 20:56:34 | INFO |   Formula (expanded): raw=14.1324*(1+12.0750/100)=15.8389
2026-03-26 20:56:34 | INFO | --- FINAL RESULT ---
2026-03-26 20:56:34 | INFO | Raw Schedule (before smoothing): 15.839 MW
2026-03-26 20:56:34 | INFO | Final Scheduled MW: 15.839 MW
2026-03-26 20:56:34 | INFO | --------------------------------------------------------------------------------
2026-03-26 20:56:34 | INFO | --------------------------------------------------------------------------------
2026-03-26 20:56:34 | INFO | BLOCK 59
2026-03-26 20:56:34 | INFO | --------------------------------------------------------------------------------
2026-03-26 20:56:34 | INFO | --- METERED DATA ---
2026-03-26 20:56:34 | INFO | Metered Value: NOT YET AVAILABLE
2026-03-26 20:56:34 | INFO | Last Two Metered Values (for trend): ['0.570', '1.290']
2026-03-26 20:56:34 | INFO | --- FORECAST DATA ---
2026-03-26 20:56:34 | INFO | Intraday Forecast (Enercast): 13.580 MW
2026-03-26 20:56:34 | INFO | Day-ahead Forecast (Enercast): 13.480 MW
2026-03-26 20:56:34 | INFO | Base Forecast (raw, before curtailment/shutdown): 12.670 MW
2026-03-26 20:56:34 | INFO | Base Forecast (used for schedule): 12.670 MW
2026-03-26 20:56:34 | INFO | Effective Base Forecast (after curtailment/shutdown): 12.670 MW
2026-03-26 20:56:34 | INFO | Base Blend Inputs: meter_ref=2.200 MW, meter_factor=1.000, meter_weight=0.080
2026-03-26 20:56:34 | INFO | Plant Status: NORMAL
2026-03-26 20:56:34 | INFO | Effective Base Forecast = Base Forecast (raw) = 12.670 MW
2026-03-26 20:56:34 | INFO | --- WEATHER PARAMETERS ---
2026-03-26 20:56:34 | INFO | GTI: 883.0 W/m^2
2026-03-26 20:56:34 | INFO | DHI: 91.0 W/m^2
2026-03-26 20:56:34 | INFO | DNI: 0.0 W/m^2
2026-03-26 20:56:34 | INFO | Irradiance Ratio (GTI/MAX_GTI): 0.870
2026-03-26 20:56:34 | INFO | Diffuse Ratio (current): 0.103
2026-03-26 20:56:34 | INFO | Irradiance State: STABLE_CLEAR
2026-03-26 20:56:34 | INFO | Temp @ 2m: 34.67 C
2026-03-26 20:56:34 | INFO | Wind @ 10m: 5.82 m/s
2026-03-26 20:56:34 | INFO | Weather State: NORMAL
2026-03-26 20:56:34 | INFO | Dynamic Thresholds: cloud_thr=0.0933, shift_thr=0.0987
2026-03-26 20:56:34 | INFO | Multipliers: irradiance=1.15x, temp=1.00x, wind=1.05x
2026-03-26 20:56:34 | INFO | Weather Multiplier (combined): 1.21x
2026-03-26 20:56:34 | INFO | Abrupt Weather Change Detected: False
2026-03-26 20:56:34 | INFO | --- TREND ANALYSIS ---
2026-03-26 20:56:34 | INFO | Trend series (oldest -> latest):
2026-03-26 20:56:34 | INFO |   Block 58: 15.170 MW (source: INTRADAY_FALLBACK)
2026-03-26 20:56:34 | INFO |   Block 57: 15.050 MW (source: INTRADAY_FALLBACK)
2026-03-26 20:56:34 | INFO |   Block 56: 14.790 MW (source: INTRADAY_FALLBACK)
2026-03-26 20:56:34 | INFO |   Block 55: 14.370 MW (source: INTRADAY_FALLBACK)
2026-03-26 20:56:34 | INFO | Trend values used for slope calc: B58=15.170(INTRADAY_FALLBACK), B57=15.050(INTRADAY_FALLBACK), B56=14.790(INTRADAY_FALLBACK), B55=14.370(INTRADAY_FALLBACK)
2026-03-26 20:56:34 | INFO | Detected Trend Type: INCREASING
2026-03-26 20:56:34 | INFO | Trend Slope Percentage: 5.52%
2026-03-26 20:56:34 | INFO | Trend EPS Threshold: 1.50%
2026-03-26 20:56:34 | INFO | --- SCHEDULE CALCULATION ---
2026-03-26 20:56:34 | INFO | Condition Applied: CONDITION_3
2026-03-26 20:56:34 | INFO | Effective Base Forecast Used for Adjustments: 12.670 MW
2026-03-26 20:56:34 | INFO | Condition-3 (Phase-6) Applied:
2026-03-26 20:56:34 | INFO |   Forecast Mismatch: Intraday (13.580) != Day-ahead (13.480)
2026-03-26 20:56:34 | INFO |   Operation: ADD
2026-03-26 20:56:34 | INFO |   Base Adjustment %: 7.50%
2026-03-26 20:56:34 | INFO |   Irradiance Multiplier: 1.15x
2026-03-26 20:56:34 | INFO |   Temp Multiplier: 1.00x
2026-03-26 20:56:34 | INFO |   Wind Multiplier: 1.05x
2026-03-26 20:56:34 | INFO |   Weather Multiplier: 1.21x
2026-03-26 20:56:34 | INFO |   Final Adjustment %: 9.06%
2026-03-26 20:56:34 | INFO |   Calculation: 12.670 MW * (1 + 9.06% / 100)
2026-03-26 20:56:34 | INFO |   Formula (expanded): raw=12.6696*(1+9.0563/100)=13.8170
2026-03-26 20:56:34 | INFO | --- FINAL RESULT ---
2026-03-26 20:56:34 | INFO | Raw Schedule (before smoothing): 13.817 MW
2026-03-26 20:56:34 | INFO | Final Scheduled MW: 13.817 MW
2026-03-26 20:56:34 | INFO | --------------------------------------------------------------------------------
2026-03-26 20:56:34 | INFO | --------------------------------------------------------------------------------
2026-03-26 20:56:34 | INFO | BLOCK 60
2026-03-26 20:56:34 | INFO | --------------------------------------------------------------------------------
2026-03-26 20:56:34 | INFO | --- METERED DATA ---
2026-03-26 20:56:34 | INFO | Metered Value: NOT YET AVAILABLE
2026-03-26 20:56:34 | INFO | Last Two Metered Values (for trend): ['0.570', '1.290']
2026-03-26 20:56:34 | INFO | --- FORECAST DATA ---
2026-03-26 20:56:34 | INFO | Intraday Forecast (Enercast): 11.950 MW
2026-03-26 20:56:34 | INFO | Day-ahead Forecast (Enercast): 13.040 MW
2026-03-26 20:56:34 | INFO | Base Forecast (raw, before curtailment/shutdown): 11.170 MW
2026-03-26 20:56:34 | INFO | Base Forecast (used for schedule): 11.170 MW
2026-03-26 20:56:34 | INFO | Effective Base Forecast (after curtailment/shutdown): 11.170 MW
2026-03-26 20:56:34 | INFO | Base Blend Inputs: meter_ref=2.200 MW, meter_factor=1.000, meter_weight=0.080
2026-03-26 20:56:34 | INFO | Plant Status: NORMAL
2026-03-26 20:56:34 | INFO | Effective Base Forecast = Base Forecast (raw) = 11.170 MW
2026-03-26 20:56:34 | INFO | --- WEATHER PARAMETERS ---
2026-03-26 20:56:34 | INFO | GTI: 847.0 W/m^2
2026-03-26 20:56:34 | INFO | DHI: 90.0 W/m^2
2026-03-26 20:56:34 | INFO | DNI: 0.0 W/m^2
2026-03-26 20:56:34 | INFO | Irradiance Ratio (GTI/MAX_GTI): 0.834
2026-03-26 20:56:34 | INFO | Diffuse Ratio (current): 0.106
2026-03-26 20:56:34 | INFO | Irradiance State: STABLE_CLEAR
2026-03-26 20:56:34 | INFO | Temp @ 2m: 34.77 C
2026-03-26 20:56:34 | INFO | Wind @ 10m: 6.44 m/s
2026-03-26 20:56:34 | INFO | Weather State: NORMAL
2026-03-26 20:56:34 | INFO | Dynamic Thresholds: cloud_thr=0.0933, shift_thr=0.0987
2026-03-26 20:56:34 | INFO | Multipliers: irradiance=1.15x, temp=1.00x, wind=1.05x
2026-03-26 20:56:34 | INFO | Weather Multiplier (combined): 1.21x
2026-03-26 20:56:34 | INFO | Abrupt Weather Change Detected: False
2026-03-26 20:56:34 | INFO | --- TREND ANALYSIS ---
2026-03-26 20:56:34 | INFO | Trend series (oldest -> latest):
2026-03-26 20:56:34 | INFO |   Block 59: 13.580 MW (source: INTRADAY_FALLBACK)
2026-03-26 20:56:34 | INFO |   Block 58: 15.170 MW (source: INTRADAY_FALLBACK)
2026-03-26 20:56:34 | INFO |   Block 57: 15.050 MW (source: INTRADAY_FALLBACK)
2026-03-26 20:56:34 | INFO |   Block 56: 14.790 MW (source: INTRADAY_FALLBACK)
2026-03-26 20:56:34 | INFO | Trend values used for slope calc: B59=13.580(INTRADAY_FALLBACK), B58=15.170(INTRADAY_FALLBACK), B57=15.050(INTRADAY_FALLBACK), B56=14.790(INTRADAY_FALLBACK)
2026-03-26 20:56:34 | INFO | Detected Trend Type: DECREASING
2026-03-26 20:56:34 | INFO | Trend Slope Percentage: -6.94%
2026-03-26 20:56:34 | INFO | Trend EPS Threshold: 1.50%
2026-03-26 20:56:34 | INFO | --- SCHEDULE CALCULATION ---
2026-03-26 20:56:34 | INFO | Condition Applied: CONDITION_3
2026-03-26 20:56:34 | INFO | Effective Base Forecast Used for Adjustments: 11.170 MW
2026-03-26 20:56:34 | INFO | Condition-3 (Phase-6) Applied:
2026-03-26 20:56:34 | INFO |   Forecast Mismatch: Intraday (11.950) != Day-ahead (13.040)
2026-03-26 20:56:34 | INFO |   Operation: SUBTRACT
2026-03-26 20:56:34 | INFO |   Base Adjustment %: 10.00%
2026-03-26 20:56:34 | INFO |   Irradiance Multiplier: 1.15x
2026-03-26 20:56:34 | INFO |   Temp Multiplier: 1.00x
2026-03-26 20:56:34 | INFO |   Wind Multiplier: 1.05x
2026-03-26 20:56:34 | INFO |   Weather Multiplier: 1.21x
2026-03-26 20:56:34 | INFO |   Final Adjustment %: -12.07%
2026-03-26 20:56:34 | INFO |   Calculation: 11.170 MW * (1 + -12.07% / 100)
2026-03-26 20:56:34 | INFO |   Formula (expanded): raw=11.1700*(1+-12.0750/100)=9.8212
2026-03-26 20:56:34 | INFO | --- FINAL RESULT ---
2026-03-26 20:56:34 | INFO | Raw Schedule (before smoothing): 9.821 MW
2026-03-26 20:56:34 | INFO | Final Scheduled MW: 9.821 MW
2026-03-26 20:56:34 | INFO | --------------------------------------------------------------------------------
2026-03-26 20:56:34 | INFO | --------------------------------------------------------------------------------
2026-03-26 20:56:34 | INFO | BLOCK 61
2026-03-26 20:56:34 | INFO | --------------------------------------------------------------------------------
2026-03-26 20:56:34 | INFO | --- METERED DATA ---
2026-03-26 20:56:34 | INFO | Metered Value: NOT YET AVAILABLE
2026-03-26 20:56:34 | INFO | Last Two Metered Values (for trend): ['0.570', '1.290']
2026-03-26 20:56:34 | INFO | --- FORECAST DATA ---
2026-03-26 20:56:34 | INFO | Intraday Forecast (Enercast): 10.290 MW
2026-03-26 20:56:34 | INFO | Day-ahead Forecast (Enercast): 12.520 MW
2026-03-26 20:56:34 | INFO | Base Forecast (raw, before curtailment/shutdown): 9.643 MW
2026-03-26 20:56:34 | INFO | Base Forecast (used for schedule): 9.643 MW
2026-03-26 20:56:34 | INFO | Effective Base Forecast (after curtailment/shutdown): 9.643 MW
2026-03-26 20:56:34 | INFO | Base Blend Inputs: meter_ref=2.200 MW, meter_factor=1.000, meter_weight=0.080
2026-03-26 20:56:34 | INFO | Plant Status: NORMAL
2026-03-26 20:56:34 | INFO | Effective Base Forecast = Base Forecast (raw) = 9.643 MW
2026-03-26 20:56:34 | INFO | --- WEATHER PARAMETERS ---
2026-03-26 20:56:34 | INFO | GTI: 806.0 W/m^2
2026-03-26 20:56:34 | INFO | DHI: 88.0 W/m^2
2026-03-26 20:56:34 | INFO | DNI: 0.0 W/m^2
2026-03-26 20:56:34 | INFO | Irradiance Ratio (GTI/MAX_GTI): 0.794
2026-03-26 20:56:34 | INFO | Diffuse Ratio (current): 0.109
2026-03-26 20:56:34 | INFO | Irradiance State: STABLE_CLEAR
2026-03-26 20:56:34 | INFO | Temp @ 2m: 34.87 C
2026-03-26 20:56:34 | INFO | Wind @ 10m: 7.24 m/s
2026-03-26 20:56:34 | INFO | Weather State: NORMAL
2026-03-26 20:56:34 | INFO | Dynamic Thresholds: cloud_thr=0.0933, shift_thr=0.0987
2026-03-26 20:56:34 | INFO | Multipliers: irradiance=1.15x, temp=1.00x, wind=1.05x
2026-03-26 20:56:34 | INFO | Weather Multiplier (combined): 1.21x
2026-03-26 20:56:34 | INFO | Abrupt Weather Change Detected: False
2026-03-26 20:56:34 | INFO | --- TREND ANALYSIS ---
2026-03-26 20:56:34 | INFO | Trend series (oldest -> latest):
2026-03-26 20:56:34 | INFO |   Block 60: 11.950 MW (source: INTRADAY_FALLBACK)
2026-03-26 20:56:34 | INFO |   Block 59: 13.580 MW (source: INTRADAY_FALLBACK)
2026-03-26 20:56:34 | INFO |   Block 58: 15.170 MW (source: INTRADAY_FALLBACK)
2026-03-26 20:56:34 | INFO |   Block 57: 15.050 MW (source: INTRADAY_FALLBACK)
2026-03-26 20:56:34 | INFO | Trend values used for slope calc: B60=11.950(INTRADAY_FALLBACK), B59=13.580(INTRADAY_FALLBACK), B58=15.170(INTRADAY_FALLBACK), B57=15.050(INTRADAY_FALLBACK)
2026-03-26 20:56:34 | INFO | Detected Trend Type: DECREASING
2026-03-26 20:56:34 | INFO | Trend Slope Percentage: -20.98%
2026-03-26 20:56:34 | INFO | Trend EPS Threshold: 1.50%
2026-03-26 20:56:34 | INFO | --- SCHEDULE CALCULATION ---
2026-03-26 20:56:34 | INFO | Condition Applied: CONDITION_3
2026-03-26 20:56:34 | INFO | Effective Base Forecast Used for Adjustments: 9.643 MW
2026-03-26 20:56:34 | INFO | Condition-3 (Phase-6) Applied:
2026-03-26 20:56:34 | INFO |   Forecast Mismatch: Intraday (10.290) != Day-ahead (12.520)
2026-03-26 20:56:34 | INFO |   Operation: SUBTRACT
2026-03-26 20:56:34 | INFO |   Base Adjustment %: 10.00%
2026-03-26 20:56:34 | INFO |   Irradiance Multiplier: 1.15x
2026-03-26 20:56:34 | INFO |   Temp Multiplier: 1.00x
2026-03-26 20:56:34 | INFO |   Wind Multiplier: 1.05x
2026-03-26 20:56:34 | INFO |   Weather Multiplier: 1.21x
2026-03-26 20:56:34 | INFO |   Final Adjustment %: -12.07%
2026-03-26 20:56:34 | INFO |   Calculation: 9.643 MW * (1 + -12.07% / 100)
2026-03-26 20:56:34 | INFO |   Formula (expanded): raw=9.6428*(1+-12.0750/100)=8.4784
2026-03-26 20:56:34 | INFO | --- FINAL RESULT ---
2026-03-26 20:56:34 | INFO | Raw Schedule (before smoothing): 8.478 MW
2026-03-26 20:56:34 | INFO | Final Scheduled MW: 8.478 MW
2026-03-26 20:56:34 | INFO | --------------------------------------------------------------------------------
2026-03-26 20:56:34 | INFO | --------------------------------------------------------------------------------
2026-03-26 20:56:34 | INFO | BLOCK 62
2026-03-26 20:56:34 | INFO | --------------------------------------------------------------------------------
2026-03-26 20:56:34 | INFO | --- METERED DATA ---
2026-03-26 20:56:34 | INFO | Metered Value: NOT YET AVAILABLE
2026-03-26 20:56:34 | INFO | Last Two Metered Values (for trend): ['0.570', '1.290']
2026-03-26 20:56:34 | INFO | --- FORECAST DATA ---
2026-03-26 20:56:34 | INFO | Intraday Forecast (Enercast): 8.580 MW
2026-03-26 20:56:34 | INFO | Day-ahead Forecast (Enercast): 11.910 MW
2026-03-26 20:56:34 | INFO | Base Forecast (raw, before curtailment/shutdown): 8.070 MW
2026-03-26 20:56:34 | INFO | Base Forecast (used for schedule): 8.070 MW
2026-03-26 20:56:34 | INFO | Effective Base Forecast (after curtailment/shutdown): 8.070 MW
2026-03-26 20:56:34 | INFO | Base Blend Inputs: meter_ref=2.200 MW, meter_factor=1.000, meter_weight=0.080
2026-03-26 20:56:34 | INFO | Plant Status: NORMAL
2026-03-26 20:56:34 | INFO | Effective Base Forecast = Base Forecast (raw) = 8.070 MW
2026-03-26 20:56:34 | INFO | --- WEATHER PARAMETERS ---
2026-03-26 20:56:34 | INFO | GTI: 761.0 W/m^2
2026-03-26 20:56:34 | INFO | DHI: 86.0 W/m^2
2026-03-26 20:56:34 | INFO | DNI: 0.0 W/m^2
2026-03-26 20:56:34 | INFO | Irradiance Ratio (GTI/MAX_GTI): 0.750
2026-03-26 20:56:34 | INFO | Diffuse Ratio (current): 0.113
2026-03-26 20:56:34 | INFO | Irradiance State: VARIABLE_CLEAR
2026-03-26 20:56:34 | INFO | Temp @ 2m: 34.97 C
2026-03-26 20:56:34 | INFO | Wind @ 10m: 7.90 m/s
2026-03-26 20:56:34 | INFO | Weather State: NORMAL
2026-03-26 20:56:34 | INFO | Dynamic Thresholds: cloud_thr=0.0933, shift_thr=0.0987
2026-03-26 20:56:34 | INFO | Multipliers: irradiance=1.00x, temp=1.00x, wind=1.05x
2026-03-26 20:56:34 | INFO | Weather Multiplier (combined): 1.05x
2026-03-26 20:56:34 | INFO | Abrupt Weather Change Detected: False
2026-03-26 20:56:34 | INFO | --- TREND ANALYSIS ---
2026-03-26 20:56:34 | INFO | Trend series (oldest -> latest):
2026-03-26 20:56:34 | INFO |   Block 61: 10.290 MW (source: INTRADAY_FALLBACK)
2026-03-26 20:56:34 | INFO |   Block 60: 11.950 MW (source: INTRADAY_FALLBACK)
2026-03-26 20:56:34 | INFO |   Block 59: 13.580 MW (source: INTRADAY_FALLBACK)
2026-03-26 20:56:34 | INFO |   Block 58: 15.170 MW (source: INTRADAY_FALLBACK)
2026-03-26 20:56:34 | INFO | Trend values used for slope calc: B61=10.290(INTRADAY_FALLBACK), B60=11.950(INTRADAY_FALLBACK), B59=13.580(INTRADAY_FALLBACK), B58=15.170(INTRADAY_FALLBACK)
2026-03-26 20:56:34 | INFO | Detected Trend Type: DECREASING
2026-03-26 20:56:34 | INFO | Trend Slope Percentage: -32.14%
2026-03-26 20:56:34 | INFO | Trend EPS Threshold: 1.50%
2026-03-26 20:56:34 | INFO | --- SCHEDULE CALCULATION ---
2026-03-26 20:56:34 | INFO | Condition Applied: CONDITION_3
2026-03-26 20:56:34 | INFO | Effective Base Forecast Used for Adjustments: 8.070 MW
2026-03-26 20:56:34 | INFO | Condition-3 (Phase-6) Applied:
2026-03-26 20:56:34 | INFO |   Forecast Mismatch: Intraday (8.580) != Day-ahead (11.910)
2026-03-26 20:56:34 | INFO |   Operation: SUBTRACT
2026-03-26 20:56:34 | INFO |   Base Adjustment %: 10.00%
2026-03-26 20:56:34 | INFO |   Irradiance Multiplier: 1.00x
2026-03-26 20:56:34 | INFO |   Temp Multiplier: 1.00x
2026-03-26 20:56:34 | INFO |   Wind Multiplier: 1.05x
2026-03-26 20:56:34 | INFO |   Weather Multiplier: 1.05x
2026-03-26 20:56:34 | INFO |   Final Adjustment %: -10.50%
2026-03-26 20:56:34 | INFO |   Calculation: 8.070 MW * (1 + -10.50% / 100)
2026-03-26 20:56:34 | INFO |   Formula (expanded): raw=8.0696*(1+-10.5000/100)=7.2223
2026-03-26 20:56:34 | INFO | --- FINAL RESULT ---
2026-03-26 20:56:34 | INFO | Raw Schedule (before smoothing): 7.222 MW
2026-03-26 20:56:34 | INFO | Final Scheduled MW: 7.222 MW
2026-03-26 20:56:34 | INFO | --------------------------------------------------------------------------------
2026-03-26 20:56:34 | INFO | --------------------------------------------------------------------------------
2026-03-26 20:56:34 | INFO | BLOCK 63
2026-03-26 20:56:34 | INFO | --------------------------------------------------------------------------------
2026-03-26 20:56:34 | INFO | --- METERED DATA ---
2026-03-26 20:56:34 | INFO | Metered Value: NOT YET AVAILABLE
2026-03-26 20:56:34 | INFO | Last Two Metered Values (for trend): ['0.570', '1.290']
2026-03-26 20:56:34 | INFO | --- FORECAST DATA ---
2026-03-26 20:56:34 | INFO | Intraday Forecast (Enercast): 8.280 MW
2026-03-26 20:56:34 | INFO | Day-ahead Forecast (Enercast): 10.890 MW
2026-03-26 20:56:34 | INFO | Base Forecast (raw, before curtailment/shutdown): 7.794 MW
2026-03-26 20:56:34 | INFO | Base Forecast (used for schedule): 7.794 MW
2026-03-26 20:56:34 | INFO | Effective Base Forecast (after curtailment/shutdown): 7.794 MW
2026-03-26 20:56:34 | INFO | Base Blend Inputs: meter_ref=2.200 MW, meter_factor=1.000, meter_weight=0.080
2026-03-26 20:56:34 | INFO | Plant Status: NORMAL
2026-03-26 20:56:34 | INFO | Effective Base Forecast = Base Forecast (raw) = 7.794 MW
2026-03-26 20:56:34 | INFO | --- WEATHER PARAMETERS ---
2026-03-26 20:56:34 | INFO | GTI: 714.0 W/m^2
2026-03-26 20:56:34 | INFO | DHI: 84.0 W/m^2
2026-03-26 20:56:34 | INFO | DNI: 0.0 W/m^2
2026-03-26 20:56:34 | INFO | Irradiance Ratio (GTI/MAX_GTI): 0.703
2026-03-26 20:56:34 | INFO | Diffuse Ratio (current): 0.118
2026-03-26 20:56:34 | INFO | Irradiance State: VARIABLE_CLEAR
2026-03-26 20:56:34 | INFO | Temp @ 2m: 35.07 C
2026-03-26 20:56:34 | INFO | Wind @ 10m: 8.71 m/s
2026-03-26 20:56:34 | INFO | Weather State: NORMAL
2026-03-26 20:56:34 | INFO | Dynamic Thresholds: cloud_thr=0.0933, shift_thr=0.0987
2026-03-26 20:56:34 | INFO | Multipliers: irradiance=1.00x, temp=0.97x, wind=1.05x
2026-03-26 20:56:34 | INFO | Weather Multiplier (combined): 1.02x
2026-03-26 20:56:34 | INFO | Abrupt Weather Change Detected: False
2026-03-26 20:56:34 | INFO | --- TREND ANALYSIS ---
2026-03-26 20:56:34 | INFO | Trend series (oldest -> latest):
2026-03-26 20:56:34 | INFO |   Block 62: 8.580 MW (source: INTRADAY_FALLBACK)
2026-03-26 20:56:34 | INFO |   Block 61: 10.290 MW (source: INTRADAY_FALLBACK)
2026-03-26 20:56:34 | INFO |   Block 60: 11.950 MW (source: INTRADAY_FALLBACK)
2026-03-26 20:56:34 | INFO |   Block 59: 13.580 MW (source: INTRADAY_FALLBACK)
2026-03-26 20:56:34 | INFO | Trend values used for slope calc: B62=8.580(INTRADAY_FALLBACK), B61=10.290(INTRADAY_FALLBACK), B60=11.950(INTRADAY_FALLBACK), B59=13.580(INTRADAY_FALLBACK)
2026-03-26 20:56:34 | INFO | Detected Trend Type: DECREASING
2026-03-26 20:56:34 | INFO | Trend Slope Percentage: -36.75%
2026-03-26 20:56:34 | INFO | Trend EPS Threshold: 1.50%
2026-03-26 20:56:34 | INFO | --- SCHEDULE CALCULATION ---
2026-03-26 20:56:34 | INFO | Condition Applied: CONDITION_3
2026-03-26 20:56:34 | INFO | Effective Base Forecast Used for Adjustments: 7.794 MW
2026-03-26 20:56:34 | INFO | Condition-3 (Phase-6) Applied:
2026-03-26 20:56:34 | INFO |   Forecast Mismatch: Intraday (8.280) != Day-ahead (10.890)
2026-03-26 20:56:34 | INFO |   Operation: SUBTRACT
2026-03-26 20:56:34 | INFO |   Base Adjustment %: 10.00%
2026-03-26 20:56:34 | INFO |   Irradiance Multiplier: 1.00x
2026-03-26 20:56:34 | INFO |   Temp Multiplier: 0.97x
2026-03-26 20:56:34 | INFO |   Wind Multiplier: 1.05x
2026-03-26 20:56:34 | INFO |   Weather Multiplier: 1.02x
2026-03-26 20:56:34 | INFO |   Final Adjustment %: -10.18%
2026-03-26 20:56:34 | INFO |   Calculation: 7.794 MW * (1 + -10.18% / 100)
2026-03-26 20:56:34 | INFO |   Formula (expanded): raw=7.7936*(1+-10.1850/100)=6.9998
2026-03-26 20:56:34 | INFO | --- FINAL RESULT ---
2026-03-26 20:56:34 | INFO | Raw Schedule (before smoothing): 7.000 MW
2026-03-26 20:56:34 | INFO | Final Scheduled MW: 7.000 MW
2026-03-26 20:56:34 | INFO | --------------------------------------------------------------------------------
2026-03-26 20:56:34 | INFO | --------------------------------------------------------------------------------
2026-03-26 20:56:34 | INFO | BLOCK 64
2026-03-26 20:56:34 | INFO | --------------------------------------------------------------------------------
2026-03-26 20:56:34 | INFO | --- METERED DATA ---
2026-03-26 20:56:34 | INFO | Metered Value: NOT YET AVAILABLE
2026-03-26 20:56:34 | INFO | Last Two Metered Values (for trend): ['0.570', '1.290']
2026-03-26 20:56:34 | INFO | --- FORECAST DATA ---
2026-03-26 20:56:34 | INFO | Intraday Forecast (Enercast): 7.900 MW
2026-03-26 20:56:34 | INFO | Day-ahead Forecast (Enercast): 9.830 MW
2026-03-26 20:56:34 | INFO | Base Forecast (raw, before curtailment/shutdown): 7.444 MW
2026-03-26 20:56:34 | INFO | Base Forecast (used for schedule): 7.444 MW
2026-03-26 20:56:34 | INFO | Effective Base Forecast (after curtailment/shutdown): 7.444 MW
2026-03-26 20:56:34 | INFO | Base Blend Inputs: meter_ref=2.200 MW, meter_factor=1.000, meter_weight=0.080
2026-03-26 20:56:34 | INFO | Plant Status: NORMAL
2026-03-26 20:56:34 | INFO | Effective Base Forecast = Base Forecast (raw) = 7.444 MW
2026-03-26 20:56:34 | INFO | --- WEATHER PARAMETERS ---
2026-03-26 20:56:34 | INFO | GTI: 663.0 W/m^2
2026-03-26 20:56:34 | INFO | DHI: 81.0 W/m^2
2026-03-26 20:56:34 | INFO | DNI: 0.0 W/m^2
2026-03-26 20:56:34 | INFO | Irradiance Ratio (GTI/MAX_GTI): 0.653
2026-03-26 20:56:34 | INFO | Diffuse Ratio (current): 0.122
2026-03-26 20:56:34 | INFO | Irradiance State: VARIABLE_CLEAR
2026-03-26 20:56:34 | INFO | Temp @ 2m: 35.17 C
2026-03-26 20:56:34 | INFO | Wind @ 10m: 9.51 m/s
2026-03-26 20:56:34 | INFO | Weather State: NORMAL
2026-03-26 20:56:34 | INFO | Dynamic Thresholds: cloud_thr=0.0933, shift_thr=0.0987
2026-03-26 20:56:34 | INFO | Multipliers: irradiance=1.00x, temp=0.97x, wind=1.05x
2026-03-26 20:56:34 | INFO | Weather Multiplier (combined): 1.02x
2026-03-26 20:56:34 | INFO | Abrupt Weather Change Detected: False
2026-03-26 20:56:34 | INFO | --- TREND ANALYSIS ---
2026-03-26 20:56:34 | INFO | Trend series (oldest -> latest):
2026-03-26 20:56:34 | INFO |   Block 63: 8.280 MW (source: INTRADAY_FALLBACK)
2026-03-26 20:56:34 | INFO |   Block 62: 8.580 MW (source: INTRADAY_FALLBACK)
2026-03-26 20:56:34 | INFO |   Block 61: 10.290 MW (source: INTRADAY_FALLBACK)
2026-03-26 20:56:34 | INFO |   Block 60: 11.950 MW (source: INTRADAY_FALLBACK)
2026-03-26 20:56:34 | INFO | Trend values used for slope calc: B63=8.280(INTRADAY_FALLBACK), B62=8.580(INTRADAY_FALLBACK), B61=10.290(INTRADAY_FALLBACK), B60=11.950(INTRADAY_FALLBACK)
2026-03-26 20:56:34 | INFO | Detected Trend Type: DECREASING
2026-03-26 20:56:34 | INFO | Trend Slope Percentage: -32.66%
2026-03-26 20:56:34 | INFO | Trend EPS Threshold: 1.50%
2026-03-26 20:56:34 | INFO | --- SCHEDULE CALCULATION ---
2026-03-26 20:56:34 | INFO | Condition Applied: CONDITION_3
2026-03-26 20:56:34 | INFO | Effective Base Forecast Used for Adjustments: 7.444 MW
2026-03-26 20:56:34 | INFO | Condition-3 (Phase-6) Applied:
2026-03-26 20:56:34 | INFO |   Forecast Mismatch: Intraday (7.900) != Day-ahead (9.830)
2026-03-26 20:56:34 | INFO |   Operation: SUBTRACT
2026-03-26 20:56:34 | INFO |   Base Adjustment %: 10.00%
2026-03-26 20:56:34 | INFO |   Irradiance Multiplier: 1.00x
2026-03-26 20:56:34 | INFO |   Temp Multiplier: 0.97x
2026-03-26 20:56:34 | INFO |   Wind Multiplier: 1.05x
2026-03-26 20:56:34 | INFO |   Weather Multiplier: 1.02x
2026-03-26 20:56:34 | INFO |   Final Adjustment %: -10.18%
2026-03-26 20:56:34 | INFO |   Calculation: 7.444 MW * (1 + -10.18% / 100)
2026-03-26 20:56:34 | INFO |   Formula (expanded): raw=7.4440*(1+-10.1850/100)=6.6858
2026-03-26 20:56:34 | INFO | --- FINAL RESULT ---
2026-03-26 20:56:34 | INFO | Raw Schedule (before smoothing): 6.686 MW
2026-03-26 20:56:34 | INFO | Final Scheduled MW: 6.686 MW
2026-03-26 20:56:34 | INFO | --------------------------------------------------------------------------------
2026-03-26 20:56:34 | INFO | --------------------------------------------------------------------------------
2026-03-26 20:56:34 | INFO | BLOCK 65
2026-03-26 20:56:34 | INFO | --------------------------------------------------------------------------------
2026-03-26 20:56:34 | INFO | --- METERED DATA ---
2026-03-26 20:56:34 | INFO | Metered Value: NOT YET AVAILABLE
2026-03-26 20:56:34 | INFO | Last Two Metered Values (for trend): ['0.570', '1.290']
2026-03-26 20:56:34 | INFO | --- FORECAST DATA ---
2026-03-26 20:56:34 | INFO | Intraday Forecast (Enercast): 7.390 MW
2026-03-26 20:56:34 | INFO | Day-ahead Forecast (Enercast): 8.700 MW
2026-03-26 20:56:34 | INFO | Base Forecast (raw, before curtailment/shutdown): 6.975 MW
2026-03-26 20:56:34 | INFO | Base Forecast (used for schedule): 6.975 MW
2026-03-26 20:56:34 | INFO | Effective Base Forecast (after curtailment/shutdown): 6.975 MW
2026-03-26 20:56:34 | INFO | Base Blend Inputs: meter_ref=2.200 MW, meter_factor=1.000, meter_weight=0.080
2026-03-26 20:56:34 | INFO | Plant Status: NORMAL
2026-03-26 20:56:34 | INFO | Effective Base Forecast = Base Forecast (raw) = 6.975 MW
2026-03-26 20:56:34 | INFO | --- WEATHER PARAMETERS ---
2026-03-26 20:56:34 | INFO | GTI: 608.0 W/m^2
2026-03-26 20:56:34 | INFO | DHI: 79.0 W/m^2
2026-03-26 20:56:34 | INFO | DNI: 0.0 W/m^2
2026-03-26 20:56:34 | INFO | Irradiance Ratio (GTI/MAX_GTI): 0.599
2026-03-26 20:56:34 | INFO | Diffuse Ratio (current): 0.130
2026-03-26 20:56:34 | INFO | Irradiance State: VARIABLE_CLEAR
2026-03-26 20:56:34 | INFO | Temp @ 2m: 35.27 C
2026-03-26 20:56:34 | INFO | Wind @ 10m: 10.00 m/s
2026-03-26 20:56:34 | INFO | Weather State: NORMAL
2026-03-26 20:56:34 | INFO | Dynamic Thresholds: cloud_thr=0.0933, shift_thr=0.0987
2026-03-26 20:56:34 | INFO | Multipliers: irradiance=1.00x, temp=0.97x, wind=1.05x
2026-03-26 20:56:34 | INFO | Weather Multiplier (combined): 1.02x
2026-03-26 20:56:34 | INFO | Abrupt Weather Change Detected: False
2026-03-26 20:56:34 | INFO | --- TREND ANALYSIS ---
2026-03-26 20:56:34 | INFO | Trend series (oldest -> latest):
2026-03-26 20:56:34 | INFO |   Block 64: 7.900 MW (source: INTRADAY_FALLBACK)
2026-03-26 20:56:34 | INFO |   Block 63: 8.280 MW (source: INTRADAY_FALLBACK)
2026-03-26 20:56:34 | INFO |   Block 62: 8.580 MW (source: INTRADAY_FALLBACK)
2026-03-26 20:56:34 | INFO |   Block 61: 10.290 MW (source: INTRADAY_FALLBACK)
2026-03-26 20:56:34 | INFO | Trend values used for slope calc: B64=7.900(INTRADAY_FALLBACK), B63=8.280(INTRADAY_FALLBACK), B62=8.580(INTRADAY_FALLBACK), B61=10.290(INTRADAY_FALLBACK)
2026-03-26 20:56:34 | INFO | Detected Trend Type: DECREASING
2026-03-26 20:56:34 | INFO | Trend Slope Percentage: -22.68%
2026-03-26 20:56:34 | INFO | Trend EPS Threshold: 1.50%
2026-03-26 20:56:34 | INFO | --- SCHEDULE CALCULATION ---
2026-03-26 20:56:34 | INFO | Condition Applied: CONDITION_3
2026-03-26 20:56:34 | INFO | Effective Base Forecast Used for Adjustments: 6.975 MW
2026-03-26 20:56:34 | INFO | Condition-3 (Phase-6) Applied:
2026-03-26 20:56:34 | INFO |   Forecast Mismatch: Intraday (7.390) != Day-ahead (8.700)
2026-03-26 20:56:34 | INFO |   Operation: SUBTRACT
2026-03-26 20:56:34 | INFO |   Base Adjustment %: 10.00%
2026-03-26 20:56:34 | INFO |   Irradiance Multiplier: 1.00x
2026-03-26 20:56:34 | INFO |   Temp Multiplier: 0.97x
2026-03-26 20:56:34 | INFO |   Wind Multiplier: 1.05x
2026-03-26 20:56:34 | INFO |   Weather Multiplier: 1.02x
2026-03-26 20:56:34 | INFO |   Final Adjustment %: -10.18%
2026-03-26 20:56:34 | INFO |   Calculation: 6.975 MW * (1 + -10.18% / 100)
2026-03-26 20:56:34 | INFO |   Formula (expanded): raw=6.9748*(1+-10.1850/100)=6.2644
2026-03-26 20:56:34 | INFO | --- FINAL RESULT ---
2026-03-26 20:56:34 | INFO | Raw Schedule (before smoothing): 6.264 MW
2026-03-26 20:56:34 | INFO | Final Scheduled MW: 6.264 MW
2026-03-26 20:56:34 | INFO | --------------------------------------------------------------------------------
2026-03-26 20:56:34 | INFO | --------------------------------------------------------------------------------
2026-03-26 20:56:34 | INFO | BLOCK 66
2026-03-26 20:56:34 | INFO | --------------------------------------------------------------------------------
2026-03-26 20:56:34 | INFO | --- METERED DATA ---
2026-03-26 20:56:34 | INFO | Metered Value: NOT YET AVAILABLE
2026-03-26 20:56:34 | INFO | Last Two Metered Values (for trend): ['0.570', '1.290']
2026-03-26 20:56:34 | INFO | --- FORECAST DATA ---
2026-03-26 20:56:34 | INFO | Intraday Forecast (Enercast): 6.740 MW
2026-03-26 20:56:34 | INFO | Day-ahead Forecast (Enercast): 7.470 MW
2026-03-26 20:56:34 | INFO | Base Forecast (raw, before curtailment/shutdown): 6.377 MW
2026-03-26 20:56:34 | INFO | Base Forecast (used for schedule): 6.377 MW
2026-03-26 20:56:34 | INFO | Effective Base Forecast (after curtailment/shutdown): 6.377 MW
2026-03-26 20:56:34 | INFO | Base Blend Inputs: meter_ref=2.200 MW, meter_factor=1.000, meter_weight=0.080
2026-03-26 20:56:34 | INFO | Plant Status: NORMAL
2026-03-26 20:56:34 | INFO | Effective Base Forecast = Base Forecast (raw) = 6.377 MW
2026-03-26 20:56:34 | INFO | --- WEATHER PARAMETERS ---
2026-03-26 20:56:34 | INFO | GTI: 551.0 W/m^2
2026-03-26 20:56:34 | INFO | DHI: 76.0 W/m^2
2026-03-26 20:56:34 | INFO | DNI: 0.0 W/m^2
2026-03-26 20:56:34 | INFO | Irradiance Ratio (GTI/MAX_GTI): 0.543
2026-03-26 20:56:34 | INFO | Diffuse Ratio (current): 0.138
2026-03-26 20:56:34 | INFO | Irradiance State: VARIABLE_CLEAR
2026-03-26 20:56:34 | INFO | Temp @ 2m: 35.37 C
2026-03-26 20:56:34 | INFO | Wind @ 10m: 10.63 m/s
2026-03-26 20:56:34 | INFO | Weather State: NORMAL
2026-03-26 20:56:34 | INFO | Dynamic Thresholds: cloud_thr=0.0933, shift_thr=0.0987
2026-03-26 20:56:34 | INFO | Multipliers: irradiance=1.00x, temp=0.97x, wind=1.05x
2026-03-26 20:56:34 | INFO | Weather Multiplier (combined): 1.02x
2026-03-26 20:56:34 | INFO | Abrupt Weather Change Detected: False
2026-03-26 20:56:34 | INFO | --- TREND ANALYSIS ---
2026-03-26 20:56:34 | INFO | Trend series (oldest -> latest):
2026-03-26 20:56:34 | INFO |   Block 65: 7.390 MW (source: INTRADAY_FALLBACK)
2026-03-26 20:56:34 | INFO |   Block 64: 7.900 MW (source: INTRADAY_FALLBACK)
2026-03-26 20:56:34 | INFO |   Block 63: 8.280 MW (source: INTRADAY_FALLBACK)
2026-03-26 20:56:34 | INFO |   Block 62: 8.580 MW (source: INTRADAY_FALLBACK)
2026-03-26 20:56:34 | INFO | Trend values used for slope calc: B65=7.390(INTRADAY_FALLBACK), B64=7.900(INTRADAY_FALLBACK), B63=8.280(INTRADAY_FALLBACK), B62=8.580(INTRADAY_FALLBACK)
2026-03-26 20:56:34 | INFO | Detected Trend Type: DECREASING
2026-03-26 20:56:34 | INFO | Trend Slope Percentage: -13.73%
2026-03-26 20:56:34 | INFO | Trend EPS Threshold: 1.50%
2026-03-26 20:56:34 | INFO | --- SCHEDULE CALCULATION ---
2026-03-26 20:56:34 | INFO | Condition Applied: CONDITION_3
2026-03-26 20:56:34 | INFO | Effective Base Forecast Used for Adjustments: 6.377 MW
2026-03-26 20:56:34 | INFO | Condition-3 (Phase-6) Applied:
2026-03-26 20:56:34 | INFO |   Forecast Mismatch: Intraday (6.740) != Day-ahead (7.470)
2026-03-26 20:56:34 | INFO |   Operation: SUBTRACT
2026-03-26 20:56:34 | INFO |   Base Adjustment %: 10.00%
2026-03-26 20:56:34 | INFO |   Irradiance Multiplier: 1.00x
2026-03-26 20:56:34 | INFO |   Temp Multiplier: 0.97x
2026-03-26 20:56:34 | INFO |   Wind Multiplier: 1.05x
2026-03-26 20:56:34 | INFO |   Weather Multiplier: 1.02x
2026-03-26 20:56:34 | INFO |   Final Adjustment %: -10.18%
2026-03-26 20:56:34 | INFO |   Calculation: 6.377 MW * (1 + -10.18% / 100)
2026-03-26 20:56:34 | INFO |   Formula (expanded): raw=6.3768*(1+-10.1850/100)=5.7273
2026-03-26 20:56:34 | INFO | --- FINAL RESULT ---
2026-03-26 20:56:34 | INFO | Raw Schedule (before smoothing): 5.727 MW
2026-03-26 20:56:34 | INFO | Final Scheduled MW: 5.727 MW
2026-03-26 20:56:34 | INFO | --------------------------------------------------------------------------------
2026-03-26 20:56:34 | INFO | --------------------------------------------------------------------------------
2026-03-26 20:56:34 | INFO | BLOCK 67
2026-03-26 20:56:34 | INFO | --------------------------------------------------------------------------------
2026-03-26 20:56:34 | INFO | --- METERED DATA ---
2026-03-26 20:56:34 | INFO | Metered Value: NOT YET AVAILABLE
2026-03-26 20:56:34 | INFO | Last Two Metered Values (for trend): ['0.570', '1.290']
2026-03-26 20:56:34 | INFO | --- FORECAST DATA ---
2026-03-26 20:56:34 | INFO | Intraday Forecast (Enercast): 5.930 MW
2026-03-26 20:56:34 | INFO | Day-ahead Forecast (Enercast): 6.450 MW
2026-03-26 20:56:34 | INFO | Base Forecast (raw, before curtailment/shutdown): 5.632 MW
2026-03-26 20:56:34 | INFO | Base Forecast (used for schedule): 5.632 MW
2026-03-26 20:56:34 | INFO | Effective Base Forecast (after curtailment/shutdown): 5.632 MW
2026-03-26 20:56:34 | INFO | Base Blend Inputs: meter_ref=2.200 MW, meter_factor=1.000, meter_weight=0.080
2026-03-26 20:56:34 | INFO | Plant Status: NORMAL
2026-03-26 20:56:34 | INFO | Effective Base Forecast = Base Forecast (raw) = 5.632 MW
2026-03-26 20:56:34 | INFO | --- WEATHER PARAMETERS ---
2026-03-26 20:56:34 | INFO | GTI: 492.0 W/m^2
2026-03-26 20:56:34 | INFO | DHI: 73.0 W/m^2
2026-03-26 20:56:34 | INFO | DNI: 0.0 W/m^2
2026-03-26 20:56:34 | INFO | Irradiance Ratio (GTI/MAX_GTI): 0.485
2026-03-26 20:56:34 | INFO | Diffuse Ratio (current): 0.148
2026-03-26 20:56:34 | INFO | Irradiance State: VARIABLE_CLEAR
2026-03-26 20:56:34 | INFO | Temp @ 2m: 35.37 C
2026-03-26 20:56:34 | INFO | Wind @ 10m: 11.12 m/s
2026-03-26 20:56:34 | INFO | Weather State: NORMAL
2026-03-26 20:56:34 | INFO | Dynamic Thresholds: cloud_thr=0.0933, shift_thr=0.0987
2026-03-26 20:56:34 | INFO | Multipliers: irradiance=1.00x, temp=0.97x, wind=1.05x
2026-03-26 20:56:34 | INFO | Weather Multiplier (combined): 1.02x
2026-03-26 20:56:34 | INFO | Abrupt Weather Change Detected: False
2026-03-26 20:56:34 | INFO | --- TREND ANALYSIS ---
2026-03-26 20:56:34 | INFO | Trend series (oldest -> latest):
2026-03-26 20:56:34 | INFO |   Block 66: 6.740 MW (source: INTRADAY_FALLBACK)
2026-03-26 20:56:34 | INFO |   Block 65: 7.390 MW (source: INTRADAY_FALLBACK)
2026-03-26 20:56:34 | INFO |   Block 64: 7.900 MW (source: INTRADAY_FALLBACK)
2026-03-26 20:56:34 | INFO |   Block 63: 8.280 MW (source: INTRADAY_FALLBACK)
2026-03-26 20:56:34 | INFO | Trend values used for slope calc: B66=6.740(INTRADAY_FALLBACK), B65=7.390(INTRADAY_FALLBACK), B64=7.900(INTRADAY_FALLBACK), B63=8.280(INTRADAY_FALLBACK)
2026-03-26 20:56:34 | INFO | Detected Trend Type: DECREASING
2026-03-26 20:56:34 | INFO | Trend Slope Percentage: -18.44%
2026-03-26 20:56:34 | INFO | Trend EPS Threshold: 1.50%
2026-03-26 20:56:34 | INFO | --- SCHEDULE CALCULATION ---
2026-03-26 20:56:34 | INFO | Condition Applied: CONDITION_3
2026-03-26 20:56:34 | INFO | Effective Base Forecast Used for Adjustments: 5.632 MW
2026-03-26 20:56:34 | INFO | Condition-3 (Phase-6) Applied:
2026-03-26 20:56:34 | INFO |   Forecast Mismatch: Intraday (5.930) != Day-ahead (6.450)
2026-03-26 20:56:34 | INFO |   Operation: SUBTRACT
2026-03-26 20:56:34 | INFO |   Base Adjustment %: 10.00%
2026-03-26 20:56:34 | INFO |   Irradiance Multiplier: 1.00x
2026-03-26 20:56:34 | INFO |   Temp Multiplier: 0.97x
2026-03-26 20:56:34 | INFO |   Wind Multiplier: 1.05x
2026-03-26 20:56:34 | INFO |   Weather Multiplier: 1.02x
2026-03-26 20:56:34 | INFO |   Final Adjustment %: -10.18%
2026-03-26 20:56:34 | INFO |   Calculation: 5.632 MW * (1 + -10.18% / 100)
2026-03-26 20:56:34 | INFO |   Formula (expanded): raw=5.6316*(1+-10.1850/100)=5.0580
2026-03-26 20:56:34 | INFO | --- FINAL RESULT ---
2026-03-26 20:56:34 | INFO | Raw Schedule (before smoothing): 5.058 MW
2026-03-26 20:56:34 | INFO | Final Scheduled MW: 5.058 MW
2026-03-26 20:56:34 | INFO | --------------------------------------------------------------------------------
2026-03-26 20:56:34 | INFO | --------------------------------------------------------------------------------
2026-03-26 20:56:34 | INFO | BLOCK 68
2026-03-26 20:56:34 | INFO | --------------------------------------------------------------------------------
2026-03-26 20:56:34 | INFO | --- METERED DATA ---
2026-03-26 20:56:34 | INFO | Metered Value: NOT YET AVAILABLE
2026-03-26 20:56:34 | INFO | Last Two Metered Values (for trend): ['0.570', '1.290']
2026-03-26 20:56:34 | INFO | --- FORECAST DATA ---
2026-03-26 20:56:34 | INFO | Intraday Forecast (Enercast): 5.130 MW
2026-03-26 20:56:34 | INFO | Day-ahead Forecast (Enercast): 5.440 MW
2026-03-26 20:56:34 | INFO | Base Forecast (raw, before curtailment/shutdown): 4.896 MW
2026-03-26 20:56:34 | INFO | Base Forecast (used for schedule): 4.896 MW
2026-03-26 20:56:34 | INFO | Effective Base Forecast (after curtailment/shutdown): 4.896 MW
2026-03-26 20:56:34 | INFO | Base Blend Inputs: meter_ref=2.200 MW, meter_factor=1.000, meter_weight=0.080
2026-03-26 20:56:34 | INFO | Plant Status: NORMAL
2026-03-26 20:56:34 | INFO | Effective Base Forecast = Base Forecast (raw) = 4.896 MW
2026-03-26 20:56:34 | INFO | --- WEATHER PARAMETERS ---
2026-03-26 20:56:34 | INFO | GTI: 432.0 W/m^2
2026-03-26 20:56:34 | INFO | DHI: 69.0 W/m^2
2026-03-26 20:56:34 | INFO | DNI: 0.0 W/m^2
2026-03-26 20:56:34 | INFO | Irradiance Ratio (GTI/MAX_GTI): 0.426
2026-03-26 20:56:34 | INFO | Diffuse Ratio (current): 0.160
2026-03-26 20:56:34 | INFO | Irradiance State: CLOUD_TRANSIENT
2026-03-26 20:56:34 | INFO | Temp @ 2m: 35.32 C
2026-03-26 20:56:34 | INFO | Wind @ 10m: 11.44 m/s
2026-03-26 20:56:34 | INFO | Weather State: NORMAL
2026-03-26 20:56:34 | INFO | Dynamic Thresholds: cloud_thr=0.0933, shift_thr=0.0987
2026-03-26 20:56:34 | INFO | Multipliers: irradiance=0.70x, temp=0.97x, wind=1.05x
2026-03-26 20:56:34 | INFO | Weather Multiplier (combined): 0.71x
2026-03-26 20:56:34 | INFO | Abrupt Weather Change Detected: False
2026-03-26 20:56:34 | INFO | --- TREND ANALYSIS ---
2026-03-26 20:56:34 | INFO | Trend series (oldest -> latest):
2026-03-26 20:56:34 | INFO |   Block 67: 5.930 MW (source: INTRADAY_FALLBACK)
2026-03-26 20:56:34 | INFO |   Block 66: 6.740 MW (source: INTRADAY_FALLBACK)
2026-03-26 20:56:34 | INFO |   Block 65: 7.390 MW (source: INTRADAY_FALLBACK)
2026-03-26 20:56:34 | INFO |   Block 64: 7.900 MW (source: INTRADAY_FALLBACK)
2026-03-26 20:56:34 | INFO | Trend values used for slope calc: B67=5.930(INTRADAY_FALLBACK), B66=6.740(INTRADAY_FALLBACK), B65=7.390(INTRADAY_FALLBACK), B64=7.900(INTRADAY_FALLBACK)
2026-03-26 20:56:34 | INFO | Detected Trend Type: DECREASING
2026-03-26 20:56:34 | INFO | Trend Slope Percentage: -24.68%
2026-03-26 20:56:34 | INFO | Trend EPS Threshold: 1.50%
2026-03-26 20:56:34 | INFO | --- SCHEDULE CALCULATION ---
2026-03-26 20:56:34 | INFO | Condition Applied: CONDITION_3
2026-03-26 20:56:34 | INFO | Effective Base Forecast Used for Adjustments: 4.896 MW
2026-03-26 20:56:34 | INFO | Condition-3 (Phase-6) Applied:
2026-03-26 20:56:34 | INFO |   Forecast Mismatch: Intraday (5.130) != Day-ahead (5.440)
2026-03-26 20:56:34 | INFO |   Operation: SUBTRACT
2026-03-26 20:56:34 | INFO |   Base Adjustment %: 10.00%
2026-03-26 20:56:34 | INFO |   Irradiance Multiplier: 0.70x
2026-03-26 20:56:34 | INFO |   Temp Multiplier: 0.97x
2026-03-26 20:56:34 | INFO |   Wind Multiplier: 1.05x
2026-03-26 20:56:34 | INFO |   Weather Multiplier: 0.71x
2026-03-26 20:56:34 | INFO |   Final Adjustment %: -7.13%
2026-03-26 20:56:34 | INFO |   Calculation: 4.896 MW * (1 + -7.13% / 100)
2026-03-26 20:56:34 | INFO |   Formula (expanded): raw=4.8956*(1+-7.1295/100)=4.5466
2026-03-26 20:56:34 | INFO | --- FINAL RESULT ---
2026-03-26 20:56:34 | INFO | Raw Schedule (before smoothing): 4.547 MW
2026-03-26 20:56:34 | INFO | Final Scheduled MW: 4.547 MW
2026-03-26 20:56:34 | INFO | --------------------------------------------------------------------------------
2026-03-26 20:56:34 | INFO | --------------------------------------------------------------------------------
2026-03-26 20:56:34 | INFO | BLOCK 69
2026-03-26 20:56:34 | INFO | --------------------------------------------------------------------------------
2026-03-26 20:56:34 | INFO | --- METERED DATA ---
2026-03-26 20:56:34 | INFO | Metered Value: NOT YET AVAILABLE
2026-03-26 20:56:34 | INFO | Last Two Metered Values (for trend): ['0.570', '1.290']
2026-03-26 20:56:34 | INFO | --- FORECAST DATA ---
2026-03-26 20:56:34 | INFO | Intraday Forecast (Enercast): 4.310 MW
2026-03-26 20:56:34 | INFO | Day-ahead Forecast (Enercast): 4.450 MW
2026-03-26 20:56:34 | INFO | Base Forecast (raw, before curtailment/shutdown): 4.141 MW
2026-03-26 20:56:34 | INFO | Base Forecast (used for schedule): 4.141 MW
2026-03-26 20:56:34 | INFO | Effective Base Forecast (after curtailment/shutdown): 4.141 MW
2026-03-26 20:56:34 | INFO | Base Blend Inputs: meter_ref=2.200 MW, meter_factor=1.000, meter_weight=0.080
2026-03-26 20:56:34 | INFO | Plant Status: NORMAL
2026-03-26 20:56:34 | INFO | Effective Base Forecast = Base Forecast (raw) = 4.141 MW
2026-03-26 20:56:34 | INFO | --- WEATHER PARAMETERS ---
2026-03-26 20:56:34 | INFO | GTI: 369.0 W/m^2
2026-03-26 20:56:34 | INFO | DHI: 65.0 W/m^2
2026-03-26 20:56:34 | INFO | DNI: 0.0 W/m^2
2026-03-26 20:56:34 | INFO | Irradiance Ratio (GTI/MAX_GTI): 0.364
2026-03-26 20:56:34 | INFO | Diffuse Ratio (current): 0.176
2026-03-26 20:56:34 | INFO | Irradiance State: CLOUD_TRANSIENT
2026-03-26 20:56:34 | INFO | Temp @ 2m: 35.22 C
2026-03-26 20:56:34 | INFO | Wind @ 10m: 11.75 m/s
2026-03-26 20:56:34 | INFO | Weather State: NORMAL
2026-03-26 20:56:34 | INFO | Dynamic Thresholds: cloud_thr=0.0933, shift_thr=0.0987
2026-03-26 20:56:34 | INFO | Multipliers: irradiance=0.70x, temp=0.97x, wind=1.05x
2026-03-26 20:56:34 | INFO | Weather Multiplier (combined): 0.71x
2026-03-26 20:56:34 | INFO | Abrupt Weather Change Detected: False
2026-03-26 20:56:34 | INFO | --- TREND ANALYSIS ---
2026-03-26 20:56:34 | INFO | Trend series (oldest -> latest):
2026-03-26 20:56:34 | INFO |   Block 68: 5.130 MW (source: INTRADAY_FALLBACK)
2026-03-26 20:56:34 | INFO |   Block 67: 5.930 MW (source: INTRADAY_FALLBACK)
2026-03-26 20:56:34 | INFO |   Block 66: 6.740 MW (source: INTRADAY_FALLBACK)
2026-03-26 20:56:34 | INFO |   Block 65: 7.390 MW (source: INTRADAY_FALLBACK)
2026-03-26 20:56:34 | INFO | Trend values used for slope calc: B68=5.130(INTRADAY_FALLBACK), B67=5.930(INTRADAY_FALLBACK), B66=6.740(INTRADAY_FALLBACK), B65=7.390(INTRADAY_FALLBACK)
2026-03-26 20:56:34 | INFO | Detected Trend Type: DECREASING
2026-03-26 20:56:34 | INFO | Trend Slope Percentage: -30.62%
2026-03-26 20:56:34 | INFO | Trend EPS Threshold: 1.50%
2026-03-26 20:56:34 | INFO | --- SCHEDULE CALCULATION ---
2026-03-26 20:56:34 | INFO | Condition Applied: CONDITION_3
2026-03-26 20:56:34 | INFO | Effective Base Forecast Used for Adjustments: 4.141 MW
2026-03-26 20:56:34 | INFO | Condition-3 (Phase-6) Applied:
2026-03-26 20:56:34 | INFO |   Forecast Mismatch: Intraday (4.310) != Day-ahead (4.450)
2026-03-26 20:56:34 | INFO |   Operation: SUBTRACT
2026-03-26 20:56:34 | INFO |   Base Adjustment %: 10.00%
2026-03-26 20:56:34 | INFO |   Irradiance Multiplier: 0.70x
2026-03-26 20:56:34 | INFO |   Temp Multiplier: 0.97x
2026-03-26 20:56:34 | INFO |   Wind Multiplier: 1.05x
2026-03-26 20:56:34 | INFO |   Weather Multiplier: 0.71x
2026-03-26 20:56:34 | INFO |   Final Adjustment %: -7.13%
2026-03-26 20:56:34 | INFO |   Calculation: 4.141 MW * (1 + -7.13% / 100)
2026-03-26 20:56:34 | INFO |   Formula (expanded): raw=4.1412*(1+-7.1295/100)=3.8460
2026-03-26 20:56:34 | INFO | --- FINAL RESULT ---
2026-03-26 20:56:34 | INFO | Raw Schedule (before smoothing): 3.846 MW
2026-03-26 20:56:34 | INFO | Final Scheduled MW: 3.846 MW
2026-03-26 20:56:34 | INFO | --------------------------------------------------------------------------------
2026-03-26 20:56:34 | INFO | --------------------------------------------------------------------------------
2026-03-26 20:56:34 | INFO | BLOCK 70
2026-03-26 20:56:34 | INFO | --------------------------------------------------------------------------------
2026-03-26 20:56:34 | INFO | --- METERED DATA ---
2026-03-26 20:56:34 | INFO | Metered Value: NOT YET AVAILABLE
2026-03-26 20:56:34 | INFO | Last Two Metered Values (for trend): ['0.570', '1.290']
2026-03-26 20:56:34 | INFO | --- FORECAST DATA ---
2026-03-26 20:56:34 | INFO | Intraday Forecast (Enercast): 3.470 MW
2026-03-26 20:56:34 | INFO | Day-ahead Forecast (Enercast): 3.500 MW
2026-03-26 20:56:34 | INFO | Base Forecast (raw, before curtailment/shutdown): 3.368 MW
2026-03-26 20:56:34 | INFO | Base Forecast (used for schedule): 3.368 MW
2026-03-26 20:56:34 | INFO | Effective Base Forecast (after curtailment/shutdown): 3.368 MW
2026-03-26 20:56:34 | INFO | Base Blend Inputs: meter_ref=2.200 MW, meter_factor=1.000, meter_weight=0.080
2026-03-26 20:56:34 | INFO | Plant Status: NORMAL
2026-03-26 20:56:34 | INFO | Effective Base Forecast = Base Forecast (raw) = 3.368 MW
2026-03-26 20:56:34 | INFO | --- WEATHER PARAMETERS ---
2026-03-26 20:56:34 | INFO | GTI: 302.0 W/m^2
2026-03-26 20:56:34 | INFO | DHI: 60.0 W/m^2
2026-03-26 20:56:34 | INFO | DNI: 0.0 W/m^2
2026-03-26 20:56:34 | INFO | Irradiance Ratio (GTI/MAX_GTI): 0.298
2026-03-26 20:56:34 | INFO | Diffuse Ratio (current): 0.199
2026-03-26 20:56:34 | INFO | Irradiance State: CLOUD_TRANSIENT
2026-03-26 20:56:34 | INFO | Temp @ 2m: 35.12 C
2026-03-26 20:56:34 | INFO | Wind @ 10m: 12.07 m/s
2026-03-26 20:56:34 | INFO | Weather State: NORMAL
2026-03-26 20:56:34 | INFO | Dynamic Thresholds: cloud_thr=0.0933, shift_thr=0.0987
2026-03-26 20:56:34 | INFO | Multipliers: irradiance=0.70x, temp=0.97x, wind=1.05x
2026-03-26 20:56:34 | INFO | Weather Multiplier (combined): 0.71x
2026-03-26 20:56:34 | INFO | Abrupt Weather Change Detected: False
2026-03-26 20:56:34 | INFO | --- TREND ANALYSIS ---
2026-03-26 20:56:34 | INFO | Trend series (oldest -> latest):
2026-03-26 20:56:34 | INFO |   Block 69: 4.310 MW (source: INTRADAY_FALLBACK)
2026-03-26 20:56:34 | INFO |   Block 68: 5.130 MW (source: INTRADAY_FALLBACK)
2026-03-26 20:56:34 | INFO |   Block 67: 5.930 MW (source: INTRADAY_FALLBACK)
2026-03-26 20:56:34 | INFO |   Block 66: 6.740 MW (source: INTRADAY_FALLBACK)
2026-03-26 20:56:34 | INFO | Trend values used for slope calc: B69=4.310(INTRADAY_FALLBACK), B68=5.130(INTRADAY_FALLBACK), B67=5.930(INTRADAY_FALLBACK), B66=6.740(INTRADAY_FALLBACK)
2026-03-26 20:56:34 | INFO | Detected Trend Type: DECREASING
2026-03-26 20:56:34 | INFO | Trend Slope Percentage: -36.00%
2026-03-26 20:56:34 | INFO | Trend EPS Threshold: 1.50%
2026-03-26 20:56:34 | INFO | --- SCHEDULE CALCULATION ---
2026-03-26 20:56:34 | INFO | Condition Applied: CONDITION_3
2026-03-26 20:56:34 | INFO | Effective Base Forecast Used for Adjustments: 3.368 MW
2026-03-26 20:56:34 | INFO | Condition-3 (Phase-6) Applied:
2026-03-26 20:56:34 | INFO |   Forecast Mismatch: Intraday (3.470) != Day-ahead (3.500)
2026-03-26 20:56:34 | INFO |   Operation: SUBTRACT
2026-03-26 20:56:34 | INFO |   Base Adjustment %: 10.00%
2026-03-26 20:56:34 | INFO |   Irradiance Multiplier: 0.70x
2026-03-26 20:56:34 | INFO |   Temp Multiplier: 0.97x
2026-03-26 20:56:34 | INFO |   Wind Multiplier: 1.05x
2026-03-26 20:56:34 | INFO |   Weather Multiplier: 0.71x
2026-03-26 20:56:34 | INFO |   Final Adjustment %: -7.13%
2026-03-26 20:56:34 | INFO |   Calculation: 3.368 MW * (1 + -7.13% / 100)
2026-03-26 20:56:34 | INFO |   Formula (expanded): raw=3.3684*(1+-7.1295/100)=3.1282
2026-03-26 20:56:34 | INFO | --- FINAL RESULT ---
2026-03-26 20:56:34 | INFO | Raw Schedule (before smoothing): 3.128 MW
2026-03-26 20:56:34 | INFO | Final Scheduled MW: 3.128 MW
2026-03-26 20:56:34 | INFO | --------------------------------------------------------------------------------
2026-03-26 20:56:34 | INFO | --------------------------------------------------------------------------------
2026-03-26 20:56:34 | INFO | BLOCK 71
2026-03-26 20:56:34 | INFO | --------------------------------------------------------------------------------
2026-03-26 20:56:34 | INFO | --- METERED DATA ---
2026-03-26 20:56:34 | INFO | Metered Value: NOT YET AVAILABLE
2026-03-26 20:56:34 | INFO | Last Two Metered Values (for trend): ['0.570', '1.290']
2026-03-26 20:56:34 | INFO | --- FORECAST DATA ---
2026-03-26 20:56:34 | INFO | Intraday Forecast (Enercast): 2.480 MW
2026-03-26 20:56:34 | INFO | Day-ahead Forecast (Enercast): 2.630 MW
2026-03-26 20:56:34 | INFO | Base Forecast (raw, before curtailment/shutdown): 2.458 MW
2026-03-26 20:56:34 | INFO | Base Forecast (used for schedule): 2.458 MW
2026-03-26 20:56:34 | INFO | Effective Base Forecast (after curtailment/shutdown): 2.458 MW
2026-03-26 20:56:34 | INFO | Base Blend Inputs: meter_ref=2.200 MW, meter_factor=1.000, meter_weight=0.080
2026-03-26 20:56:34 | INFO | Plant Status: NORMAL
2026-03-26 20:56:34 | INFO | Effective Base Forecast = Base Forecast (raw) = 2.458 MW
2026-03-26 20:56:34 | INFO | --- WEATHER PARAMETERS ---
2026-03-26 20:56:34 | INFO | GTI: 232.0 W/m^2
2026-03-26 20:56:34 | INFO | DHI: 54.0 W/m^2
2026-03-26 20:56:34 | INFO | DNI: 0.0 W/m^2
2026-03-26 20:56:34 | INFO | Irradiance Ratio (GTI/MAX_GTI): 0.229
2026-03-26 20:56:34 | INFO | Diffuse Ratio (current): 0.233
2026-03-26 20:56:34 | INFO | Irradiance State: CLOUD_TRANSIENT
2026-03-26 20:56:34 | INFO | Temp @ 2m: 34.97 C
2026-03-26 20:56:34 | INFO | Wind @ 10m: 12.24 m/s
2026-03-26 20:56:34 | INFO | Weather State: NORMAL
2026-03-26 20:56:34 | INFO | Dynamic Thresholds: cloud_thr=0.0933, shift_thr=0.0987
2026-03-26 20:56:34 | INFO | Multipliers: irradiance=0.70x, temp=1.00x, wind=1.05x
2026-03-26 20:56:34 | INFO | Weather Multiplier (combined): 0.73x
2026-03-26 20:56:34 | INFO | Abrupt Weather Change Detected: False
2026-03-26 20:56:34 | INFO | --- TREND ANALYSIS ---
2026-03-26 20:56:34 | INFO | Trend series (oldest -> latest):
2026-03-26 20:56:34 | INFO |   Block 70: 3.470 MW (source: INTRADAY_FALLBACK)
2026-03-26 20:56:34 | INFO |   Block 69: 4.310 MW (source: INTRADAY_FALLBACK)
2026-03-26 20:56:34 | INFO |   Block 68: 5.130 MW (source: INTRADAY_FALLBACK)
2026-03-26 20:56:34 | INFO |   Block 67: 5.930 MW (source: INTRADAY_FALLBACK)
2026-03-26 20:56:34 | INFO | Trend values used for slope calc: B70=3.470(INTRADAY_FALLBACK), B69=4.310(INTRADAY_FALLBACK), B68=5.130(INTRADAY_FALLBACK), B67=5.930(INTRADAY_FALLBACK)
2026-03-26 20:56:34 | INFO | Detected Trend Type: DECREASING
2026-03-26 20:56:34 | INFO | Trend Slope Percentage: -41.41%
2026-03-26 20:56:34 | INFO | Trend EPS Threshold: 1.50%
2026-03-26 20:56:34 | INFO | --- SCHEDULE CALCULATION ---
2026-03-26 20:56:34 | INFO | Condition Applied: CONDITION_3
2026-03-26 20:56:34 | INFO | Effective Base Forecast Used for Adjustments: 2.458 MW
2026-03-26 20:56:34 | INFO | Condition-3 (Phase-6) Applied:
2026-03-26 20:56:34 | INFO |   Forecast Mismatch: Intraday (2.480) != Day-ahead (2.630)
2026-03-26 20:56:34 | INFO |   Operation: SUBTRACT
2026-03-26 20:56:34 | INFO |   Base Adjustment %: 10.00%
2026-03-26 20:56:34 | INFO |   Irradiance Multiplier: 0.70x
2026-03-26 20:56:34 | INFO |   Temp Multiplier: 1.00x
2026-03-26 20:56:34 | INFO |   Wind Multiplier: 1.05x
2026-03-26 20:56:34 | INFO |   Weather Multiplier: 0.73x
2026-03-26 20:56:34 | INFO |   Final Adjustment %: -7.35%
2026-03-26 20:56:34 | INFO |   Calculation: 2.458 MW * (1 + -7.35% / 100)
2026-03-26 20:56:34 | INFO |   Formula (expanded): raw=2.4576*(1+-7.3500/100)=2.2770
2026-03-26 20:56:34 | INFO | --- FINAL RESULT ---
2026-03-26 20:56:34 | INFO | Raw Schedule (before smoothing): 2.277 MW
2026-03-26 20:56:34 | INFO | Final Scheduled MW: 2.277 MW
2026-03-26 20:56:34 | INFO | --------------------------------------------------------------------------------
2026-03-26 20:56:34 | INFO | --------------------------------------------------------------------------------
2026-03-26 20:56:34 | INFO | BLOCK 72
2026-03-26 20:56:34 | INFO | --------------------------------------------------------------------------------
2026-03-26 20:56:34 | INFO | --- METERED DATA ---
2026-03-26 20:56:34 | INFO | Metered Value: NOT YET AVAILABLE
2026-03-26 20:56:34 | INFO | Last Two Metered Values (for trend): ['0.570', '1.290']
2026-03-26 20:56:34 | INFO | --- FORECAST DATA ---
2026-03-26 20:56:34 | INFO | Intraday Forecast (Enercast): 1.630 MW
2026-03-26 20:56:34 | INFO | Day-ahead Forecast (Enercast): 1.780 MW
2026-03-26 20:56:34 | INFO | Base Forecast (raw, before curtailment/shutdown): 1.676 MW
2026-03-26 20:56:34 | INFO | Base Forecast (used for schedule): 1.676 MW
2026-03-26 20:56:34 | INFO | Effective Base Forecast (after curtailment/shutdown): 1.676 MW
2026-03-26 20:56:34 | INFO | Base Blend Inputs: meter_ref=2.200 MW, meter_factor=1.000, meter_weight=0.080
2026-03-26 20:56:34 | INFO | Plant Status: NORMAL
2026-03-26 20:56:34 | INFO | Effective Base Forecast = Base Forecast (raw) = 1.676 MW
2026-03-26 20:56:34 | INFO | --- WEATHER PARAMETERS ---
2026-03-26 20:56:34 | INFO | GTI: 168.0 W/m^2
2026-03-26 20:56:34 | INFO | DHI: 46.0 W/m^2
2026-03-26 20:56:34 | INFO | DNI: 0.0 W/m^2
2026-03-26 20:56:34 | INFO | Irradiance Ratio (GTI/MAX_GTI): 0.166
2026-03-26 20:56:34 | INFO | Diffuse Ratio (current): 0.274
2026-03-26 20:56:34 | INFO | Irradiance State: OVERCAST
2026-03-26 20:56:34 | INFO | Temp @ 2m: 34.77 C
2026-03-26 20:56:34 | INFO | Wind @ 10m: 12.41 m/s
2026-03-26 20:56:34 | INFO | Weather State: NORMAL
2026-03-26 20:56:34 | INFO | Dynamic Thresholds: cloud_thr=0.0933, shift_thr=0.0987
2026-03-26 20:56:34 | INFO | Multipliers: irradiance=0.55x, temp=1.00x, wind=1.05x
2026-03-26 20:56:34 | INFO | Weather Multiplier (combined): 0.58x
2026-03-26 20:56:34 | INFO | Abrupt Weather Change Detected: False
2026-03-26 20:56:34 | INFO | --- TREND ANALYSIS ---
2026-03-26 20:56:34 | INFO | Trend series (oldest -> latest):
2026-03-26 20:56:34 | INFO |   Block 71: 2.480 MW (source: INTRADAY_FALLBACK)
2026-03-26 20:56:34 | INFO |   Block 70: 3.470 MW (source: INTRADAY_FALLBACK)
2026-03-26 20:56:34 | INFO |   Block 69: 4.310 MW (source: INTRADAY_FALLBACK)
2026-03-26 20:56:34 | INFO |   Block 68: 5.130 MW (source: INTRADAY_FALLBACK)
2026-03-26 20:56:34 | INFO | Trend values used for slope calc: B71=2.480(INTRADAY_FALLBACK), B70=3.470(INTRADAY_FALLBACK), B69=4.310(INTRADAY_FALLBACK), B68=5.130(INTRADAY_FALLBACK)
2026-03-26 20:56:34 | INFO | Detected Trend Type: DECREASING
2026-03-26 20:56:34 | INFO | Trend Slope Percentage: -51.05%
2026-03-26 20:56:34 | INFO | Trend EPS Threshold: 1.50%
2026-03-26 20:56:34 | INFO | --- SCHEDULE CALCULATION ---
2026-03-26 20:56:34 | INFO | Condition Applied: CONDITION_3
2026-03-26 20:56:34 | INFO | Effective Base Forecast Used for Adjustments: 1.676 MW
2026-03-26 20:56:34 | INFO | Condition-3 (Phase-6) Applied:
2026-03-26 20:56:34 | INFO |   Forecast Mismatch: Intraday (1.630) != Day-ahead (1.780)
2026-03-26 20:56:34 | INFO |   Operation: SUBTRACT
2026-03-26 20:56:34 | INFO |   Base Adjustment %: 10.00%
2026-03-26 20:56:34 | INFO |   Irradiance Multiplier: 0.55x
2026-03-26 20:56:34 | INFO |   Temp Multiplier: 1.00x
2026-03-26 20:56:34 | INFO |   Wind Multiplier: 1.05x
2026-03-26 20:56:34 | INFO |   Weather Multiplier: 0.58x
2026-03-26 20:56:34 | INFO |   Final Adjustment %: -5.78%
2026-03-26 20:56:34 | INFO |   Calculation: 1.676 MW * (1 + -5.78% / 100)
2026-03-26 20:56:34 | INFO |   Formula (expanded): raw=1.6756*(1+-5.7750/100)=1.5788
2026-03-26 20:56:34 | INFO | --- FINAL RESULT ---
2026-03-26 20:56:34 | INFO | Raw Schedule (before smoothing): 1.579 MW
2026-03-26 20:56:34 | INFO | Final Scheduled MW: 1.579 MW
2026-03-26 20:56:34 | INFO | --------------------------------------------------------------------------------
2026-03-26 20:56:34 | INFO | Low GTI ratio (0.112) -> base_forecast damped by 0.85
2026-03-26 20:56:34 | INFO | --------------------------------------------------------------------------------
2026-03-26 20:56:34 | INFO | BLOCK 73
2026-03-26 20:56:34 | INFO | --------------------------------------------------------------------------------
2026-03-26 20:56:34 | INFO | --- METERED DATA ---
2026-03-26 20:56:34 | INFO | Metered Value: NOT YET AVAILABLE
2026-03-26 20:56:34 | INFO | Last Two Metered Values (for trend): ['0.570', '1.290']
2026-03-26 20:56:34 | INFO | --- FORECAST DATA ---
2026-03-26 20:56:34 | INFO | Intraday Forecast (Enercast): 0.890 MW
2026-03-26 20:56:34 | INFO | Day-ahead Forecast (Enercast): 1.000 MW
2026-03-26 20:56:34 | INFO | Base Forecast (raw, before curtailment/shutdown): 0.995 MW
2026-03-26 20:56:34 | INFO | Base Forecast (used for schedule): 0.846 MW
2026-03-26 20:56:34 | INFO | Effective Base Forecast (after curtailment/shutdown): 0.846 MW
2026-03-26 20:56:34 | INFO | Base Blend Inputs: meter_ref=2.200 MW, meter_factor=1.000, meter_weight=0.080
2026-03-26 20:56:34 | INFO | Plant Status: NORMAL
2026-03-26 20:56:34 | INFO | Effective Base Forecast = Base Forecast (raw) = 0.846 MW
2026-03-26 20:56:34 | INFO | --- WEATHER PARAMETERS ---
2026-03-26 20:56:34 | INFO | GTI: 114.0 W/m^2
2026-03-26 20:56:34 | INFO | DHI: 36.0 W/m^2
2026-03-26 20:56:34 | INFO | DNI: 0.0 W/m^2
2026-03-26 20:56:34 | INFO | Irradiance Ratio (GTI/MAX_GTI): 0.112
2026-03-26 20:56:34 | INFO | Diffuse Ratio (current): 0.316
2026-03-26 20:56:34 | INFO | Irradiance State: OVERCAST
2026-03-26 20:56:34 | INFO | Temp @ 2m: 34.57 C
2026-03-26 20:56:34 | INFO | Wind @ 10m: 12.78 m/s
2026-03-26 20:56:34 | INFO | Weather State: NORMAL
2026-03-26 20:56:34 | INFO | Dynamic Thresholds: cloud_thr=0.0933, shift_thr=0.0987
2026-03-26 20:56:34 | INFO | Multipliers: irradiance=0.55x, temp=1.00x, wind=1.05x
2026-03-26 20:56:34 | INFO | Weather Multiplier (combined): 0.58x
2026-03-26 20:56:34 | INFO | Abrupt Weather Change Detected: False
2026-03-26 20:56:34 | INFO | --- TREND ANALYSIS ---
2026-03-26 20:56:34 | INFO | Trend series (oldest -> latest):
2026-03-26 20:56:34 | INFO |   Block 72: 1.630 MW (source: INTRADAY_FALLBACK)
2026-03-26 20:56:34 | INFO |   Block 71: 2.480 MW (source: INTRADAY_FALLBACK)
2026-03-26 20:56:34 | INFO |   Block 70: 3.470 MW (source: INTRADAY_FALLBACK)
2026-03-26 20:56:34 | INFO |   Block 69: 4.310 MW (source: INTRADAY_FALLBACK)
2026-03-26 20:56:34 | INFO | Trend values used for slope calc: B72=1.630(INTRADAY_FALLBACK), B71=2.480(INTRADAY_FALLBACK), B70=3.470(INTRADAY_FALLBACK), B69=4.310(INTRADAY_FALLBACK)
2026-03-26 20:56:34 | INFO | Detected Trend Type: DECREASING
2026-03-26 20:56:34 | INFO | Trend Slope Percentage: -62.61%
2026-03-26 20:56:34 | INFO | Trend EPS Threshold: 1.50%
2026-03-26 20:56:34 | INFO | --- SCHEDULE CALCULATION ---
2026-03-26 20:56:34 | INFO | Condition Applied: CONDITION_3
2026-03-26 20:56:34 | INFO | Effective Base Forecast Used for Adjustments: 0.846 MW
2026-03-26 20:56:34 | INFO | Condition-3 (Phase-6) Applied:
2026-03-26 20:56:34 | INFO |   Forecast Mismatch: Intraday (0.890) != Day-ahead (1.000)
2026-03-26 20:56:34 | INFO |   Operation: SUBTRACT
2026-03-26 20:56:34 | INFO |   Base Adjustment %: 10.00%
2026-03-26 20:56:34 | INFO |   Irradiance Multiplier: 0.55x
2026-03-26 20:56:34 | INFO |   Temp Multiplier: 1.00x
2026-03-26 20:56:34 | INFO |   Wind Multiplier: 1.05x
2026-03-26 20:56:34 | INFO |   Weather Multiplier: 1.00x
2026-03-26 20:56:34 | INFO |   Final Adjustment %: -10.00%
2026-03-26 20:56:34 | INFO |   Calculation: 0.846 MW * (1 + -10.00% / 100)
2026-03-26 20:56:34 | INFO |   Formula (expanded): raw=0.8456*(1+-10.0000/100)=0.7610
2026-03-26 20:56:34 | INFO | --- FINAL RESULT ---
2026-03-26 20:56:34 | INFO | Raw Schedule (before smoothing): 0.761 MW
2026-03-26 20:56:34 | INFO | Final Scheduled MW: 0.761 MW
2026-03-26 20:56:34 | INFO | --------------------------------------------------------------------------------
2026-03-26 20:56:34 | INFO | Low GTI ratio (0.068) -> base_forecast damped by 0.85
2026-03-26 20:56:34 | INFO | --------------------------------------------------------------------------------
2026-03-26 20:56:34 | INFO | BLOCK 74
2026-03-26 20:56:34 | INFO | --------------------------------------------------------------------------------
2026-03-26 20:56:34 | INFO | --- METERED DATA ---
2026-03-26 20:56:34 | INFO | Metered Value: NOT YET AVAILABLE
2026-03-26 20:56:34 | INFO | Last Two Metered Values (for trend): ['0.570', '1.290']
2026-03-26 20:56:34 | INFO | --- FORECAST DATA ---
2026-03-26 20:56:34 | INFO | Intraday Forecast (Enercast): 0.210 MW
2026-03-26 20:56:34 | INFO | Day-ahead Forecast (Enercast): 0.250 MW
2026-03-26 20:56:34 | INFO | Base Forecast (raw, before curtailment/shutdown): 0.369 MW
2026-03-26 20:56:34 | INFO | Base Forecast (used for schedule): 0.314 MW
2026-03-26 20:56:34 | INFO | Effective Base Forecast (after curtailment/shutdown): 0.314 MW
2026-03-26 20:56:34 | INFO | Base Blend Inputs: meter_ref=2.200 MW, meter_factor=1.000, meter_weight=0.080
2026-03-26 20:56:34 | INFO | Plant Status: NORMAL
2026-03-26 20:56:34 | INFO | Effective Base Forecast = Base Forecast (raw) = 0.314 MW
2026-03-26 20:56:34 | INFO | --- WEATHER PARAMETERS ---
2026-03-26 20:56:34 | INFO | GTI: 69.0 W/m^2
2026-03-26 20:56:34 | INFO | DHI: 24.0 W/m^2
2026-03-26 20:56:34 | INFO | DNI: 0.0 W/m^2
2026-03-26 20:56:34 | INFO | Irradiance Ratio (GTI/MAX_GTI): 0.068
2026-03-26 20:56:34 | INFO | Diffuse Ratio (current): 0.348
2026-03-26 20:56:34 | INFO | Irradiance State: OVERCAST
2026-03-26 20:56:34 | INFO | Temp @ 2m: 34.37 C
2026-03-26 20:56:34 | INFO | Wind @ 10m: 13.18 m/s
2026-03-26 20:56:34 | INFO | Weather State: NORMAL
2026-03-26 20:56:34 | INFO | Dynamic Thresholds: cloud_thr=0.0933, shift_thr=0.0987
2026-03-26 20:56:34 | INFO | Multipliers: irradiance=0.55x, temp=1.00x, wind=1.05x
2026-03-26 20:56:34 | INFO | Weather Multiplier (combined): 0.58x
2026-03-26 20:56:34 | INFO | Abrupt Weather Change Detected: False
2026-03-26 20:56:34 | INFO | --- TREND ANALYSIS ---
2026-03-26 20:56:34 | INFO | Trend series (oldest -> latest):
2026-03-26 20:56:34 | INFO |   Block 73: 0.890 MW (source: INTRADAY_FALLBACK)
2026-03-26 20:56:34 | INFO |   Block 72: 1.630 MW (source: INTRADAY_FALLBACK)
2026-03-26 20:56:34 | INFO |   Block 71: 2.480 MW (source: INTRADAY_FALLBACK)
2026-03-26 20:56:34 | INFO |   Block 70: 3.470 MW (source: INTRADAY_FALLBACK)
2026-03-26 20:56:34 | INFO | Trend values used for slope calc: B73=0.890(INTRADAY_FALLBACK), B72=1.630(INTRADAY_FALLBACK), B71=2.480(INTRADAY_FALLBACK), B70=3.470(INTRADAY_FALLBACK)
2026-03-26 20:56:34 | INFO | Detected Trend Type: DECREASING
2026-03-26 20:56:34 | INFO | Trend Slope Percentage: -75.66%
2026-03-26 20:56:34 | INFO | Trend EPS Threshold: 1.50%
2026-03-26 20:56:34 | INFO | --- SCHEDULE CALCULATION ---
2026-03-26 20:56:34 | INFO | Condition Applied: CONDITION_3
2026-03-26 20:56:34 | INFO | Effective Base Forecast Used for Adjustments: 0.314 MW
2026-03-26 20:56:34 | INFO | Condition-3 (Phase-6) Applied:
2026-03-26 20:56:34 | INFO |   Forecast Mismatch: Intraday (0.210) != Day-ahead (0.250)
2026-03-26 20:56:34 | INFO |   Operation: SUBTRACT
2026-03-26 20:56:34 | INFO |   Base Adjustment %: 10.00%
2026-03-26 20:56:34 | INFO |   Irradiance Multiplier: 0.55x
2026-03-26 20:56:34 | INFO |   Temp Multiplier: 1.00x
2026-03-26 20:56:34 | INFO |   Wind Multiplier: 1.05x
2026-03-26 20:56:34 | INFO |   Weather Multiplier: 1.00x
2026-03-26 20:56:34 | INFO |   Final Adjustment %: -10.00%
2026-03-26 20:56:34 | INFO |   Calculation: 0.314 MW * (1 + -10.00% / 100)
2026-03-26 20:56:34 | INFO |   Formula (expanded): raw=0.3138*(1+-10.0000/100)=0.2824
2026-03-26 20:56:34 | INFO | --- FINAL RESULT ---
2026-03-26 20:56:34 | INFO | Raw Schedule (before smoothing): 0.282 MW
2026-03-26 20:56:34 | INFO | Final Scheduled MW: 0.282 MW
2026-03-26 20:56:34 | INFO | --------------------------------------------------------------------------------
2026-03-26 20:56:34 | INFO | Low GTI ratio (0.028) -> base_forecast damped by 0.85
2026-03-26 20:56:34 | INFO | --------------------------------------------------------------------------------
2026-03-26 20:56:34 | INFO | BLOCK 75
2026-03-26 20:56:34 | INFO | --------------------------------------------------------------------------------
2026-03-26 20:56:34 | INFO | --- METERED DATA ---
2026-03-26 20:56:34 | INFO | Metered Value: NOT YET AVAILABLE
2026-03-26 20:56:34 | INFO | Last Two Metered Values (for trend): ['0.570', '1.290']
2026-03-26 20:56:34 | INFO | --- FORECAST DATA ---
2026-03-26 20:56:34 | INFO | Intraday Forecast (Enercast): 0.000 MW
2026-03-26 20:56:34 | INFO | Day-ahead Forecast (Enercast): 0.000 MW
2026-03-26 20:56:34 | INFO | Base Forecast (raw, before curtailment/shutdown): 0.176 MW
2026-03-26 20:56:34 | INFO | Base Forecast (used for schedule): 0.150 MW
2026-03-26 20:56:34 | INFO | Effective Base Forecast (after curtailment/shutdown): 0.150 MW
2026-03-26 20:56:34 | INFO | Base Blend Inputs: meter_ref=2.200 MW, meter_factor=1.000, meter_weight=0.080
2026-03-26 20:56:34 | INFO | Plant Status: NORMAL
2026-03-26 20:56:34 | INFO | Effective Base Forecast = Base Forecast (raw) = 0.150 MW
2026-03-26 20:56:34 | INFO | --- WEATHER PARAMETERS ---
2026-03-26 20:56:34 | INFO | GTI: 28.0 W/m^2
2026-03-26 20:56:34 | INFO | DHI: 10.0 W/m^2
2026-03-26 20:56:34 | INFO | DNI: 0.0 W/m^2
2026-03-26 20:56:34 | INFO | Irradiance Ratio (GTI/MAX_GTI): 0.028
2026-03-26 20:56:34 | INFO | Diffuse Ratio (current): 0.200
2026-03-26 20:56:34 | INFO | Irradiance State: OVERCAST
2026-03-26 20:56:34 | INFO | Temp @ 2m: 34.17 C
2026-03-26 20:56:34 | INFO | Wind @ 10m: 13.55 m/s
2026-03-26 20:56:34 | INFO | Weather State: NORMAL
2026-03-26 20:56:34 | INFO | Dynamic Thresholds: cloud_thr=0.0933, shift_thr=0.0987
2026-03-26 20:56:34 | INFO | Multipliers: irradiance=0.55x, temp=1.00x, wind=1.05x
2026-03-26 20:56:34 | INFO | Weather Multiplier (combined): 0.58x
2026-03-26 20:56:34 | INFO | Abrupt Weather Change Detected: False
2026-03-26 20:56:34 | INFO | --- TREND ANALYSIS ---
2026-03-26 20:56:34 | INFO | Trend series (oldest -> latest):
2026-03-26 20:56:34 | INFO |   Block 74: 0.210 MW (source: INTRADAY_FALLBACK)
2026-03-26 20:56:34 | INFO |   Block 73: 0.890 MW (source: INTRADAY_FALLBACK)
2026-03-26 20:56:34 | INFO |   Block 72: 1.630 MW (source: INTRADAY_FALLBACK)
2026-03-26 20:56:34 | INFO |   Block 71: 2.480 MW (source: INTRADAY_FALLBACK)
2026-03-26 20:56:34 | INFO | Trend values used for slope calc: B74=0.210(INTRADAY_FALLBACK), B73=0.890(INTRADAY_FALLBACK), B72=1.630(INTRADAY_FALLBACK), B71=2.480(INTRADAY_FALLBACK)
2026-03-26 20:56:34 | INFO | Detected Trend Type: DECREASING
2026-03-26 20:56:34 | INFO | Trend Slope Percentage: -93.02%
2026-03-26 20:56:34 | INFO | Trend EPS Threshold: 1.50%
2026-03-26 20:56:34 | INFO | --- SCHEDULE CALCULATION ---
2026-03-26 20:56:34 | INFO | Condition Applied: CONDITION_3
2026-03-26 20:56:34 | INFO | Effective Base Forecast Used for Adjustments: 0.150 MW
2026-03-26 20:56:34 | INFO | Condition-3 (Phase-6) Applied:
2026-03-26 20:56:34 | INFO |   Forecast Mismatch: Intraday (0.000) != Day-ahead (0.000)
2026-03-26 20:56:34 | INFO |   Operation: SUBTRACT
2026-03-26 20:56:34 | INFO |   Base Adjustment %: 10.00%
2026-03-26 20:56:34 | INFO |   Irradiance Multiplier: 0.55x
2026-03-26 20:56:34 | INFO |   Temp Multiplier: 1.00x
2026-03-26 20:56:34 | INFO |   Wind Multiplier: 1.05x
2026-03-26 20:56:34 | INFO |   Weather Multiplier: 1.00x
2026-03-26 20:56:34 | INFO |   Final Adjustment %: -10.00%
2026-03-26 20:56:34 | INFO |   Calculation: 0.150 MW * (1 + -10.00% / 100)
2026-03-26 20:56:34 | INFO |   Formula (expanded): raw=0.1496*(1+-10.0000/100)=0.1346
2026-03-26 20:56:34 | INFO | --- FINAL RESULT ---
2026-03-26 20:56:34 | INFO | Raw Schedule (before smoothing): 0.135 MW
2026-03-26 20:56:34 | INFO | Final Scheduled MW: 0.135 MW
2026-03-26 20:56:34 | INFO | --------------------------------------------------------------------------------
2026-03-26 20:56:34 | INFO | --------------------------------------------------------------------------------
2026-03-26 20:56:34 | INFO | BLOCK 76
2026-03-26 20:56:34 | INFO | --------------------------------------------------------------------------------
2026-03-26 20:56:34 | INFO | --- METERED DATA ---
2026-03-26 20:56:34 | INFO | Metered Value: NOT YET AVAILABLE
2026-03-26 20:56:34 | INFO | Last Two Metered Values (for trend): ['0.570', '1.290']
2026-03-26 20:56:34 | INFO | --- FORECAST DATA ---
2026-03-26 20:56:34 | INFO | Intraday Forecast (Enercast): 0.000 MW
2026-03-26 20:56:34 | INFO | Day-ahead Forecast (Enercast): 0.000 MW
2026-03-26 20:56:34 | INFO | Base Forecast (raw, before curtailment/shutdown): 0.176 MW
2026-03-26 20:56:34 | INFO | Base Forecast (used for schedule): 0.176 MW
2026-03-26 20:56:34 | INFO | Effective Base Forecast (after curtailment/shutdown): 0.176 MW
2026-03-26 20:56:34 | INFO | Base Blend Inputs: meter_ref=2.200 MW, meter_factor=1.000, meter_weight=0.080
2026-03-26 20:56:34 | INFO | Plant Status: NORMAL
2026-03-26 20:56:34 | INFO | Effective Base Forecast = Base Forecast (raw) = 0.176 MW
2026-03-26 20:56:34 | INFO | --- WEATHER PARAMETERS ---
2026-03-26 20:56:34 | INFO | GTI: 0.0 W/m^2
2026-03-26 20:56:34 | INFO | DHI: 0.0 W/m^2
2026-03-26 20:56:34 | INFO | DNI: 0.0 W/m^2
2026-03-26 20:56:34 | INFO | Irradiance Ratio (GTI/MAX_GTI): 0.000
2026-03-26 20:56:34 | INFO | Diffuse Ratio (current): 0.000
2026-03-26 20:56:34 | INFO | Irradiance State: OVERCAST
2026-03-26 20:56:34 | INFO | Temp @ 2m: 34.07 C
2026-03-26 20:56:34 | INFO | Wind @ 10m: 13.75 m/s
2026-03-26 20:56:34 | INFO | Weather State: NORMAL
2026-03-26 20:56:34 | INFO | Dynamic Thresholds: cloud_thr=0.0933, shift_thr=0.0987
2026-03-26 20:56:34 | INFO | Multipliers: irradiance=0.55x, temp=1.00x, wind=1.05x
2026-03-26 20:56:34 | INFO | Weather Multiplier (combined): 0.58x
2026-03-26 20:56:34 | INFO | Abrupt Weather Change Detected: False
2026-03-26 20:56:34 | INFO | --- TREND ANALYSIS ---
2026-03-26 20:56:34 | INFO | Trend series: INSUFFICIENT DATA
2026-03-26 20:56:34 | INFO | Detected Trend Type: FLAT
2026-03-26 20:56:34 | INFO | Trend Slope Percentage: 0.00%
2026-03-26 20:56:34 | INFO | Trend EPS Threshold: 1.50%
2026-03-26 20:56:34 | INFO | --- SCHEDULE CALCULATION ---
2026-03-26 20:56:34 | INFO | Condition Applied: SUNSET_CLAMP
2026-03-26 20:56:34 | INFO | Effective Base Forecast Used for Adjustments: 0.176 MW
2026-03-26 20:56:34 | INFO | Condition-3: NOT APPLIED for this block path
2026-03-26 20:56:34 | INFO |   Final Adjustment %: 0.00%
2026-03-26 20:56:34 | INFO |   Formula (expanded): SUNSET_CLAMP: GTI=0.000 < 0.02*MAX_GTI=20.300 => raw=0
2026-03-26 20:56:34 | INFO | --- FINAL RESULT ---
2026-03-26 20:56:34 | INFO | Raw Schedule (before smoothing): 0.000 MW
2026-03-26 20:56:34 | INFO | Final Scheduled MW: 0.000 MW
2026-03-26 20:56:34 | INFO | --------------------------------------------------------------------------------
2026-03-26 20:56:34 | INFO | --------------------------------------------------------------------------------
2026-03-26 20:56:34 | INFO | BLOCK 77
2026-03-26 20:56:34 | INFO | --------------------------------------------------------------------------------
2026-03-26 20:56:34 | INFO | --- METERED DATA ---
2026-03-26 20:56:34 | INFO | Metered Value: NOT YET AVAILABLE
2026-03-26 20:56:34 | INFO | Last Two Metered Values (for trend): ['0.570', '1.290']
2026-03-26 20:56:34 | INFO | --- FORECAST DATA ---
2026-03-26 20:56:34 | INFO | Intraday Forecast (Enercast): 0.000 MW
2026-03-26 20:56:34 | INFO | Day-ahead Forecast (Enercast): 0.000 MW
2026-03-26 20:56:34 | INFO | Base Forecast (raw, before curtailment/shutdown): 0.176 MW
2026-03-26 20:56:34 | INFO | Base Forecast (used for schedule): 0.176 MW
2026-03-26 20:56:34 | INFO | Effective Base Forecast (after curtailment/shutdown): 0.176 MW
2026-03-26 20:56:34 | INFO | Base Blend Inputs: meter_ref=2.200 MW, meter_factor=1.000, meter_weight=0.080
2026-03-26 20:56:34 | INFO | Plant Status: NORMAL
2026-03-26 20:56:34 | INFO | Effective Base Forecast = Base Forecast (raw) = 0.176 MW
2026-03-26 20:56:34 | INFO | --- WEATHER PARAMETERS ---
2026-03-26 20:56:34 | INFO | GTI: 0.0 W/m^2
2026-03-26 20:56:34 | INFO | DHI: 0.0 W/m^2
2026-03-26 20:56:34 | INFO | DNI: 0.0 W/m^2
2026-03-26 20:56:34 | INFO | Irradiance Ratio (GTI/MAX_GTI): 0.000
2026-03-26 20:56:34 | INFO | Diffuse Ratio (current): 0.000
2026-03-26 20:56:34 | INFO | Irradiance State: OVERCAST
2026-03-26 20:56:34 | INFO | Temp @ 2m: 33.97 C
2026-03-26 20:56:34 | INFO | Wind @ 10m: 14.11 m/s
2026-03-26 20:56:34 | INFO | Weather State: NORMAL
2026-03-26 20:56:34 | INFO | Dynamic Thresholds: cloud_thr=0.0933, shift_thr=0.0987
2026-03-26 20:56:34 | INFO | Multipliers: irradiance=0.55x, temp=1.00x, wind=1.05x
2026-03-26 20:56:34 | INFO | Weather Multiplier (combined): 0.58x
2026-03-26 20:56:34 | INFO | Abrupt Weather Change Detected: False
2026-03-26 20:56:34 | INFO | --- TREND ANALYSIS ---
2026-03-26 20:56:34 | INFO | Trend series: INSUFFICIENT DATA
2026-03-26 20:56:34 | INFO | Detected Trend Type: FLAT
2026-03-26 20:56:34 | INFO | Trend Slope Percentage: 0.00%
2026-03-26 20:56:34 | INFO | Trend EPS Threshold: 1.50%
2026-03-26 20:56:34 | INFO | --- SCHEDULE CALCULATION ---
2026-03-26 20:56:34 | INFO | Condition Applied: SUNSET_CLAMP
2026-03-26 20:56:34 | INFO | Effective Base Forecast Used for Adjustments: 0.176 MW
2026-03-26 20:56:34 | INFO | Condition-3: NOT APPLIED for this block path
2026-03-26 20:56:34 | INFO |   Final Adjustment %: 0.00%
2026-03-26 20:56:34 | INFO |   Formula (expanded): SUNSET_CLAMP: GTI=0.000 < 0.02*MAX_GTI=20.300 => raw=0
2026-03-26 20:56:34 | INFO | --- FINAL RESULT ---
2026-03-26 20:56:34 | INFO | Raw Schedule (before smoothing): 0.000 MW
2026-03-26 20:56:34 | INFO | Final Scheduled MW: 0.000 MW
2026-03-26 20:56:34 | INFO | --------------------------------------------------------------------------------
2026-03-26 20:56:34 | INFO | --------------------------------------------------------------------------------
2026-03-26 20:56:34 | INFO | BLOCK 78
2026-03-26 20:56:34 | INFO | --------------------------------------------------------------------------------
2026-03-26 20:56:34 | INFO | --- METERED DATA ---
2026-03-26 20:56:34 | INFO | Metered Value: NOT YET AVAILABLE
2026-03-26 20:56:34 | INFO | Last Two Metered Values (for trend): ['0.570', '1.290']
2026-03-26 20:56:34 | INFO | --- FORECAST DATA ---
2026-03-26 20:56:34 | INFO | Intraday Forecast (Enercast): 0.000 MW
2026-03-26 20:56:34 | INFO | Day-ahead Forecast (Enercast): 0.000 MW
2026-03-26 20:56:34 | INFO | Base Forecast (raw, before curtailment/shutdown): 0.176 MW
2026-03-26 20:56:34 | INFO | Base Forecast (used for schedule): 0.176 MW
2026-03-26 20:56:34 | INFO | Effective Base Forecast (after curtailment/shutdown): 0.176 MW
2026-03-26 20:56:34 | INFO | Base Blend Inputs: meter_ref=2.200 MW, meter_factor=1.000, meter_weight=0.080
2026-03-26 20:56:34 | INFO | Plant Status: NORMAL
2026-03-26 20:56:34 | INFO | Effective Base Forecast = Base Forecast (raw) = 0.176 MW
2026-03-26 20:56:34 | INFO | --- WEATHER PARAMETERS ---
2026-03-26 20:56:34 | INFO | GTI: 0.0 W/m^2
2026-03-26 20:56:34 | INFO | DHI: 0.0 W/m^2
2026-03-26 20:56:34 | INFO | DNI: 0.0 W/m^2
2026-03-26 20:56:34 | INFO | Irradiance Ratio (GTI/MAX_GTI): 0.000
2026-03-26 20:56:34 | INFO | Diffuse Ratio (current): 0.000
2026-03-26 20:56:34 | INFO | Irradiance State: OVERCAST
2026-03-26 20:56:34 | INFO | Temp @ 2m: 33.87 C
2026-03-26 20:56:34 | INFO | Wind @ 10m: 14.69 m/s
2026-03-26 20:56:34 | INFO | Weather State: NORMAL
2026-03-26 20:56:34 | INFO | Dynamic Thresholds: cloud_thr=0.0933, shift_thr=0.0987
2026-03-26 20:56:34 | INFO | Multipliers: irradiance=0.55x, temp=1.00x, wind=1.05x
2026-03-26 20:56:34 | INFO | Weather Multiplier (combined): 0.58x
2026-03-26 20:56:34 | INFO | Abrupt Weather Change Detected: False
2026-03-26 20:56:34 | INFO | --- TREND ANALYSIS ---
2026-03-26 20:56:34 | INFO | Trend series: INSUFFICIENT DATA
2026-03-26 20:56:34 | INFO | Detected Trend Type: FLAT
2026-03-26 20:56:34 | INFO | Trend Slope Percentage: 0.00%
2026-03-26 20:56:34 | INFO | Trend EPS Threshold: 1.50%
2026-03-26 20:56:34 | INFO | --- SCHEDULE CALCULATION ---
2026-03-26 20:56:34 | INFO | Condition Applied: SUNSET_CLAMP
2026-03-26 20:56:34 | INFO | Effective Base Forecast Used for Adjustments: 0.176 MW
2026-03-26 20:56:34 | INFO | Condition-3: NOT APPLIED for this block path
2026-03-26 20:56:34 | INFO |   Final Adjustment %: 0.00%
2026-03-26 20:56:34 | INFO |   Formula (expanded): SUNSET_CLAMP: GTI=0.000 < 0.02*MAX_GTI=20.300 => raw=0
2026-03-26 20:56:34 | INFO | --- FINAL RESULT ---
2026-03-26 20:56:34 | INFO | Raw Schedule (before smoothing): 0.000 MW
2026-03-26 20:56:34 | INFO | Final Scheduled MW: 0.000 MW
2026-03-26 20:56:34 | INFO | --------------------------------------------------------------------------------
2026-03-26 20:56:34 | INFO | --------------------------------------------------------------------------------
2026-03-26 20:56:34 | INFO | BLOCK 79
2026-03-26 20:56:34 | INFO | --------------------------------------------------------------------------------
2026-03-26 20:56:34 | INFO | --- METERED DATA ---
2026-03-26 20:56:34 | INFO | Metered Value: NOT YET AVAILABLE
2026-03-26 20:56:34 | INFO | Last Two Metered Values (for trend): ['0.570', '1.290']
2026-03-26 20:56:34 | INFO | --- FORECAST DATA ---
2026-03-26 20:56:34 | INFO | Intraday Forecast (Enercast): 0.000 MW
2026-03-26 20:56:34 | INFO | Day-ahead Forecast (Enercast): 0.000 MW
2026-03-26 20:56:34 | INFO | Base Forecast (raw, before curtailment/shutdown): 0.176 MW
2026-03-26 20:56:34 | INFO | Base Forecast (used for schedule): 0.176 MW
2026-03-26 20:56:34 | INFO | Effective Base Forecast (after curtailment/shutdown): 0.176 MW
2026-03-26 20:56:34 | INFO | Base Blend Inputs: meter_ref=2.200 MW, meter_factor=1.000, meter_weight=0.080
2026-03-26 20:56:34 | INFO | Plant Status: NORMAL
2026-03-26 20:56:34 | INFO | Effective Base Forecast = Base Forecast (raw) = 0.176 MW
2026-03-26 20:56:34 | INFO | --- WEATHER PARAMETERS ---
2026-03-26 20:56:34 | INFO | GTI: 0.0 W/m^2
2026-03-26 20:56:34 | INFO | DHI: 0.0 W/m^2
2026-03-26 20:56:34 | INFO | DNI: 0.0 W/m^2
2026-03-26 20:56:34 | INFO | Irradiance Ratio (GTI/MAX_GTI): 0.000
2026-03-26 20:56:34 | INFO | Diffuse Ratio (current): 0.000
2026-03-26 20:56:34 | INFO | Irradiance State: OVERCAST
2026-03-26 20:56:34 | INFO | Temp @ 2m: 33.77 C
2026-03-26 20:56:34 | INFO | Wind @ 10m: 14.99 m/s
2026-03-26 20:56:34 | INFO | Weather State: NORMAL
2026-03-26 20:56:34 | INFO | Dynamic Thresholds: cloud_thr=0.0933, shift_thr=0.0987
2026-03-26 20:56:34 | INFO | Multipliers: irradiance=0.55x, temp=1.00x, wind=1.05x
2026-03-26 20:56:34 | INFO | Weather Multiplier (combined): 0.58x
2026-03-26 20:56:34 | INFO | Abrupt Weather Change Detected: False
2026-03-26 20:56:34 | INFO | --- TREND ANALYSIS ---
2026-03-26 20:56:34 | INFO | Trend series: INSUFFICIENT DATA
2026-03-26 20:56:34 | INFO | Detected Trend Type: FLAT
2026-03-26 20:56:34 | INFO | Trend Slope Percentage: 0.00%
2026-03-26 20:56:34 | INFO | Trend EPS Threshold: 1.50%
2026-03-26 20:56:34 | INFO | --- SCHEDULE CALCULATION ---
2026-03-26 20:56:34 | INFO | Condition Applied: SUNSET_CLAMP
2026-03-26 20:56:34 | INFO | Effective Base Forecast Used for Adjustments: 0.176 MW
2026-03-26 20:56:34 | INFO | Condition-3: NOT APPLIED for this block path
2026-03-26 20:56:34 | INFO |   Final Adjustment %: 0.00%
2026-03-26 20:56:34 | INFO |   Formula (expanded): SUNSET_CLAMP: GTI=0.000 < 0.02*MAX_GTI=20.300 => raw=0
2026-03-26 20:56:34 | INFO | --- FINAL RESULT ---
2026-03-26 20:56:34 | INFO | Raw Schedule (before smoothing): 0.000 MW
2026-03-26 20:56:34 | INFO | Final Scheduled MW: 0.000 MW
2026-03-26 20:56:34 | INFO | --------------------------------------------------------------------------------
2026-03-26 20:56:34 | INFO | --------------------------------------------------------------------------------
2026-03-26 20:56:34 | INFO | BLOCK 80
2026-03-26 20:56:34 | INFO | --------------------------------------------------------------------------------
2026-03-26 20:56:34 | INFO | --- METERED DATA ---
2026-03-26 20:56:34 | INFO | Metered Value: NOT YET AVAILABLE
2026-03-26 20:56:34 | INFO | Last Two Metered Values (for trend): ['0.570', '1.290']
2026-03-26 20:56:34 | INFO | --- FORECAST DATA ---
2026-03-26 20:56:34 | INFO | Intraday Forecast (Enercast): 0.000 MW
2026-03-26 20:56:34 | INFO | Day-ahead Forecast (Enercast): 0.000 MW
2026-03-26 20:56:34 | INFO | Base Forecast (raw, before curtailment/shutdown): 0.176 MW
2026-03-26 20:56:34 | INFO | Base Forecast (used for schedule): 0.176 MW
2026-03-26 20:56:34 | INFO | Effective Base Forecast (after curtailment/shutdown): 0.176 MW
2026-03-26 20:56:34 | INFO | Base Blend Inputs: meter_ref=2.200 MW, meter_factor=1.000, meter_weight=0.080
2026-03-26 20:56:34 | INFO | Plant Status: NORMAL
2026-03-26 20:56:34 | INFO | Effective Base Forecast = Base Forecast (raw) = 0.176 MW
2026-03-26 20:56:34 | INFO | --- WEATHER PARAMETERS ---
2026-03-26 20:56:34 | INFO | GTI: 0.0 W/m^2
2026-03-26 20:56:34 | INFO | DHI: 0.0 W/m^2
2026-03-26 20:56:34 | INFO | DNI: 0.0 W/m^2
2026-03-26 20:56:34 | INFO | Irradiance Ratio (GTI/MAX_GTI): 0.000
2026-03-26 20:56:34 | INFO | Diffuse Ratio (current): 0.000
2026-03-26 20:56:34 | INFO | Irradiance State: OVERCAST
2026-03-26 20:56:34 | INFO | Temp @ 2m: 33.62 C
2026-03-26 20:56:34 | INFO | Wind @ 10m: 15.38 m/s
2026-03-26 20:56:34 | INFO | Weather State: NORMAL
2026-03-26 20:56:34 | INFO | Dynamic Thresholds: cloud_thr=0.0933, shift_thr=0.0987
2026-03-26 20:56:34 | INFO | Multipliers: irradiance=0.55x, temp=1.00x, wind=1.05x
2026-03-26 20:56:34 | INFO | Weather Multiplier (combined): 0.58x
2026-03-26 20:56:34 | INFO | Abrupt Weather Change Detected: False
2026-03-26 20:56:34 | INFO | --- TREND ANALYSIS ---
2026-03-26 20:56:34 | INFO | Trend series: INSUFFICIENT DATA
2026-03-26 20:56:34 | INFO | Detected Trend Type: FLAT
2026-03-26 20:56:34 | INFO | Trend Slope Percentage: 0.00%
2026-03-26 20:56:34 | INFO | Trend EPS Threshold: 1.50%
2026-03-26 20:56:34 | INFO | --- SCHEDULE CALCULATION ---
2026-03-26 20:56:34 | INFO | Condition Applied: SUNSET_CLAMP
2026-03-26 20:56:34 | INFO | Effective Base Forecast Used for Adjustments: 0.176 MW
2026-03-26 20:56:34 | INFO | Condition-3: NOT APPLIED for this block path
2026-03-26 20:56:34 | INFO |   Final Adjustment %: 0.00%
2026-03-26 20:56:34 | INFO |   Formula (expanded): SUNSET_CLAMP: GTI=0.000 < 0.02*MAX_GTI=20.300 => raw=0
2026-03-26 20:56:34 | INFO | --- FINAL RESULT ---
2026-03-26 20:56:34 | INFO | Raw Schedule (before smoothing): 0.000 MW
2026-03-26 20:56:34 | INFO | Final Scheduled MW: 0.000 MW
2026-03-26 20:56:34 | INFO | --------------------------------------------------------------------------------
2026-03-26 20:56:34 | INFO | --------------------------------------------------------------------------------
2026-03-26 20:56:34 | INFO | BLOCK 81
2026-03-26 20:56:34 | INFO | --------------------------------------------------------------------------------
2026-03-26 20:56:34 | INFO | --- METERED DATA ---
2026-03-26 20:56:34 | INFO | Metered Value: NOT YET AVAILABLE
2026-03-26 20:56:34 | INFO | Last Two Metered Values (for trend): ['0.570', '1.290']
2026-03-26 20:56:34 | INFO | --- FORECAST DATA ---
2026-03-26 20:56:34 | INFO | Intraday Forecast (Enercast): 0.000 MW
2026-03-26 20:56:34 | INFO | Day-ahead Forecast (Enercast): 0.000 MW
2026-03-26 20:56:34 | INFO | Base Forecast (raw, before curtailment/shutdown): 0.176 MW
2026-03-26 20:56:34 | INFO | Base Forecast (used for schedule): 0.176 MW
2026-03-26 20:56:34 | INFO | Effective Base Forecast (after curtailment/shutdown): 0.176 MW
2026-03-26 20:56:34 | INFO | Base Blend Inputs: meter_ref=2.200 MW, meter_factor=1.000, meter_weight=0.080
2026-03-26 20:56:34 | INFO | Plant Status: NORMAL
2026-03-26 20:56:34 | INFO | Effective Base Forecast = Base Forecast (raw) = 0.176 MW
2026-03-26 20:56:34 | INFO | --- WEATHER PARAMETERS ---
2026-03-26 20:56:34 | INFO | GTI: 0.0 W/m^2
2026-03-26 20:56:34 | INFO | DHI: 0.0 W/m^2
2026-03-26 20:56:34 | INFO | DNI: 0.0 W/m^2
2026-03-26 20:56:34 | INFO | Irradiance Ratio (GTI/MAX_GTI): 0.000
2026-03-26 20:56:34 | INFO | Diffuse Ratio (current): 0.000
2026-03-26 20:56:34 | INFO | Irradiance State: OVERCAST
2026-03-26 20:56:34 | INFO | Temp @ 2m: 33.42 C
2026-03-26 20:56:34 | INFO | Wind @ 10m: 15.63 m/s
2026-03-26 20:56:34 | INFO | Weather State: NORMAL
2026-03-26 20:56:34 | INFO | Dynamic Thresholds: cloud_thr=0.0933, shift_thr=0.0987
2026-03-26 20:56:34 | INFO | Multipliers: irradiance=0.55x, temp=1.00x, wind=1.05x
2026-03-26 20:56:34 | INFO | Weather Multiplier (combined): 0.58x
2026-03-26 20:56:34 | INFO | Abrupt Weather Change Detected: False
2026-03-26 20:56:34 | INFO | --- TREND ANALYSIS ---
2026-03-26 20:56:34 | INFO | Trend series: INSUFFICIENT DATA
2026-03-26 20:56:34 | INFO | Detected Trend Type: FLAT
2026-03-26 20:56:34 | INFO | Trend Slope Percentage: 0.00%
2026-03-26 20:56:34 | INFO | Trend EPS Threshold: 1.50%
2026-03-26 20:56:34 | INFO | --- SCHEDULE CALCULATION ---
2026-03-26 20:56:34 | INFO | Condition Applied: SUNSET_CLAMP
2026-03-26 20:56:34 | INFO | Effective Base Forecast Used for Adjustments: 0.176 MW
2026-03-26 20:56:34 | INFO | Condition-3: NOT APPLIED for this block path
2026-03-26 20:56:34 | INFO |   Final Adjustment %: 0.00%
2026-03-26 20:56:34 | INFO |   Formula (expanded): SUNSET_CLAMP: GTI=0.000 < 0.02*MAX_GTI=20.300 => raw=0
2026-03-26 20:56:34 | INFO | --- FINAL RESULT ---
2026-03-26 20:56:34 | INFO | Raw Schedule (before smoothing): 0.000 MW
2026-03-26 20:56:34 | INFO | Final Scheduled MW: 0.000 MW
2026-03-26 20:56:34 | INFO | --------------------------------------------------------------------------------
2026-03-26 20:56:34 | INFO | --------------------------------------------------------------------------------
2026-03-26 20:56:34 | INFO | BLOCK 82
2026-03-26 20:56:34 | INFO | --------------------------------------------------------------------------------
2026-03-26 20:56:34 | INFO | --- METERED DATA ---
2026-03-26 20:56:34 | INFO | Metered Value: NOT YET AVAILABLE
2026-03-26 20:56:34 | INFO | Last Two Metered Values (for trend): ['0.570', '1.290']
2026-03-26 20:56:34 | INFO | --- FORECAST DATA ---
2026-03-26 20:56:34 | INFO | Intraday Forecast (Enercast): 0.000 MW
2026-03-26 20:56:34 | INFO | Day-ahead Forecast (Enercast): 0.000 MW
2026-03-26 20:56:34 | INFO | Base Forecast (raw, before curtailment/shutdown): 0.176 MW
2026-03-26 20:56:34 | INFO | Base Forecast (used for schedule): 0.176 MW
2026-03-26 20:56:34 | INFO | Effective Base Forecast (after curtailment/shutdown): 0.176 MW
2026-03-26 20:56:34 | INFO | Base Blend Inputs: meter_ref=2.200 MW, meter_factor=1.000, meter_weight=0.080
2026-03-26 20:56:34 | INFO | Plant Status: NORMAL
2026-03-26 20:56:34 | INFO | Effective Base Forecast = Base Forecast (raw) = 0.176 MW
2026-03-26 20:56:34 | INFO | --- WEATHER PARAMETERS ---
2026-03-26 20:56:34 | INFO | GTI: 0.0 W/m^2
2026-03-26 20:56:34 | INFO | DHI: 0.0 W/m^2
2026-03-26 20:56:34 | INFO | DNI: 0.0 W/m^2
2026-03-26 20:56:34 | INFO | Irradiance Ratio (GTI/MAX_GTI): 0.000
2026-03-26 20:56:34 | INFO | Diffuse Ratio (current): 0.000
2026-03-26 20:56:34 | INFO | Irradiance State: OVERCAST
2026-03-26 20:56:34 | INFO | Temp @ 2m: 33.17 C
2026-03-26 20:56:34 | INFO | Wind @ 10m: 16.20 m/s
2026-03-26 20:56:34 | INFO | Weather State: NORMAL
2026-03-26 20:56:34 | INFO | Dynamic Thresholds: cloud_thr=0.0933, shift_thr=0.0987
2026-03-26 20:56:34 | INFO | Multipliers: irradiance=0.55x, temp=1.00x, wind=1.05x
2026-03-26 20:56:34 | INFO | Weather Multiplier (combined): 0.58x
2026-03-26 20:56:34 | INFO | Abrupt Weather Change Detected: False
2026-03-26 20:56:34 | INFO | --- TREND ANALYSIS ---
2026-03-26 20:56:34 | INFO | Trend series: INSUFFICIENT DATA
2026-03-26 20:56:34 | INFO | Detected Trend Type: FLAT
2026-03-26 20:56:34 | INFO | Trend Slope Percentage: 0.00%
2026-03-26 20:56:34 | INFO | Trend EPS Threshold: 1.50%
2026-03-26 20:56:34 | INFO | --- SCHEDULE CALCULATION ---
2026-03-26 20:56:34 | INFO | Condition Applied: SUNSET_CLAMP
2026-03-26 20:56:34 | INFO | Effective Base Forecast Used for Adjustments: 0.176 MW
2026-03-26 20:56:34 | INFO | Condition-3: NOT APPLIED for this block path
2026-03-26 20:56:34 | INFO |   Final Adjustment %: 0.00%
2026-03-26 20:56:34 | INFO |   Formula (expanded): SUNSET_CLAMP: GTI=0.000 < 0.02*MAX_GTI=20.300 => raw=0
2026-03-26 20:56:34 | INFO | --- FINAL RESULT ---
2026-03-26 20:56:34 | INFO | Raw Schedule (before smoothing): 0.000 MW
2026-03-26 20:56:34 | INFO | Final Scheduled MW: 0.000 MW
2026-03-26 20:56:34 | INFO | --------------------------------------------------------------------------------
2026-03-26 20:56:34 | INFO | --------------------------------------------------------------------------------
2026-03-26 20:56:34 | INFO | BLOCK 83
2026-03-26 20:56:34 | INFO | --------------------------------------------------------------------------------
2026-03-26 20:56:34 | INFO | --- METERED DATA ---
2026-03-26 20:56:34 | INFO | Metered Value: NOT YET AVAILABLE
2026-03-26 20:56:34 | INFO | Last Two Metered Values (for trend): ['0.570', '1.290']
2026-03-26 20:56:34 | INFO | --- FORECAST DATA ---
2026-03-26 20:56:34 | INFO | Intraday Forecast (Enercast): 0.000 MW
2026-03-26 20:56:34 | INFO | Day-ahead Forecast (Enercast): 0.000 MW
2026-03-26 20:56:34 | INFO | Base Forecast (raw, before curtailment/shutdown): 0.176 MW
2026-03-26 20:56:34 | INFO | Base Forecast (used for schedule): 0.176 MW
2026-03-26 20:56:34 | INFO | Effective Base Forecast (after curtailment/shutdown): 0.176 MW
2026-03-26 20:56:34 | INFO | Base Blend Inputs: meter_ref=2.200 MW, meter_factor=1.000, meter_weight=0.080
2026-03-26 20:56:34 | INFO | Plant Status: NORMAL
2026-03-26 20:56:34 | INFO | Effective Base Forecast = Base Forecast (raw) = 0.176 MW
2026-03-26 20:56:34 | INFO | --- WEATHER PARAMETERS ---
2026-03-26 20:56:34 | INFO | GTI: 0.0 W/m^2
2026-03-26 20:56:34 | INFO | DHI: 0.0 W/m^2
2026-03-26 20:56:34 | INFO | DNI: 0.0 W/m^2
2026-03-26 20:56:34 | INFO | Irradiance Ratio (GTI/MAX_GTI): 0.000
2026-03-26 20:56:34 | INFO | Diffuse Ratio (current): 0.000
2026-03-26 20:56:34 | INFO | Irradiance State: OVERCAST
2026-03-26 20:56:34 | INFO | Temp @ 2m: 32.97 C
2026-03-26 20:56:34 | INFO | Wind @ 10m: 16.62 m/s
2026-03-26 20:56:34 | INFO | Weather State: NORMAL
2026-03-26 20:56:34 | INFO | Dynamic Thresholds: cloud_thr=0.0933, shift_thr=0.0987
2026-03-26 20:56:34 | INFO | Multipliers: irradiance=0.55x, temp=1.00x, wind=1.05x
2026-03-26 20:56:34 | INFO | Weather Multiplier (combined): 0.58x
2026-03-26 20:56:34 | INFO | Abrupt Weather Change Detected: False
2026-03-26 20:56:34 | INFO | --- TREND ANALYSIS ---
2026-03-26 20:56:34 | INFO | Trend series: INSUFFICIENT DATA
2026-03-26 20:56:34 | INFO | Detected Trend Type: FLAT
2026-03-26 20:56:34 | INFO | Trend Slope Percentage: 0.00%
2026-03-26 20:56:34 | INFO | Trend EPS Threshold: 1.50%
2026-03-26 20:56:34 | INFO | --- SCHEDULE CALCULATION ---
2026-03-26 20:56:34 | INFO | Condition Applied: SUNSET_CLAMP
2026-03-26 20:56:34 | INFO | Effective Base Forecast Used for Adjustments: 0.176 MW
2026-03-26 20:56:34 | INFO | Condition-3: NOT APPLIED for this block path
2026-03-26 20:56:34 | INFO |   Final Adjustment %: 0.00%
2026-03-26 20:56:34 | INFO |   Formula (expanded): SUNSET_CLAMP: GTI=0.000 < 0.02*MAX_GTI=20.300 => raw=0
2026-03-26 20:56:34 | INFO | --- FINAL RESULT ---
2026-03-26 20:56:34 | INFO | Raw Schedule (before smoothing): 0.000 MW
2026-03-26 20:56:34 | INFO | Final Scheduled MW: 0.000 MW
2026-03-26 20:56:34 | INFO | --------------------------------------------------------------------------------
2026-03-26 20:56:34 | INFO | --------------------------------------------------------------------------------
2026-03-26 20:56:34 | INFO | BLOCK 84
2026-03-26 20:56:34 | INFO | --------------------------------------------------------------------------------
2026-03-26 20:56:34 | INFO | --- METERED DATA ---
2026-03-26 20:56:34 | INFO | Metered Value: NOT YET AVAILABLE
2026-03-26 20:56:34 | INFO | Last Two Metered Values (for trend): ['0.570', '1.290']
2026-03-26 20:56:34 | INFO | --- FORECAST DATA ---
2026-03-26 20:56:34 | INFO | Intraday Forecast (Enercast): 0.000 MW
2026-03-26 20:56:34 | INFO | Day-ahead Forecast (Enercast): 0.000 MW
2026-03-26 20:56:34 | INFO | Base Forecast (raw, before curtailment/shutdown): 0.176 MW
2026-03-26 20:56:34 | INFO | Base Forecast (used for schedule): 0.176 MW
2026-03-26 20:56:34 | INFO | Effective Base Forecast (after curtailment/shutdown): 0.176 MW
2026-03-26 20:56:34 | INFO | Base Blend Inputs: meter_ref=2.200 MW, meter_factor=1.000, meter_weight=0.080
2026-03-26 20:56:34 | INFO | Plant Status: NORMAL
2026-03-26 20:56:34 | INFO | Effective Base Forecast = Base Forecast (raw) = 0.176 MW
2026-03-26 20:56:34 | INFO | --- WEATHER PARAMETERS ---
2026-03-26 20:56:34 | INFO | GTI: 0.0 W/m^2
2026-03-26 20:56:34 | INFO | DHI: 0.0 W/m^2
2026-03-26 20:56:34 | INFO | DNI: 0.0 W/m^2
2026-03-26 20:56:34 | INFO | Irradiance Ratio (GTI/MAX_GTI): 0.000
2026-03-26 20:56:34 | INFO | Diffuse Ratio (current): 0.000
2026-03-26 20:56:34 | INFO | Irradiance State: OVERCAST
2026-03-26 20:56:34 | INFO | Temp @ 2m: 32.72 C
2026-03-26 20:56:34 | INFO | Wind @ 10m: 16.81 m/s
2026-03-26 20:56:34 | INFO | Weather State: NORMAL
2026-03-26 20:56:34 | INFO | Dynamic Thresholds: cloud_thr=0.0933, shift_thr=0.0987
2026-03-26 20:56:34 | INFO | Multipliers: irradiance=0.55x, temp=1.00x, wind=1.05x
2026-03-26 20:56:34 | INFO | Weather Multiplier (combined): 0.58x
2026-03-26 20:56:34 | INFO | Abrupt Weather Change Detected: False
2026-03-26 20:56:34 | INFO | --- TREND ANALYSIS ---
2026-03-26 20:56:34 | INFO | Trend series: INSUFFICIENT DATA
2026-03-26 20:56:34 | INFO | Detected Trend Type: FLAT
2026-03-26 20:56:34 | INFO | Trend Slope Percentage: 0.00%
2026-03-26 20:56:34 | INFO | Trend EPS Threshold: 1.50%
2026-03-26 20:56:34 | INFO | --- SCHEDULE CALCULATION ---
2026-03-26 20:56:34 | INFO | Condition Applied: SUNSET_CLAMP
2026-03-26 20:56:34 | INFO | Effective Base Forecast Used for Adjustments: 0.176 MW
2026-03-26 20:56:34 | INFO | Condition-3: NOT APPLIED for this block path
2026-03-26 20:56:34 | INFO |   Final Adjustment %: 0.00%
2026-03-26 20:56:34 | INFO |   Formula (expanded): SUNSET_CLAMP: GTI=0.000 < 0.02*MAX_GTI=20.300 => raw=0
2026-03-26 20:56:34 | INFO | --- FINAL RESULT ---
2026-03-26 20:56:34 | INFO | Raw Schedule (before smoothing): 0.000 MW
2026-03-26 20:56:34 | INFO | Final Scheduled MW: 0.000 MW
2026-03-26 20:56:34 | INFO | --------------------------------------------------------------------------------
2026-03-26 20:56:34 | INFO | --------------------------------------------------------------------------------
2026-03-26 20:56:34 | INFO | BLOCK 85
2026-03-26 20:56:34 | INFO | --------------------------------------------------------------------------------
2026-03-26 20:56:34 | INFO | --- METERED DATA ---
2026-03-26 20:56:34 | INFO | Metered Value: NOT YET AVAILABLE
2026-03-26 20:56:34 | INFO | Last Two Metered Values (for trend): ['0.570', '1.290']
2026-03-26 20:56:34 | INFO | --- FORECAST DATA ---
2026-03-26 20:56:34 | INFO | Intraday Forecast (Enercast): 0.000 MW
2026-03-26 20:56:34 | INFO | Day-ahead Forecast (Enercast): 0.000 MW
2026-03-26 20:56:34 | INFO | Base Forecast (raw, before curtailment/shutdown): 0.176 MW
2026-03-26 20:56:34 | INFO | Base Forecast (used for schedule): 0.176 MW
2026-03-26 20:56:34 | INFO | Effective Base Forecast (after curtailment/shutdown): 0.176 MW
2026-03-26 20:56:34 | INFO | Base Blend Inputs: meter_ref=2.200 MW, meter_factor=1.000, meter_weight=0.080
2026-03-26 20:56:34 | INFO | Plant Status: NORMAL
2026-03-26 20:56:34 | INFO | Effective Base Forecast = Base Forecast (raw) = 0.176 MW
2026-03-26 20:56:34 | INFO | --- WEATHER PARAMETERS ---
2026-03-26 20:56:34 | INFO | GTI: 0.0 W/m^2
2026-03-26 20:56:34 | INFO | DHI: 0.0 W/m^2
2026-03-26 20:56:34 | INFO | DNI: 0.0 W/m^2
2026-03-26 20:56:34 | INFO | Irradiance Ratio (GTI/MAX_GTI): 0.000
2026-03-26 20:56:34 | INFO | Diffuse Ratio (current): 0.000
2026-03-26 20:56:34 | INFO | Irradiance State: OVERCAST
2026-03-26 20:56:34 | INFO | Temp @ 2m: 32.47 C
2026-03-26 20:56:34 | INFO | Wind @ 10m: 16.68 m/s
2026-03-26 20:56:34 | INFO | Weather State: NORMAL
2026-03-26 20:56:34 | INFO | Dynamic Thresholds: cloud_thr=0.0933, shift_thr=0.0987
2026-03-26 20:56:34 | INFO | Multipliers: irradiance=0.55x, temp=1.00x, wind=1.05x
2026-03-26 20:56:34 | INFO | Weather Multiplier (combined): 0.58x
2026-03-26 20:56:34 | INFO | Abrupt Weather Change Detected: False
2026-03-26 20:56:34 | INFO | --- TREND ANALYSIS ---
2026-03-26 20:56:34 | INFO | Trend series: INSUFFICIENT DATA
2026-03-26 20:56:34 | INFO | Detected Trend Type: FLAT
2026-03-26 20:56:34 | INFO | Trend Slope Percentage: 0.00%
2026-03-26 20:56:34 | INFO | Trend EPS Threshold: 1.50%
2026-03-26 20:56:34 | INFO | --- SCHEDULE CALCULATION ---
2026-03-26 20:56:34 | INFO | Condition Applied: SUNSET_CLAMP
2026-03-26 20:56:34 | INFO | Effective Base Forecast Used for Adjustments: 0.176 MW
2026-03-26 20:56:34 | INFO | Condition-3: NOT APPLIED for this block path
2026-03-26 20:56:34 | INFO |   Final Adjustment %: 0.00%
2026-03-26 20:56:34 | INFO |   Formula (expanded): SUNSET_CLAMP: GTI=0.000 < 0.02*MAX_GTI=20.300 => raw=0
2026-03-26 20:56:34 | INFO | --- FINAL RESULT ---
2026-03-26 20:56:34 | INFO | Raw Schedule (before smoothing): 0.000 MW
2026-03-26 20:56:34 | INFO | Final Scheduled MW: 0.000 MW
2026-03-26 20:56:34 | INFO | --------------------------------------------------------------------------------
2026-03-26 20:56:34 | INFO | --------------------------------------------------------------------------------
2026-03-26 20:56:34 | INFO | BLOCK 86
2026-03-26 20:56:34 | INFO | --------------------------------------------------------------------------------
2026-03-26 20:56:34 | INFO | --- METERED DATA ---
2026-03-26 20:56:34 | INFO | Metered Value: NOT YET AVAILABLE
2026-03-26 20:56:34 | INFO | Last Two Metered Values (for trend): ['0.570', '1.290']
2026-03-26 20:56:34 | INFO | --- FORECAST DATA ---
2026-03-26 20:56:34 | INFO | Intraday Forecast (Enercast): 0.000 MW
2026-03-26 20:56:34 | INFO | Day-ahead Forecast (Enercast): 0.000 MW
2026-03-26 20:56:34 | INFO | Base Forecast (raw, before curtailment/shutdown): 0.176 MW
2026-03-26 20:56:34 | INFO | Base Forecast (used for schedule): 0.176 MW
2026-03-26 20:56:34 | INFO | Effective Base Forecast (after curtailment/shutdown): 0.176 MW
2026-03-26 20:56:34 | INFO | Base Blend Inputs: meter_ref=2.200 MW, meter_factor=1.000, meter_weight=0.080
2026-03-26 20:56:34 | INFO | Plant Status: NORMAL
2026-03-26 20:56:34 | INFO | Effective Base Forecast = Base Forecast (raw) = 0.176 MW
2026-03-26 20:56:34 | INFO | --- WEATHER PARAMETERS ---
2026-03-26 20:56:34 | INFO | GTI: 0.0 W/m^2
2026-03-26 20:56:34 | INFO | DHI: 0.0 W/m^2
2026-03-26 20:56:34 | INFO | DNI: 0.0 W/m^2
2026-03-26 20:56:34 | INFO | Irradiance Ratio (GTI/MAX_GTI): 0.000
2026-03-26 20:56:34 | INFO | Diffuse Ratio (current): 0.000
2026-03-26 20:56:34 | INFO | Irradiance State: OVERCAST
2026-03-26 20:56:34 | INFO | Temp @ 2m: 32.22 C
2026-03-26 20:56:34 | INFO | Wind @ 10m: 16.52 m/s
2026-03-26 20:56:34 | INFO | Weather State: NORMAL
2026-03-26 20:56:34 | INFO | Dynamic Thresholds: cloud_thr=0.0933, shift_thr=0.0987
2026-03-26 20:56:34 | INFO | Multipliers: irradiance=0.55x, temp=1.00x, wind=1.05x
2026-03-26 20:56:34 | INFO | Weather Multiplier (combined): 0.58x
2026-03-26 20:56:34 | INFO | Abrupt Weather Change Detected: False
2026-03-26 20:56:34 | INFO | --- TREND ANALYSIS ---
2026-03-26 20:56:34 | INFO | Trend series: INSUFFICIENT DATA
2026-03-26 20:56:34 | INFO | Detected Trend Type: FLAT
2026-03-26 20:56:34 | INFO | Trend Slope Percentage: 0.00%
2026-03-26 20:56:34 | INFO | Trend EPS Threshold: 1.50%
2026-03-26 20:56:34 | INFO | --- SCHEDULE CALCULATION ---
2026-03-26 20:56:34 | INFO | Condition Applied: SUNSET_CLAMP
2026-03-26 20:56:34 | INFO | Effective Base Forecast Used for Adjustments: 0.176 MW
2026-03-26 20:56:34 | INFO | Condition-3: NOT APPLIED for this block path
2026-03-26 20:56:34 | INFO |   Final Adjustment %: 0.00%
2026-03-26 20:56:34 | INFO |   Formula (expanded): SUNSET_CLAMP: GTI=0.000 < 0.02*MAX_GTI=20.300 => raw=0
2026-03-26 20:56:34 | INFO | --- FINAL RESULT ---
2026-03-26 20:56:34 | INFO | Raw Schedule (before smoothing): 0.000 MW
2026-03-26 20:56:34 | INFO | Final Scheduled MW: 0.000 MW
2026-03-26 20:56:34 | INFO | --------------------------------------------------------------------------------
2026-03-26 20:56:34 | INFO | --------------------------------------------------------------------------------
2026-03-26 20:56:34 | INFO | BLOCK 87
2026-03-26 20:56:34 | INFO | --------------------------------------------------------------------------------
2026-03-26 20:56:34 | INFO | --- METERED DATA ---
2026-03-26 20:56:34 | INFO | Metered Value: NOT YET AVAILABLE
2026-03-26 20:56:34 | INFO | Last Two Metered Values (for trend): ['0.570', '1.290']
2026-03-26 20:56:34 | INFO | --- FORECAST DATA ---
2026-03-26 20:56:34 | INFO | Intraday Forecast (Enercast): 0.000 MW
2026-03-26 20:56:34 | INFO | Day-ahead Forecast (Enercast): 0.000 MW
2026-03-26 20:56:34 | INFO | Base Forecast (raw, before curtailment/shutdown): 0.176 MW
2026-03-26 20:56:34 | INFO | Base Forecast (used for schedule): 0.176 MW
2026-03-26 20:56:34 | INFO | Effective Base Forecast (after curtailment/shutdown): 0.176 MW
2026-03-26 20:56:34 | INFO | Base Blend Inputs: meter_ref=2.200 MW, meter_factor=1.000, meter_weight=0.080
2026-03-26 20:56:34 | INFO | Plant Status: NORMAL
2026-03-26 20:56:34 | INFO | Effective Base Forecast = Base Forecast (raw) = 0.176 MW
2026-03-26 20:56:34 | INFO | --- WEATHER PARAMETERS ---
2026-03-26 20:56:34 | INFO | GTI: 0.0 W/m^2
2026-03-26 20:56:34 | INFO | DHI: 0.0 W/m^2
2026-03-26 20:56:34 | INFO | DNI: 0.0 W/m^2
2026-03-26 20:56:34 | INFO | Irradiance Ratio (GTI/MAX_GTI): 0.000
2026-03-26 20:56:34 | INFO | Diffuse Ratio (current): 0.000
2026-03-26 20:56:34 | INFO | Irradiance State: OVERCAST
2026-03-26 20:56:34 | INFO | Temp @ 2m: 31.97 C
2026-03-26 20:56:34 | INFO | Wind @ 10m: 16.39 m/s
2026-03-26 20:56:34 | INFO | Weather State: NORMAL
2026-03-26 20:56:34 | INFO | Dynamic Thresholds: cloud_thr=0.0933, shift_thr=0.0987
2026-03-26 20:56:34 | INFO | Multipliers: irradiance=0.55x, temp=1.00x, wind=1.05x
2026-03-26 20:56:34 | INFO | Weather Multiplier (combined): 0.58x
2026-03-26 20:56:34 | INFO | Abrupt Weather Change Detected: False
2026-03-26 20:56:34 | INFO | --- TREND ANALYSIS ---
2026-03-26 20:56:34 | INFO | Trend series: INSUFFICIENT DATA
2026-03-26 20:56:34 | INFO | Detected Trend Type: FLAT
2026-03-26 20:56:34 | INFO | Trend Slope Percentage: 0.00%
2026-03-26 20:56:34 | INFO | Trend EPS Threshold: 1.50%
2026-03-26 20:56:34 | INFO | --- SCHEDULE CALCULATION ---
2026-03-26 20:56:34 | INFO | Condition Applied: SUNSET_CLAMP
2026-03-26 20:56:34 | INFO | Effective Base Forecast Used for Adjustments: 0.176 MW
2026-03-26 20:56:34 | INFO | Condition-3: NOT APPLIED for this block path
2026-03-26 20:56:34 | INFO |   Final Adjustment %: 0.00%
2026-03-26 20:56:34 | INFO |   Formula (expanded): SUNSET_CLAMP: GTI=0.000 < 0.02*MAX_GTI=20.300 => raw=0
2026-03-26 20:56:34 | INFO | --- FINAL RESULT ---
2026-03-26 20:56:34 | INFO | Raw Schedule (before smoothing): 0.000 MW
2026-03-26 20:56:34 | INFO | Final Scheduled MW: 0.000 MW
2026-03-26 20:56:34 | INFO | --------------------------------------------------------------------------------
2026-03-26 20:56:34 | INFO | --------------------------------------------------------------------------------
2026-03-26 20:56:34 | INFO | BLOCK 88
2026-03-26 20:56:34 | INFO | --------------------------------------------------------------------------------
2026-03-26 20:56:34 | INFO | --- METERED DATA ---
2026-03-26 20:56:34 | INFO | Metered Value: NOT YET AVAILABLE
2026-03-26 20:56:34 | INFO | Last Two Metered Values (for trend): ['0.570', '1.290']
2026-03-26 20:56:34 | INFO | --- FORECAST DATA ---
2026-03-26 20:56:34 | INFO | Intraday Forecast (Enercast): 0.000 MW
2026-03-26 20:56:34 | INFO | Day-ahead Forecast (Enercast): 0.000 MW
2026-03-26 20:56:34 | INFO | Base Forecast (raw, before curtailment/shutdown): 0.176 MW
2026-03-26 20:56:34 | INFO | Base Forecast (used for schedule): 0.176 MW
2026-03-26 20:56:34 | INFO | Effective Base Forecast (after curtailment/shutdown): 0.176 MW
2026-03-26 20:56:34 | INFO | Base Blend Inputs: meter_ref=2.200 MW, meter_factor=1.000, meter_weight=0.080
2026-03-26 20:56:34 | INFO | Plant Status: NORMAL
2026-03-26 20:56:34 | INFO | Effective Base Forecast = Base Forecast (raw) = 0.176 MW
2026-03-26 20:56:34 | INFO | --- WEATHER PARAMETERS ---
2026-03-26 20:56:34 | INFO | GTI: 0.0 W/m^2
2026-03-26 20:56:34 | INFO | DHI: 0.0 W/m^2
2026-03-26 20:56:34 | INFO | DNI: 0.0 W/m^2
2026-03-26 20:56:34 | INFO | Irradiance Ratio (GTI/MAX_GTI): 0.000
2026-03-26 20:56:34 | INFO | Diffuse Ratio (current): 0.000
2026-03-26 20:56:34 | INFO | Irradiance State: OVERCAST
2026-03-26 20:56:34 | INFO | Temp @ 2m: 31.72 C
2026-03-26 20:56:34 | INFO | Wind @ 10m: 16.98 m/s
2026-03-26 20:56:34 | INFO | Weather State: NORMAL
2026-03-26 20:56:34 | INFO | Dynamic Thresholds: cloud_thr=0.0933, shift_thr=0.0987
2026-03-26 20:56:34 | INFO | Multipliers: irradiance=0.55x, temp=1.00x, wind=1.05x
2026-03-26 20:56:34 | INFO | Weather Multiplier (combined): 0.58x
2026-03-26 20:56:34 | INFO | Abrupt Weather Change Detected: False
2026-03-26 20:56:34 | INFO | --- TREND ANALYSIS ---
2026-03-26 20:56:34 | INFO | Trend series: INSUFFICIENT DATA
2026-03-26 20:56:34 | INFO | Detected Trend Type: FLAT
2026-03-26 20:56:34 | INFO | Trend Slope Percentage: 0.00%
2026-03-26 20:56:34 | INFO | Trend EPS Threshold: 1.50%
2026-03-26 20:56:34 | INFO | --- SCHEDULE CALCULATION ---
2026-03-26 20:56:34 | INFO | Condition Applied: SUNSET_CLAMP
2026-03-26 20:56:34 | INFO | Effective Base Forecast Used for Adjustments: 0.176 MW
2026-03-26 20:56:34 | INFO | Condition-3: NOT APPLIED for this block path
2026-03-26 20:56:34 | INFO |   Final Adjustment %: 0.00%
2026-03-26 20:56:34 | INFO |   Formula (expanded): SUNSET_CLAMP: GTI=0.000 < 0.02*MAX_GTI=20.300 => raw=0
2026-03-26 20:56:34 | INFO | --- FINAL RESULT ---
2026-03-26 20:56:34 | INFO | Raw Schedule (before smoothing): 0.000 MW
2026-03-26 20:56:34 | INFO | Final Scheduled MW: 0.000 MW
2026-03-26 20:56:34 | INFO | --------------------------------------------------------------------------------
2026-03-26 20:56:34 | INFO | --------------------------------------------------------------------------------
2026-03-26 20:56:34 | INFO | BLOCK 89
2026-03-26 20:56:34 | INFO | --------------------------------------------------------------------------------
2026-03-26 20:56:34 | INFO | --- METERED DATA ---
2026-03-26 20:56:34 | INFO | Metered Value: NOT YET AVAILABLE
2026-03-26 20:56:34 | INFO | Last Two Metered Values (for trend): ['0.570', '1.290']
2026-03-26 20:56:34 | INFO | --- FORECAST DATA ---
2026-03-26 20:56:34 | INFO | Intraday Forecast (Enercast): 0.000 MW
2026-03-26 20:56:34 | INFO | Day-ahead Forecast (Enercast): 0.000 MW
2026-03-26 20:56:34 | INFO | Base Forecast (raw, before curtailment/shutdown): 0.176 MW
2026-03-26 20:56:34 | INFO | Base Forecast (used for schedule): 0.176 MW
2026-03-26 20:56:34 | INFO | Effective Base Forecast (after curtailment/shutdown): 0.176 MW
2026-03-26 20:56:34 | INFO | Base Blend Inputs: meter_ref=2.200 MW, meter_factor=1.000, meter_weight=0.080
2026-03-26 20:56:34 | INFO | Plant Status: NORMAL
2026-03-26 20:56:34 | INFO | Effective Base Forecast = Base Forecast (raw) = 0.176 MW
2026-03-26 20:56:34 | INFO | --- WEATHER PARAMETERS ---
2026-03-26 20:56:34 | INFO | GTI: 0.0 W/m^2
2026-03-26 20:56:34 | INFO | DHI: 0.0 W/m^2
2026-03-26 20:56:34 | INFO | DNI: 0.0 W/m^2
2026-03-26 20:56:34 | INFO | Irradiance Ratio (GTI/MAX_GTI): 0.000
2026-03-26 20:56:34 | INFO | Diffuse Ratio (current): 0.000
2026-03-26 20:56:34 | INFO | Irradiance State: OVERCAST
2026-03-26 20:56:34 | INFO | Temp @ 2m: 31.52 C
2026-03-26 20:56:34 | INFO | Wind @ 10m: 17.45 m/s
2026-03-26 20:56:34 | INFO | Weather State: NORMAL
2026-03-26 20:56:34 | INFO | Dynamic Thresholds: cloud_thr=0.0933, shift_thr=0.0987
2026-03-26 20:56:34 | INFO | Multipliers: irradiance=0.55x, temp=1.00x, wind=1.05x
2026-03-26 20:56:34 | INFO | Weather Multiplier (combined): 0.58x
2026-03-26 20:56:34 | INFO | Abrupt Weather Change Detected: False
2026-03-26 20:56:34 | INFO | --- TREND ANALYSIS ---
2026-03-26 20:56:34 | INFO | Trend series: INSUFFICIENT DATA
2026-03-26 20:56:34 | INFO | Detected Trend Type: FLAT
2026-03-26 20:56:34 | INFO | Trend Slope Percentage: 0.00%
2026-03-26 20:56:34 | INFO | Trend EPS Threshold: 1.50%
2026-03-26 20:56:34 | INFO | --- SCHEDULE CALCULATION ---
2026-03-26 20:56:34 | INFO | Condition Applied: SUNSET_CLAMP
2026-03-26 20:56:34 | INFO | Effective Base Forecast Used for Adjustments: 0.176 MW
2026-03-26 20:56:34 | INFO | Condition-3: NOT APPLIED for this block path
2026-03-26 20:56:34 | INFO |   Final Adjustment %: 0.00%
2026-03-26 20:56:34 | INFO |   Formula (expanded): SUNSET_CLAMP: GTI=0.000 < 0.02*MAX_GTI=20.300 => raw=0
2026-03-26 20:56:34 | INFO | --- FINAL RESULT ---
2026-03-26 20:56:34 | INFO | Raw Schedule (before smoothing): 0.000 MW
2026-03-26 20:56:34 | INFO | Final Scheduled MW: 0.000 MW
2026-03-26 20:56:34 | INFO | --------------------------------------------------------------------------------
2026-03-26 20:56:34 | INFO | --------------------------------------------------------------------------------
2026-03-26 20:56:34 | INFO | BLOCK 90
2026-03-26 20:56:34 | INFO | --------------------------------------------------------------------------------
2026-03-26 20:56:34 | INFO | --- METERED DATA ---
2026-03-26 20:56:34 | INFO | Metered Value: NOT YET AVAILABLE
2026-03-26 20:56:34 | INFO | Last Two Metered Values (for trend): ['0.570', '1.290']
2026-03-26 20:56:34 | INFO | --- FORECAST DATA ---
2026-03-26 20:56:34 | INFO | Intraday Forecast (Enercast): 0.000 MW
2026-03-26 20:56:34 | INFO | Day-ahead Forecast (Enercast): 0.000 MW
2026-03-26 20:56:34 | INFO | Base Forecast (raw, before curtailment/shutdown): 0.176 MW
2026-03-26 20:56:34 | INFO | Base Forecast (used for schedule): 0.176 MW
2026-03-26 20:56:34 | INFO | Effective Base Forecast (after curtailment/shutdown): 0.176 MW
2026-03-26 20:56:34 | INFO | Base Blend Inputs: meter_ref=2.200 MW, meter_factor=1.000, meter_weight=0.080
2026-03-26 20:56:34 | INFO | Plant Status: NORMAL
2026-03-26 20:56:34 | INFO | Effective Base Forecast = Base Forecast (raw) = 0.176 MW
2026-03-26 20:56:34 | INFO | --- WEATHER PARAMETERS ---
2026-03-26 20:56:34 | INFO | GTI: 0.0 W/m^2
2026-03-26 20:56:34 | INFO | DHI: 0.0 W/m^2
2026-03-26 20:56:34 | INFO | DNI: 0.0 W/m^2
2026-03-26 20:56:34 | INFO | Irradiance Ratio (GTI/MAX_GTI): 0.000
2026-03-26 20:56:34 | INFO | Diffuse Ratio (current): 0.000
2026-03-26 20:56:34 | INFO | Irradiance State: OVERCAST
2026-03-26 20:56:34 | INFO | Temp @ 2m: 31.27 C
2026-03-26 20:56:34 | INFO | Wind @ 10m: 17.78 m/s
2026-03-26 20:56:34 | INFO | Weather State: NORMAL
2026-03-26 20:56:34 | INFO | Dynamic Thresholds: cloud_thr=0.0933, shift_thr=0.0987
2026-03-26 20:56:34 | INFO | Multipliers: irradiance=0.55x, temp=1.00x, wind=1.05x
2026-03-26 20:56:34 | INFO | Weather Multiplier (combined): 0.58x
2026-03-26 20:56:34 | INFO | Abrupt Weather Change Detected: False
2026-03-26 20:56:34 | INFO | --- TREND ANALYSIS ---
2026-03-26 20:56:34 | INFO | Trend series: INSUFFICIENT DATA
2026-03-26 20:56:34 | INFO | Detected Trend Type: FLAT
2026-03-26 20:56:34 | INFO | Trend Slope Percentage: 0.00%
2026-03-26 20:56:34 | INFO | Trend EPS Threshold: 1.50%
2026-03-26 20:56:34 | INFO | --- SCHEDULE CALCULATION ---
2026-03-26 20:56:34 | INFO | Condition Applied: SUNSET_CLAMP
2026-03-26 20:56:34 | INFO | Effective Base Forecast Used for Adjustments: 0.176 MW
2026-03-26 20:56:34 | INFO | Condition-3: NOT APPLIED for this block path
2026-03-26 20:56:34 | INFO |   Final Adjustment %: 0.00%
2026-03-26 20:56:34 | INFO |   Formula (expanded): SUNSET_CLAMP: GTI=0.000 < 0.02*MAX_GTI=20.300 => raw=0
2026-03-26 20:56:34 | INFO | --- FINAL RESULT ---
2026-03-26 20:56:34 | INFO | Raw Schedule (before smoothing): 0.000 MW
2026-03-26 20:56:34 | INFO | Final Scheduled MW: 0.000 MW
2026-03-26 20:56:34 | INFO | --------------------------------------------------------------------------------
2026-03-26 20:56:34 | INFO | --------------------------------------------------------------------------------
2026-03-26 20:56:34 | INFO | BLOCK 91
2026-03-26 20:56:34 | INFO | --------------------------------------------------------------------------------
2026-03-26 20:56:34 | INFO | --- METERED DATA ---
2026-03-26 20:56:34 | INFO | Metered Value: NOT YET AVAILABLE
2026-03-26 20:56:34 | INFO | Last Two Metered Values (for trend): ['0.570', '1.290']
2026-03-26 20:56:34 | INFO | --- FORECAST DATA ---
2026-03-26 20:56:34 | INFO | Intraday Forecast (Enercast): 0.000 MW
2026-03-26 20:56:34 | INFO | Day-ahead Forecast (Enercast): 0.000 MW
2026-03-26 20:56:34 | INFO | Base Forecast (raw, before curtailment/shutdown): 0.176 MW
2026-03-26 20:56:34 | INFO | Base Forecast (used for schedule): 0.176 MW
2026-03-26 20:56:34 | INFO | Effective Base Forecast (after curtailment/shutdown): 0.176 MW
2026-03-26 20:56:34 | INFO | Base Blend Inputs: meter_ref=2.200 MW, meter_factor=1.000, meter_weight=0.080
2026-03-26 20:56:34 | INFO | Plant Status: NORMAL
2026-03-26 20:56:34 | INFO | Effective Base Forecast = Base Forecast (raw) = 0.176 MW
2026-03-26 20:56:34 | INFO | --- WEATHER PARAMETERS ---
2026-03-26 20:56:34 | INFO | GTI: 0.0 W/m^2
2026-03-26 20:56:34 | INFO | DHI: 0.0 W/m^2
2026-03-26 20:56:34 | INFO | DNI: 0.0 W/m^2
2026-03-26 20:56:34 | INFO | Irradiance Ratio (GTI/MAX_GTI): 0.000
2026-03-26 20:56:34 | INFO | Diffuse Ratio (current): 0.000
2026-03-26 20:56:34 | INFO | Irradiance State: OVERCAST
2026-03-26 20:56:34 | INFO | Temp @ 2m: 31.07 C
2026-03-26 20:56:34 | INFO | Wind @ 10m: 17.92 m/s
2026-03-26 20:56:34 | INFO | Weather State: NORMAL
2026-03-26 20:56:34 | INFO | Dynamic Thresholds: cloud_thr=0.0933, shift_thr=0.0987
2026-03-26 20:56:34 | INFO | Multipliers: irradiance=0.55x, temp=1.00x, wind=1.05x
2026-03-26 20:56:34 | INFO | Weather Multiplier (combined): 0.58x
2026-03-26 20:56:34 | INFO | Abrupt Weather Change Detected: False
2026-03-26 20:56:34 | INFO | --- TREND ANALYSIS ---
2026-03-26 20:56:34 | INFO | Trend series: INSUFFICIENT DATA
2026-03-26 20:56:34 | INFO | Detected Trend Type: FLAT
2026-03-26 20:56:34 | INFO | Trend Slope Percentage: 0.00%
2026-03-26 20:56:34 | INFO | Trend EPS Threshold: 1.50%
2026-03-26 20:56:34 | INFO | --- SCHEDULE CALCULATION ---
2026-03-26 20:56:34 | INFO | Condition Applied: SUNSET_CLAMP
2026-03-26 20:56:34 | INFO | Effective Base Forecast Used for Adjustments: 0.176 MW
2026-03-26 20:56:34 | INFO | Condition-3: NOT APPLIED for this block path
2026-03-26 20:56:34 | INFO |   Final Adjustment %: 0.00%
2026-03-26 20:56:34 | INFO |   Formula (expanded): SUNSET_CLAMP: GTI=0.000 < 0.02*MAX_GTI=20.300 => raw=0
2026-03-26 20:56:34 | INFO | --- FINAL RESULT ---
2026-03-26 20:56:34 | INFO | Raw Schedule (before smoothing): 0.000 MW
2026-03-26 20:56:34 | INFO | Final Scheduled MW: 0.000 MW
2026-03-26 20:56:34 | INFO | --------------------------------------------------------------------------------
2026-03-26 20:56:34 | INFO | --------------------------------------------------------------------------------
2026-03-26 20:56:34 | INFO | BLOCK 92
2026-03-26 20:56:34 | INFO | --------------------------------------------------------------------------------
2026-03-26 20:56:34 | INFO | --- METERED DATA ---
2026-03-26 20:56:34 | INFO | Metered Value: NOT YET AVAILABLE
2026-03-26 20:56:34 | INFO | Last Two Metered Values (for trend): ['0.570', '1.290']
2026-03-26 20:56:34 | INFO | --- FORECAST DATA ---
2026-03-26 20:56:34 | INFO | Intraday Forecast (Enercast): 0.000 MW
2026-03-26 20:56:34 | INFO | Day-ahead Forecast (Enercast): 0.000 MW
2026-03-26 20:56:34 | INFO | Base Forecast (raw, before curtailment/shutdown): 0.176 MW
2026-03-26 20:56:34 | INFO | Base Forecast (used for schedule): 0.176 MW
2026-03-26 20:56:34 | INFO | Effective Base Forecast (after curtailment/shutdown): 0.176 MW
2026-03-26 20:56:34 | INFO | Base Blend Inputs: meter_ref=2.200 MW, meter_factor=1.000, meter_weight=0.080
2026-03-26 20:56:34 | INFO | Plant Status: NORMAL
2026-03-26 20:56:34 | INFO | Effective Base Forecast = Base Forecast (raw) = 0.176 MW
2026-03-26 20:56:34 | INFO | --- WEATHER PARAMETERS ---
2026-03-26 20:56:34 | INFO | GTI: 0.0 W/m^2
2026-03-26 20:56:34 | INFO | DHI: 0.0 W/m^2
2026-03-26 20:56:34 | INFO | DNI: 0.0 W/m^2
2026-03-26 20:56:34 | INFO | Irradiance Ratio (GTI/MAX_GTI): 0.000
2026-03-26 20:56:34 | INFO | Diffuse Ratio (current): 0.000
2026-03-26 20:56:34 | INFO | Irradiance State: OVERCAST
2026-03-26 20:56:34 | INFO | Temp @ 2m: 30.82 C
2026-03-26 20:56:34 | INFO | Wind @ 10m: 16.92 m/s
2026-03-26 20:56:34 | INFO | Weather State: NORMAL
2026-03-26 20:56:34 | INFO | Dynamic Thresholds: cloud_thr=0.0933, shift_thr=0.0987
2026-03-26 20:56:34 | INFO | Multipliers: irradiance=0.55x, temp=1.00x, wind=1.05x
2026-03-26 20:56:34 | INFO | Weather Multiplier (combined): 0.58x
2026-03-26 20:56:34 | INFO | Abrupt Weather Change Detected: False
2026-03-26 20:56:34 | INFO | --- TREND ANALYSIS ---
2026-03-26 20:56:34 | INFO | Trend series: INSUFFICIENT DATA
2026-03-26 20:56:34 | INFO | Detected Trend Type: FLAT
2026-03-26 20:56:34 | INFO | Trend Slope Percentage: 0.00%
2026-03-26 20:56:34 | INFO | Trend EPS Threshold: 1.50%
2026-03-26 20:56:34 | INFO | --- SCHEDULE CALCULATION ---
2026-03-26 20:56:34 | INFO | Condition Applied: SUNSET_CLAMP
2026-03-26 20:56:34 | INFO | Effective Base Forecast Used for Adjustments: 0.176 MW
2026-03-26 20:56:34 | INFO | Condition-3: NOT APPLIED for this block path
2026-03-26 20:56:34 | INFO |   Final Adjustment %: 0.00%
2026-03-26 20:56:34 | INFO |   Formula (expanded): SUNSET_CLAMP: GTI=0.000 < 0.02*MAX_GTI=20.300 => raw=0
2026-03-26 20:56:34 | INFO | --- FINAL RESULT ---
2026-03-26 20:56:34 | INFO | Raw Schedule (before smoothing): 0.000 MW
2026-03-26 20:56:34 | INFO | Final Scheduled MW: 0.000 MW
2026-03-26 20:56:34 | INFO | --------------------------------------------------------------------------------
2026-03-26 20:56:34 | INFO | --------------------------------------------------------------------------------
2026-03-26 20:56:34 | INFO | BLOCK 93
2026-03-26 20:56:34 | INFO | --------------------------------------------------------------------------------
2026-03-26 20:56:34 | INFO | --- METERED DATA ---
2026-03-26 20:56:34 | INFO | Metered Value: NOT YET AVAILABLE
2026-03-26 20:56:34 | INFO | Last Two Metered Values (for trend): ['0.570', '1.290']
2026-03-26 20:56:34 | INFO | --- FORECAST DATA ---
2026-03-26 20:56:34 | INFO | Intraday Forecast (Enercast): 0.000 MW
2026-03-26 20:56:34 | INFO | Day-ahead Forecast (Enercast): 0.000 MW
2026-03-26 20:56:34 | INFO | Base Forecast (raw, before curtailment/shutdown): 0.176 MW
2026-03-26 20:56:34 | INFO | Base Forecast (used for schedule): 0.176 MW
2026-03-26 20:56:34 | INFO | Effective Base Forecast (after curtailment/shutdown): 0.176 MW
2026-03-26 20:56:34 | INFO | Base Blend Inputs: meter_ref=2.200 MW, meter_factor=1.000, meter_weight=0.080
2026-03-26 20:56:34 | INFO | Plant Status: NORMAL
2026-03-26 20:56:34 | INFO | Effective Base Forecast = Base Forecast (raw) = 0.176 MW
2026-03-26 20:56:34 | INFO | --- WEATHER PARAMETERS ---
2026-03-26 20:56:34 | INFO | GTI: 0.0 W/m^2
2026-03-26 20:56:34 | INFO | DHI: 0.0 W/m^2
2026-03-26 20:56:34 | INFO | DNI: 0.0 W/m^2
2026-03-26 20:56:34 | INFO | Irradiance Ratio (GTI/MAX_GTI): 0.000
2026-03-26 20:56:34 | INFO | Diffuse Ratio (current): 0.000
2026-03-26 20:56:34 | INFO | Irradiance State: OVERCAST
2026-03-26 20:56:34 | INFO | Temp @ 2m: 30.57 C
2026-03-26 20:56:34 | INFO | Wind @ 10m: 15.62 m/s
2026-03-26 20:56:34 | INFO | Weather State: NORMAL
2026-03-26 20:56:34 | INFO | Dynamic Thresholds: cloud_thr=0.0933, shift_thr=0.0987
2026-03-26 20:56:34 | INFO | Multipliers: irradiance=0.55x, temp=1.00x, wind=1.05x
2026-03-26 20:56:34 | INFO | Weather Multiplier (combined): 0.58x
2026-03-26 20:56:34 | INFO | Abrupt Weather Change Detected: False
2026-03-26 20:56:34 | INFO | --- TREND ANALYSIS ---
2026-03-26 20:56:34 | INFO | Trend series: INSUFFICIENT DATA
2026-03-26 20:56:34 | INFO | Detected Trend Type: FLAT
2026-03-26 20:56:34 | INFO | Trend Slope Percentage: 0.00%
2026-03-26 20:56:34 | INFO | Trend EPS Threshold: 1.50%
2026-03-26 20:56:34 | INFO | --- SCHEDULE CALCULATION ---
2026-03-26 20:56:34 | INFO | Condition Applied: SUNSET_CLAMP
2026-03-26 20:56:34 | INFO | Effective Base Forecast Used for Adjustments: 0.176 MW
2026-03-26 20:56:34 | INFO | Condition-3: NOT APPLIED for this block path
2026-03-26 20:56:34 | INFO |   Final Adjustment %: 0.00%
2026-03-26 20:56:34 | INFO |   Formula (expanded): SUNSET_CLAMP: GTI=0.000 < 0.02*MAX_GTI=20.300 => raw=0
2026-03-26 20:56:34 | INFO | --- FINAL RESULT ---
2026-03-26 20:56:34 | INFO | Raw Schedule (before smoothing): 0.000 MW
2026-03-26 20:56:34 | INFO | Final Scheduled MW: 0.000 MW
2026-03-26 20:56:34 | INFO | --------------------------------------------------------------------------------
2026-03-26 20:56:34 | INFO | --------------------------------------------------------------------------------
2026-03-26 20:56:34 | INFO | BLOCK 94
2026-03-26 20:56:34 | INFO | --------------------------------------------------------------------------------
2026-03-26 20:56:34 | INFO | --- METERED DATA ---
2026-03-26 20:56:34 | INFO | Metered Value: NOT YET AVAILABLE
2026-03-26 20:56:34 | INFO | Last Two Metered Values (for trend): ['0.570', '1.290']
2026-03-26 20:56:34 | INFO | --- FORECAST DATA ---
2026-03-26 20:56:34 | INFO | Intraday Forecast (Enercast): 0.000 MW
2026-03-26 20:56:34 | INFO | Day-ahead Forecast (Enercast): 0.000 MW
2026-03-26 20:56:34 | INFO | Base Forecast (raw, before curtailment/shutdown): 0.176 MW
2026-03-26 20:56:34 | INFO | Base Forecast (used for schedule): 0.176 MW
2026-03-26 20:56:34 | INFO | Effective Base Forecast (after curtailment/shutdown): 0.176 MW
2026-03-26 20:56:34 | INFO | Base Blend Inputs: meter_ref=2.200 MW, meter_factor=1.000, meter_weight=0.080
2026-03-26 20:56:34 | INFO | Plant Status: NORMAL
2026-03-26 20:56:34 | INFO | Effective Base Forecast = Base Forecast (raw) = 0.176 MW
2026-03-26 20:56:34 | INFO | --- WEATHER PARAMETERS ---
2026-03-26 20:56:34 | INFO | GTI: 0.0 W/m^2
2026-03-26 20:56:34 | INFO | DHI: 0.0 W/m^2
2026-03-26 20:56:34 | INFO | DNI: 0.0 W/m^2
2026-03-26 20:56:34 | INFO | Irradiance Ratio (GTI/MAX_GTI): 0.000
2026-03-26 20:56:34 | INFO | Diffuse Ratio (current): 0.000
2026-03-26 20:56:34 | INFO | Irradiance State: OVERCAST
2026-03-26 20:56:34 | INFO | Temp @ 2m: 30.37 C
2026-03-26 20:56:34 | INFO | Wind @ 10m: 14.02 m/s
2026-03-26 20:56:34 | INFO | Weather State: NORMAL
2026-03-26 20:56:34 | INFO | Dynamic Thresholds: cloud_thr=0.0933, shift_thr=0.0987
2026-03-26 20:56:34 | INFO | Multipliers: irradiance=0.55x, temp=1.00x, wind=1.05x
2026-03-26 20:56:34 | INFO | Weather Multiplier (combined): 0.58x
2026-03-26 20:56:34 | INFO | Abrupt Weather Change Detected: False
2026-03-26 20:56:34 | INFO | --- TREND ANALYSIS ---
2026-03-26 20:56:34 | INFO | Trend series: INSUFFICIENT DATA
2026-03-26 20:56:34 | INFO | Detected Trend Type: FLAT
2026-03-26 20:56:34 | INFO | Trend Slope Percentage: 0.00%
2026-03-26 20:56:34 | INFO | Trend EPS Threshold: 1.50%
2026-03-26 20:56:34 | INFO | --- SCHEDULE CALCULATION ---
2026-03-26 20:56:34 | INFO | Condition Applied: SUNSET_CLAMP
2026-03-26 20:56:34 | INFO | Effective Base Forecast Used for Adjustments: 0.176 MW
2026-03-26 20:56:34 | INFO | Condition-3: NOT APPLIED for this block path
2026-03-26 20:56:34 | INFO |   Final Adjustment %: 0.00%
2026-03-26 20:56:34 | INFO |   Formula (expanded): SUNSET_CLAMP: GTI=0.000 < 0.02*MAX_GTI=20.300 => raw=0
2026-03-26 20:56:34 | INFO | --- FINAL RESULT ---
2026-03-26 20:56:34 | INFO | Raw Schedule (before smoothing): 0.000 MW
2026-03-26 20:56:34 | INFO | Final Scheduled MW: 0.000 MW
2026-03-26 20:56:34 | INFO | --------------------------------------------------------------------------------
2026-03-26 20:56:34 | INFO | --------------------------------------------------------------------------------
2026-03-26 20:56:34 | INFO | BLOCK 95
2026-03-26 20:56:34 | INFO | --------------------------------------------------------------------------------
2026-03-26 20:56:34 | INFO | --- METERED DATA ---
2026-03-26 20:56:34 | INFO | Metered Value: NOT YET AVAILABLE
2026-03-26 20:56:34 | INFO | Last Two Metered Values (for trend): ['0.570', '1.290']
2026-03-26 20:56:34 | INFO | --- FORECAST DATA ---
2026-03-26 20:56:34 | INFO | Intraday Forecast (Enercast): 0.000 MW
2026-03-26 20:56:34 | INFO | Day-ahead Forecast (Enercast): 0.000 MW
2026-03-26 20:56:34 | INFO | Base Forecast (raw, before curtailment/shutdown): 0.176 MW
2026-03-26 20:56:34 | INFO | Base Forecast (used for schedule): 0.176 MW
2026-03-26 20:56:34 | INFO | Effective Base Forecast (after curtailment/shutdown): 0.176 MW
2026-03-26 20:56:34 | INFO | Base Blend Inputs: meter_ref=2.200 MW, meter_factor=1.000, meter_weight=0.080
2026-03-26 20:56:34 | INFO | Plant Status: NORMAL
2026-03-26 20:56:34 | INFO | Effective Base Forecast = Base Forecast (raw) = 0.176 MW
2026-03-26 20:56:34 | INFO | --- WEATHER PARAMETERS ---
2026-03-26 20:56:34 | INFO | GTI: 0.0 W/m^2
2026-03-26 20:56:34 | INFO | DHI: 0.0 W/m^2
2026-03-26 20:56:34 | INFO | DNI: 0.0 W/m^2
2026-03-26 20:56:34 | INFO | Irradiance Ratio (GTI/MAX_GTI): 0.000
2026-03-26 20:56:34 | INFO | Diffuse Ratio (current): 0.000
2026-03-26 20:56:34 | INFO | Irradiance State: OVERCAST
2026-03-26 20:56:34 | INFO | Temp @ 2m: 30.17 C
2026-03-26 20:56:34 | INFO | Wind @ 10m: 12.98 m/s
2026-03-26 20:56:34 | INFO | Weather State: NORMAL
2026-03-26 20:56:34 | INFO | Dynamic Thresholds: cloud_thr=0.0933, shift_thr=0.0987
2026-03-26 20:56:34 | INFO | Multipliers: irradiance=0.55x, temp=1.00x, wind=1.05x
2026-03-26 20:56:34 | INFO | Weather Multiplier (combined): 0.58x
2026-03-26 20:56:34 | INFO | Abrupt Weather Change Detected: False
2026-03-26 20:56:34 | INFO | --- TREND ANALYSIS ---
2026-03-26 20:56:34 | INFO | Trend series: INSUFFICIENT DATA
2026-03-26 20:56:34 | INFO | Detected Trend Type: FLAT
2026-03-26 20:56:34 | INFO | Trend Slope Percentage: 0.00%
2026-03-26 20:56:34 | INFO | Trend EPS Threshold: 1.50%
2026-03-26 20:56:34 | INFO | --- SCHEDULE CALCULATION ---
2026-03-26 20:56:34 | INFO | Condition Applied: SUNSET_CLAMP
2026-03-26 20:56:34 | INFO | Effective Base Forecast Used for Adjustments: 0.176 MW
2026-03-26 20:56:34 | INFO | Condition-3: NOT APPLIED for this block path
2026-03-26 20:56:34 | INFO |   Final Adjustment %: 0.00%
2026-03-26 20:56:34 | INFO |   Formula (expanded): SUNSET_CLAMP: GTI=0.000 < 0.02*MAX_GTI=20.300 => raw=0
2026-03-26 20:56:34 | INFO | --- FINAL RESULT ---
2026-03-26 20:56:34 | INFO | Raw Schedule (before smoothing): 0.000 MW
2026-03-26 20:56:34 | INFO | Final Scheduled MW: 0.000 MW
2026-03-26 20:56:34 | INFO | --------------------------------------------------------------------------------
2026-03-26 20:56:34 | INFO | --------------------------------------------------------------------------------
2026-03-26 20:56:34 | INFO | BLOCK 96
2026-03-26 20:56:34 | INFO | --------------------------------------------------------------------------------
2026-03-26 20:56:34 | INFO | --- METERED DATA ---
2026-03-26 20:56:34 | INFO | Metered Value: NOT YET AVAILABLE
2026-03-26 20:56:34 | INFO | Last Two Metered Values (for trend): ['0.570', '1.290']
2026-03-26 20:56:34 | INFO | --- FORECAST DATA ---
2026-03-26 20:56:34 | INFO | Intraday Forecast (Enercast): 0.000 MW
2026-03-26 20:56:34 | INFO | Day-ahead Forecast (Enercast): 0.000 MW
2026-03-26 20:56:34 | INFO | Base Forecast (raw, before curtailment/shutdown): 0.176 MW
2026-03-26 20:56:34 | INFO | Base Forecast (used for schedule): 0.176 MW
2026-03-26 20:56:34 | INFO | Effective Base Forecast (after curtailment/shutdown): 0.176 MW
2026-03-26 20:56:34 | INFO | Base Blend Inputs: meter_ref=2.200 MW, meter_factor=1.000, meter_weight=0.080
2026-03-26 20:56:34 | INFO | Plant Status: NORMAL
2026-03-26 20:56:34 | INFO | Effective Base Forecast = Base Forecast (raw) = 0.176 MW
2026-03-26 20:56:34 | INFO | --- WEATHER PARAMETERS ---
2026-03-26 20:56:34 | INFO | GTI: 0.0 W/m^2
2026-03-26 20:56:34 | INFO | DHI: 0.0 W/m^2
2026-03-26 20:56:34 | INFO | DNI: 0.0 W/m^2
2026-03-26 20:56:34 | INFO | Irradiance Ratio (GTI/MAX_GTI): 0.000
2026-03-26 20:56:34 | INFO | Diffuse Ratio (current): 0.000
2026-03-26 20:56:34 | INFO | Irradiance State: OVERCAST
2026-03-26 20:56:34 | INFO | Temp @ 2m: 30.02 C
2026-03-26 20:56:34 | INFO | Wind @ 10m: 12.26 m/s
2026-03-26 20:56:34 | INFO | Weather State: NORMAL
2026-03-26 20:56:34 | INFO | Dynamic Thresholds: cloud_thr=0.0933, shift_thr=0.0987
2026-03-26 20:56:34 | INFO | Multipliers: irradiance=0.55x, temp=1.00x, wind=1.05x
2026-03-26 20:56:34 | INFO | Weather Multiplier (combined): 0.58x
2026-03-26 20:56:34 | INFO | Abrupt Weather Change Detected: False
2026-03-26 20:56:34 | INFO | --- TREND ANALYSIS ---
2026-03-26 20:56:34 | INFO | Trend series: INSUFFICIENT DATA
2026-03-26 20:56:34 | INFO | Detected Trend Type: FLAT
2026-03-26 20:56:34 | INFO | Trend Slope Percentage: 0.00%
2026-03-26 20:56:34 | INFO | Trend EPS Threshold: 1.50%
2026-03-26 20:56:34 | INFO | --- SCHEDULE CALCULATION ---
2026-03-26 20:56:34 | INFO | Condition Applied: SUNSET_CLAMP
2026-03-26 20:56:34 | INFO | Effective Base Forecast Used for Adjustments: 0.176 MW
2026-03-26 20:56:34 | INFO | Condition-3: NOT APPLIED for this block path
2026-03-26 20:56:34 | INFO |   Final Adjustment %: 0.00%
2026-03-26 20:56:34 | INFO |   Formula (expanded): SUNSET_CLAMP: GTI=0.000 < 0.02*MAX_GTI=20.300 => raw=0
2026-03-26 20:56:34 | INFO | --- FINAL RESULT ---
2026-03-26 20:56:34 | INFO | Raw Schedule (before smoothing): 0.000 MW
2026-03-26 20:56:34 | INFO | Final Scheduled MW: 0.000 MW
2026-03-26 20:56:34 | INFO | --------------------------------------------------------------------------------
