2026-03-25 09:05:14 | INFO | ================================================================================
2026-03-25 09:05:14 | INFO | SCHEDULE FILE: schedule_from_37.csv
2026-03-25 09:05:14 | INFO | DATE: 2026-03-25
2026-03-25 09:05:14 | INFO | ENGINE BLOCK (Start Block): 37
2026-03-25 09:05:14 | INFO | DYNAMIC START BLOCK: 33
2026-03-25 09:05:14 | INFO | SCHEDULE REASON: abrupt_weather
2026-03-25 09:05:14 | INFO | METERED PAIR USED (engine_block-2, engine_block-1): 1.559 MW, 1.839 MW
2026-03-25 09:05:14 | INFO | Generated: 2026-03-25 09:05:14
2026-03-25 09:05:14 | INFO | ================================================================================
2026-03-25 09:05:14 | INFO | BLOCK-WISE WEATHER STATE OVERVIEW
2026-03-25 09:05:14 | INFO | Block | Weather State
2026-03-25 09:05:14 | INFO | 37    | ABRUPT
2026-03-25 09:05:14 | INFO | 38    | ABRUPT
2026-03-25 09:05:14 | INFO | 39    | NORMAL
2026-03-25 09:05:14 | INFO | 40    | NORMAL
2026-03-25 09:05:14 | INFO | 41    | NORMAL
2026-03-25 09:05:14 | INFO | 42    | NORMAL
2026-03-25 09:05:14 | INFO | 43    | NORMAL
2026-03-25 09:05:14 | INFO | 44    | NORMAL
2026-03-25 09:05:14 | INFO | 45    | NORMAL
2026-03-25 09:05:14 | INFO | 46    | NORMAL
2026-03-25 09:05:14 | INFO | 47    | NORMAL
2026-03-25 09:05:14 | INFO | 48    | NORMAL
2026-03-25 09:05:14 | INFO | 49    | NORMAL
2026-03-25 09:05:14 | INFO | 50    | NORMAL
2026-03-25 09:05:14 | INFO | 51    | NORMAL
2026-03-25 09:05:14 | INFO | 52    | NORMAL
2026-03-25 09:05:14 | INFO | 53    | NORMAL
2026-03-25 09:05:14 | INFO | 54    | NORMAL
2026-03-25 09:05:14 | INFO | 55    | NORMAL
2026-03-25 09:05:14 | INFO | 56    | NORMAL
2026-03-25 09:05:14 | INFO | 57    | NORMAL
2026-03-25 09:05:14 | INFO | 58    | NORMAL
2026-03-25 09:05:14 | INFO | 59    | NORMAL
2026-03-25 09:05:14 | INFO | 60    | NORMAL
2026-03-25 09:05:14 | INFO | 61    | NORMAL
2026-03-25 09:05:14 | INFO | 62    | NORMAL
2026-03-25 09:05:14 | INFO | 63    | NORMAL
2026-03-25 09:05:14 | INFO | 64    | NORMAL
2026-03-25 09:05:14 | INFO | 65    | NORMAL
2026-03-25 09:05:14 | INFO | 66    | NORMAL
2026-03-25 09:05:14 | INFO | 67    | NORMAL
2026-03-25 09:05:14 | INFO | 68    | NORMAL
2026-03-25 09:05:14 | INFO | 69    | NORMAL
2026-03-25 09:05:14 | INFO | 70    | NORMAL
2026-03-25 09:05:14 | INFO | 71    | NORMAL
2026-03-25 09:05:14 | INFO | 72    | NORMAL
2026-03-25 09:05:14 | INFO | 73    | NORMAL
2026-03-25 09:05:14 | INFO | 74    | NORMAL
2026-03-25 09:05:14 | INFO | 75    | NORMAL
2026-03-25 09:05:14 | INFO | 76    | NORMAL
2026-03-25 09:05:14 | INFO | 77    | NORMAL
2026-03-25 09:05:14 | INFO | 78    | NORMAL
2026-03-25 09:05:14 | INFO | 79    | NORMAL
2026-03-25 09:05:14 | INFO | 80    | NORMAL
2026-03-25 09:05:14 | INFO | 81    | NORMAL
2026-03-25 09:05:14 | INFO | 82    | NORMAL
2026-03-25 09:05:14 | INFO | 83    | NORMAL
2026-03-25 09:05:14 | INFO | 84    | NORMAL
2026-03-25 09:05:14 | INFO | 85    | NORMAL
2026-03-25 09:05:14 | INFO | 86    | NORMAL
2026-03-25 09:05:14 | INFO | 87    | NORMAL
2026-03-25 09:05:14 | INFO | 88    | NORMAL
2026-03-25 09:05:14 | INFO | 89    | NORMAL
2026-03-25 09:05:14 | INFO | 90    | NORMAL
2026-03-25 09:05:14 | INFO | 91    | NORMAL
2026-03-25 09:05:14 | INFO | 92    | NORMAL
2026-03-25 09:05:14 | INFO | 93    | NORMAL
2026-03-25 09:05:14 | INFO | 94    | NORMAL
2026-03-25 09:05:14 | INFO | 95    | NORMAL
2026-03-25 09:05:14 | INFO | 96    | NORMAL
2026-03-25 09:05:14 | INFO | --------------------------------------------------------------------------------
2026-03-25 09:05:14 | INFO | ITERATION FORECAST CONTEXT | reason=abrupt_weather | meter_ref=1.6990 | intraday_T=2.4100
2026-03-25 09:05:14 | INFO | --------------------------------------------------------------------------------
2026-03-25 09:05:14 | INFO | BLOCK 01
2026-03-25 09:05:14 | INFO | --------------------------------------------------------------------------------
2026-03-25 09:05:14 | INFO | STATUS: FROZEN (Value from previous schedule)
2026-03-25 09:05:14 | INFO | FROZEN ALGO SCHEDULE: 0.000 MW
2026-03-25 09:05:14 | INFO | --------------------------------------------------------------------------------
2026-03-25 09:05:14 | INFO | --------------------------------------------------------------------------------
2026-03-25 09:05:14 | INFO | BLOCK 02
2026-03-25 09:05:14 | INFO | --------------------------------------------------------------------------------
2026-03-25 09:05:14 | INFO | STATUS: FROZEN (Value from previous schedule)
2026-03-25 09:05:14 | INFO | FROZEN ALGO SCHEDULE: 0.000 MW
2026-03-25 09:05:14 | INFO | --------------------------------------------------------------------------------
2026-03-25 09:05:14 | INFO | --------------------------------------------------------------------------------
2026-03-25 09:05:14 | INFO | BLOCK 03
2026-03-25 09:05:14 | INFO | --------------------------------------------------------------------------------
2026-03-25 09:05:14 | INFO | STATUS: FROZEN (Value from previous schedule)
2026-03-25 09:05:14 | INFO | FROZEN ALGO SCHEDULE: 0.000 MW
2026-03-25 09:05:14 | INFO | --------------------------------------------------------------------------------
2026-03-25 09:05:14 | INFO | --------------------------------------------------------------------------------
2026-03-25 09:05:14 | INFO | BLOCK 04
2026-03-25 09:05:14 | INFO | --------------------------------------------------------------------------------
2026-03-25 09:05:14 | INFO | STATUS: FROZEN (Value from previous schedule)
2026-03-25 09:05:14 | INFO | FROZEN ALGO SCHEDULE: 0.000 MW
2026-03-25 09:05:14 | INFO | --------------------------------------------------------------------------------
2026-03-25 09:05:14 | INFO | --------------------------------------------------------------------------------
2026-03-25 09:05:14 | INFO | BLOCK 05
2026-03-25 09:05:14 | INFO | --------------------------------------------------------------------------------
2026-03-25 09:05:14 | INFO | STATUS: FROZEN (Value from previous schedule)
2026-03-25 09:05:14 | INFO | FROZEN ALGO SCHEDULE: 0.000 MW
2026-03-25 09:05:14 | INFO | --------------------------------------------------------------------------------
2026-03-25 09:05:14 | INFO | --------------------------------------------------------------------------------
2026-03-25 09:05:14 | INFO | BLOCK 06
2026-03-25 09:05:14 | INFO | --------------------------------------------------------------------------------
2026-03-25 09:05:14 | INFO | STATUS: FROZEN (Value from previous schedule)
2026-03-25 09:05:14 | INFO | FROZEN ALGO SCHEDULE: 0.000 MW
2026-03-25 09:05:14 | INFO | --------------------------------------------------------------------------------
2026-03-25 09:05:14 | INFO | --------------------------------------------------------------------------------
2026-03-25 09:05:14 | INFO | BLOCK 07
2026-03-25 09:05:14 | INFO | --------------------------------------------------------------------------------
2026-03-25 09:05:14 | INFO | STATUS: FROZEN (Value from previous schedule)
2026-03-25 09:05:14 | INFO | FROZEN ALGO SCHEDULE: 0.000 MW
2026-03-25 09:05:14 | INFO | --------------------------------------------------------------------------------
2026-03-25 09:05:14 | INFO | --------------------------------------------------------------------------------
2026-03-25 09:05:14 | INFO | BLOCK 08
2026-03-25 09:05:14 | INFO | --------------------------------------------------------------------------------
2026-03-25 09:05:14 | INFO | STATUS: FROZEN (Value from previous schedule)
2026-03-25 09:05:14 | INFO | FROZEN ALGO SCHEDULE: 0.000 MW
2026-03-25 09:05:14 | INFO | --------------------------------------------------------------------------------
2026-03-25 09:05:14 | INFO | --------------------------------------------------------------------------------
2026-03-25 09:05:14 | INFO | BLOCK 09
2026-03-25 09:05:14 | INFO | --------------------------------------------------------------------------------
2026-03-25 09:05:14 | INFO | STATUS: FROZEN (Value from previous schedule)
2026-03-25 09:05:14 | INFO | FROZEN ALGO SCHEDULE: 0.000 MW
2026-03-25 09:05:14 | INFO | --------------------------------------------------------------------------------
2026-03-25 09:05:14 | INFO | --------------------------------------------------------------------------------
2026-03-25 09:05:14 | INFO | BLOCK 10
2026-03-25 09:05:14 | INFO | --------------------------------------------------------------------------------
2026-03-25 09:05:14 | INFO | STATUS: FROZEN (Value from previous schedule)
2026-03-25 09:05:14 | INFO | FROZEN ALGO SCHEDULE: 0.000 MW
2026-03-25 09:05:14 | INFO | --------------------------------------------------------------------------------
2026-03-25 09:05:14 | INFO | --------------------------------------------------------------------------------
2026-03-25 09:05:14 | INFO | BLOCK 11
2026-03-25 09:05:14 | INFO | --------------------------------------------------------------------------------
2026-03-25 09:05:14 | INFO | STATUS: FROZEN (Value from previous schedule)
2026-03-25 09:05:14 | INFO | FROZEN ALGO SCHEDULE: 0.000 MW
2026-03-25 09:05:14 | INFO | --------------------------------------------------------------------------------
2026-03-25 09:05:14 | INFO | --------------------------------------------------------------------------------
2026-03-25 09:05:14 | INFO | BLOCK 12
2026-03-25 09:05:14 | INFO | --------------------------------------------------------------------------------
2026-03-25 09:05:14 | INFO | STATUS: FROZEN (Value from previous schedule)
2026-03-25 09:05:14 | INFO | FROZEN ALGO SCHEDULE: 0.000 MW
2026-03-25 09:05:14 | INFO | --------------------------------------------------------------------------------
2026-03-25 09:05:14 | INFO | --------------------------------------------------------------------------------
2026-03-25 09:05:14 | INFO | BLOCK 13
2026-03-25 09:05:14 | INFO | --------------------------------------------------------------------------------
2026-03-25 09:05:14 | INFO | STATUS: FROZEN (Value from previous schedule)
2026-03-25 09:05:14 | INFO | FROZEN ALGO SCHEDULE: 0.000 MW
2026-03-25 09:05:14 | INFO | --------------------------------------------------------------------------------
2026-03-25 09:05:14 | INFO | --------------------------------------------------------------------------------
2026-03-25 09:05:14 | INFO | BLOCK 14
2026-03-25 09:05:14 | INFO | --------------------------------------------------------------------------------
2026-03-25 09:05:14 | INFO | STATUS: FROZEN (Value from previous schedule)
2026-03-25 09:05:14 | INFO | FROZEN ALGO SCHEDULE: 0.000 MW
2026-03-25 09:05:14 | INFO | --------------------------------------------------------------------------------
2026-03-25 09:05:14 | INFO | --------------------------------------------------------------------------------
2026-03-25 09:05:14 | INFO | BLOCK 15
2026-03-25 09:05:14 | INFO | --------------------------------------------------------------------------------
2026-03-25 09:05:14 | INFO | STATUS: FROZEN (Value from previous schedule)
2026-03-25 09:05:14 | INFO | FROZEN ALGO SCHEDULE: 0.000 MW
2026-03-25 09:05:14 | INFO | --------------------------------------------------------------------------------
2026-03-25 09:05:14 | INFO | --------------------------------------------------------------------------------
2026-03-25 09:05:14 | INFO | BLOCK 16
2026-03-25 09:05:14 | INFO | --------------------------------------------------------------------------------
2026-03-25 09:05:14 | INFO | STATUS: FROZEN (Value from previous schedule)
2026-03-25 09:05:14 | INFO | FROZEN ALGO SCHEDULE: 0.000 MW
2026-03-25 09:05:14 | INFO | --------------------------------------------------------------------------------
2026-03-25 09:05:14 | INFO | --------------------------------------------------------------------------------
2026-03-25 09:05:14 | INFO | BLOCK 17
2026-03-25 09:05:14 | INFO | --------------------------------------------------------------------------------
2026-03-25 09:05:14 | INFO | STATUS: FROZEN (Value from previous schedule)
2026-03-25 09:05:14 | INFO | FROZEN ALGO SCHEDULE: 0.000 MW
2026-03-25 09:05:14 | INFO | --------------------------------------------------------------------------------
2026-03-25 09:05:14 | INFO | --------------------------------------------------------------------------------
2026-03-25 09:05:14 | INFO | BLOCK 18
2026-03-25 09:05:14 | INFO | --------------------------------------------------------------------------------
2026-03-25 09:05:14 | INFO | STATUS: FROZEN (Value from previous schedule)
2026-03-25 09:05:14 | INFO | FROZEN ALGO SCHEDULE: 0.000 MW
2026-03-25 09:05:14 | INFO | --------------------------------------------------------------------------------
2026-03-25 09:05:14 | INFO | --------------------------------------------------------------------------------
2026-03-25 09:05:14 | INFO | BLOCK 19
2026-03-25 09:05:14 | INFO | --------------------------------------------------------------------------------
2026-03-25 09:05:14 | INFO | STATUS: FROZEN (Value from previous schedule)
2026-03-25 09:05:14 | INFO | FROZEN ALGO SCHEDULE: 0.000 MW
2026-03-25 09:05:14 | INFO | --------------------------------------------------------------------------------
2026-03-25 09:05:14 | INFO | --------------------------------------------------------------------------------
2026-03-25 09:05:14 | INFO | BLOCK 20
2026-03-25 09:05:14 | INFO | --------------------------------------------------------------------------------
2026-03-25 09:05:14 | INFO | STATUS: FROZEN (Value from previous schedule)
2026-03-25 09:05:14 | INFO | FROZEN ALGO SCHEDULE: 0.000 MW
2026-03-25 09:05:14 | INFO | --------------------------------------------------------------------------------
2026-03-25 09:05:14 | INFO | --------------------------------------------------------------------------------
2026-03-25 09:05:14 | INFO | BLOCK 21
2026-03-25 09:05:14 | INFO | --------------------------------------------------------------------------------
2026-03-25 09:05:14 | INFO | STATUS: FROZEN (Value from previous schedule)
2026-03-25 09:05:14 | INFO | FROZEN ALGO SCHEDULE: 0.000 MW
2026-03-25 09:05:14 | INFO | --------------------------------------------------------------------------------
2026-03-25 09:05:14 | INFO | --------------------------------------------------------------------------------
2026-03-25 09:05:14 | INFO | BLOCK 22
2026-03-25 09:05:14 | INFO | --------------------------------------------------------------------------------
2026-03-25 09:05:14 | INFO | STATUS: FROZEN (Value from previous schedule)
2026-03-25 09:05:14 | INFO | FROZEN ALGO SCHEDULE: 0.000 MW
2026-03-25 09:05:14 | INFO | --------------------------------------------------------------------------------
2026-03-25 09:05:14 | INFO | --------------------------------------------------------------------------------
2026-03-25 09:05:14 | INFO | BLOCK 23
2026-03-25 09:05:14 | INFO | --------------------------------------------------------------------------------
2026-03-25 09:05:14 | INFO | STATUS: FROZEN (Value from previous schedule)
2026-03-25 09:05:14 | INFO | FROZEN ALGO SCHEDULE: 0.000 MW
2026-03-25 09:05:14 | INFO | --------------------------------------------------------------------------------
2026-03-25 09:05:14 | INFO | --------------------------------------------------------------------------------
2026-03-25 09:05:14 | INFO | BLOCK 24
2026-03-25 09:05:14 | INFO | --------------------------------------------------------------------------------
2026-03-25 09:05:14 | INFO | STATUS: FROZEN (Value from previous schedule)
2026-03-25 09:05:14 | INFO | FROZEN ALGO SCHEDULE: 0.000 MW
2026-03-25 09:05:14 | INFO | --------------------------------------------------------------------------------
2026-03-25 09:05:14 | INFO | --------------------------------------------------------------------------------
2026-03-25 09:05:14 | INFO | BLOCK 25
2026-03-25 09:05:14 | INFO | --------------------------------------------------------------------------------
2026-03-25 09:05:14 | INFO | STATUS: FROZEN (Value from previous schedule)
2026-03-25 09:05:14 | INFO | FROZEN ALGO SCHEDULE: 0.000 MW
2026-03-25 09:05:14 | INFO | --------------------------------------------------------------------------------
2026-03-25 09:05:14 | INFO | --------------------------------------------------------------------------------
2026-03-25 09:05:14 | INFO | BLOCK 26
2026-03-25 09:05:14 | INFO | --------------------------------------------------------------------------------
2026-03-25 09:05:14 | INFO | STATUS: FROZEN (Value from previous schedule)
2026-03-25 09:05:14 | INFO | FROZEN ALGO SCHEDULE: 0.000 MW
2026-03-25 09:05:14 | INFO | --------------------------------------------------------------------------------
2026-03-25 09:05:14 | INFO | --------------------------------------------------------------------------------
2026-03-25 09:05:14 | INFO | BLOCK 27
2026-03-25 09:05:14 | INFO | --------------------------------------------------------------------------------
2026-03-25 09:05:14 | INFO | STATUS: FROZEN (Value from previous schedule)
2026-03-25 09:05:14 | INFO | FROZEN ALGO SCHEDULE: 0.000 MW
2026-03-25 09:05:14 | INFO | --------------------------------------------------------------------------------
2026-03-25 09:05:14 | INFO | --------------------------------------------------------------------------------
2026-03-25 09:05:14 | INFO | BLOCK 28
2026-03-25 09:05:14 | INFO | --------------------------------------------------------------------------------
2026-03-25 09:05:14 | INFO | STATUS: FROZEN (Value from previous schedule)
2026-03-25 09:05:14 | INFO | FROZEN ALGO SCHEDULE: 0.000 MW
2026-03-25 09:05:14 | INFO | --------------------------------------------------------------------------------
2026-03-25 09:05:14 | INFO | --------------------------------------------------------------------------------
2026-03-25 09:05:14 | INFO | BLOCK 29
2026-03-25 09:05:14 | INFO | --------------------------------------------------------------------------------
2026-03-25 09:05:14 | INFO | STATUS: FROZEN (Value from previous schedule)
2026-03-25 09:05:14 | INFO | FROZEN ALGO SCHEDULE: 0.000 MW
2026-03-25 09:05:14 | INFO | --------------------------------------------------------------------------------
2026-03-25 09:05:14 | INFO | --------------------------------------------------------------------------------
2026-03-25 09:05:14 | INFO | BLOCK 30
2026-03-25 09:05:14 | INFO | --------------------------------------------------------------------------------
2026-03-25 09:05:14 | INFO | STATUS: FROZEN (Value from previous schedule)
2026-03-25 09:05:14 | INFO | FROZEN ALGO SCHEDULE: 0.000 MW
2026-03-25 09:05:14 | INFO | --------------------------------------------------------------------------------
2026-03-25 09:05:14 | INFO | --------------------------------------------------------------------------------
2026-03-25 09:05:14 | INFO | BLOCK 31
2026-03-25 09:05:14 | INFO | --------------------------------------------------------------------------------
2026-03-25 09:05:14 | INFO | STATUS: FROZEN (Value from previous schedule)
2026-03-25 09:05:14 | INFO | FROZEN ALGO SCHEDULE: 0.000 MW
2026-03-25 09:05:14 | INFO | --------------------------------------------------------------------------------
2026-03-25 09:05:14 | INFO | --------------------------------------------------------------------------------
2026-03-25 09:05:14 | INFO | BLOCK 32
2026-03-25 09:05:14 | INFO | --------------------------------------------------------------------------------
2026-03-25 09:05:14 | INFO | STATUS: FROZEN (Value from previous schedule)
2026-03-25 09:05:14 | INFO | FROZEN ALGO SCHEDULE: 0.000 MW
2026-03-25 09:05:14 | INFO | --------------------------------------------------------------------------------
2026-03-25 09:05:14 | INFO | --------------------------------------------------------------------------------
2026-03-25 09:05:14 | INFO | BLOCK 33
2026-03-25 09:05:14 | INFO | --------------------------------------------------------------------------------
2026-03-25 09:05:14 | INFO | STATUS: FROZEN (Value from previous schedule)
2026-03-25 09:05:14 | INFO | FROZEN ALGO SCHEDULE: 1.593 MW
2026-03-25 09:05:14 | INFO | --------------------------------------------------------------------------------
2026-03-25 09:05:14 | INFO | --------------------------------------------------------------------------------
2026-03-25 09:05:14 | INFO | BLOCK 34
2026-03-25 09:05:14 | INFO | --------------------------------------------------------------------------------
2026-03-25 09:05:14 | INFO | STATUS: FROZEN (Value from previous schedule)
2026-03-25 09:05:14 | INFO | FROZEN ALGO SCHEDULE: 1.951 MW
2026-03-25 09:05:14 | INFO | --------------------------------------------------------------------------------
2026-03-25 09:05:14 | INFO | --------------------------------------------------------------------------------
2026-03-25 09:05:14 | INFO | BLOCK 35
2026-03-25 09:05:14 | INFO | --------------------------------------------------------------------------------
2026-03-25 09:05:14 | INFO | STATUS: FROZEN (Value from previous schedule)
2026-03-25 09:05:14 | INFO | FROZEN ALGO SCHEDULE: 2.230 MW
2026-03-25 09:05:14 | INFO | --------------------------------------------------------------------------------
2026-03-25 09:05:14 | INFO | --------------------------------------------------------------------------------
2026-03-25 09:05:14 | INFO | BLOCK 36
2026-03-25 09:05:14 | INFO | --------------------------------------------------------------------------------
2026-03-25 09:05:14 | INFO | STATUS: FROZEN (Value from previous schedule)
2026-03-25 09:05:14 | INFO | FROZEN ALGO SCHEDULE: 2.546 MW
2026-03-25 09:05:14 | INFO | --------------------------------------------------------------------------------
2026-03-25 09:05:14 | INFO | --------------------------------------------------------------------------------
2026-03-25 09:05:14 | INFO | BLOCK 37
2026-03-25 09:05:14 | INFO | --------------------------------------------------------------------------------
2026-03-25 09:05:14 | INFO | --- METERED DATA ---
2026-03-25 09:05:14 | INFO | Metered Value (actual): 2.097 MW
2026-03-25 09:05:14 | INFO | Last Two Metered Values (for trend): ['1.559', '1.839']
2026-03-25 09:05:14 | INFO | --- FORECAST DATA ---
2026-03-25 09:05:14 | INFO | Intraday Forecast (Enercast): 2.410 MW
2026-03-25 09:05:14 | INFO | Day-ahead Forecast (Enercast): 2.420 MW
2026-03-25 09:05:14 | INFO | Base Forecast (raw, before curtailment/shutdown): 2.404 MW
2026-03-25 09:05:14 | INFO | Base Forecast (used for schedule): 2.404 MW
2026-03-25 09:05:14 | INFO | Effective Base Forecast (after curtailment/shutdown): 2.404 MW
2026-03-25 09:05:14 | INFO | Base Blend Inputs: meter_ref=2.097 MW, meter_factor=1.000, meter_weight=0.020
2026-03-25 09:05:14 | INFO | Plant Status: NORMAL
2026-03-25 09:05:14 | INFO | Effective Base Forecast = Base Forecast (raw) = 2.404 MW
2026-03-25 09:05:14 | INFO | --- WEATHER PARAMETERS ---
2026-03-25 09:05:14 | INFO | GTI: 440.0 W/m^2
2026-03-25 09:05:14 | INFO | DHI: 167.0 W/m^2
2026-03-25 09:05:14 | INFO | DNI: 0.0 W/m^2
2026-03-25 09:05:14 | INFO | Irradiance Ratio (GTI/MAX_GTI): 0.474
2026-03-25 09:05:14 | INFO | Diffuse Ratio (current): 0.380
2026-03-25 09:05:14 | INFO | Irradiance State: VARIABLE_CLEAR
2026-03-25 09:05:14 | INFO | Temp @ 2m: 27.86 C
2026-03-25 09:05:14 | INFO | Wind @ 10m: 12.68 m/s
2026-03-25 09:05:14 | INFO | Weather State: ABRUPT
2026-03-25 09:05:14 | INFO | Dynamic Thresholds: cloud_thr=0.1410, shift_thr=0.1368
2026-03-25 09:05:14 | INFO | Multipliers: irradiance=1.00x, temp=1.00x, wind=1.05x
2026-03-25 09:05:14 | INFO | Weather Multiplier (combined): 1.05x
2026-03-25 09:05:14 | INFO | Abrupt Weather Change Detected: True
2026-03-25 09:05:14 | INFO | --- TREND ANALYSIS ---
2026-03-25 09:05:14 | INFO | Trend series (oldest -> latest):
2026-03-25 09:05:14 | INFO |   Block 36: 1.839 MW (source: METERED)
2026-03-25 09:05:14 | INFO |   Block 35: 1.559 MW (source: METERED)
2026-03-25 09:05:14 | INFO |   Block 34: 1.288 MW (source: METERED)
2026-03-25 09:05:14 | INFO |   Block 33: 0.890 MW (source: METERED)
2026-03-25 09:05:14 | INFO | Trend values used for slope calc: B36=1.839(METERED), B35=1.559(METERED), B34=1.288(METERED), B33=0.890(METERED)
2026-03-25 09:05:14 | INFO | Detected Trend Type: ABRUPT
2026-03-25 09:05:14 | INFO | Trend Slope Percentage: 0.00%
2026-03-25 09:05:14 | INFO | Trend EPS Threshold: 1.50%
2026-03-25 09:05:14 | INFO | --- SCHEDULE CALCULATION ---
2026-03-25 09:05:14 | INFO | Condition Applied: ABRUPT_INCREASE
2026-03-25 09:05:14 | INFO | Effective Base Forecast Used for Adjustments: 2.404 MW
2026-03-25 09:05:14 | INFO | Condition-3: NOT APPLIED for this block path
2026-03-25 09:05:14 | INFO |   Final Adjustment %: 10.00%
2026-03-25 09:05:14 | INFO |   Formula (expanded): raw=base*(1.1000)
2026-03-25 09:05:14 | INFO | --- FINAL RESULT ---
2026-03-25 09:05:14 | INFO | Raw Schedule (before smoothing): 2.644 MW
2026-03-25 09:05:14 | INFO | Final Scheduled MW: 2.644 MW
2026-03-25 09:05:14 | INFO | Previous Schedule Value: 2.902 MW
2026-03-25 09:05:14 | INFO | Deviation from Metered: +0.547 MW
2026-03-25 09:05:14 | INFO | --------------------------------------------------------------------------------
2026-03-25 09:05:14 | INFO | --------------------------------------------------------------------------------
2026-03-25 09:05:14 | INFO | BLOCK 38
2026-03-25 09:05:14 | INFO | --------------------------------------------------------------------------------
2026-03-25 09:05:14 | INFO | --- METERED DATA ---
2026-03-25 09:05:14 | INFO | Metered Value: NOT YET AVAILABLE
2026-03-25 09:05:14 | INFO | Last Two Metered Values (for trend): ['1.559', '1.839']
2026-03-25 09:05:14 | INFO | --- FORECAST DATA ---
2026-03-25 09:05:14 | INFO | Intraday Forecast (Enercast): 2.670 MW
2026-03-25 09:05:14 | INFO | Day-ahead Forecast (Enercast): 2.660 MW
2026-03-25 09:05:14 | INFO | Base Forecast (raw, before curtailment/shutdown): 2.617 MW
2026-03-25 09:05:14 | INFO | Base Forecast (used for schedule): 2.617 MW
2026-03-25 09:05:14 | INFO | Effective Base Forecast (after curtailment/shutdown): 2.617 MW
2026-03-25 09:05:14 | INFO | Base Blend Inputs: meter_ref=0.000 MW, meter_factor=1.000, meter_weight=0.020
2026-03-25 09:05:14 | INFO | Plant Status: NORMAL
2026-03-25 09:05:14 | INFO | Effective Base Forecast = Base Forecast (raw) = 2.617 MW
2026-03-25 09:05:14 | INFO | --- WEATHER PARAMETERS ---
2026-03-25 09:05:14 | INFO | GTI: 503.0 W/m^2
2026-03-25 09:05:14 | INFO | DHI: 170.0 W/m^2
2026-03-25 09:05:14 | INFO | DNI: 0.0 W/m^2
2026-03-25 09:05:14 | INFO | Irradiance Ratio (GTI/MAX_GTI): 0.541
2026-03-25 09:05:14 | INFO | Diffuse Ratio (current): 0.338
2026-03-25 09:05:14 | INFO | Irradiance State: VARIABLE_CLEAR
2026-03-25 09:05:14 | INFO | Temp @ 2m: 28.41 C
2026-03-25 09:05:14 | INFO | Wind @ 10m: 12.62 m/s
2026-03-25 09:05:14 | INFO | Weather State: ABRUPT
2026-03-25 09:05:14 | INFO | Dynamic Thresholds: cloud_thr=0.1410, shift_thr=0.1368
2026-03-25 09:05:14 | INFO | Multipliers: irradiance=1.00x, temp=1.00x, wind=1.05x
2026-03-25 09:05:14 | INFO | Weather Multiplier (combined): 1.05x
2026-03-25 09:05:14 | INFO | Abrupt Weather Change Detected: True
2026-03-25 09:05:14 | INFO | --- TREND ANALYSIS ---
2026-03-25 09:05:14 | INFO | Trend series (oldest -> latest):
2026-03-25 09:05:14 | INFO |   Block 37: 2.097 MW (source: METERED)
2026-03-25 09:05:14 | INFO |   Block 36: 1.839 MW (source: METERED)
2026-03-25 09:05:14 | INFO |   Block 35: 1.559 MW (source: METERED)
2026-03-25 09:05:14 | INFO |   Block 34: 1.288 MW (source: METERED)
2026-03-25 09:05:14 | INFO | Trend values used for slope calc: B37=2.097(METERED), B36=1.839(METERED), B35=1.559(METERED), B34=1.288(METERED)
2026-03-25 09:05:14 | INFO | Detected Trend Type: ABRUPT
2026-03-25 09:05:14 | INFO | Trend Slope Percentage: 0.00%
2026-03-25 09:05:14 | INFO | Trend EPS Threshold: 1.50%
2026-03-25 09:05:14 | INFO | --- SCHEDULE CALCULATION ---
2026-03-25 09:05:14 | INFO | Condition Applied: ABRUPT_INCREASE
2026-03-25 09:05:14 | INFO | Effective Base Forecast Used for Adjustments: 2.617 MW
2026-03-25 09:05:14 | INFO | Condition-3: NOT APPLIED for this block path
2026-03-25 09:05:14 | INFO |   Final Adjustment %: 10.00%
2026-03-25 09:05:14 | INFO |   Formula (expanded): raw=base*(1.1000)
2026-03-25 09:05:14 | INFO | --- FINAL RESULT ---
2026-03-25 09:05:14 | INFO | Raw Schedule (before smoothing): 2.878 MW
2026-03-25 09:05:14 | INFO | Final Scheduled MW: 2.878 MW
2026-03-25 09:05:14 | INFO | Previous Schedule Value: 3.162 MW
2026-03-25 09:05:14 | INFO | --------------------------------------------------------------------------------
2026-03-25 09:05:14 | INFO | --------------------------------------------------------------------------------
2026-03-25 09:05:14 | INFO | BLOCK 39
2026-03-25 09:05:14 | INFO | --------------------------------------------------------------------------------
2026-03-25 09:05:14 | INFO | --- METERED DATA ---
2026-03-25 09:05:14 | INFO | Metered Value: NOT YET AVAILABLE
2026-03-25 09:05:14 | INFO | Last Two Metered Values (for trend): ['1.559', '1.839']
2026-03-25 09:05:14 | INFO | --- FORECAST DATA ---
2026-03-25 09:05:14 | INFO | Intraday Forecast (Enercast): 2.900 MW
2026-03-25 09:05:14 | INFO | Day-ahead Forecast (Enercast): 2.900 MW
2026-03-25 09:05:14 | INFO | Base Forecast (raw, before curtailment/shutdown): 2.842 MW
2026-03-25 09:05:14 | INFO | Base Forecast (used for schedule): 2.842 MW
2026-03-25 09:05:14 | INFO | Effective Base Forecast (after curtailment/shutdown): 2.842 MW
2026-03-25 09:05:14 | INFO | Base Blend Inputs: meter_ref=0.000 MW, meter_factor=1.000, meter_weight=0.020
2026-03-25 09:05:14 | INFO | Plant Status: NORMAL
2026-03-25 09:05:14 | INFO | Effective Base Forecast = Base Forecast (raw) = 2.842 MW
2026-03-25 09:05:14 | INFO | --- WEATHER PARAMETERS ---
2026-03-25 09:05:14 | INFO | GTI: 566.0 W/m^2
2026-03-25 09:05:14 | INFO | DHI: 158.0 W/m^2
2026-03-25 09:05:14 | INFO | DNI: 0.0 W/m^2
2026-03-25 09:05:14 | INFO | Irradiance Ratio (GTI/MAX_GTI): 0.609
2026-03-25 09:05:14 | INFO | Diffuse Ratio (current): 0.279
2026-03-25 09:05:14 | INFO | Irradiance State: VARIABLE_CLEAR
2026-03-25 09:05:14 | INFO | Temp @ 2m: 28.91 C
2026-03-25 09:05:14 | INFO | Wind @ 10m: 12.96 m/s
2026-03-25 09:05:14 | INFO | Weather State: NORMAL
2026-03-25 09:05:14 | INFO | Dynamic Thresholds: cloud_thr=0.1410, shift_thr=0.1368
2026-03-25 09:05:14 | INFO | Multipliers: irradiance=1.00x, temp=1.00x, wind=1.05x
2026-03-25 09:05:14 | INFO | Weather Multiplier (combined): 1.05x
2026-03-25 09:05:14 | INFO | Abrupt Weather Change Detected: False
2026-03-25 09:05:14 | INFO | --- TREND ANALYSIS ---
2026-03-25 09:05:14 | INFO | Trend series (oldest -> latest):
2026-03-25 09:05:14 | INFO |   Block 38: 2.670 MW (source: INTRADAY_FALLBACK)
2026-03-25 09:05:14 | INFO |   Block 37: 2.097 MW (source: METERED)
2026-03-25 09:05:14 | INFO |   Block 36: 1.839 MW (source: METERED)
2026-03-25 09:05:14 | INFO |   Block 35: 1.559 MW (source: METERED)
2026-03-25 09:05:14 | INFO | Trend values used for slope calc: B38=2.670(INTRADAY_FALLBACK), B37=2.097(METERED), B36=1.839(METERED), B35=1.559(METERED)
2026-03-25 09:05:14 | INFO | Detected Trend Type: INCREASING
2026-03-25 09:05:14 | INFO | Trend Slope Percentage: 71.67%
2026-03-25 09:05:14 | INFO | Trend EPS Threshold: 1.50%
2026-03-25 09:05:14 | INFO | --- SCHEDULE CALCULATION ---
2026-03-25 09:05:14 | INFO | Condition Applied: CONDITION_3
2026-03-25 09:05:14 | INFO | Effective Base Forecast Used for Adjustments: 2.842 MW
2026-03-25 09:05:14 | INFO | Condition-3 (Phase-6) Applied:
2026-03-25 09:05:14 | INFO |   Forecast Mismatch: Intraday (2.900) != Day-ahead (2.900)
2026-03-25 09:05:14 | INFO |   Operation: ADD
2026-03-25 09:05:14 | INFO |   Base Adjustment %: 10.00%
2026-03-25 09:05:14 | INFO |   Irradiance Multiplier: 1.00x
2026-03-25 09:05:14 | INFO |   Temp Multiplier: 1.00x
2026-03-25 09:05:14 | INFO |   Wind Multiplier: 1.05x
2026-03-25 09:05:14 | INFO |   Weather Multiplier: 1.05x
2026-03-25 09:05:14 | INFO |   Final Adjustment %: 10.50%
2026-03-25 09:05:14 | INFO |   Calculation: 2.842 MW * (1 + 10.50% / 100)
2026-03-25 09:05:14 | INFO |   Formula (expanded): raw=2.8420*(1+10.5000/100)=3.1404
2026-03-25 09:05:14 | INFO | --- FINAL RESULT ---
2026-03-25 09:05:14 | INFO | Raw Schedule (before smoothing): 3.140 MW
2026-03-25 09:05:14 | INFO | Final Scheduled MW: 3.314 MW
2026-03-25 09:05:14 | INFO | Previous Schedule Value: 3.389 MW
2026-03-25 09:05:14 | INFO | --------------------------------------------------------------------------------
2026-03-25 09:05:14 | INFO | --------------------------------------------------------------------------------
2026-03-25 09:05:14 | INFO | BLOCK 40
2026-03-25 09:05:14 | INFO | --------------------------------------------------------------------------------
2026-03-25 09:05:14 | INFO | --- METERED DATA ---
2026-03-25 09:05:14 | INFO | Metered Value: NOT YET AVAILABLE
2026-03-25 09:05:14 | INFO | Last Two Metered Values (for trend): ['1.559', '1.839']
2026-03-25 09:05:14 | INFO | --- FORECAST DATA ---
2026-03-25 09:05:14 | INFO | Intraday Forecast (Enercast): 3.120 MW
2026-03-25 09:05:14 | INFO | Day-ahead Forecast (Enercast): 3.110 MW
2026-03-25 09:05:14 | INFO | Base Forecast (raw, before curtailment/shutdown): 3.058 MW
2026-03-25 09:05:14 | INFO | Base Forecast (used for schedule): 3.058 MW
2026-03-25 09:05:14 | INFO | Effective Base Forecast (after curtailment/shutdown): 3.058 MW
2026-03-25 09:05:14 | INFO | Base Blend Inputs: meter_ref=0.000 MW, meter_factor=1.000, meter_weight=0.020
2026-03-25 09:05:14 | INFO | Plant Status: NORMAL
2026-03-25 09:05:14 | INFO | Effective Base Forecast = Base Forecast (raw) = 3.058 MW
2026-03-25 09:05:14 | INFO | --- WEATHER PARAMETERS ---
2026-03-25 09:05:14 | INFO | GTI: 627.0 W/m^2
2026-03-25 09:05:14 | INFO | DHI: 136.0 W/m^2
2026-03-25 09:05:14 | INFO | DNI: 0.0 W/m^2
2026-03-25 09:05:14 | INFO | Irradiance Ratio (GTI/MAX_GTI): 0.675
2026-03-25 09:05:14 | INFO | Diffuse Ratio (current): 0.217
2026-03-25 09:05:14 | INFO | Irradiance State: VARIABLE_CLEAR
2026-03-25 09:05:14 | INFO | Temp @ 2m: 29.41 C
2026-03-25 09:05:14 | INFO | Wind @ 10m: 13.32 m/s
2026-03-25 09:05:14 | INFO | Weather State: NORMAL
2026-03-25 09:05:14 | INFO | Dynamic Thresholds: cloud_thr=0.1410, shift_thr=0.1368
2026-03-25 09:05:14 | INFO | Multipliers: irradiance=1.00x, temp=1.00x, wind=1.05x
2026-03-25 09:05:14 | INFO | Weather Multiplier (combined): 1.05x
2026-03-25 09:05:14 | INFO | Abrupt Weather Change Detected: False
2026-03-25 09:05:14 | INFO | --- TREND ANALYSIS ---
2026-03-25 09:05:14 | INFO | Trend series (oldest -> latest):
2026-03-25 09:05:14 | INFO |   Block 39: 2.900 MW (source: INTRADAY_FALLBACK)
2026-03-25 09:05:14 | INFO |   Block 38: 2.670 MW (source: INTRADAY_FALLBACK)
2026-03-25 09:05:14 | INFO |   Block 37: 2.097 MW (source: METERED)
2026-03-25 09:05:14 | INFO |   Block 36: 1.839 MW (source: METERED)
2026-03-25 09:05:14 | INFO | Trend values used for slope calc: B39=2.900(INTRADAY_FALLBACK), B38=2.670(INTRADAY_FALLBACK), B37=2.097(METERED), B36=1.839(METERED)
2026-03-25 09:05:14 | INFO | Detected Trend Type: INCREASING
2026-03-25 09:05:14 | INFO | Trend Slope Percentage: 62.18%
2026-03-25 09:05:14 | INFO | Trend EPS Threshold: 1.50%
2026-03-25 09:05:14 | INFO | --- SCHEDULE CALCULATION ---
2026-03-25 09:05:14 | INFO | Condition Applied: CONDITION_3
2026-03-25 09:05:14 | INFO | Effective Base Forecast Used for Adjustments: 3.058 MW
2026-03-25 09:05:14 | INFO | Condition-3 (Phase-6) Applied:
2026-03-25 09:05:14 | INFO |   Forecast Mismatch: Intraday (3.120) != Day-ahead (3.110)
2026-03-25 09:05:14 | INFO |   Operation: ADD
2026-03-25 09:05:14 | INFO |   Base Adjustment %: 10.00%
2026-03-25 09:05:14 | INFO |   Irradiance Multiplier: 1.00x
2026-03-25 09:05:14 | INFO |   Temp Multiplier: 1.00x
2026-03-25 09:05:14 | INFO |   Wind Multiplier: 1.05x
2026-03-25 09:05:14 | INFO |   Weather Multiplier: 1.05x
2026-03-25 09:05:14 | INFO |   Final Adjustment %: 10.50%
2026-03-25 09:05:14 | INFO |   Calculation: 3.058 MW * (1 + 10.50% / 100)
2026-03-25 09:05:14 | INFO |   Formula (expanded): raw=3.0576*(1+10.5000/100)=3.3786
2026-03-25 09:05:14 | INFO | --- FINAL RESULT ---
2026-03-25 09:05:14 | INFO | Raw Schedule (before smoothing): 3.379 MW
2026-03-25 09:05:14 | INFO | Final Scheduled MW: 3.530 MW
2026-03-25 09:05:14 | INFO | Previous Schedule Value: 3.595 MW
2026-03-25 09:05:14 | INFO | --------------------------------------------------------------------------------
2026-03-25 09:05:14 | INFO | --------------------------------------------------------------------------------
2026-03-25 09:05:14 | INFO | BLOCK 41
2026-03-25 09:05:14 | INFO | --------------------------------------------------------------------------------
2026-03-25 09:05:14 | INFO | --- METERED DATA ---
2026-03-25 09:05:14 | INFO | Metered Value: NOT YET AVAILABLE
2026-03-25 09:05:14 | INFO | Last Two Metered Values (for trend): ['1.559', '1.839']
2026-03-25 09:05:14 | INFO | --- FORECAST DATA ---
2026-03-25 09:05:14 | INFO | Intraday Forecast (Enercast): 3.310 MW
2026-03-25 09:05:14 | INFO | Day-ahead Forecast (Enercast): 3.300 MW
2026-03-25 09:05:14 | INFO | Base Forecast (raw, before curtailment/shutdown): 3.244 MW
2026-03-25 09:05:14 | INFO | Base Forecast (used for schedule): 3.244 MW
2026-03-25 09:05:14 | INFO | Effective Base Forecast (after curtailment/shutdown): 3.244 MW
2026-03-25 09:05:14 | INFO | Base Blend Inputs: meter_ref=0.000 MW, meter_factor=1.000, meter_weight=0.020
2026-03-25 09:05:14 | INFO | Plant Status: NORMAL
2026-03-25 09:05:14 | INFO | Effective Base Forecast = Base Forecast (raw) = 3.244 MW
2026-03-25 09:05:14 | INFO | --- WEATHER PARAMETERS ---
2026-03-25 09:05:14 | INFO | GTI: 685.0 W/m^2
2026-03-25 09:05:14 | INFO | DHI: 114.0 W/m^2
2026-03-25 09:05:14 | INFO | DNI: 0.0 W/m^2
2026-03-25 09:05:14 | INFO | Irradiance Ratio (GTI/MAX_GTI): 0.737
2026-03-25 09:05:14 | INFO | Diffuse Ratio (current): 0.166
2026-03-25 09:05:14 | INFO | Irradiance State: VARIABLE_CLEAR
2026-03-25 09:05:14 | INFO | Temp @ 2m: 29.86 C
2026-03-25 09:05:14 | INFO | Wind @ 10m: 13.36 m/s
2026-03-25 09:05:14 | INFO | Weather State: NORMAL
2026-03-25 09:05:14 | INFO | Dynamic Thresholds: cloud_thr=0.1410, shift_thr=0.1368
2026-03-25 09:05:14 | INFO | Multipliers: irradiance=1.00x, temp=1.00x, wind=1.05x
2026-03-25 09:05:14 | INFO | Weather Multiplier (combined): 1.05x
2026-03-25 09:05:14 | INFO | Abrupt Weather Change Detected: False
2026-03-25 09:05:14 | INFO | --- TREND ANALYSIS ---
2026-03-25 09:05:14 | INFO | Trend series (oldest -> latest):
2026-03-25 09:05:14 | INFO |   Block 40: 3.120 MW (source: INTRADAY_FALLBACK)
2026-03-25 09:05:14 | INFO |   Block 39: 2.900 MW (source: INTRADAY_FALLBACK)
2026-03-25 09:05:14 | INFO |   Block 38: 2.670 MW (source: INTRADAY_FALLBACK)
2026-03-25 09:05:14 | INFO |   Block 37: 2.097 MW (source: METERED)
2026-03-25 09:05:14 | INFO | Trend values used for slope calc: B40=3.120(INTRADAY_FALLBACK), B39=2.900(INTRADAY_FALLBACK), B38=2.670(INTRADAY_FALLBACK), B37=2.097(METERED)
2026-03-25 09:05:14 | INFO | Detected Trend Type: INCREASING
2026-03-25 09:05:14 | INFO | Trend Slope Percentage: 44.96%
2026-03-25 09:05:14 | INFO | Trend EPS Threshold: 1.50%
2026-03-25 09:05:14 | INFO | --- SCHEDULE CALCULATION ---
2026-03-25 09:05:14 | INFO | Condition Applied: CONDITION_3
2026-03-25 09:05:14 | INFO | Effective Base Forecast Used for Adjustments: 3.244 MW
2026-03-25 09:05:14 | INFO | Condition-3 (Phase-6) Applied:
2026-03-25 09:05:14 | INFO |   Forecast Mismatch: Intraday (3.310) != Day-ahead (3.300)
2026-03-25 09:05:14 | INFO |   Operation: ADD
2026-03-25 09:05:14 | INFO |   Base Adjustment %: 10.00%
2026-03-25 09:05:14 | INFO |   Irradiance Multiplier: 1.00x
2026-03-25 09:05:14 | INFO |   Temp Multiplier: 1.00x
2026-03-25 09:05:14 | INFO |   Wind Multiplier: 1.05x
2026-03-25 09:05:14 | INFO |   Weather Multiplier: 1.05x
2026-03-25 09:05:14 | INFO |   Final Adjustment %: 10.50%
2026-03-25 09:05:14 | INFO |   Calculation: 3.244 MW * (1 + 10.50% / 100)
2026-03-25 09:05:14 | INFO |   Formula (expanded): raw=3.2438*(1+10.5000/100)=3.5844
2026-03-25 09:05:14 | INFO | --- FINAL RESULT ---
2026-03-25 09:05:14 | INFO | Raw Schedule (before smoothing): 3.584 MW
2026-03-25 09:05:14 | INFO | Final Scheduled MW: 3.706 MW
2026-03-25 09:05:14 | INFO | Previous Schedule Value: 3.758 MW
2026-03-25 09:05:14 | INFO | --------------------------------------------------------------------------------
2026-03-25 09:05:14 | INFO | --------------------------------------------------------------------------------
2026-03-25 09:05:14 | INFO | BLOCK 42
2026-03-25 09:05:14 | INFO | --------------------------------------------------------------------------------
2026-03-25 09:05:14 | INFO | --- METERED DATA ---
2026-03-25 09:05:14 | INFO | Metered Value: NOT YET AVAILABLE
2026-03-25 09:05:14 | INFO | Last Two Metered Values (for trend): ['1.559', '1.839']
2026-03-25 09:05:14 | INFO | --- FORECAST DATA ---
2026-03-25 09:05:14 | INFO | Intraday Forecast (Enercast): 3.460 MW
2026-03-25 09:05:14 | INFO | Day-ahead Forecast (Enercast): 3.450 MW
2026-03-25 09:05:14 | INFO | Base Forecast (raw, before curtailment/shutdown): 3.391 MW
2026-03-25 09:05:14 | INFO | Base Forecast (used for schedule): 3.391 MW
2026-03-25 09:05:14 | INFO | Effective Base Forecast (after curtailment/shutdown): 3.391 MW
2026-03-25 09:05:14 | INFO | Base Blend Inputs: meter_ref=0.000 MW, meter_factor=1.000, meter_weight=0.020
2026-03-25 09:05:14 | INFO | Plant Status: NORMAL
2026-03-25 09:05:14 | INFO | Effective Base Forecast = Base Forecast (raw) = 3.391 MW
2026-03-25 09:05:14 | INFO | --- WEATHER PARAMETERS ---
2026-03-25 09:05:14 | INFO | GTI: 736.0 W/m^2
2026-03-25 09:05:14 | INFO | DHI: 103.0 W/m^2
2026-03-25 09:05:14 | INFO | DNI: 0.0 W/m^2
2026-03-25 09:05:14 | INFO | Irradiance Ratio (GTI/MAX_GTI): 0.792
2026-03-25 09:05:14 | INFO | Diffuse Ratio (current): 0.140
2026-03-25 09:05:14 | INFO | Irradiance State: STABLE_CLEAR
2026-03-25 09:05:14 | INFO | Temp @ 2m: 30.31 C
2026-03-25 09:05:14 | INFO | Wind @ 10m: 13.76 m/s
2026-03-25 09:05:14 | INFO | Weather State: NORMAL
2026-03-25 09:05:14 | INFO | Dynamic Thresholds: cloud_thr=0.1410, shift_thr=0.1368
2026-03-25 09:05:14 | INFO | Multipliers: irradiance=1.15x, temp=1.00x, wind=1.05x
2026-03-25 09:05:14 | INFO | Weather Multiplier (combined): 1.21x
2026-03-25 09:05:14 | INFO | Abrupt Weather Change Detected: False
2026-03-25 09:05:14 | INFO | --- TREND ANALYSIS ---
2026-03-25 09:05:14 | INFO | Trend series (oldest -> latest):
2026-03-25 09:05:14 | INFO |   Block 41: 3.310 MW (source: INTRADAY_FALLBACK)
2026-03-25 09:05:14 | INFO |   Block 40: 3.120 MW (source: INTRADAY_FALLBACK)
2026-03-25 09:05:14 | INFO |   Block 39: 2.900 MW (source: INTRADAY_FALLBACK)
2026-03-25 09:05:14 | INFO |   Block 38: 2.670 MW (source: INTRADAY_FALLBACK)
2026-03-25 09:05:14 | INFO | Trend values used for slope calc: B41=3.310(INTRADAY_FALLBACK), B40=3.120(INTRADAY_FALLBACK), B39=2.900(INTRADAY_FALLBACK), B38=2.670(INTRADAY_FALLBACK)
2026-03-25 09:05:14 | INFO | Detected Trend Type: INCREASING
2026-03-25 09:05:14 | INFO | Trend Slope Percentage: 23.96%
2026-03-25 09:05:14 | INFO | Trend EPS Threshold: 1.50%
2026-03-25 09:05:14 | INFO | --- SCHEDULE CALCULATION ---
2026-03-25 09:05:14 | INFO | Condition Applied: CONDITION_3
2026-03-25 09:05:14 | INFO | Effective Base Forecast Used for Adjustments: 3.391 MW
2026-03-25 09:05:14 | INFO | Condition-3 (Phase-6) Applied:
2026-03-25 09:05:14 | INFO |   Forecast Mismatch: Intraday (3.460) != Day-ahead (3.450)
2026-03-25 09:05:14 | INFO |   Operation: ADD
2026-03-25 09:05:14 | INFO |   Base Adjustment %: 10.00%
2026-03-25 09:05:14 | INFO |   Irradiance Multiplier: 1.15x
2026-03-25 09:05:14 | INFO |   Temp Multiplier: 1.00x
2026-03-25 09:05:14 | INFO |   Wind Multiplier: 1.05x
2026-03-25 09:05:14 | INFO |   Weather Multiplier: 1.21x
2026-03-25 09:05:14 | INFO |   Final Adjustment %: 12.07%
2026-03-25 09:05:14 | INFO |   Calculation: 3.391 MW * (1 + 12.07% / 100)
2026-03-25 09:05:14 | INFO |   Formula (expanded): raw=3.3908*(1+12.0750/100)=3.8002
2026-03-25 09:05:14 | INFO | --- FINAL RESULT ---
2026-03-25 09:05:14 | INFO | Raw Schedule (before smoothing): 3.800 MW
2026-03-25 09:05:14 | INFO | Final Scheduled MW: 3.885 MW
2026-03-25 09:05:14 | INFO | Previous Schedule Value: 3.921 MW
2026-03-25 09:05:14 | INFO | --------------------------------------------------------------------------------
2026-03-25 09:05:14 | INFO | --------------------------------------------------------------------------------
2026-03-25 09:05:14 | INFO | BLOCK 43
2026-03-25 09:05:14 | INFO | --------------------------------------------------------------------------------
2026-03-25 09:05:14 | INFO | --- METERED DATA ---
2026-03-25 09:05:14 | INFO | Metered Value: NOT YET AVAILABLE
2026-03-25 09:05:14 | INFO | Last Two Metered Values (for trend): ['1.559', '1.839']
2026-03-25 09:05:14 | INFO | --- FORECAST DATA ---
2026-03-25 09:05:14 | INFO | Intraday Forecast (Enercast): 3.600 MW
2026-03-25 09:05:14 | INFO | Day-ahead Forecast (Enercast): 3.580 MW
2026-03-25 09:05:14 | INFO | Base Forecast (raw, before curtailment/shutdown): 3.528 MW
2026-03-25 09:05:14 | INFO | Base Forecast (used for schedule): 3.528 MW
2026-03-25 09:05:14 | INFO | Effective Base Forecast (after curtailment/shutdown): 3.528 MW
2026-03-25 09:05:14 | INFO | Base Blend Inputs: meter_ref=0.000 MW, meter_factor=1.000, meter_weight=0.020
2026-03-25 09:05:14 | INFO | Plant Status: NORMAL
2026-03-25 09:05:14 | INFO | Effective Base Forecast = Base Forecast (raw) = 3.528 MW
2026-03-25 09:05:14 | INFO | --- WEATHER PARAMETERS ---
2026-03-25 09:05:14 | INFO | GTI: 779.0 W/m^2
2026-03-25 09:05:14 | INFO | DHI: 102.0 W/m^2
2026-03-25 09:05:14 | INFO | DNI: 0.0 W/m^2
2026-03-25 09:05:14 | INFO | Irradiance Ratio (GTI/MAX_GTI): 0.839
2026-03-25 09:05:14 | INFO | Diffuse Ratio (current): 0.131
2026-03-25 09:05:14 | INFO | Irradiance State: STABLE_CLEAR
2026-03-25 09:05:14 | INFO | Temp @ 2m: 30.71 C
2026-03-25 09:05:14 | INFO | Wind @ 10m: 13.80 m/s
2026-03-25 09:05:14 | INFO | Weather State: NORMAL
2026-03-25 09:05:14 | INFO | Dynamic Thresholds: cloud_thr=0.1410, shift_thr=0.1368
2026-03-25 09:05:14 | INFO | Multipliers: irradiance=1.15x, temp=1.00x, wind=1.05x
2026-03-25 09:05:14 | INFO | Weather Multiplier (combined): 1.21x
2026-03-25 09:05:14 | INFO | Abrupt Weather Change Detected: False
2026-03-25 09:05:14 | INFO | --- TREND ANALYSIS ---
2026-03-25 09:05:14 | INFO | Trend series (oldest -> latest):
2026-03-25 09:05:14 | INFO |   Block 42: 3.460 MW (source: INTRADAY_FALLBACK)
2026-03-25 09:05:14 | INFO |   Block 41: 3.310 MW (source: INTRADAY_FALLBACK)
2026-03-25 09:05:14 | INFO |   Block 40: 3.120 MW (source: INTRADAY_FALLBACK)
2026-03-25 09:05:14 | INFO |   Block 39: 2.900 MW (source: INTRADAY_FALLBACK)
2026-03-25 09:05:14 | INFO | Trend values used for slope calc: B42=3.460(INTRADAY_FALLBACK), B41=3.310(INTRADAY_FALLBACK), B40=3.120(INTRADAY_FALLBACK), B39=2.900(INTRADAY_FALLBACK)
2026-03-25 09:05:14 | INFO | Detected Trend Type: INCREASING
2026-03-25 09:05:14 | INFO | Trend Slope Percentage: 19.23%
2026-03-25 09:05:14 | INFO | Trend EPS Threshold: 1.50%
2026-03-25 09:05:14 | INFO | --- SCHEDULE CALCULATION ---
2026-03-25 09:05:14 | INFO | Condition Applied: CONDITION_3
2026-03-25 09:05:14 | INFO | Effective Base Forecast Used for Adjustments: 3.528 MW
2026-03-25 09:05:14 | INFO | Condition-3 (Phase-6) Applied:
2026-03-25 09:05:14 | INFO |   Forecast Mismatch: Intraday (3.600) != Day-ahead (3.580)
2026-03-25 09:05:14 | INFO |   Operation: ADD
2026-03-25 09:05:14 | INFO |   Base Adjustment %: 10.00%
2026-03-25 09:05:14 | INFO |   Irradiance Multiplier: 1.15x
2026-03-25 09:05:14 | INFO |   Temp Multiplier: 1.00x
2026-03-25 09:05:14 | INFO |   Wind Multiplier: 1.05x
2026-03-25 09:05:14 | INFO |   Weather Multiplier: 1.21x
2026-03-25 09:05:14 | INFO |   Final Adjustment %: 12.07%
2026-03-25 09:05:14 | INFO |   Calculation: 3.528 MW * (1 + 12.07% / 100)
2026-03-25 09:05:14 | INFO |   Formula (expanded): raw=3.5280*(1+12.0750/100)=3.9540
2026-03-25 09:05:14 | INFO | --- FINAL RESULT ---
2026-03-25 09:05:14 | INFO | Raw Schedule (before smoothing): 3.954 MW
2026-03-25 09:05:14 | INFO | Final Scheduled MW: 4.000 MW
2026-03-25 09:05:14 | INFO | Previous Schedule Value: 4.020 MW
2026-03-25 09:05:14 | INFO | --------------------------------------------------------------------------------
2026-03-25 09:05:14 | INFO | --------------------------------------------------------------------------------
2026-03-25 09:05:14 | INFO | BLOCK 44
2026-03-25 09:05:14 | INFO | --------------------------------------------------------------------------------
2026-03-25 09:05:14 | INFO | --- METERED DATA ---
2026-03-25 09:05:14 | INFO | Metered Value: NOT YET AVAILABLE
2026-03-25 09:05:14 | INFO | Last Two Metered Values (for trend): ['1.559', '1.839']
2026-03-25 09:05:14 | INFO | --- FORECAST DATA ---
2026-03-25 09:05:14 | INFO | Intraday Forecast (Enercast): 3.710 MW
2026-03-25 09:05:14 | INFO | Day-ahead Forecast (Enercast): 3.690 MW
2026-03-25 09:05:14 | INFO | Base Forecast (raw, before curtailment/shutdown): 3.636 MW
2026-03-25 09:05:14 | INFO | Base Forecast (used for schedule): 3.636 MW
2026-03-25 09:05:14 | INFO | Effective Base Forecast (after curtailment/shutdown): 3.636 MW
2026-03-25 09:05:14 | INFO | Base Blend Inputs: meter_ref=0.000 MW, meter_factor=1.000, meter_weight=0.020
2026-03-25 09:05:14 | INFO | Plant Status: NORMAL
2026-03-25 09:05:14 | INFO | Effective Base Forecast = Base Forecast (raw) = 3.636 MW
2026-03-25 09:05:14 | INFO | --- WEATHER PARAMETERS ---
2026-03-25 09:05:14 | INFO | GTI: 815.0 W/m^2
2026-03-25 09:05:14 | INFO | DHI: 106.0 W/m^2
2026-03-25 09:05:14 | INFO | DNI: 0.0 W/m^2
2026-03-25 09:05:14 | INFO | Irradiance Ratio (GTI/MAX_GTI): 0.877
2026-03-25 09:05:14 | INFO | Diffuse Ratio (current): 0.130
2026-03-25 09:05:14 | INFO | Irradiance State: STABLE_CLEAR
2026-03-25 09:05:14 | INFO | Temp @ 2m: 31.06 C
2026-03-25 09:05:14 | INFO | Wind @ 10m: 13.91 m/s
2026-03-25 09:05:14 | INFO | Weather State: NORMAL
2026-03-25 09:05:14 | INFO | Dynamic Thresholds: cloud_thr=0.1410, shift_thr=0.1368
2026-03-25 09:05:14 | INFO | Multipliers: irradiance=1.15x, temp=1.00x, wind=1.05x
2026-03-25 09:05:14 | INFO | Weather Multiplier (combined): 1.21x
2026-03-25 09:05:14 | INFO | Abrupt Weather Change Detected: False
2026-03-25 09:05:14 | INFO | --- TREND ANALYSIS ---
2026-03-25 09:05:14 | INFO | Trend series (oldest -> latest):
2026-03-25 09:05:14 | INFO |   Block 43: 3.600 MW (source: INTRADAY_FALLBACK)
2026-03-25 09:05:14 | INFO |   Block 42: 3.460 MW (source: INTRADAY_FALLBACK)
2026-03-25 09:05:14 | INFO |   Block 41: 3.310 MW (source: INTRADAY_FALLBACK)
2026-03-25 09:05:14 | INFO |   Block 40: 3.120 MW (source: INTRADAY_FALLBACK)
2026-03-25 09:05:14 | INFO | Trend values used for slope calc: B43=3.600(INTRADAY_FALLBACK), B42=3.460(INTRADAY_FALLBACK), B41=3.310(INTRADAY_FALLBACK), B40=3.120(INTRADAY_FALLBACK)
2026-03-25 09:05:14 | INFO | Detected Trend Type: INCREASING
2026-03-25 09:05:14 | INFO | Trend Slope Percentage: 15.22%
2026-03-25 09:05:14 | INFO | Trend EPS Threshold: 1.50%
2026-03-25 09:05:14 | INFO | --- SCHEDULE CALCULATION ---
2026-03-25 09:05:14 | INFO | Condition Applied: CONDITION_3
2026-03-25 09:05:14 | INFO | Effective Base Forecast Used for Adjustments: 3.636 MW
2026-03-25 09:05:14 | INFO | Condition-3 (Phase-6) Applied:
2026-03-25 09:05:14 | INFO |   Forecast Mismatch: Intraday (3.710) != Day-ahead (3.690)
2026-03-25 09:05:14 | INFO |   Operation: ADD
2026-03-25 09:05:14 | INFO |   Base Adjustment %: 10.00%
2026-03-25 09:05:14 | INFO |   Irradiance Multiplier: 1.15x
2026-03-25 09:05:14 | INFO |   Temp Multiplier: 1.00x
2026-03-25 09:05:14 | INFO |   Wind Multiplier: 1.05x
2026-03-25 09:05:14 | INFO |   Weather Multiplier: 1.21x
2026-03-25 09:05:14 | INFO |   Final Adjustment %: 12.07%
2026-03-25 09:05:14 | INFO |   Calculation: 3.636 MW * (1 + 12.07% / 100)
2026-03-25 09:05:14 | INFO |   Formula (expanded): raw=3.6358*(1+12.0750/100)=4.0748
2026-03-25 09:05:14 | INFO | --- FINAL RESULT ---
2026-03-25 09:05:14 | INFO | Raw Schedule (before smoothing): 4.075 MW
2026-03-25 09:05:14 | INFO | Final Scheduled MW: 4.083 MW
2026-03-25 09:05:14 | INFO | Previous Schedule Value: 4.086 MW
2026-03-25 09:05:14 | INFO | --------------------------------------------------------------------------------
2026-03-25 09:05:14 | INFO | --------------------------------------------------------------------------------
2026-03-25 09:05:14 | INFO | BLOCK 45
2026-03-25 09:05:14 | INFO | --------------------------------------------------------------------------------
2026-03-25 09:05:14 | INFO | --- METERED DATA ---
2026-03-25 09:05:14 | INFO | Metered Value: NOT YET AVAILABLE
2026-03-25 09:05:14 | INFO | Last Two Metered Values (for trend): ['1.559', '1.839']
2026-03-25 09:05:14 | INFO | --- FORECAST DATA ---
2026-03-25 09:05:14 | INFO | Intraday Forecast (Enercast): 3.810 MW
2026-03-25 09:05:14 | INFO | Day-ahead Forecast (Enercast): 3.790 MW
2026-03-25 09:05:14 | INFO | Base Forecast (raw, before curtailment/shutdown): 3.734 MW
2026-03-25 09:05:14 | INFO | Base Forecast (used for schedule): 3.734 MW
2026-03-25 09:05:14 | INFO | Effective Base Forecast (after curtailment/shutdown): 3.734 MW
2026-03-25 09:05:14 | INFO | Base Blend Inputs: meter_ref=0.000 MW, meter_factor=1.000, meter_weight=0.020
2026-03-25 09:05:14 | INFO | Plant Status: NORMAL
2026-03-25 09:05:14 | INFO | Effective Base Forecast = Base Forecast (raw) = 3.734 MW
2026-03-25 09:05:14 | INFO | --- WEATHER PARAMETERS ---
2026-03-25 09:05:14 | INFO | GTI: 846.0 W/m^2
2026-03-25 09:05:14 | INFO | DHI: 112.0 W/m^2
2026-03-25 09:05:14 | INFO | DNI: 0.0 W/m^2
2026-03-25 09:05:14 | INFO | Irradiance Ratio (GTI/MAX_GTI): 0.911
2026-03-25 09:05:14 | INFO | Diffuse Ratio (current): 0.132
2026-03-25 09:05:14 | INFO | Irradiance State: STABLE_CLEAR
2026-03-25 09:05:14 | INFO | Temp @ 2m: 31.41 C
2026-03-25 09:05:14 | INFO | Wind @ 10m: 13.98 m/s
2026-03-25 09:05:14 | INFO | Weather State: NORMAL
2026-03-25 09:05:14 | INFO | Dynamic Thresholds: cloud_thr=0.1410, shift_thr=0.1368
2026-03-25 09:05:14 | INFO | Multipliers: irradiance=1.15x, temp=1.00x, wind=1.05x
2026-03-25 09:05:14 | INFO | Weather Multiplier (combined): 1.21x
2026-03-25 09:05:14 | INFO | Abrupt Weather Change Detected: False
2026-03-25 09:05:14 | INFO | --- TREND ANALYSIS ---
2026-03-25 09:05:14 | INFO | Trend series (oldest -> latest):
2026-03-25 09:05:14 | INFO |   Block 44: 3.710 MW (source: INTRADAY_FALLBACK)
2026-03-25 09:05:14 | INFO |   Block 43: 3.600 MW (source: INTRADAY_FALLBACK)
2026-03-25 09:05:14 | INFO |   Block 42: 3.460 MW (source: INTRADAY_FALLBACK)
2026-03-25 09:05:14 | INFO |   Block 41: 3.310 MW (source: INTRADAY_FALLBACK)
2026-03-25 09:05:14 | INFO | Trend values used for slope calc: B44=3.710(INTRADAY_FALLBACK), B43=3.600(INTRADAY_FALLBACK), B42=3.460(INTRADAY_FALLBACK), B41=3.310(INTRADAY_FALLBACK)
2026-03-25 09:05:14 | INFO | Detected Trend Type: INCREASING
2026-03-25 09:05:14 | INFO | Trend Slope Percentage: 12.11%
2026-03-25 09:05:14 | INFO | Trend EPS Threshold: 1.50%
2026-03-25 09:05:14 | INFO | --- SCHEDULE CALCULATION ---
2026-03-25 09:05:14 | INFO | Condition Applied: CONDITION_3
2026-03-25 09:05:14 | INFO | Effective Base Forecast Used for Adjustments: 3.734 MW
2026-03-25 09:05:14 | INFO | Condition-3 (Phase-6) Applied:
2026-03-25 09:05:14 | INFO |   Forecast Mismatch: Intraday (3.810) != Day-ahead (3.790)
2026-03-25 09:05:14 | INFO |   Operation: ADD
2026-03-25 09:05:14 | INFO |   Base Adjustment %: 10.00%
2026-03-25 09:05:14 | INFO |   Irradiance Multiplier: 1.15x
2026-03-25 09:05:14 | INFO |   Temp Multiplier: 1.00x
2026-03-25 09:05:14 | INFO |   Wind Multiplier: 1.05x
2026-03-25 09:05:14 | INFO |   Weather Multiplier: 1.21x
2026-03-25 09:05:14 | INFO |   Final Adjustment %: 12.07%
2026-03-25 09:05:14 | INFO |   Calculation: 3.734 MW * (1 + 12.07% / 100)
2026-03-25 09:05:14 | INFO |   Formula (expanded): raw=3.7338*(1+12.0750/100)=4.1847
2026-03-25 09:05:14 | INFO | --- FINAL RESULT ---
2026-03-25 09:05:14 | INFO | Raw Schedule (before smoothing): 4.185 MW
2026-03-25 09:05:14 | INFO | Final Scheduled MW: 4.169 MW
2026-03-25 09:05:14 | INFO | Previous Schedule Value: 4.163 MW
2026-03-25 09:05:14 | INFO | --------------------------------------------------------------------------------
2026-03-25 09:05:14 | INFO | --------------------------------------------------------------------------------
2026-03-25 09:05:14 | INFO | BLOCK 46
2026-03-25 09:05:14 | INFO | --------------------------------------------------------------------------------
2026-03-25 09:05:14 | INFO | --- METERED DATA ---
2026-03-25 09:05:14 | INFO | Metered Value: NOT YET AVAILABLE
2026-03-25 09:05:14 | INFO | Last Two Metered Values (for trend): ['1.559', '1.839']
2026-03-25 09:05:14 | INFO | --- FORECAST DATA ---
2026-03-25 09:05:14 | INFO | Intraday Forecast (Enercast): 3.890 MW
2026-03-25 09:05:14 | INFO | Day-ahead Forecast (Enercast): 3.880 MW
2026-03-25 09:05:14 | INFO | Base Forecast (raw, before curtailment/shutdown): 3.812 MW
2026-03-25 09:05:14 | INFO | Base Forecast (used for schedule): 3.812 MW
2026-03-25 09:05:14 | INFO | Effective Base Forecast (after curtailment/shutdown): 3.812 MW
2026-03-25 09:05:14 | INFO | Base Blend Inputs: meter_ref=0.000 MW, meter_factor=1.000, meter_weight=0.020
2026-03-25 09:05:14 | INFO | Plant Status: NORMAL
2026-03-25 09:05:14 | INFO | Effective Base Forecast = Base Forecast (raw) = 3.812 MW
2026-03-25 09:05:14 | INFO | --- WEATHER PARAMETERS ---
2026-03-25 09:05:14 | INFO | GTI: 874.0 W/m^2
2026-03-25 09:05:14 | INFO | DHI: 117.0 W/m^2
2026-03-25 09:05:14 | INFO | DNI: 0.0 W/m^2
2026-03-25 09:05:14 | INFO | Irradiance Ratio (GTI/MAX_GTI): 0.941
2026-03-25 09:05:14 | INFO | Diffuse Ratio (current): 0.134
2026-03-25 09:05:14 | INFO | Irradiance State: STABLE_CLEAR
2026-03-25 09:05:14 | INFO | Temp @ 2m: 31.71 C
2026-03-25 09:05:14 | INFO | Wind @ 10m: 13.80 m/s
2026-03-25 09:05:14 | INFO | Weather State: NORMAL
2026-03-25 09:05:14 | INFO | Dynamic Thresholds: cloud_thr=0.1410, shift_thr=0.1368
2026-03-25 09:05:14 | INFO | Multipliers: irradiance=1.15x, temp=1.00x, wind=1.05x
2026-03-25 09:05:14 | INFO | Weather Multiplier (combined): 1.21x
2026-03-25 09:05:14 | INFO | Abrupt Weather Change Detected: False
2026-03-25 09:05:14 | INFO | --- TREND ANALYSIS ---
2026-03-25 09:05:14 | INFO | Trend series (oldest -> latest):
2026-03-25 09:05:14 | INFO |   Block 45: 3.810 MW (source: INTRADAY_FALLBACK)
2026-03-25 09:05:14 | INFO |   Block 44: 3.710 MW (source: INTRADAY_FALLBACK)
2026-03-25 09:05:14 | INFO |   Block 43: 3.600 MW (source: INTRADAY_FALLBACK)
2026-03-25 09:05:14 | INFO |   Block 42: 3.460 MW (source: INTRADAY_FALLBACK)
2026-03-25 09:05:14 | INFO | Trend values used for slope calc: B45=3.810(INTRADAY_FALLBACK), B44=3.710(INTRADAY_FALLBACK), B43=3.600(INTRADAY_FALLBACK), B42=3.460(INTRADAY_FALLBACK)
2026-03-25 09:05:14 | INFO | Detected Trend Type: INCREASING
2026-03-25 09:05:14 | INFO | Trend Slope Percentage: 10.03%
2026-03-25 09:05:14 | INFO | Trend EPS Threshold: 1.50%
2026-03-25 09:05:14 | INFO | --- SCHEDULE CALCULATION ---
2026-03-25 09:05:14 | INFO | Condition Applied: CONDITION_3
2026-03-25 09:05:14 | INFO | Effective Base Forecast Used for Adjustments: 3.812 MW
2026-03-25 09:05:14 | INFO | Condition-3 (Phase-6) Applied:
2026-03-25 09:05:14 | INFO |   Forecast Mismatch: Intraday (3.890) != Day-ahead (3.880)
2026-03-25 09:05:14 | INFO |   Operation: ADD
2026-03-25 09:05:14 | INFO |   Base Adjustment %: 10.00%
2026-03-25 09:05:14 | INFO |   Irradiance Multiplier: 1.15x
2026-03-25 09:05:14 | INFO |   Temp Multiplier: 1.00x
2026-03-25 09:05:14 | INFO |   Wind Multiplier: 1.05x
2026-03-25 09:05:14 | INFO |   Weather Multiplier: 1.21x
2026-03-25 09:05:14 | INFO |   Final Adjustment %: 12.07%
2026-03-25 09:05:14 | INFO |   Calculation: 3.812 MW * (1 + 12.07% / 100)
2026-03-25 09:05:14 | INFO |   Formula (expanded): raw=3.8122*(1+12.0750/100)=4.2725
2026-03-25 09:05:14 | INFO | --- FINAL RESULT ---
2026-03-25 09:05:14 | INFO | Raw Schedule (before smoothing): 4.273 MW
2026-03-25 09:05:14 | INFO | Final Scheduled MW: 4.265 MW
2026-03-25 09:05:14 | INFO | Previous Schedule Value: 4.262 MW
2026-03-25 09:05:14 | INFO | --------------------------------------------------------------------------------
2026-03-25 09:05:14 | INFO | --------------------------------------------------------------------------------
2026-03-25 09:05:14 | INFO | BLOCK 47
2026-03-25 09:05:14 | INFO | --------------------------------------------------------------------------------
2026-03-25 09:05:14 | INFO | --- METERED DATA ---
2026-03-25 09:05:14 | INFO | Metered Value: NOT YET AVAILABLE
2026-03-25 09:05:14 | INFO | Last Two Metered Values (for trend): ['1.559', '1.839']
2026-03-25 09:05:14 | INFO | --- FORECAST DATA ---
2026-03-25 09:05:14 | INFO | Intraday Forecast (Enercast): 3.890 MW
2026-03-25 09:05:14 | INFO | Day-ahead Forecast (Enercast): 3.950 MW
2026-03-25 09:05:14 | INFO | Base Forecast (raw, before curtailment/shutdown): 3.812 MW
2026-03-25 09:05:14 | INFO | Base Forecast (used for schedule): 3.812 MW
2026-03-25 09:05:14 | INFO | Effective Base Forecast (after curtailment/shutdown): 3.812 MW
2026-03-25 09:05:14 | INFO | Base Blend Inputs: meter_ref=0.000 MW, meter_factor=1.000, meter_weight=0.020
2026-03-25 09:05:14 | INFO | Plant Status: NORMAL
2026-03-25 09:05:14 | INFO | Effective Base Forecast = Base Forecast (raw) = 3.812 MW
2026-03-25 09:05:14 | INFO | --- WEATHER PARAMETERS ---
2026-03-25 09:05:14 | INFO | GTI: 898.0 W/m^2
2026-03-25 09:05:14 | INFO | DHI: 121.0 W/m^2
2026-03-25 09:05:14 | INFO | DNI: 0.0 W/m^2
2026-03-25 09:05:14 | INFO | Irradiance Ratio (GTI/MAX_GTI): 0.967
2026-03-25 09:05:14 | INFO | Diffuse Ratio (current): 0.135
2026-03-25 09:05:14 | INFO | Irradiance State: STABLE_CLEAR
2026-03-25 09:05:14 | INFO | Temp @ 2m: 32.01 C
2026-03-25 09:05:14 | INFO | Wind @ 10m: 13.66 m/s
2026-03-25 09:05:14 | INFO | Weather State: NORMAL
2026-03-25 09:05:14 | INFO | Dynamic Thresholds: cloud_thr=0.1410, shift_thr=0.1368
2026-03-25 09:05:14 | INFO | Multipliers: irradiance=1.15x, temp=1.00x, wind=1.05x
2026-03-25 09:05:14 | INFO | Weather Multiplier (combined): 1.21x
2026-03-25 09:05:14 | INFO | Abrupt Weather Change Detected: False
2026-03-25 09:05:14 | INFO | --- TREND ANALYSIS ---
2026-03-25 09:05:14 | INFO | Trend series (oldest -> latest):
2026-03-25 09:05:14 | INFO |   Block 46: 3.890 MW (source: INTRADAY_FALLBACK)
2026-03-25 09:05:14 | INFO |   Block 45: 3.810 MW (source: INTRADAY_FALLBACK)
2026-03-25 09:05:14 | INFO |   Block 44: 3.710 MW (source: INTRADAY_FALLBACK)
2026-03-25 09:05:14 | INFO |   Block 43: 3.600 MW (source: INTRADAY_FALLBACK)
2026-03-25 09:05:14 | INFO | Trend values used for slope calc: B46=3.890(INTRADAY_FALLBACK), B45=3.810(INTRADAY_FALLBACK), B44=3.710(INTRADAY_FALLBACK), B43=3.600(INTRADAY_FALLBACK)
2026-03-25 09:05:14 | INFO | Detected Trend Type: INCREASING
2026-03-25 09:05:14 | INFO | Trend Slope Percentage: 8.07%
2026-03-25 09:05:14 | INFO | Trend EPS Threshold: 1.50%
2026-03-25 09:05:14 | INFO | --- SCHEDULE CALCULATION ---
2026-03-25 09:05:14 | INFO | Condition Applied: CONDITION_3
2026-03-25 09:05:14 | INFO | Effective Base Forecast Used for Adjustments: 3.812 MW
2026-03-25 09:05:14 | INFO | Condition-3 (Phase-6) Applied:
2026-03-25 09:05:14 | INFO |   Forecast Mismatch: Intraday (3.890) != Day-ahead (3.950)
2026-03-25 09:05:14 | INFO |   Operation: ADD
2026-03-25 09:05:14 | INFO |   Base Adjustment %: 10.00%
2026-03-25 09:05:14 | INFO |   Irradiance Multiplier: 1.15x
2026-03-25 09:05:14 | INFO |   Temp Multiplier: 1.00x
2026-03-25 09:05:14 | INFO |   Wind Multiplier: 1.05x
2026-03-25 09:05:14 | INFO |   Weather Multiplier: 1.21x
2026-03-25 09:05:14 | INFO |   Final Adjustment %: 12.07%
2026-03-25 09:05:14 | INFO |   Calculation: 3.812 MW * (1 + 12.07% / 100)
2026-03-25 09:05:14 | INFO |   Formula (expanded): raw=3.8122*(1+12.0750/100)=4.2725
2026-03-25 09:05:14 | INFO | --- FINAL RESULT ---
2026-03-25 09:05:14 | INFO | Raw Schedule (before smoothing): 4.273 MW
2026-03-25 09:05:14 | INFO | Final Scheduled MW: 4.185 MW
2026-03-25 09:05:14 | INFO | Previous Schedule Value: 4.147 MW
2026-03-25 09:05:14 | INFO | --------------------------------------------------------------------------------
2026-03-25 09:05:14 | INFO | --------------------------------------------------------------------------------
2026-03-25 09:05:14 | INFO | BLOCK 48
2026-03-25 09:05:14 | INFO | --------------------------------------------------------------------------------
2026-03-25 09:05:14 | INFO | --- METERED DATA ---
2026-03-25 09:05:14 | INFO | Metered Value: NOT YET AVAILABLE
2026-03-25 09:05:14 | INFO | Last Two Metered Values (for trend): ['1.559', '1.839']
2026-03-25 09:05:14 | INFO | --- FORECAST DATA ---
2026-03-25 09:05:14 | INFO | Intraday Forecast (Enercast): 3.860 MW
2026-03-25 09:05:14 | INFO | Day-ahead Forecast (Enercast): 4.000 MW
2026-03-25 09:05:14 | INFO | Base Forecast (raw, before curtailment/shutdown): 3.783 MW
2026-03-25 09:05:14 | INFO | Base Forecast (used for schedule): 3.783 MW
2026-03-25 09:05:14 | INFO | Effective Base Forecast (after curtailment/shutdown): 3.783 MW
2026-03-25 09:05:14 | INFO | Base Blend Inputs: meter_ref=0.000 MW, meter_factor=1.000, meter_weight=0.020
2026-03-25 09:05:14 | INFO | Plant Status: NORMAL
2026-03-25 09:05:14 | INFO | Effective Base Forecast = Base Forecast (raw) = 3.783 MW
2026-03-25 09:05:14 | INFO | --- WEATHER PARAMETERS ---
2026-03-25 09:05:14 | INFO | GTI: 917.0 W/m^2
2026-03-25 09:05:14 | INFO | DHI: 127.0 W/m^2
2026-03-25 09:05:14 | INFO | DNI: 0.0 W/m^2
2026-03-25 09:05:14 | INFO | Irradiance Ratio (GTI/MAX_GTI): 0.987
2026-03-25 09:05:14 | INFO | Diffuse Ratio (current): 0.138
2026-03-25 09:05:14 | INFO | Irradiance State: STABLE_CLEAR
2026-03-25 09:05:14 | INFO | Temp @ 2m: 32.26 C
2026-03-25 09:05:14 | INFO | Wind @ 10m: 13.57 m/s
2026-03-25 09:05:14 | INFO | Weather State: NORMAL
2026-03-25 09:05:14 | INFO | Dynamic Thresholds: cloud_thr=0.1410, shift_thr=0.1368
2026-03-25 09:05:14 | INFO | Multipliers: irradiance=1.15x, temp=1.00x, wind=1.05x
2026-03-25 09:05:14 | INFO | Weather Multiplier (combined): 1.21x
2026-03-25 09:05:14 | INFO | Abrupt Weather Change Detected: False
2026-03-25 09:05:14 | INFO | --- TREND ANALYSIS ---
2026-03-25 09:05:14 | INFO | Trend series (oldest -> latest):
2026-03-25 09:05:14 | INFO |   Block 47: 3.890 MW (source: INTRADAY_FALLBACK)
2026-03-25 09:05:14 | INFO |   Block 46: 3.890 MW (source: INTRADAY_FALLBACK)
2026-03-25 09:05:14 | INFO |   Block 45: 3.810 MW (source: INTRADAY_FALLBACK)
2026-03-25 09:05:14 | INFO |   Block 44: 3.710 MW (source: INTRADAY_FALLBACK)
2026-03-25 09:05:14 | INFO | Trend values used for slope calc: B47=3.890(INTRADAY_FALLBACK), B46=3.890(INTRADAY_FALLBACK), B45=3.810(INTRADAY_FALLBACK), B44=3.710(INTRADAY_FALLBACK)
2026-03-25 09:05:14 | INFO | Detected Trend Type: INCREASING
2026-03-25 09:05:14 | INFO | Trend Slope Percentage: 4.98%
2026-03-25 09:05:14 | INFO | Trend EPS Threshold: 1.50%
2026-03-25 09:05:14 | INFO | --- SCHEDULE CALCULATION ---
2026-03-25 09:05:14 | INFO | Condition Applied: CONDITION_3
2026-03-25 09:05:14 | INFO | Effective Base Forecast Used for Adjustments: 3.783 MW
2026-03-25 09:05:14 | INFO | Condition-3 (Phase-6) Applied:
2026-03-25 09:05:14 | INFO |   Forecast Mismatch: Intraday (3.860) != Day-ahead (4.000)
2026-03-25 09:05:14 | INFO |   Operation: ADD
2026-03-25 09:05:14 | INFO |   Base Adjustment %: 7.50%
2026-03-25 09:05:14 | INFO |   Irradiance Multiplier: 1.15x
2026-03-25 09:05:14 | INFO |   Temp Multiplier: 1.00x
2026-03-25 09:05:14 | INFO |   Wind Multiplier: 1.05x
2026-03-25 09:05:14 | INFO |   Weather Multiplier: 1.21x
2026-03-25 09:05:14 | INFO |   Final Adjustment %: 9.06%
2026-03-25 09:05:14 | INFO |   Calculation: 3.783 MW * (1 + 9.06% / 100)
2026-03-25 09:05:14 | INFO |   Formula (expanded): raw=3.7828*(1+9.0563/100)=4.1254
2026-03-25 09:05:14 | INFO | --- FINAL RESULT ---
2026-03-25 09:05:14 | INFO | Raw Schedule (before smoothing): 4.125 MW
2026-03-25 09:05:14 | INFO | Final Scheduled MW: 4.118 MW
2026-03-25 09:05:14 | INFO | Previous Schedule Value: 4.115 MW
2026-03-25 09:05:14 | INFO | --------------------------------------------------------------------------------
2026-03-25 09:05:14 | INFO | --------------------------------------------------------------------------------
2026-03-25 09:05:14 | INFO | BLOCK 49
2026-03-25 09:05:14 | INFO | --------------------------------------------------------------------------------
2026-03-25 09:05:14 | INFO | --- METERED DATA ---
2026-03-25 09:05:14 | INFO | Metered Value: NOT YET AVAILABLE
2026-03-25 09:05:14 | INFO | Last Two Metered Values (for trend): ['1.559', '1.839']
2026-03-25 09:05:14 | INFO | --- FORECAST DATA ---
2026-03-25 09:05:14 | INFO | Intraday Forecast (Enercast): 3.800 MW
2026-03-25 09:05:14 | INFO | Day-ahead Forecast (Enercast): 4.040 MW
2026-03-25 09:05:14 | INFO | Base Forecast (raw, before curtailment/shutdown): 3.724 MW
2026-03-25 09:05:14 | INFO | Base Forecast (used for schedule): 3.724 MW
2026-03-25 09:05:14 | INFO | Effective Base Forecast (after curtailment/shutdown): 3.724 MW
2026-03-25 09:05:14 | INFO | Base Blend Inputs: meter_ref=0.000 MW, meter_factor=1.000, meter_weight=0.020
2026-03-25 09:05:14 | INFO | Plant Status: NORMAL
2026-03-25 09:05:14 | INFO | Effective Base Forecast = Base Forecast (raw) = 3.724 MW
2026-03-25 09:05:14 | INFO | --- WEATHER PARAMETERS ---
2026-03-25 09:05:14 | INFO | GTI: 928.0 W/m^2
2026-03-25 09:05:14 | INFO | DHI: 139.0 W/m^2
2026-03-25 09:05:14 | INFO | DNI: 0.0 W/m^2
2026-03-25 09:05:14 | INFO | Irradiance Ratio (GTI/MAX_GTI): 0.999
2026-03-25 09:05:14 | INFO | Diffuse Ratio (current): 0.150
2026-03-25 09:05:14 | INFO | Irradiance State: STABLE_CLEAR
2026-03-25 09:05:14 | INFO | Temp @ 2m: 32.51 C
2026-03-25 09:05:14 | INFO | Wind @ 10m: 13.20 m/s
2026-03-25 09:05:14 | INFO | Weather State: NORMAL
2026-03-25 09:05:14 | INFO | Dynamic Thresholds: cloud_thr=0.1410, shift_thr=0.1368
2026-03-25 09:05:14 | INFO | Multipliers: irradiance=1.15x, temp=1.00x, wind=1.05x
2026-03-25 09:05:14 | INFO | Weather Multiplier (combined): 1.21x
2026-03-25 09:05:14 | INFO | Abrupt Weather Change Detected: False
2026-03-25 09:05:14 | INFO | --- TREND ANALYSIS ---
2026-03-25 09:05:14 | INFO | Trend series (oldest -> latest):
2026-03-25 09:05:14 | INFO |   Block 48: 3.860 MW (source: INTRADAY_FALLBACK)
2026-03-25 09:05:14 | INFO |   Block 47: 3.890 MW (source: INTRADAY_FALLBACK)
2026-03-25 09:05:14 | INFO |   Block 46: 3.890 MW (source: INTRADAY_FALLBACK)
2026-03-25 09:05:14 | INFO |   Block 45: 3.810 MW (source: INTRADAY_FALLBACK)
2026-03-25 09:05:14 | INFO | Trend values used for slope calc: B48=3.860(INTRADAY_FALLBACK), B47=3.890(INTRADAY_FALLBACK), B46=3.890(INTRADAY_FALLBACK), B45=3.810(INTRADAY_FALLBACK)
2026-03-25 09:05:14 | INFO | Detected Trend Type: FLAT
2026-03-25 09:05:14 | INFO | Trend Slope Percentage: 1.17%
2026-03-25 09:05:14 | INFO | Trend EPS Threshold: 1.50%
2026-03-25 09:05:14 | INFO | --- SCHEDULE CALCULATION ---
2026-03-25 09:05:14 | INFO | Condition Applied: CONDITION_3
2026-03-25 09:05:14 | INFO | Effective Base Forecast Used for Adjustments: 3.724 MW
2026-03-25 09:05:14 | INFO | Condition-3 (Phase-6) Applied:
2026-03-25 09:05:14 | INFO |   Forecast Mismatch: Intraday (3.800) != Day-ahead (4.040)
2026-03-25 09:05:14 | INFO |   Operation: ADD
2026-03-25 09:05:14 | INFO |   Base Adjustment %: 2.50%
2026-03-25 09:05:14 | INFO |   Irradiance Multiplier: 1.15x
2026-03-25 09:05:14 | INFO |   Temp Multiplier: 1.00x
2026-03-25 09:05:14 | INFO |   Wind Multiplier: 1.05x
2026-03-25 09:05:14 | INFO |   Weather Multiplier: 1.21x
2026-03-25 09:05:14 | INFO |   Final Adjustment %: 3.02%
2026-03-25 09:05:14 | INFO |   Calculation: 3.724 MW * (1 + 3.02% / 100)
2026-03-25 09:05:14 | INFO |   Formula (expanded): raw=3.7240*(1+3.0187/100)=3.8364
2026-03-25 09:05:14 | INFO | --- FINAL RESULT ---
2026-03-25 09:05:14 | INFO | Raw Schedule (before smoothing): 3.836 MW
2026-03-25 09:05:14 | INFO | Final Scheduled MW: 3.836 MW
2026-03-25 09:05:14 | INFO | Previous Schedule Value: 3.836 MW
2026-03-25 09:05:14 | INFO | --------------------------------------------------------------------------------
2026-03-25 09:05:14 | INFO | --------------------------------------------------------------------------------
2026-03-25 09:05:14 | INFO | BLOCK 50
2026-03-25 09:05:14 | INFO | --------------------------------------------------------------------------------
2026-03-25 09:05:14 | INFO | --- METERED DATA ---
2026-03-25 09:05:14 | INFO | Metered Value: NOT YET AVAILABLE
2026-03-25 09:05:14 | INFO | Last Two Metered Values (for trend): ['1.559', '1.839']
2026-03-25 09:05:14 | INFO | --- FORECAST DATA ---
2026-03-25 09:05:14 | INFO | Intraday Forecast (Enercast): 3.730 MW
2026-03-25 09:05:14 | INFO | Day-ahead Forecast (Enercast): 4.050 MW
2026-03-25 09:05:14 | INFO | Base Forecast (raw, before curtailment/shutdown): 3.655 MW
2026-03-25 09:05:14 | INFO | Base Forecast (used for schedule): 3.655 MW
2026-03-25 09:05:14 | INFO | Effective Base Forecast (after curtailment/shutdown): 3.655 MW
2026-03-25 09:05:14 | INFO | Base Blend Inputs: meter_ref=0.000 MW, meter_factor=1.000, meter_weight=0.020
2026-03-25 09:05:14 | INFO | Plant Status: NORMAL
2026-03-25 09:05:14 | INFO | Effective Base Forecast = Base Forecast (raw) = 3.655 MW
2026-03-25 09:05:14 | INFO | --- WEATHER PARAMETERS ---
2026-03-25 09:05:14 | INFO | GTI: 929.0 W/m^2
2026-03-25 09:05:14 | INFO | DHI: 165.0 W/m^2
2026-03-25 09:05:14 | INFO | DNI: 0.0 W/m^2
2026-03-25 09:05:14 | INFO | Irradiance Ratio (GTI/MAX_GTI): 1.000
2026-03-25 09:05:14 | INFO | Diffuse Ratio (current): 0.178
2026-03-25 09:05:14 | INFO | Irradiance State: STABLE_CLEAR
2026-03-25 09:05:14 | INFO | Temp @ 2m: 32.71 C
2026-03-25 09:05:14 | INFO | Wind @ 10m: 12.90 m/s
2026-03-25 09:05:14 | INFO | Weather State: NORMAL
2026-03-25 09:05:14 | INFO | Dynamic Thresholds: cloud_thr=0.1410, shift_thr=0.1368
2026-03-25 09:05:14 | INFO | Multipliers: irradiance=1.15x, temp=1.00x, wind=1.05x
2026-03-25 09:05:14 | INFO | Weather Multiplier (combined): 1.21x
2026-03-25 09:05:14 | INFO | Abrupt Weather Change Detected: False
2026-03-25 09:05:14 | INFO | --- TREND ANALYSIS ---
2026-03-25 09:05:14 | INFO | Trend series (oldest -> latest):
2026-03-25 09:05:14 | INFO |   Block 49: 3.800 MW (source: INTRADAY_FALLBACK)
2026-03-25 09:05:14 | INFO |   Block 48: 3.860 MW (source: INTRADAY_FALLBACK)
2026-03-25 09:05:14 | INFO |   Block 47: 3.890 MW (source: INTRADAY_FALLBACK)
2026-03-25 09:05:14 | INFO |   Block 46: 3.890 MW (source: INTRADAY_FALLBACK)
2026-03-25 09:05:14 | INFO | Trend values used for slope calc: B49=3.800(INTRADAY_FALLBACK), B48=3.860(INTRADAY_FALLBACK), B47=3.890(INTRADAY_FALLBACK), B46=3.890(INTRADAY_FALLBACK)
2026-03-25 09:05:14 | INFO | Detected Trend Type: DECREASING
2026-03-25 09:05:14 | INFO | Trend Slope Percentage: -2.30%
2026-03-25 09:05:14 | INFO | Trend EPS Threshold: 1.50%
2026-03-25 09:05:14 | INFO | --- SCHEDULE CALCULATION ---
2026-03-25 09:05:14 | INFO | Condition Applied: CONDITION_3
2026-03-25 09:05:14 | INFO | Effective Base Forecast Used for Adjustments: 3.655 MW
2026-03-25 09:05:14 | INFO | Condition-3 (Phase-6) Applied:
2026-03-25 09:05:14 | INFO |   Forecast Mismatch: Intraday (3.730) != Day-ahead (4.050)
2026-03-25 09:05:14 | INFO |   Operation: SUBTRACT
2026-03-25 09:05:14 | INFO |   Base Adjustment %: 5.00%
2026-03-25 09:05:14 | INFO |   Irradiance Multiplier: 1.15x
2026-03-25 09:05:14 | INFO |   Temp Multiplier: 1.00x
2026-03-25 09:05:14 | INFO |   Wind Multiplier: 1.05x
2026-03-25 09:05:14 | INFO |   Weather Multiplier: 1.21x
2026-03-25 09:05:14 | INFO |   Final Adjustment %: -6.04%
2026-03-25 09:05:14 | INFO |   Calculation: 3.655 MW * (1 + -6.04% / 100)
2026-03-25 09:05:14 | INFO |   Formula (expanded): raw=3.6554*(1+-6.0375/100)=3.4347
2026-03-25 09:05:14 | INFO | --- FINAL RESULT ---
2026-03-25 09:05:14 | INFO | Raw Schedule (before smoothing): 3.435 MW
2026-03-25 09:05:14 | INFO | Final Scheduled MW: 3.435 MW
2026-03-25 09:05:14 | INFO | Previous Schedule Value: 3.435 MW
2026-03-25 09:05:14 | INFO | --------------------------------------------------------------------------------
2026-03-25 09:05:14 | INFO | --------------------------------------------------------------------------------
2026-03-25 09:05:14 | INFO | BLOCK 51
2026-03-25 09:05:14 | INFO | --------------------------------------------------------------------------------
2026-03-25 09:05:14 | INFO | --- METERED DATA ---
2026-03-25 09:05:14 | INFO | Metered Value: NOT YET AVAILABLE
2026-03-25 09:05:14 | INFO | Last Two Metered Values (for trend): ['1.559', '1.839']
2026-03-25 09:05:14 | INFO | --- FORECAST DATA ---
2026-03-25 09:05:14 | INFO | Intraday Forecast (Enercast): 3.810 MW
2026-03-25 09:05:14 | INFO | Day-ahead Forecast (Enercast): 4.040 MW
2026-03-25 09:05:14 | INFO | Base Forecast (raw, before curtailment/shutdown): 3.734 MW
2026-03-25 09:05:14 | INFO | Base Forecast (used for schedule): 3.734 MW
2026-03-25 09:05:14 | INFO | Effective Base Forecast (after curtailment/shutdown): 3.734 MW
2026-03-25 09:05:14 | INFO | Base Blend Inputs: meter_ref=0.000 MW, meter_factor=1.000, meter_weight=0.020
2026-03-25 09:05:14 | INFO | Plant Status: NORMAL
2026-03-25 09:05:14 | INFO | Effective Base Forecast = Base Forecast (raw) = 3.734 MW
2026-03-25 09:05:14 | INFO | --- WEATHER PARAMETERS ---
2026-03-25 09:05:14 | INFO | GTI: 915.0 W/m^2
2026-03-25 09:05:14 | INFO | DHI: 212.0 W/m^2
2026-03-25 09:05:14 | INFO | DNI: 0.0 W/m^2
2026-03-25 09:05:14 | INFO | Irradiance Ratio (GTI/MAX_GTI): 0.985
2026-03-25 09:05:14 | INFO | Diffuse Ratio (current): 0.232
2026-03-25 09:05:14 | INFO | Irradiance State: STABLE_CLEAR
2026-03-25 09:05:14 | INFO | Temp @ 2m: 32.91 C
2026-03-25 09:05:14 | INFO | Wind @ 10m: 12.48 m/s
2026-03-25 09:05:14 | INFO | Weather State: NORMAL
2026-03-25 09:05:14 | INFO | Dynamic Thresholds: cloud_thr=0.1410, shift_thr=0.1368
2026-03-25 09:05:14 | INFO | Multipliers: irradiance=1.15x, temp=1.00x, wind=1.05x
2026-03-25 09:05:14 | INFO | Weather Multiplier (combined): 1.21x
2026-03-25 09:05:14 | INFO | Abrupt Weather Change Detected: False
2026-03-25 09:05:14 | INFO | --- TREND ANALYSIS ---
2026-03-25 09:05:14 | INFO | Trend series (oldest -> latest):
2026-03-25 09:05:14 | INFO |   Block 50: 3.730 MW (source: INTRADAY_FALLBACK)
2026-03-25 09:05:14 | INFO |   Block 49: 3.800 MW (source: INTRADAY_FALLBACK)
2026-03-25 09:05:14 | INFO |   Block 48: 3.860 MW (source: INTRADAY_FALLBACK)
2026-03-25 09:05:14 | INFO |   Block 47: 3.890 MW (source: INTRADAY_FALLBACK)
2026-03-25 09:05:14 | INFO | Trend values used for slope calc: B50=3.730(INTRADAY_FALLBACK), B49=3.800(INTRADAY_FALLBACK), B48=3.860(INTRADAY_FALLBACK), B47=3.890(INTRADAY_FALLBACK)
2026-03-25 09:05:14 | INFO | Detected Trend Type: DECREASING
2026-03-25 09:05:14 | INFO | Trend Slope Percentage: -4.15%
2026-03-25 09:05:14 | INFO | Trend EPS Threshold: 1.50%
2026-03-25 09:05:14 | INFO | --- SCHEDULE CALCULATION ---
2026-03-25 09:05:14 | INFO | Condition Applied: CONDITION_3
2026-03-25 09:05:14 | INFO | Effective Base Forecast Used for Adjustments: 3.734 MW
2026-03-25 09:05:14 | INFO | Condition-3 (Phase-6) Applied:
2026-03-25 09:05:14 | INFO |   Forecast Mismatch: Intraday (3.810) != Day-ahead (4.040)
2026-03-25 09:05:14 | INFO |   Operation: SUBTRACT
2026-03-25 09:05:14 | INFO |   Base Adjustment %: 7.50%
2026-03-25 09:05:14 | INFO |   Irradiance Multiplier: 1.15x
2026-03-25 09:05:14 | INFO |   Temp Multiplier: 1.00x
2026-03-25 09:05:14 | INFO |   Wind Multiplier: 1.05x
2026-03-25 09:05:14 | INFO |   Weather Multiplier: 1.21x
2026-03-25 09:05:14 | INFO |   Final Adjustment %: -9.06%
2026-03-25 09:05:14 | INFO |   Calculation: 3.734 MW * (1 + -9.06% / 100)
2026-03-25 09:05:14 | INFO |   Formula (expanded): raw=3.7338*(1+-9.0563/100)=3.3957
2026-03-25 09:05:14 | INFO | --- FINAL RESULT ---
2026-03-25 09:05:14 | INFO | Raw Schedule (before smoothing): 3.396 MW
2026-03-25 09:05:14 | INFO | Final Scheduled MW: 3.474 MW
2026-03-25 09:05:14 | INFO | Previous Schedule Value: 3.508 MW
2026-03-25 09:05:14 | INFO | --------------------------------------------------------------------------------
2026-03-25 09:05:14 | INFO | --------------------------------------------------------------------------------
2026-03-25 09:05:14 | INFO | BLOCK 52
2026-03-25 09:05:14 | INFO | --------------------------------------------------------------------------------
2026-03-25 09:05:14 | INFO | --- METERED DATA ---
2026-03-25 09:05:14 | INFO | Metered Value: NOT YET AVAILABLE
2026-03-25 09:05:14 | INFO | Last Two Metered Values (for trend): ['1.559', '1.839']
2026-03-25 09:05:14 | INFO | --- FORECAST DATA ---
2026-03-25 09:05:14 | INFO | Intraday Forecast (Enercast): 3.880 MW
2026-03-25 09:05:14 | INFO | Day-ahead Forecast (Enercast): 4.000 MW
2026-03-25 09:05:14 | INFO | Base Forecast (raw, before curtailment/shutdown): 3.802 MW
2026-03-25 09:05:14 | INFO | Base Forecast (used for schedule): 3.802 MW
2026-03-25 09:05:14 | INFO | Effective Base Forecast (after curtailment/shutdown): 3.802 MW
2026-03-25 09:05:14 | INFO | Base Blend Inputs: meter_ref=0.000 MW, meter_factor=1.000, meter_weight=0.020
2026-03-25 09:05:14 | INFO | Plant Status: NORMAL
2026-03-25 09:05:14 | INFO | Effective Base Forecast = Base Forecast (raw) = 3.802 MW
2026-03-25 09:05:14 | INFO | --- WEATHER PARAMETERS ---
2026-03-25 09:05:14 | INFO | GTI: 894.0 W/m^2
2026-03-25 09:05:14 | INFO | DHI: 263.0 W/m^2
2026-03-25 09:05:14 | INFO | DNI: 0.0 W/m^2
2026-03-25 09:05:14 | INFO | Irradiance Ratio (GTI/MAX_GTI): 0.962
2026-03-25 09:05:14 | INFO | Diffuse Ratio (current): 0.294
2026-03-25 09:05:14 | INFO | Irradiance State: STABLE_CLEAR
2026-03-25 09:05:14 | INFO | Temp @ 2m: 33.06 C
2026-03-25 09:05:14 | INFO | Wind @ 10m: 11.59 m/s
2026-03-25 09:05:14 | INFO | Weather State: NORMAL
2026-03-25 09:05:14 | INFO | Dynamic Thresholds: cloud_thr=0.1410, shift_thr=0.1368
2026-03-25 09:05:14 | INFO | Multipliers: irradiance=1.15x, temp=1.00x, wind=1.05x
2026-03-25 09:05:14 | INFO | Weather Multiplier (combined): 1.21x
2026-03-25 09:05:14 | INFO | Abrupt Weather Change Detected: False
2026-03-25 09:05:14 | INFO | --- TREND ANALYSIS ---
2026-03-25 09:05:14 | INFO | Trend series (oldest -> latest):
2026-03-25 09:05:14 | INFO |   Block 51: 3.810 MW (source: INTRADAY_FALLBACK)
2026-03-25 09:05:14 | INFO |   Block 50: 3.730 MW (source: INTRADAY_FALLBACK)
2026-03-25 09:05:14 | INFO |   Block 49: 3.800 MW (source: INTRADAY_FALLBACK)
2026-03-25 09:05:14 | INFO |   Block 48: 3.860 MW (source: INTRADAY_FALLBACK)
2026-03-25 09:05:14 | INFO | Trend values used for slope calc: B51=3.810(INTRADAY_FALLBACK), B50=3.730(INTRADAY_FALLBACK), B49=3.800(INTRADAY_FALLBACK), B48=3.860(INTRADAY_FALLBACK)
2026-03-25 09:05:14 | INFO | Detected Trend Type: DECREASING
2026-03-25 09:05:14 | INFO | Trend Slope Percentage: -1.72%
2026-03-25 09:05:14 | INFO | Trend EPS Threshold: 1.50%
2026-03-25 09:05:14 | INFO | --- SCHEDULE CALCULATION ---
2026-03-25 09:05:14 | INFO | Condition Applied: CONDITION_3
2026-03-25 09:05:14 | INFO | Effective Base Forecast Used for Adjustments: 3.802 MW
2026-03-25 09:05:14 | INFO | Condition-3 (Phase-6) Applied:
2026-03-25 09:05:14 | INFO |   Forecast Mismatch: Intraday (3.880) != Day-ahead (4.000)
2026-03-25 09:05:14 | INFO |   Operation: SUBTRACT
2026-03-25 09:05:14 | INFO |   Base Adjustment %: 2.50%
2026-03-25 09:05:14 | INFO |   Irradiance Multiplier: 1.15x
2026-03-25 09:05:14 | INFO |   Temp Multiplier: 1.00x
2026-03-25 09:05:14 | INFO |   Wind Multiplier: 1.05x
2026-03-25 09:05:14 | INFO |   Weather Multiplier: 1.21x
2026-03-25 09:05:14 | INFO |   Final Adjustment %: -3.02%
2026-03-25 09:05:14 | INFO |   Calculation: 3.802 MW * (1 + -3.02% / 100)
2026-03-25 09:05:14 | INFO |   Formula (expanded): raw=3.8024*(1+-3.0187/100)=3.6876
2026-03-25 09:05:14 | INFO | --- FINAL RESULT ---
2026-03-25 09:05:14 | INFO | Raw Schedule (before smoothing): 3.688 MW
2026-03-25 09:05:14 | INFO | Final Scheduled MW: 3.848 MW
2026-03-25 09:05:14 | INFO | Previous Schedule Value: 3.917 MW
2026-03-25 09:05:14 | INFO | --------------------------------------------------------------------------------
2026-03-25 09:05:14 | INFO | --------------------------------------------------------------------------------
2026-03-25 09:05:14 | INFO | BLOCK 53
2026-03-25 09:05:14 | INFO | --------------------------------------------------------------------------------
2026-03-25 09:05:14 | INFO | --- METERED DATA ---
2026-03-25 09:05:14 | INFO | Metered Value: NOT YET AVAILABLE
2026-03-25 09:05:14 | INFO | Last Two Metered Values (for trend): ['1.559', '1.839']
2026-03-25 09:05:14 | INFO | --- FORECAST DATA ---
2026-03-25 09:05:14 | INFO | Intraday Forecast (Enercast): 3.900 MW
2026-03-25 09:05:14 | INFO | Day-ahead Forecast (Enercast): 3.960 MW
2026-03-25 09:05:14 | INFO | Base Forecast (raw, before curtailment/shutdown): 3.822 MW
2026-03-25 09:05:14 | INFO | Base Forecast (used for schedule): 3.822 MW
2026-03-25 09:05:14 | INFO | Effective Base Forecast (after curtailment/shutdown): 3.822 MW
2026-03-25 09:05:14 | INFO | Base Blend Inputs: meter_ref=0.000 MW, meter_factor=1.000, meter_weight=0.020
2026-03-25 09:05:14 | INFO | Plant Status: NORMAL
2026-03-25 09:05:14 | INFO | Effective Base Forecast = Base Forecast (raw) = 3.822 MW
2026-03-25 09:05:14 | INFO | --- WEATHER PARAMETERS ---
2026-03-25 09:05:14 | INFO | GTI: 876.0 W/m^2
2026-03-25 09:05:14 | INFO | DHI: 299.0 W/m^2
2026-03-25 09:05:14 | INFO | DNI: 0.0 W/m^2
2026-03-25 09:05:14 | INFO | Irradiance Ratio (GTI/MAX_GTI): 0.943
2026-03-25 09:05:14 | INFO | Diffuse Ratio (current): 0.341
2026-03-25 09:05:14 | INFO | Irradiance State: STABLE_CLEAR
2026-03-25 09:05:14 | INFO | Temp @ 2m: 33.11 C
2026-03-25 09:05:14 | INFO | Wind @ 10m: 10.46 m/s
2026-03-25 09:05:14 | INFO | Weather State: NORMAL
2026-03-25 09:05:14 | INFO | Dynamic Thresholds: cloud_thr=0.1410, shift_thr=0.1368
2026-03-25 09:05:14 | INFO | Multipliers: irradiance=1.15x, temp=1.00x, wind=1.05x
2026-03-25 09:05:14 | INFO | Weather Multiplier (combined): 1.21x
2026-03-25 09:05:14 | INFO | Abrupt Weather Change Detected: False
2026-03-25 09:05:14 | INFO | --- TREND ANALYSIS ---
2026-03-25 09:05:14 | INFO | Trend series (oldest -> latest):
2026-03-25 09:05:14 | INFO |   Block 52: 3.880 MW (source: INTRADAY_FALLBACK)
2026-03-25 09:05:14 | INFO |   Block 51: 3.810 MW (source: INTRADAY_FALLBACK)
2026-03-25 09:05:14 | INFO |   Block 50: 3.730 MW (source: INTRADAY_FALLBACK)
2026-03-25 09:05:14 | INFO |   Block 49: 3.800 MW (source: INTRADAY_FALLBACK)
2026-03-25 09:05:14 | INFO | Trend values used for slope calc: B52=3.880(INTRADAY_FALLBACK), B51=3.810(INTRADAY_FALLBACK), B50=3.730(INTRADAY_FALLBACK), B49=3.800(INTRADAY_FALLBACK)
2026-03-25 09:05:14 | INFO | Detected Trend Type: INCREASING
2026-03-25 09:05:14 | INFO | Trend Slope Percentage: 2.56%
2026-03-25 09:05:14 | INFO | Trend EPS Threshold: 1.50%
2026-03-25 09:05:14 | INFO | --- SCHEDULE CALCULATION ---
2026-03-25 09:05:14 | INFO | Condition Applied: CONDITION_3
2026-03-25 09:05:14 | INFO | Effective Base Forecast Used for Adjustments: 3.822 MW
2026-03-25 09:05:14 | INFO | Condition-3 (Phase-6) Applied:
2026-03-25 09:05:14 | INFO |   Forecast Mismatch: Intraday (3.900) != Day-ahead (3.960)
2026-03-25 09:05:14 | INFO |   Operation: ADD
2026-03-25 09:05:14 | INFO |   Base Adjustment %: 5.00%
2026-03-25 09:05:14 | INFO |   Irradiance Multiplier: 1.15x
2026-03-25 09:05:14 | INFO |   Temp Multiplier: 1.00x
2026-03-25 09:05:14 | INFO |   Wind Multiplier: 1.05x
2026-03-25 09:05:14 | INFO |   Weather Multiplier: 1.21x
2026-03-25 09:05:14 | INFO |   Final Adjustment %: 6.04%
2026-03-25 09:05:14 | INFO |   Calculation: 3.822 MW * (1 + 6.04% / 100)
2026-03-25 09:05:14 | INFO |   Formula (expanded): raw=3.8220*(1+6.0375/100)=4.0528
2026-03-25 09:05:14 | INFO | --- FINAL RESULT ---
2026-03-25 09:05:14 | INFO | Raw Schedule (before smoothing): 4.053 MW
2026-03-25 09:05:14 | INFO | Final Scheduled MW: 4.053 MW
2026-03-25 09:05:14 | INFO | Previous Schedule Value: 4.053 MW
2026-03-25 09:05:14 | INFO | --------------------------------------------------------------------------------
2026-03-25 09:05:14 | INFO | --------------------------------------------------------------------------------
2026-03-25 09:05:14 | INFO | BLOCK 54
2026-03-25 09:05:14 | INFO | --------------------------------------------------------------------------------
2026-03-25 09:05:14 | INFO | --- METERED DATA ---
2026-03-25 09:05:14 | INFO | Metered Value: NOT YET AVAILABLE
2026-03-25 09:05:14 | INFO | Last Two Metered Values (for trend): ['1.559', '1.839']
2026-03-25 09:05:14 | INFO | --- FORECAST DATA ---
2026-03-25 09:05:14 | INFO | Intraday Forecast (Enercast): 3.870 MW
2026-03-25 09:05:14 | INFO | Day-ahead Forecast (Enercast): 3.880 MW
2026-03-25 09:05:14 | INFO | Base Forecast (raw, before curtailment/shutdown): 3.793 MW
2026-03-25 09:05:14 | INFO | Base Forecast (used for schedule): 3.793 MW
2026-03-25 09:05:14 | INFO | Effective Base Forecast (after curtailment/shutdown): 3.793 MW
2026-03-25 09:05:14 | INFO | Base Blend Inputs: meter_ref=0.000 MW, meter_factor=1.000, meter_weight=0.020
2026-03-25 09:05:14 | INFO | Plant Status: NORMAL
2026-03-25 09:05:14 | INFO | Effective Base Forecast = Base Forecast (raw) = 3.793 MW
2026-03-25 09:05:14 | INFO | --- WEATHER PARAMETERS ---
2026-03-25 09:05:14 | INFO | GTI: 868.0 W/m^2
2026-03-25 09:05:14 | INFO | DHI: 299.0 W/m^2
2026-03-25 09:05:14 | INFO | DNI: 0.0 W/m^2
2026-03-25 09:05:14 | INFO | Irradiance Ratio (GTI/MAX_GTI): 0.934
2026-03-25 09:05:14 | INFO | Diffuse Ratio (current): 0.344
2026-03-25 09:05:14 | INFO | Irradiance State: STABLE_CLEAR
2026-03-25 09:05:14 | INFO | Temp @ 2m: 33.21 C
2026-03-25 09:05:14 | INFO | Wind @ 10m: 8.91 m/s
2026-03-25 09:05:14 | INFO | Weather State: NORMAL
2026-03-25 09:05:14 | INFO | Dynamic Thresholds: cloud_thr=0.1410, shift_thr=0.1368
2026-03-25 09:05:14 | INFO | Multipliers: irradiance=1.15x, temp=1.00x, wind=1.05x
2026-03-25 09:05:14 | INFO | Weather Multiplier (combined): 1.21x
2026-03-25 09:05:14 | INFO | Abrupt Weather Change Detected: False
2026-03-25 09:05:14 | INFO | --- TREND ANALYSIS ---
2026-03-25 09:05:14 | INFO | Trend series (oldest -> latest):
2026-03-25 09:05:14 | INFO |   Block 53: 3.900 MW (source: INTRADAY_FALLBACK)
2026-03-25 09:05:14 | INFO |   Block 52: 3.880 MW (source: INTRADAY_FALLBACK)
2026-03-25 09:05:14 | INFO |   Block 51: 3.810 MW (source: INTRADAY_FALLBACK)
2026-03-25 09:05:14 | INFO |   Block 50: 3.730 MW (source: INTRADAY_FALLBACK)
2026-03-25 09:05:14 | INFO | Trend values used for slope calc: B53=3.900(INTRADAY_FALLBACK), B52=3.880(INTRADAY_FALLBACK), B51=3.810(INTRADAY_FALLBACK), B50=3.730(INTRADAY_FALLBACK)
2026-03-25 09:05:14 | INFO | Detected Trend Type: INCREASING
2026-03-25 09:05:14 | INFO | Trend Slope Percentage: 4.65%
2026-03-25 09:05:14 | INFO | Trend EPS Threshold: 1.50%
2026-03-25 09:05:14 | INFO | --- SCHEDULE CALCULATION ---
2026-03-25 09:05:14 | INFO | Condition Applied: CONDITION_3
2026-03-25 09:05:14 | INFO | Effective Base Forecast Used for Adjustments: 3.793 MW
2026-03-25 09:05:14 | INFO | Condition-3 (Phase-6) Applied:
2026-03-25 09:05:14 | INFO |   Forecast Mismatch: Intraday (3.870) != Day-ahead (3.880)
2026-03-25 09:05:14 | INFO |   Operation: ADD
2026-03-25 09:05:14 | INFO |   Base Adjustment %: 7.50%
2026-03-25 09:05:14 | INFO |   Irradiance Multiplier: 1.15x
2026-03-25 09:05:14 | INFO |   Temp Multiplier: 1.00x
2026-03-25 09:05:14 | INFO |   Wind Multiplier: 1.05x
2026-03-25 09:05:14 | INFO |   Weather Multiplier: 1.21x
2026-03-25 09:05:14 | INFO |   Final Adjustment %: 9.06%
2026-03-25 09:05:14 | INFO |   Calculation: 3.793 MW * (1 + 9.06% / 100)
2026-03-25 09:05:14 | INFO |   Formula (expanded): raw=3.7926*(1+9.0563/100)=4.1361
2026-03-25 09:05:14 | INFO | --- FINAL RESULT ---
2026-03-25 09:05:14 | INFO | Raw Schedule (before smoothing): 4.136 MW
2026-03-25 09:05:14 | INFO | Final Scheduled MW: 4.136 MW
2026-03-25 09:05:14 | INFO | Previous Schedule Value: 4.136 MW
2026-03-25 09:05:14 | INFO | --------------------------------------------------------------------------------
2026-03-25 09:05:14 | INFO | --------------------------------------------------------------------------------
2026-03-25 09:05:14 | INFO | BLOCK 55
2026-03-25 09:05:14 | INFO | --------------------------------------------------------------------------------
2026-03-25 09:05:14 | INFO | --- METERED DATA ---
2026-03-25 09:05:14 | INFO | Metered Value: NOT YET AVAILABLE
2026-03-25 09:05:14 | INFO | Last Two Metered Values (for trend): ['1.559', '1.839']
2026-03-25 09:05:14 | INFO | --- FORECAST DATA ---
2026-03-25 09:05:14 | INFO | Intraday Forecast (Enercast): 3.770 MW
2026-03-25 09:05:14 | INFO | Day-ahead Forecast (Enercast): 3.750 MW
2026-03-25 09:05:14 | INFO | Base Forecast (raw, before curtailment/shutdown): 3.695 MW
2026-03-25 09:05:14 | INFO | Base Forecast (used for schedule): 3.695 MW
2026-03-25 09:05:14 | INFO | Effective Base Forecast (after curtailment/shutdown): 3.695 MW
2026-03-25 09:05:14 | INFO | Base Blend Inputs: meter_ref=0.000 MW, meter_factor=1.000, meter_weight=0.020
2026-03-25 09:05:14 | INFO | Plant Status: NORMAL
2026-03-25 09:05:14 | INFO | Effective Base Forecast = Base Forecast (raw) = 3.695 MW
2026-03-25 09:05:14 | INFO | --- WEATHER PARAMETERS ---
2026-03-25 09:05:14 | INFO | GTI: 870.0 W/m^2
2026-03-25 09:05:14 | INFO | DHI: 265.0 W/m^2
2026-03-25 09:05:14 | INFO | DNI: 0.0 W/m^2
2026-03-25 09:05:14 | INFO | Irradiance Ratio (GTI/MAX_GTI): 0.936
2026-03-25 09:05:14 | INFO | Diffuse Ratio (current): 0.305
2026-03-25 09:05:14 | INFO | Irradiance State: STABLE_CLEAR
2026-03-25 09:05:14 | INFO | Temp @ 2m: 33.31 C
2026-03-25 09:05:14 | INFO | Wind @ 10m: 7.42 m/s
2026-03-25 09:05:14 | INFO | Weather State: NORMAL
2026-03-25 09:05:14 | INFO | Dynamic Thresholds: cloud_thr=0.1410, shift_thr=0.1368
2026-03-25 09:05:14 | INFO | Multipliers: irradiance=1.15x, temp=1.00x, wind=1.05x
2026-03-25 09:05:14 | INFO | Weather Multiplier (combined): 1.21x
2026-03-25 09:05:14 | INFO | Abrupt Weather Change Detected: False
2026-03-25 09:05:14 | INFO | --- TREND ANALYSIS ---
2026-03-25 09:05:14 | INFO | Trend series (oldest -> latest):
2026-03-25 09:05:14 | INFO |   Block 54: 3.870 MW (source: INTRADAY_FALLBACK)
2026-03-25 09:05:14 | INFO |   Block 53: 3.900 MW (source: INTRADAY_FALLBACK)
2026-03-25 09:05:14 | INFO |   Block 52: 3.880 MW (source: INTRADAY_FALLBACK)
2026-03-25 09:05:14 | INFO |   Block 51: 3.810 MW (source: INTRADAY_FALLBACK)
2026-03-25 09:05:14 | INFO | Trend values used for slope calc: B54=3.870(INTRADAY_FALLBACK), B53=3.900(INTRADAY_FALLBACK), B52=3.880(INTRADAY_FALLBACK), B51=3.810(INTRADAY_FALLBACK)
2026-03-25 09:05:14 | INFO | Detected Trend Type: INCREASING
2026-03-25 09:05:14 | INFO | Trend Slope Percentage: 1.56%
2026-03-25 09:05:14 | INFO | Trend EPS Threshold: 1.50%
2026-03-25 09:05:14 | INFO | --- SCHEDULE CALCULATION ---
2026-03-25 09:05:14 | INFO | Condition Applied: CONDITION_3
2026-03-25 09:05:14 | INFO | Effective Base Forecast Used for Adjustments: 3.695 MW
2026-03-25 09:05:14 | INFO | Condition-3 (Phase-6) Applied:
2026-03-25 09:05:14 | INFO |   Forecast Mismatch: Intraday (3.770) != Day-ahead (3.750)
2026-03-25 09:05:14 | INFO |   Operation: ADD
2026-03-25 09:05:14 | INFO |   Base Adjustment %: 2.50%
2026-03-25 09:05:14 | INFO |   Irradiance Multiplier: 1.15x
2026-03-25 09:05:14 | INFO |   Temp Multiplier: 1.00x
2026-03-25 09:05:14 | INFO |   Wind Multiplier: 1.05x
2026-03-25 09:05:14 | INFO |   Weather Multiplier: 1.21x
2026-03-25 09:05:14 | INFO |   Final Adjustment %: 3.02%
2026-03-25 09:05:14 | INFO |   Calculation: 3.695 MW * (1 + 3.02% / 100)
2026-03-25 09:05:14 | INFO |   Formula (expanded): raw=3.6946*(1+3.0187/100)=3.8061
2026-03-25 09:05:14 | INFO | --- FINAL RESULT ---
2026-03-25 09:05:14 | INFO | Raw Schedule (before smoothing): 3.806 MW
2026-03-25 09:05:14 | INFO | Final Scheduled MW: 3.806 MW
2026-03-25 09:05:14 | INFO | Previous Schedule Value: 3.806 MW
2026-03-25 09:05:14 | INFO | --------------------------------------------------------------------------------
2026-03-25 09:05:14 | INFO | --------------------------------------------------------------------------------
2026-03-25 09:05:14 | INFO | BLOCK 56
2026-03-25 09:05:14 | INFO | --------------------------------------------------------------------------------
2026-03-25 09:05:14 | INFO | --- METERED DATA ---
2026-03-25 09:05:14 | INFO | Metered Value: NOT YET AVAILABLE
2026-03-25 09:05:14 | INFO | Last Two Metered Values (for trend): ['1.559', '1.839']
2026-03-25 09:05:14 | INFO | --- FORECAST DATA ---
2026-03-25 09:05:14 | INFO | Intraday Forecast (Enercast): 3.640 MW
2026-03-25 09:05:14 | INFO | Day-ahead Forecast (Enercast): 3.600 MW
2026-03-25 09:05:14 | INFO | Base Forecast (raw, before curtailment/shutdown): 3.567 MW
2026-03-25 09:05:14 | INFO | Base Forecast (used for schedule): 3.567 MW
2026-03-25 09:05:14 | INFO | Effective Base Forecast (after curtailment/shutdown): 3.567 MW
2026-03-25 09:05:14 | INFO | Base Blend Inputs: meter_ref=0.000 MW, meter_factor=1.000, meter_weight=0.020
2026-03-25 09:05:14 | INFO | Plant Status: NORMAL
2026-03-25 09:05:14 | INFO | Effective Base Forecast = Base Forecast (raw) = 3.567 MW
2026-03-25 09:05:14 | INFO | --- WEATHER PARAMETERS ---
2026-03-25 09:05:14 | INFO | GTI: 873.0 W/m^2
2026-03-25 09:05:14 | INFO | DHI: 216.0 W/m^2
2026-03-25 09:05:14 | INFO | DNI: 0.0 W/m^2
2026-03-25 09:05:14 | INFO | Irradiance Ratio (GTI/MAX_GTI): 0.940
2026-03-25 09:05:14 | INFO | Diffuse Ratio (current): 0.247
2026-03-25 09:05:14 | INFO | Irradiance State: STABLE_CLEAR
2026-03-25 09:05:14 | INFO | Temp @ 2m: 33.51 C
2026-03-25 09:05:14 | INFO | Wind @ 10m: 5.50 m/s
2026-03-25 09:05:14 | INFO | Weather State: NORMAL
2026-03-25 09:05:14 | INFO | Dynamic Thresholds: cloud_thr=0.1410, shift_thr=0.1368
2026-03-25 09:05:14 | INFO | Multipliers: irradiance=1.15x, temp=1.00x, wind=1.05x
2026-03-25 09:05:14 | INFO | Weather Multiplier (combined): 1.21x
2026-03-25 09:05:14 | INFO | Abrupt Weather Change Detected: False
2026-03-25 09:05:14 | INFO | --- TREND ANALYSIS ---
2026-03-25 09:05:14 | INFO | Trend series (oldest -> latest):
2026-03-25 09:05:14 | INFO |   Block 55: 3.770 MW (source: INTRADAY_FALLBACK)
2026-03-25 09:05:14 | INFO |   Block 54: 3.870 MW (source: INTRADAY_FALLBACK)
2026-03-25 09:05:14 | INFO |   Block 53: 3.900 MW (source: INTRADAY_FALLBACK)
2026-03-25 09:05:14 | INFO |   Block 52: 3.880 MW (source: INTRADAY_FALLBACK)
2026-03-25 09:05:14 | INFO | Trend values used for slope calc: B55=3.770(INTRADAY_FALLBACK), B54=3.870(INTRADAY_FALLBACK), B53=3.900(INTRADAY_FALLBACK), B52=3.880(INTRADAY_FALLBACK)
2026-03-25 09:05:14 | INFO | Detected Trend Type: DECREASING
2026-03-25 09:05:14 | INFO | Trend Slope Percentage: -2.76%
2026-03-25 09:05:14 | INFO | Trend EPS Threshold: 1.50%
2026-03-25 09:05:14 | INFO | --- SCHEDULE CALCULATION ---
2026-03-25 09:05:14 | INFO | Condition Applied: CONDITION_3
2026-03-25 09:05:14 | INFO | Effective Base Forecast Used for Adjustments: 3.567 MW
2026-03-25 09:05:14 | INFO | Condition-3 (Phase-6) Applied:
2026-03-25 09:05:14 | INFO |   Forecast Mismatch: Intraday (3.640) != Day-ahead (3.600)
2026-03-25 09:05:14 | INFO |   Operation: SUBTRACT
2026-03-25 09:05:14 | INFO |   Base Adjustment %: 5.00%
2026-03-25 09:05:14 | INFO |   Irradiance Multiplier: 1.15x
2026-03-25 09:05:14 | INFO |   Temp Multiplier: 1.00x
2026-03-25 09:05:14 | INFO |   Wind Multiplier: 1.05x
2026-03-25 09:05:14 | INFO |   Weather Multiplier: 1.21x
2026-03-25 09:05:14 | INFO |   Final Adjustment %: -6.04%
2026-03-25 09:05:14 | INFO |   Calculation: 3.567 MW * (1 + -6.04% / 100)
2026-03-25 09:05:14 | INFO |   Formula (expanded): raw=3.5672*(1+-6.0375/100)=3.3518
2026-03-25 09:05:14 | INFO | --- FINAL RESULT ---
2026-03-25 09:05:14 | INFO | Raw Schedule (before smoothing): 3.352 MW
2026-03-25 09:05:14 | INFO | Final Scheduled MW: 3.352 MW
2026-03-25 09:05:14 | INFO | Previous Schedule Value: 3.352 MW
2026-03-25 09:05:14 | INFO | --------------------------------------------------------------------------------
2026-03-25 09:05:14 | INFO | --------------------------------------------------------------------------------
2026-03-25 09:05:14 | INFO | BLOCK 57
2026-03-25 09:05:14 | INFO | --------------------------------------------------------------------------------
2026-03-25 09:05:14 | INFO | --- METERED DATA ---
2026-03-25 09:05:14 | INFO | Metered Value: NOT YET AVAILABLE
2026-03-25 09:05:14 | INFO | Last Two Metered Values (for trend): ['1.559', '1.839']
2026-03-25 09:05:14 | INFO | --- FORECAST DATA ---
2026-03-25 09:05:14 | INFO | Intraday Forecast (Enercast): 3.500 MW
2026-03-25 09:05:14 | INFO | Day-ahead Forecast (Enercast): 3.440 MW
2026-03-25 09:05:14 | INFO | Base Forecast (raw, before curtailment/shutdown): 3.430 MW
2026-03-25 09:05:14 | INFO | Base Forecast (used for schedule): 3.430 MW
2026-03-25 09:05:14 | INFO | Effective Base Forecast (after curtailment/shutdown): 3.430 MW
2026-03-25 09:05:14 | INFO | Base Blend Inputs: meter_ref=0.000 MW, meter_factor=1.000, meter_weight=0.020
2026-03-25 09:05:14 | INFO | Plant Status: NORMAL
2026-03-25 09:05:14 | INFO | Effective Base Forecast = Base Forecast (raw) = 3.430 MW
2026-03-25 09:05:14 | INFO | --- WEATHER PARAMETERS ---
2026-03-25 09:05:14 | INFO | GTI: 871.0 W/m^2
2026-03-25 09:05:14 | INFO | DHI: 172.0 W/m^2
2026-03-25 09:05:14 | INFO | DNI: 0.0 W/m^2
2026-03-25 09:05:14 | INFO | Irradiance Ratio (GTI/MAX_GTI): 0.938
2026-03-25 09:05:14 | INFO | Diffuse Ratio (current): 0.197
2026-03-25 09:05:14 | INFO | Irradiance State: STABLE_CLEAR
2026-03-25 09:05:14 | INFO | Temp @ 2m: 33.71 C
2026-03-25 09:05:14 | INFO | Wind @ 10m: 3.08 m/s
2026-03-25 09:05:14 | INFO | Weather State: NORMAL
2026-03-25 09:05:14 | INFO | Dynamic Thresholds: cloud_thr=0.1410, shift_thr=0.1368
2026-03-25 09:05:14 | INFO | Multipliers: irradiance=1.15x, temp=1.00x, wind=1.03x
2026-03-25 09:05:14 | INFO | Weather Multiplier (combined): 1.18x
2026-03-25 09:05:14 | INFO | Abrupt Weather Change Detected: False
2026-03-25 09:05:14 | INFO | --- TREND ANALYSIS ---
2026-03-25 09:05:14 | INFO | Trend series (oldest -> latest):
2026-03-25 09:05:14 | INFO |   Block 56: 3.640 MW (source: INTRADAY_FALLBACK)
2026-03-25 09:05:14 | INFO |   Block 55: 3.770 MW (source: INTRADAY_FALLBACK)
2026-03-25 09:05:14 | INFO |   Block 54: 3.870 MW (source: INTRADAY_FALLBACK)
2026-03-25 09:05:14 | INFO |   Block 53: 3.900 MW (source: INTRADAY_FALLBACK)
2026-03-25 09:05:14 | INFO | Trend values used for slope calc: B56=3.640(INTRADAY_FALLBACK), B55=3.770(INTRADAY_FALLBACK), B54=3.870(INTRADAY_FALLBACK), B53=3.900(INTRADAY_FALLBACK)
2026-03-25 09:05:14 | INFO | Detected Trend Type: DECREASING
2026-03-25 09:05:14 | INFO | Trend Slope Percentage: -6.72%
2026-03-25 09:05:14 | INFO | Trend EPS Threshold: 1.50%
2026-03-25 09:05:14 | INFO | --- SCHEDULE CALCULATION ---
2026-03-25 09:05:14 | INFO | Condition Applied: CONDITION_3
2026-03-25 09:05:14 | INFO | Effective Base Forecast Used for Adjustments: 3.430 MW
2026-03-25 09:05:14 | INFO | Condition-3 (Phase-6) Applied:
2026-03-25 09:05:14 | INFO |   Forecast Mismatch: Intraday (3.500) != Day-ahead (3.440)
2026-03-25 09:05:14 | INFO |   Operation: SUBTRACT
2026-03-25 09:05:14 | INFO |   Base Adjustment %: 10.00%
2026-03-25 09:05:14 | INFO |   Irradiance Multiplier: 1.15x
2026-03-25 09:05:14 | INFO |   Temp Multiplier: 1.00x
2026-03-25 09:05:14 | INFO |   Wind Multiplier: 1.03x
2026-03-25 09:05:14 | INFO |   Weather Multiplier: 1.18x
2026-03-25 09:05:14 | INFO |   Final Adjustment %: -11.84%
2026-03-25 09:05:14 | INFO |   Calculation: 3.430 MW * (1 + -11.84% / 100)
2026-03-25 09:05:14 | INFO |   Formula (expanded): raw=3.4300*(1+-11.8450/100)=3.0237
2026-03-25 09:05:14 | INFO | --- FINAL RESULT ---
2026-03-25 09:05:14 | INFO | Raw Schedule (before smoothing): 3.024 MW
2026-03-25 09:05:14 | INFO | Final Scheduled MW: 3.024 MW
2026-03-25 09:05:14 | INFO | Previous Schedule Value: 3.024 MW
2026-03-25 09:05:14 | INFO | --------------------------------------------------------------------------------
2026-03-25 09:05:14 | INFO | --------------------------------------------------------------------------------
2026-03-25 09:05:14 | INFO | BLOCK 58
2026-03-25 09:05:14 | INFO | --------------------------------------------------------------------------------
2026-03-25 09:05:14 | INFO | --- METERED DATA ---
2026-03-25 09:05:14 | INFO | Metered Value: NOT YET AVAILABLE
2026-03-25 09:05:14 | INFO | Last Two Metered Values (for trend): ['1.559', '1.839']
2026-03-25 09:05:14 | INFO | --- FORECAST DATA ---
2026-03-25 09:05:14 | INFO | Intraday Forecast (Enercast): 3.340 MW
2026-03-25 09:05:14 | INFO | Day-ahead Forecast (Enercast): 3.270 MW
2026-03-25 09:05:14 | INFO | Base Forecast (raw, before curtailment/shutdown): 3.273 MW
2026-03-25 09:05:14 | INFO | Base Forecast (used for schedule): 3.273 MW
2026-03-25 09:05:14 | INFO | Effective Base Forecast (after curtailment/shutdown): 3.273 MW
2026-03-25 09:05:14 | INFO | Base Blend Inputs: meter_ref=0.000 MW, meter_factor=1.000, meter_weight=0.020
2026-03-25 09:05:14 | INFO | Plant Status: NORMAL
2026-03-25 09:05:14 | INFO | Effective Base Forecast = Base Forecast (raw) = 3.273 MW
2026-03-25 09:05:14 | INFO | --- WEATHER PARAMETERS ---
2026-03-25 09:05:14 | INFO | GTI: 855.0 W/m^2
2026-03-25 09:05:14 | INFO | DHI: 145.0 W/m^2
2026-03-25 09:05:14 | INFO | DNI: 0.0 W/m^2
2026-03-25 09:05:14 | INFO | Irradiance Ratio (GTI/MAX_GTI): 0.920
2026-03-25 09:05:14 | INFO | Diffuse Ratio (current): 0.170
2026-03-25 09:05:14 | INFO | Irradiance State: STABLE_CLEAR
2026-03-25 09:05:14 | INFO | Temp @ 2m: 33.96 C
2026-03-25 09:05:14 | INFO | Wind @ 10m: 1.30 m/s
2026-03-25 09:05:14 | INFO | Weather State: NORMAL
2026-03-25 09:05:14 | INFO | Dynamic Thresholds: cloud_thr=0.1410, shift_thr=0.1368
2026-03-25 09:05:14 | INFO | Multipliers: irradiance=1.15x, temp=1.00x, wind=0.95x
2026-03-25 09:05:14 | INFO | Weather Multiplier (combined): 1.09x
2026-03-25 09:05:14 | INFO | Abrupt Weather Change Detected: False
2026-03-25 09:05:14 | INFO | --- TREND ANALYSIS ---
2026-03-25 09:05:14 | INFO | Trend series (oldest -> latest):
2026-03-25 09:05:14 | INFO |   Block 57: 3.500 MW (source: INTRADAY_FALLBACK)
2026-03-25 09:05:14 | INFO |   Block 56: 3.640 MW (source: INTRADAY_FALLBACK)
2026-03-25 09:05:14 | INFO |   Block 55: 3.770 MW (source: INTRADAY_FALLBACK)
2026-03-25 09:05:14 | INFO |   Block 54: 3.870 MW (source: INTRADAY_FALLBACK)
2026-03-25 09:05:14 | INFO | Trend values used for slope calc: B57=3.500(INTRADAY_FALLBACK), B56=3.640(INTRADAY_FALLBACK), B55=3.770(INTRADAY_FALLBACK), B54=3.870(INTRADAY_FALLBACK)
2026-03-25 09:05:14 | INFO | Detected Trend Type: DECREASING
2026-03-25 09:05:14 | INFO | Trend Slope Percentage: -9.59%
2026-03-25 09:05:14 | INFO | Trend EPS Threshold: 1.50%
2026-03-25 09:05:14 | INFO | --- SCHEDULE CALCULATION ---
2026-03-25 09:05:14 | INFO | Condition Applied: CONDITION_3
2026-03-25 09:05:14 | INFO | Effective Base Forecast Used for Adjustments: 3.273 MW
2026-03-25 09:05:14 | INFO | Condition-3 (Phase-6) Applied:
2026-03-25 09:05:14 | INFO |   Forecast Mismatch: Intraday (3.340) != Day-ahead (3.270)
2026-03-25 09:05:14 | INFO |   Operation: SUBTRACT
2026-03-25 09:05:14 | INFO |   Base Adjustment %: 10.00%
2026-03-25 09:05:14 | INFO |   Irradiance Multiplier: 1.15x
2026-03-25 09:05:14 | INFO |   Temp Multiplier: 1.00x
2026-03-25 09:05:14 | INFO |   Wind Multiplier: 0.95x
2026-03-25 09:05:14 | INFO |   Weather Multiplier: 1.09x
2026-03-25 09:05:14 | INFO |   Final Adjustment %: -10.92%
2026-03-25 09:05:14 | INFO |   Calculation: 3.273 MW * (1 + -10.92% / 100)
2026-03-25 09:05:14 | INFO |   Formula (expanded): raw=3.2732*(1+-10.9250/100)=2.9156
2026-03-25 09:05:14 | INFO | --- FINAL RESULT ---
2026-03-25 09:05:14 | INFO | Raw Schedule (before smoothing): 2.916 MW
2026-03-25 09:05:14 | INFO | Final Scheduled MW: 2.916 MW
2026-03-25 09:05:14 | INFO | Previous Schedule Value: 2.916 MW
2026-03-25 09:05:14 | INFO | --------------------------------------------------------------------------------
2026-03-25 09:05:14 | INFO | --------------------------------------------------------------------------------
2026-03-25 09:05:14 | INFO | BLOCK 59
2026-03-25 09:05:14 | INFO | --------------------------------------------------------------------------------
2026-03-25 09:05:14 | INFO | --- METERED DATA ---
2026-03-25 09:05:14 | INFO | Metered Value: NOT YET AVAILABLE
2026-03-25 09:05:14 | INFO | Last Two Metered Values (for trend): ['1.559', '1.839']
2026-03-25 09:05:14 | INFO | --- FORECAST DATA ---
2026-03-25 09:05:14 | INFO | Intraday Forecast (Enercast): 3.130 MW
2026-03-25 09:05:14 | INFO | Day-ahead Forecast (Enercast): 3.110 MW
2026-03-25 09:05:14 | INFO | Base Forecast (raw, before curtailment/shutdown): 3.067 MW
2026-03-25 09:05:14 | INFO | Base Forecast (used for schedule): 3.067 MW
2026-03-25 09:05:14 | INFO | Effective Base Forecast (after curtailment/shutdown): 3.067 MW
2026-03-25 09:05:14 | INFO | Base Blend Inputs: meter_ref=0.000 MW, meter_factor=1.000, meter_weight=0.020
2026-03-25 09:05:14 | INFO | Plant Status: NORMAL
2026-03-25 09:05:14 | INFO | Effective Base Forecast = Base Forecast (raw) = 3.067 MW
2026-03-25 09:05:14 | INFO | --- WEATHER PARAMETERS ---
2026-03-25 09:05:14 | INFO | GTI: 831.0 W/m^2
2026-03-25 09:05:14 | INFO | DHI: 127.0 W/m^2
2026-03-25 09:05:14 | INFO | DNI: 0.0 W/m^2
2026-03-25 09:05:14 | INFO | Irradiance Ratio (GTI/MAX_GTI): 0.895
2026-03-25 09:05:14 | INFO | Diffuse Ratio (current): 0.153
2026-03-25 09:05:14 | INFO | Irradiance State: STABLE_CLEAR
2026-03-25 09:05:14 | INFO | Temp @ 2m: 34.11 C
2026-03-25 09:05:14 | INFO | Wind @ 10m: 2.19 m/s
2026-03-25 09:05:14 | INFO | Weather State: NORMAL
2026-03-25 09:05:14 | INFO | Dynamic Thresholds: cloud_thr=0.1410, shift_thr=0.1368
2026-03-25 09:05:14 | INFO | Multipliers: irradiance=1.15x, temp=1.00x, wind=1.00x
2026-03-25 09:05:14 | INFO | Weather Multiplier (combined): 1.15x
2026-03-25 09:05:14 | INFO | Abrupt Weather Change Detected: False
2026-03-25 09:05:14 | INFO | --- TREND ANALYSIS ---
2026-03-25 09:05:14 | INFO | Trend series (oldest -> latest):
2026-03-25 09:05:14 | INFO |   Block 58: 3.340 MW (source: INTRADAY_FALLBACK)
2026-03-25 09:05:14 | INFO |   Block 57: 3.500 MW (source: INTRADAY_FALLBACK)
2026-03-25 09:05:14 | INFO |   Block 56: 3.640 MW (source: INTRADAY_FALLBACK)
2026-03-25 09:05:14 | INFO |   Block 55: 3.770 MW (source: INTRADAY_FALLBACK)
2026-03-25 09:05:14 | INFO | Trend values used for slope calc: B58=3.340(INTRADAY_FALLBACK), B57=3.500(INTRADAY_FALLBACK), B56=3.640(INTRADAY_FALLBACK), B55=3.770(INTRADAY_FALLBACK)
2026-03-25 09:05:14 | INFO | Detected Trend Type: DECREASING
2026-03-25 09:05:14 | INFO | Trend Slope Percentage: -11.36%
2026-03-25 09:05:14 | INFO | Trend EPS Threshold: 1.50%
2026-03-25 09:05:14 | INFO | --- SCHEDULE CALCULATION ---
2026-03-25 09:05:14 | INFO | Condition Applied: CONDITION_3
2026-03-25 09:05:14 | INFO | Effective Base Forecast Used for Adjustments: 3.067 MW
2026-03-25 09:05:14 | INFO | Condition-3 (Phase-6) Applied:
2026-03-25 09:05:14 | INFO |   Forecast Mismatch: Intraday (3.130) != Day-ahead (3.110)
2026-03-25 09:05:14 | INFO |   Operation: SUBTRACT
2026-03-25 09:05:14 | INFO |   Base Adjustment %: 10.00%
2026-03-25 09:05:14 | INFO |   Irradiance Multiplier: 1.15x
2026-03-25 09:05:14 | INFO |   Temp Multiplier: 1.00x
2026-03-25 09:05:14 | INFO |   Wind Multiplier: 1.00x
2026-03-25 09:05:14 | INFO |   Weather Multiplier: 1.15x
2026-03-25 09:05:14 | INFO |   Final Adjustment %: -11.50%
2026-03-25 09:05:14 | INFO |   Calculation: 3.067 MW * (1 + -11.50% / 100)
2026-03-25 09:05:14 | INFO |   Formula (expanded): raw=3.0674*(1+-11.5000/100)=2.7146
2026-03-25 09:05:14 | INFO | --- FINAL RESULT ---
2026-03-25 09:05:14 | INFO | Raw Schedule (before smoothing): 2.715 MW
2026-03-25 09:05:14 | INFO | Final Scheduled MW: 2.715 MW
2026-03-25 09:05:14 | INFO | Previous Schedule Value: 2.715 MW
2026-03-25 09:05:14 | INFO | --------------------------------------------------------------------------------
2026-03-25 09:05:14 | INFO | --------------------------------------------------------------------------------
2026-03-25 09:05:14 | INFO | BLOCK 60
2026-03-25 09:05:14 | INFO | --------------------------------------------------------------------------------
2026-03-25 09:05:14 | INFO | --- METERED DATA ---
2026-03-25 09:05:14 | INFO | Metered Value: NOT YET AVAILABLE
2026-03-25 09:05:14 | INFO | Last Two Metered Values (for trend): ['1.559', '1.839']
2026-03-25 09:05:14 | INFO | --- FORECAST DATA ---
2026-03-25 09:05:14 | INFO | Intraday Forecast (Enercast): 2.900 MW
2026-03-25 09:05:14 | INFO | Day-ahead Forecast (Enercast): 2.950 MW
2026-03-25 09:05:14 | INFO | Base Forecast (raw, before curtailment/shutdown): 2.842 MW
2026-03-25 09:05:14 | INFO | Base Forecast (used for schedule): 2.842 MW
2026-03-25 09:05:14 | INFO | Effective Base Forecast (after curtailment/shutdown): 2.842 MW
2026-03-25 09:05:14 | INFO | Base Blend Inputs: meter_ref=0.000 MW, meter_factor=1.000, meter_weight=0.020
2026-03-25 09:05:14 | INFO | Plant Status: NORMAL
2026-03-25 09:05:14 | INFO | Effective Base Forecast = Base Forecast (raw) = 2.842 MW
2026-03-25 09:05:14 | INFO | --- WEATHER PARAMETERS ---
2026-03-25 09:05:14 | INFO | GTI: 801.0 W/m^2
2026-03-25 09:05:14 | INFO | DHI: 116.0 W/m^2
2026-03-25 09:05:14 | INFO | DNI: 0.0 W/m^2
2026-03-25 09:05:14 | INFO | Irradiance Ratio (GTI/MAX_GTI): 0.862
2026-03-25 09:05:14 | INFO | Diffuse Ratio (current): 0.145
2026-03-25 09:05:14 | INFO | Irradiance State: STABLE_CLEAR
2026-03-25 09:05:14 | INFO | Temp @ 2m: 34.16 C
2026-03-25 09:05:14 | INFO | Wind @ 10m: 3.71 m/s
2026-03-25 09:05:14 | INFO | Weather State: NORMAL
2026-03-25 09:05:14 | INFO | Dynamic Thresholds: cloud_thr=0.1410, shift_thr=0.1368
2026-03-25 09:05:14 | INFO | Multipliers: irradiance=1.15x, temp=1.00x, wind=1.03x
2026-03-25 09:05:14 | INFO | Weather Multiplier (combined): 1.18x
2026-03-25 09:05:14 | INFO | Abrupt Weather Change Detected: False
2026-03-25 09:05:14 | INFO | --- TREND ANALYSIS ---
2026-03-25 09:05:14 | INFO | Trend series (oldest -> latest):
2026-03-25 09:05:14 | INFO |   Block 59: 3.130 MW (source: INTRADAY_FALLBACK)
2026-03-25 09:05:14 | INFO |   Block 58: 3.340 MW (source: INTRADAY_FALLBACK)
2026-03-25 09:05:14 | INFO |   Block 57: 3.500 MW (source: INTRADAY_FALLBACK)
2026-03-25 09:05:14 | INFO |   Block 56: 3.640 MW (source: INTRADAY_FALLBACK)
2026-03-25 09:05:14 | INFO | Trend values used for slope calc: B59=3.130(INTRADAY_FALLBACK), B58=3.340(INTRADAY_FALLBACK), B57=3.500(INTRADAY_FALLBACK), B56=3.640(INTRADAY_FALLBACK)
2026-03-25 09:05:14 | INFO | Detected Trend Type: DECREASING
2026-03-25 09:05:14 | INFO | Trend Slope Percentage: -13.87%
2026-03-25 09:05:14 | INFO | Trend EPS Threshold: 1.50%
2026-03-25 09:05:14 | INFO | --- SCHEDULE CALCULATION ---
2026-03-25 09:05:14 | INFO | Condition Applied: CONDITION_3
2026-03-25 09:05:14 | INFO | Effective Base Forecast Used for Adjustments: 2.842 MW
2026-03-25 09:05:14 | INFO | Condition-3 (Phase-6) Applied:
2026-03-25 09:05:14 | INFO |   Forecast Mismatch: Intraday (2.900) != Day-ahead (2.950)
2026-03-25 09:05:14 | INFO |   Operation: SUBTRACT
2026-03-25 09:05:14 | INFO |   Base Adjustment %: 10.00%
2026-03-25 09:05:14 | INFO |   Irradiance Multiplier: 1.15x
2026-03-25 09:05:14 | INFO |   Temp Multiplier: 1.00x
2026-03-25 09:05:14 | INFO |   Wind Multiplier: 1.03x
2026-03-25 09:05:14 | INFO |   Weather Multiplier: 1.18x
2026-03-25 09:05:14 | INFO |   Final Adjustment %: -11.84%
2026-03-25 09:05:14 | INFO |   Calculation: 2.842 MW * (1 + -11.84% / 100)
2026-03-25 09:05:14 | INFO |   Formula (expanded): raw=2.8420*(1+-11.8450/100)=2.5054
2026-03-25 09:05:14 | INFO | --- FINAL RESULT ---
2026-03-25 09:05:14 | INFO | Raw Schedule (before smoothing): 2.505 MW
2026-03-25 09:05:14 | INFO | Final Scheduled MW: 2.505 MW
2026-03-25 09:05:14 | INFO | Previous Schedule Value: 2.505 MW
2026-03-25 09:05:14 | INFO | --------------------------------------------------------------------------------
2026-03-25 09:05:14 | INFO | --------------------------------------------------------------------------------
2026-03-25 09:05:14 | INFO | BLOCK 61
2026-03-25 09:05:14 | INFO | --------------------------------------------------------------------------------
2026-03-25 09:05:14 | INFO | --- METERED DATA ---
2026-03-25 09:05:14 | INFO | Metered Value: NOT YET AVAILABLE
2026-03-25 09:05:14 | INFO | Last Two Metered Values (for trend): ['1.559', '1.839']
2026-03-25 09:05:14 | INFO | --- FORECAST DATA ---
2026-03-25 09:05:14 | INFO | Intraday Forecast (Enercast): 2.680 MW
2026-03-25 09:05:14 | INFO | Day-ahead Forecast (Enercast): 2.780 MW
2026-03-25 09:05:14 | INFO | Base Forecast (raw, before curtailment/shutdown): 2.626 MW
2026-03-25 09:05:14 | INFO | Base Forecast (used for schedule): 2.626 MW
2026-03-25 09:05:14 | INFO | Effective Base Forecast (after curtailment/shutdown): 2.626 MW
2026-03-25 09:05:14 | INFO | Base Blend Inputs: meter_ref=0.000 MW, meter_factor=1.000, meter_weight=0.020
2026-03-25 09:05:14 | INFO | Plant Status: NORMAL
2026-03-25 09:05:14 | INFO | Effective Base Forecast = Base Forecast (raw) = 2.626 MW
2026-03-25 09:05:14 | INFO | --- WEATHER PARAMETERS ---
2026-03-25 09:05:14 | INFO | GTI: 763.0 W/m^2
2026-03-25 09:05:14 | INFO | DHI: 110.0 W/m^2
2026-03-25 09:05:14 | INFO | DNI: 0.0 W/m^2
2026-03-25 09:05:14 | INFO | Irradiance Ratio (GTI/MAX_GTI): 0.821
2026-03-25 09:05:14 | INFO | Diffuse Ratio (current): 0.144
2026-03-25 09:05:14 | INFO | Irradiance State: STABLE_CLEAR
2026-03-25 09:05:14 | INFO | Temp @ 2m: 34.21 C
2026-03-25 09:05:14 | INFO | Wind @ 10m: 5.19 m/s
2026-03-25 09:05:14 | INFO | Weather State: NORMAL
2026-03-25 09:05:14 | INFO | Dynamic Thresholds: cloud_thr=0.1410, shift_thr=0.1368
2026-03-25 09:05:14 | INFO | Multipliers: irradiance=1.15x, temp=1.00x, wind=1.05x
2026-03-25 09:05:14 | INFO | Weather Multiplier (combined): 1.21x
2026-03-25 09:05:14 | INFO | Abrupt Weather Change Detected: False
2026-03-25 09:05:14 | INFO | --- TREND ANALYSIS ---
2026-03-25 09:05:14 | INFO | Trend series (oldest -> latest):
2026-03-25 09:05:14 | INFO |   Block 60: 2.900 MW (source: INTRADAY_FALLBACK)
2026-03-25 09:05:14 | INFO |   Block 59: 3.130 MW (source: INTRADAY_FALLBACK)
2026-03-25 09:05:14 | INFO |   Block 58: 3.340 MW (source: INTRADAY_FALLBACK)
2026-03-25 09:05:14 | INFO |   Block 57: 3.500 MW (source: INTRADAY_FALLBACK)
2026-03-25 09:05:14 | INFO | Trend values used for slope calc: B60=2.900(INTRADAY_FALLBACK), B59=3.130(INTRADAY_FALLBACK), B58=3.340(INTRADAY_FALLBACK), B57=3.500(INTRADAY_FALLBACK)
2026-03-25 09:05:14 | INFO | Detected Trend Type: DECREASING
2026-03-25 09:05:14 | INFO | Trend Slope Percentage: -17.14%
2026-03-25 09:05:14 | INFO | Trend EPS Threshold: 1.50%
2026-03-25 09:05:14 | INFO | --- SCHEDULE CALCULATION ---
2026-03-25 09:05:14 | INFO | Condition Applied: CONDITION_3
2026-03-25 09:05:14 | INFO | Effective Base Forecast Used for Adjustments: 2.626 MW
2026-03-25 09:05:14 | INFO | Condition-3 (Phase-6) Applied:
2026-03-25 09:05:14 | INFO |   Forecast Mismatch: Intraday (2.680) != Day-ahead (2.780)
2026-03-25 09:05:14 | INFO |   Operation: SUBTRACT
2026-03-25 09:05:14 | INFO |   Base Adjustment %: 10.00%
2026-03-25 09:05:14 | INFO |   Irradiance Multiplier: 1.15x
2026-03-25 09:05:14 | INFO |   Temp Multiplier: 1.00x
2026-03-25 09:05:14 | INFO |   Wind Multiplier: 1.05x
2026-03-25 09:05:14 | INFO |   Weather Multiplier: 1.21x
2026-03-25 09:05:14 | INFO |   Final Adjustment %: -12.07%
2026-03-25 09:05:14 | INFO |   Calculation: 2.626 MW * (1 + -12.07% / 100)
2026-03-25 09:05:14 | INFO |   Formula (expanded): raw=2.6264*(1+-12.0750/100)=2.3093
2026-03-25 09:05:14 | INFO | --- FINAL RESULT ---
2026-03-25 09:05:14 | INFO | Raw Schedule (before smoothing): 2.309 MW
2026-03-25 09:05:14 | INFO | Final Scheduled MW: 2.309 MW
2026-03-25 09:05:14 | INFO | Previous Schedule Value: 2.309 MW
2026-03-25 09:05:14 | INFO | --------------------------------------------------------------------------------
2026-03-25 09:05:14 | INFO | --------------------------------------------------------------------------------
2026-03-25 09:05:14 | INFO | BLOCK 62
2026-03-25 09:05:14 | INFO | --------------------------------------------------------------------------------
2026-03-25 09:05:14 | INFO | --- METERED DATA ---
2026-03-25 09:05:14 | INFO | Metered Value: NOT YET AVAILABLE
2026-03-25 09:05:14 | INFO | Last Two Metered Values (for trend): ['1.559', '1.839']
2026-03-25 09:05:14 | INFO | --- FORECAST DATA ---
2026-03-25 09:05:14 | INFO | Intraday Forecast (Enercast): 2.430 MW
2026-03-25 09:05:14 | INFO | Day-ahead Forecast (Enercast): 2.600 MW
2026-03-25 09:05:14 | INFO | Base Forecast (raw, before curtailment/shutdown): 2.381 MW
2026-03-25 09:05:14 | INFO | Base Forecast (used for schedule): 2.381 MW
2026-03-25 09:05:14 | INFO | Effective Base Forecast (after curtailment/shutdown): 2.381 MW
2026-03-25 09:05:14 | INFO | Base Blend Inputs: meter_ref=0.000 MW, meter_factor=1.000, meter_weight=0.020
2026-03-25 09:05:14 | INFO | Plant Status: NORMAL
2026-03-25 09:05:14 | INFO | Effective Base Forecast = Base Forecast (raw) = 2.381 MW
2026-03-25 09:05:14 | INFO | --- WEATHER PARAMETERS ---
2026-03-25 09:05:14 | INFO | GTI: 721.0 W/m^2
2026-03-25 09:05:14 | INFO | DHI: 111.0 W/m^2
2026-03-25 09:05:14 | INFO | DNI: 0.0 W/m^2
2026-03-25 09:05:14 | INFO | Irradiance Ratio (GTI/MAX_GTI): 0.776
2026-03-25 09:05:14 | INFO | Diffuse Ratio (current): 0.154
2026-03-25 09:05:14 | INFO | Irradiance State: STABLE_CLEAR
2026-03-25 09:05:14 | INFO | Temp @ 2m: 34.21 C
2026-03-25 09:05:14 | INFO | Wind @ 10m: 6.70 m/s
2026-03-25 09:05:14 | INFO | Weather State: NORMAL
2026-03-25 09:05:14 | INFO | Dynamic Thresholds: cloud_thr=0.1410, shift_thr=0.1368
2026-03-25 09:05:14 | INFO | Multipliers: irradiance=1.15x, temp=1.00x, wind=1.05x
2026-03-25 09:05:14 | INFO | Weather Multiplier (combined): 1.21x
2026-03-25 09:05:14 | INFO | Abrupt Weather Change Detected: False
2026-03-25 09:05:14 | INFO | --- TREND ANALYSIS ---
2026-03-25 09:05:14 | INFO | Trend series (oldest -> latest):
2026-03-25 09:05:14 | INFO |   Block 61: 2.680 MW (source: INTRADAY_FALLBACK)
2026-03-25 09:05:14 | INFO |   Block 60: 2.900 MW (source: INTRADAY_FALLBACK)
2026-03-25 09:05:14 | INFO |   Block 59: 3.130 MW (source: INTRADAY_FALLBACK)
2026-03-25 09:05:14 | INFO |   Block 58: 3.340 MW (source: INTRADAY_FALLBACK)
2026-03-25 09:05:14 | INFO | Trend values used for slope calc: B61=2.680(INTRADAY_FALLBACK), B60=2.900(INTRADAY_FALLBACK), B59=3.130(INTRADAY_FALLBACK), B58=3.340(INTRADAY_FALLBACK)
2026-03-25 09:05:14 | INFO | Detected Trend Type: DECREASING
2026-03-25 09:05:14 | INFO | Trend Slope Percentage: -19.83%
2026-03-25 09:05:14 | INFO | Trend EPS Threshold: 1.50%
2026-03-25 09:05:14 | INFO | --- SCHEDULE CALCULATION ---
2026-03-25 09:05:14 | INFO | Condition Applied: CONDITION_3
2026-03-25 09:05:14 | INFO | Effective Base Forecast Used for Adjustments: 2.381 MW
2026-03-25 09:05:14 | INFO | Condition-3 (Phase-6) Applied:
2026-03-25 09:05:14 | INFO |   Forecast Mismatch: Intraday (2.430) != Day-ahead (2.600)
2026-03-25 09:05:14 | INFO |   Operation: SUBTRACT
2026-03-25 09:05:14 | INFO |   Base Adjustment %: 10.00%
2026-03-25 09:05:14 | INFO |   Irradiance Multiplier: 1.15x
2026-03-25 09:05:14 | INFO |   Temp Multiplier: 1.00x
2026-03-25 09:05:14 | INFO |   Wind Multiplier: 1.05x
2026-03-25 09:05:14 | INFO |   Weather Multiplier: 1.21x
2026-03-25 09:05:14 | INFO |   Final Adjustment %: -12.07%
2026-03-25 09:05:14 | INFO |   Calculation: 2.381 MW * (1 + -12.07% / 100)
2026-03-25 09:05:14 | INFO |   Formula (expanded): raw=2.3814*(1+-12.0750/100)=2.0938
2026-03-25 09:05:14 | INFO | --- FINAL RESULT ---
2026-03-25 09:05:14 | INFO | Raw Schedule (before smoothing): 2.094 MW
2026-03-25 09:05:14 | INFO | Final Scheduled MW: 2.094 MW
2026-03-25 09:05:14 | INFO | Previous Schedule Value: 2.094 MW
2026-03-25 09:05:14 | INFO | --------------------------------------------------------------------------------
2026-03-25 09:05:14 | INFO | --------------------------------------------------------------------------------
2026-03-25 09:05:14 | INFO | BLOCK 63
2026-03-25 09:05:14 | INFO | --------------------------------------------------------------------------------
2026-03-25 09:05:14 | INFO | --- METERED DATA ---
2026-03-25 09:05:14 | INFO | Metered Value: NOT YET AVAILABLE
2026-03-25 09:05:14 | INFO | Last Two Metered Values (for trend): ['1.559', '1.839']
2026-03-25 09:05:14 | INFO | --- FORECAST DATA ---
2026-03-25 09:05:14 | INFO | Intraday Forecast (Enercast): 2.190 MW
2026-03-25 09:05:14 | INFO | Day-ahead Forecast (Enercast): 2.470 MW
2026-03-25 09:05:14 | INFO | Base Forecast (raw, before curtailment/shutdown): 2.146 MW
2026-03-25 09:05:14 | INFO | Base Forecast (used for schedule): 2.146 MW
2026-03-25 09:05:14 | INFO | Effective Base Forecast (after curtailment/shutdown): 2.146 MW
2026-03-25 09:05:14 | INFO | Base Blend Inputs: meter_ref=0.000 MW, meter_factor=1.000, meter_weight=0.020
2026-03-25 09:05:14 | INFO | Plant Status: NORMAL
2026-03-25 09:05:14 | INFO | Effective Base Forecast = Base Forecast (raw) = 2.146 MW
2026-03-25 09:05:14 | INFO | --- WEATHER PARAMETERS ---
2026-03-25 09:05:14 | INFO | GTI: 682.0 W/m^2
2026-03-25 09:05:14 | INFO | DHI: 122.0 W/m^2
2026-03-25 09:05:14 | INFO | DNI: 0.0 W/m^2
2026-03-25 09:05:14 | INFO | Irradiance Ratio (GTI/MAX_GTI): 0.734
2026-03-25 09:05:14 | INFO | Diffuse Ratio (current): 0.179
2026-03-25 09:05:14 | INFO | Irradiance State: VARIABLE_CLEAR
2026-03-25 09:05:14 | INFO | Temp @ 2m: 34.21 C
2026-03-25 09:05:14 | INFO | Wind @ 10m: 7.42 m/s
2026-03-25 09:05:14 | INFO | Weather State: NORMAL
2026-03-25 09:05:14 | INFO | Dynamic Thresholds: cloud_thr=0.1410, shift_thr=0.1368
2026-03-25 09:05:14 | INFO | Multipliers: irradiance=1.00x, temp=1.00x, wind=1.05x
2026-03-25 09:05:14 | INFO | Weather Multiplier (combined): 1.05x
2026-03-25 09:05:14 | INFO | Abrupt Weather Change Detected: False
2026-03-25 09:05:14 | INFO | --- TREND ANALYSIS ---
2026-03-25 09:05:14 | INFO | Trend series (oldest -> latest):
2026-03-25 09:05:14 | INFO |   Block 62: 2.430 MW (source: INTRADAY_FALLBACK)
2026-03-25 09:05:14 | INFO |   Block 61: 2.680 MW (source: INTRADAY_FALLBACK)
2026-03-25 09:05:14 | INFO |   Block 60: 2.900 MW (source: INTRADAY_FALLBACK)
2026-03-25 09:05:14 | INFO |   Block 59: 3.130 MW (source: INTRADAY_FALLBACK)
2026-03-25 09:05:14 | INFO | Trend values used for slope calc: B62=2.430(INTRADAY_FALLBACK), B61=2.680(INTRADAY_FALLBACK), B60=2.900(INTRADAY_FALLBACK), B59=3.130(INTRADAY_FALLBACK)
2026-03-25 09:05:14 | INFO | Detected Trend Type: DECREASING
2026-03-25 09:05:14 | INFO | Trend Slope Percentage: -22.22%
2026-03-25 09:05:14 | INFO | Trend EPS Threshold: 1.50%
2026-03-25 09:05:14 | INFO | --- SCHEDULE CALCULATION ---
2026-03-25 09:05:14 | INFO | Condition Applied: CONDITION_3
2026-03-25 09:05:14 | INFO | Effective Base Forecast Used for Adjustments: 2.146 MW
2026-03-25 09:05:14 | INFO | Condition-3 (Phase-6) Applied:
2026-03-25 09:05:14 | INFO |   Forecast Mismatch: Intraday (2.190) != Day-ahead (2.470)
2026-03-25 09:05:14 | INFO |   Operation: SUBTRACT
2026-03-25 09:05:14 | INFO |   Base Adjustment %: 10.00%
2026-03-25 09:05:14 | INFO |   Irradiance Multiplier: 1.00x
2026-03-25 09:05:14 | INFO |   Temp Multiplier: 1.00x
2026-03-25 09:05:14 | INFO |   Wind Multiplier: 1.05x
2026-03-25 09:05:14 | INFO |   Weather Multiplier: 1.05x
2026-03-25 09:05:14 | INFO |   Final Adjustment %: -10.50%
2026-03-25 09:05:14 | INFO |   Calculation: 2.146 MW * (1 + -10.50% / 100)
2026-03-25 09:05:14 | INFO |   Formula (expanded): raw=2.1462*(1+-10.5000/100)=1.9208
2026-03-25 09:05:14 | INFO | --- FINAL RESULT ---
2026-03-25 09:05:14 | INFO | Raw Schedule (before smoothing): 1.921 MW
2026-03-25 09:05:14 | INFO | Final Scheduled MW: 1.921 MW
2026-03-25 09:05:14 | INFO | Previous Schedule Value: 1.921 MW
2026-03-25 09:05:14 | INFO | --------------------------------------------------------------------------------
2026-03-25 09:05:14 | INFO | --------------------------------------------------------------------------------
2026-03-25 09:05:14 | INFO | BLOCK 64
2026-03-25 09:05:14 | INFO | --------------------------------------------------------------------------------
2026-03-25 09:05:14 | INFO | --- METERED DATA ---
2026-03-25 09:05:14 | INFO | Metered Value: NOT YET AVAILABLE
2026-03-25 09:05:14 | INFO | Last Two Metered Values (for trend): ['1.559', '1.839']
2026-03-25 09:05:14 | INFO | --- FORECAST DATA ---
2026-03-25 09:05:14 | INFO | Intraday Forecast (Enercast): 1.960 MW
2026-03-25 09:05:14 | INFO | Day-ahead Forecast (Enercast): 2.330 MW
2026-03-25 09:05:14 | INFO | Base Forecast (raw, before curtailment/shutdown): 1.921 MW
2026-03-25 09:05:14 | INFO | Base Forecast (used for schedule): 1.921 MW
2026-03-25 09:05:14 | INFO | Effective Base Forecast (after curtailment/shutdown): 1.921 MW
2026-03-25 09:05:14 | INFO | Base Blend Inputs: meter_ref=0.000 MW, meter_factor=1.000, meter_weight=0.020
2026-03-25 09:05:14 | INFO | Plant Status: NORMAL
2026-03-25 09:05:14 | INFO | Effective Base Forecast = Base Forecast (raw) = 1.921 MW
2026-03-25 09:05:14 | INFO | --- WEATHER PARAMETERS ---
2026-03-25 09:05:14 | INFO | GTI: 635.0 W/m^2
2026-03-25 09:05:14 | INFO | DHI: 134.0 W/m^2
2026-03-25 09:05:14 | INFO | DNI: 0.0 W/m^2
2026-03-25 09:05:14 | INFO | Irradiance Ratio (GTI/MAX_GTI): 0.684
2026-03-25 09:05:14 | INFO | Diffuse Ratio (current): 0.211
2026-03-25 09:05:14 | INFO | Irradiance State: VARIABLE_CLEAR
2026-03-25 09:05:14 | INFO | Temp @ 2m: 34.26 C
2026-03-25 09:05:14 | INFO | Wind @ 10m: 7.65 m/s
2026-03-25 09:05:14 | INFO | Weather State: NORMAL
2026-03-25 09:05:14 | INFO | Dynamic Thresholds: cloud_thr=0.1410, shift_thr=0.1368
2026-03-25 09:05:14 | INFO | Multipliers: irradiance=1.00x, temp=1.00x, wind=1.05x
2026-03-25 09:05:14 | INFO | Weather Multiplier (combined): 1.05x
2026-03-25 09:05:14 | INFO | Abrupt Weather Change Detected: False
2026-03-25 09:05:14 | INFO | --- TREND ANALYSIS ---
2026-03-25 09:05:14 | INFO | Trend series (oldest -> latest):
2026-03-25 09:05:14 | INFO |   Block 63: 2.190 MW (source: INTRADAY_FALLBACK)
2026-03-25 09:05:14 | INFO |   Block 62: 2.430 MW (source: INTRADAY_FALLBACK)
2026-03-25 09:05:14 | INFO |   Block 61: 2.680 MW (source: INTRADAY_FALLBACK)
2026-03-25 09:05:14 | INFO |   Block 60: 2.900 MW (source: INTRADAY_FALLBACK)
2026-03-25 09:05:14 | INFO | Trend values used for slope calc: B63=2.190(INTRADAY_FALLBACK), B62=2.430(INTRADAY_FALLBACK), B61=2.680(INTRADAY_FALLBACK), B60=2.900(INTRADAY_FALLBACK)
2026-03-25 09:05:14 | INFO | Detected Trend Type: DECREASING
2026-03-25 09:05:14 | INFO | Trend Slope Percentage: -24.56%
2026-03-25 09:05:14 | INFO | Trend EPS Threshold: 1.50%
2026-03-25 09:05:14 | INFO | --- SCHEDULE CALCULATION ---
2026-03-25 09:05:14 | INFO | Condition Applied: CONDITION_3
2026-03-25 09:05:14 | INFO | Effective Base Forecast Used for Adjustments: 1.921 MW
2026-03-25 09:05:14 | INFO | Condition-3 (Phase-6) Applied:
2026-03-25 09:05:14 | INFO |   Forecast Mismatch: Intraday (1.960) != Day-ahead (2.330)
2026-03-25 09:05:14 | INFO |   Operation: SUBTRACT
2026-03-25 09:05:14 | INFO |   Base Adjustment %: 10.00%
2026-03-25 09:05:14 | INFO |   Irradiance Multiplier: 1.00x
2026-03-25 09:05:14 | INFO |   Temp Multiplier: 1.00x
2026-03-25 09:05:14 | INFO |   Wind Multiplier: 1.05x
2026-03-25 09:05:14 | INFO |   Weather Multiplier: 1.05x
2026-03-25 09:05:14 | INFO |   Final Adjustment %: -10.50%
2026-03-25 09:05:14 | INFO |   Calculation: 1.921 MW * (1 + -10.50% / 100)
2026-03-25 09:05:14 | INFO |   Formula (expanded): raw=1.9208*(1+-10.5000/100)=1.7191
2026-03-25 09:05:14 | INFO | --- FINAL RESULT ---
2026-03-25 09:05:14 | INFO | Raw Schedule (before smoothing): 1.719 MW
2026-03-25 09:05:14 | INFO | Final Scheduled MW: 1.719 MW
2026-03-25 09:05:14 | INFO | Previous Schedule Value: 1.719 MW
2026-03-25 09:05:14 | INFO | --------------------------------------------------------------------------------
2026-03-25 09:05:14 | INFO | --------------------------------------------------------------------------------
2026-03-25 09:05:14 | INFO | BLOCK 65
2026-03-25 09:05:14 | INFO | --------------------------------------------------------------------------------
2026-03-25 09:05:14 | INFO | --- METERED DATA ---
2026-03-25 09:05:14 | INFO | Metered Value: NOT YET AVAILABLE
2026-03-25 09:05:14 | INFO | Last Two Metered Values (for trend): ['1.559', '1.839']
2026-03-25 09:05:14 | INFO | --- FORECAST DATA ---
2026-03-25 09:05:14 | INFO | Intraday Forecast (Enercast): 1.720 MW
2026-03-25 09:05:14 | INFO | Day-ahead Forecast (Enercast): 2.170 MW
2026-03-25 09:05:14 | INFO | Base Forecast (raw, before curtailment/shutdown): 1.686 MW
2026-03-25 09:05:14 | INFO | Base Forecast (used for schedule): 1.686 MW
2026-03-25 09:05:14 | INFO | Effective Base Forecast (after curtailment/shutdown): 1.686 MW
2026-03-25 09:05:14 | INFO | Base Blend Inputs: meter_ref=0.000 MW, meter_factor=1.000, meter_weight=0.020
2026-03-25 09:05:14 | INFO | Plant Status: NORMAL
2026-03-25 09:05:14 | INFO | Effective Base Forecast = Base Forecast (raw) = 1.686 MW
2026-03-25 09:05:14 | INFO | --- WEATHER PARAMETERS ---
2026-03-25 09:05:14 | INFO | GTI: 570.0 W/m^2
2026-03-25 09:05:14 | INFO | DHI: 139.0 W/m^2
2026-03-25 09:05:14 | INFO | DNI: 0.0 W/m^2
2026-03-25 09:05:14 | INFO | Irradiance Ratio (GTI/MAX_GTI): 0.614
2026-03-25 09:05:14 | INFO | Diffuse Ratio (current): 0.244
2026-03-25 09:05:14 | INFO | Irradiance State: VARIABLE_CLEAR
2026-03-25 09:05:14 | INFO | Temp @ 2m: 34.31 C
2026-03-25 09:05:14 | INFO | Wind @ 10m: 7.13 m/s
2026-03-25 09:05:14 | INFO | Weather State: NORMAL
2026-03-25 09:05:14 | INFO | Dynamic Thresholds: cloud_thr=0.1410, shift_thr=0.1368
2026-03-25 09:05:14 | INFO | Multipliers: irradiance=1.00x, temp=1.00x, wind=1.05x
2026-03-25 09:05:14 | INFO | Weather Multiplier (combined): 1.05x
2026-03-25 09:05:14 | INFO | Abrupt Weather Change Detected: False
2026-03-25 09:05:14 | INFO | --- TREND ANALYSIS ---
2026-03-25 09:05:14 | INFO | Trend series (oldest -> latest):
2026-03-25 09:05:14 | INFO |   Block 64: 1.960 MW (source: INTRADAY_FALLBACK)
2026-03-25 09:05:14 | INFO |   Block 63: 2.190 MW (source: INTRADAY_FALLBACK)
2026-03-25 09:05:14 | INFO |   Block 62: 2.430 MW (source: INTRADAY_FALLBACK)
2026-03-25 09:05:14 | INFO |   Block 61: 2.680 MW (source: INTRADAY_FALLBACK)
2026-03-25 09:05:14 | INFO | Trend values used for slope calc: B64=1.960(INTRADAY_FALLBACK), B63=2.190(INTRADAY_FALLBACK), B62=2.430(INTRADAY_FALLBACK), B61=2.680(INTRADAY_FALLBACK)
2026-03-25 09:05:14 | INFO | Detected Trend Type: DECREASING
2026-03-25 09:05:14 | INFO | Trend Slope Percentage: -26.92%
2026-03-25 09:05:14 | INFO | Trend EPS Threshold: 1.50%
2026-03-25 09:05:14 | INFO | --- SCHEDULE CALCULATION ---
2026-03-25 09:05:14 | INFO | Condition Applied: CONDITION_3
2026-03-25 09:05:14 | INFO | Effective Base Forecast Used for Adjustments: 1.686 MW
2026-03-25 09:05:14 | INFO | Condition-3 (Phase-6) Applied:
2026-03-25 09:05:14 | INFO |   Forecast Mismatch: Intraday (1.720) != Day-ahead (2.170)
2026-03-25 09:05:14 | INFO |   Operation: SUBTRACT
2026-03-25 09:05:14 | INFO |   Base Adjustment %: 10.00%
2026-03-25 09:05:14 | INFO |   Irradiance Multiplier: 1.00x
2026-03-25 09:05:14 | INFO |   Temp Multiplier: 1.00x
2026-03-25 09:05:14 | INFO |   Wind Multiplier: 1.05x
2026-03-25 09:05:14 | INFO |   Weather Multiplier: 1.05x
2026-03-25 09:05:14 | INFO |   Final Adjustment %: -10.50%
2026-03-25 09:05:14 | INFO |   Calculation: 1.686 MW * (1 + -10.50% / 100)
2026-03-25 09:05:14 | INFO |   Formula (expanded): raw=1.6856*(1+-10.5000/100)=1.5086
2026-03-25 09:05:14 | INFO | --- FINAL RESULT ---
2026-03-25 09:05:14 | INFO | Raw Schedule (before smoothing): 1.509 MW
2026-03-25 09:05:14 | INFO | Final Scheduled MW: 1.509 MW
2026-03-25 09:05:14 | INFO | Previous Schedule Value: 1.509 MW
2026-03-25 09:05:14 | INFO | --------------------------------------------------------------------------------
2026-03-25 09:05:14 | INFO | --------------------------------------------------------------------------------
2026-03-25 09:05:14 | INFO | BLOCK 66
2026-03-25 09:05:14 | INFO | --------------------------------------------------------------------------------
2026-03-25 09:05:14 | INFO | --- METERED DATA ---
2026-03-25 09:05:14 | INFO | Metered Value: NOT YET AVAILABLE
2026-03-25 09:05:14 | INFO | Last Two Metered Values (for trend): ['1.559', '1.839']
2026-03-25 09:05:14 | INFO | --- FORECAST DATA ---
2026-03-25 09:05:14 | INFO | Intraday Forecast (Enercast): 1.480 MW
2026-03-25 09:05:14 | INFO | Day-ahead Forecast (Enercast): 1.970 MW
2026-03-25 09:05:14 | INFO | Base Forecast (raw, before curtailment/shutdown): 1.450 MW
2026-03-25 09:05:14 | INFO | Base Forecast (used for schedule): 1.450 MW
2026-03-25 09:05:14 | INFO | Effective Base Forecast (after curtailment/shutdown): 1.450 MW
2026-03-25 09:05:14 | INFO | Base Blend Inputs: meter_ref=0.000 MW, meter_factor=1.000, meter_weight=0.020
2026-03-25 09:05:14 | INFO | Plant Status: NORMAL
2026-03-25 09:05:14 | INFO | Effective Base Forecast = Base Forecast (raw) = 1.450 MW
2026-03-25 09:05:14 | INFO | --- WEATHER PARAMETERS ---
2026-03-25 09:05:14 | INFO | GTI: 478.0 W/m^2
2026-03-25 09:05:14 | INFO | DHI: 132.0 W/m^2
2026-03-25 09:05:14 | INFO | DNI: 0.0 W/m^2
2026-03-25 09:05:14 | INFO | Irradiance Ratio (GTI/MAX_GTI): 0.515
2026-03-25 09:05:14 | INFO | Diffuse Ratio (current): 0.276
2026-03-25 09:05:14 | INFO | Irradiance State: VARIABLE_CLEAR
2026-03-25 09:05:14 | INFO | Temp @ 2m: 34.31 C
2026-03-25 09:05:14 | INFO | Wind @ 10m: 7.15 m/s
2026-03-25 09:05:14 | INFO | Weather State: NORMAL
2026-03-25 09:05:14 | INFO | Dynamic Thresholds: cloud_thr=0.1410, shift_thr=0.1368
2026-03-25 09:05:14 | INFO | Multipliers: irradiance=1.00x, temp=1.00x, wind=1.05x
2026-03-25 09:05:14 | INFO | Weather Multiplier (combined): 1.05x
2026-03-25 09:05:14 | INFO | Abrupt Weather Change Detected: False
2026-03-25 09:05:14 | INFO | --- TREND ANALYSIS ---
2026-03-25 09:05:14 | INFO | Trend series (oldest -> latest):
2026-03-25 09:05:14 | INFO |   Block 65: 1.720 MW (source: INTRADAY_FALLBACK)
2026-03-25 09:05:14 | INFO |   Block 64: 1.960 MW (source: INTRADAY_FALLBACK)
2026-03-25 09:05:14 | INFO |   Block 63: 2.190 MW (source: INTRADAY_FALLBACK)
2026-03-25 09:05:14 | INFO |   Block 62: 2.430 MW (source: INTRADAY_FALLBACK)
2026-03-25 09:05:14 | INFO | Trend values used for slope calc: B65=1.720(INTRADAY_FALLBACK), B64=1.960(INTRADAY_FALLBACK), B63=2.190(INTRADAY_FALLBACK), B62=2.430(INTRADAY_FALLBACK)
2026-03-25 09:05:14 | INFO | Detected Trend Type: DECREASING
2026-03-25 09:05:14 | INFO | Trend Slope Percentage: -29.15%
2026-03-25 09:05:14 | INFO | Trend EPS Threshold: 1.50%
2026-03-25 09:05:14 | INFO | --- SCHEDULE CALCULATION ---
2026-03-25 09:05:14 | INFO | Condition Applied: CONDITION_3
2026-03-25 09:05:14 | INFO | Effective Base Forecast Used for Adjustments: 1.450 MW
2026-03-25 09:05:14 | INFO | Condition-3 (Phase-6) Applied:
2026-03-25 09:05:14 | INFO |   Forecast Mismatch: Intraday (1.480) != Day-ahead (1.970)
2026-03-25 09:05:14 | INFO |   Operation: SUBTRACT
2026-03-25 09:05:14 | INFO |   Base Adjustment %: 10.00%
2026-03-25 09:05:14 | INFO |   Irradiance Multiplier: 1.00x
2026-03-25 09:05:14 | INFO |   Temp Multiplier: 1.00x
2026-03-25 09:05:14 | INFO |   Wind Multiplier: 1.05x
2026-03-25 09:05:14 | INFO |   Weather Multiplier: 1.05x
2026-03-25 09:05:14 | INFO |   Final Adjustment %: -10.50%
2026-03-25 09:05:14 | INFO |   Calculation: 1.450 MW * (1 + -10.50% / 100)
2026-03-25 09:05:14 | INFO |   Formula (expanded): raw=1.4504*(1+-10.5000/100)=1.2981
2026-03-25 09:05:14 | INFO | --- FINAL RESULT ---
2026-03-25 09:05:14 | INFO | Raw Schedule (before smoothing): 1.298 MW
2026-03-25 09:05:14 | INFO | Final Scheduled MW: 1.298 MW
2026-03-25 09:05:14 | INFO | Previous Schedule Value: 1.298 MW
2026-03-25 09:05:14 | INFO | --------------------------------------------------------------------------------
2026-03-25 09:05:14 | INFO | --------------------------------------------------------------------------------
2026-03-25 09:05:14 | INFO | BLOCK 67
2026-03-25 09:05:14 | INFO | --------------------------------------------------------------------------------
2026-03-25 09:05:14 | INFO | --- METERED DATA ---
2026-03-25 09:05:14 | INFO | Metered Value: NOT YET AVAILABLE
2026-03-25 09:05:14 | INFO | Last Two Metered Values (for trend): ['1.559', '1.839']
2026-03-25 09:05:14 | INFO | --- FORECAST DATA ---
2026-03-25 09:05:14 | INFO | Intraday Forecast (Enercast): 1.290 MW
2026-03-25 09:05:14 | INFO | Day-ahead Forecast (Enercast): 1.710 MW
2026-03-25 09:05:14 | INFO | Base Forecast (raw, before curtailment/shutdown): 1.264 MW
2026-03-25 09:05:14 | INFO | Base Forecast (used for schedule): 1.264 MW
2026-03-25 09:05:14 | INFO | Effective Base Forecast (after curtailment/shutdown): 1.264 MW
2026-03-25 09:05:14 | INFO | Base Blend Inputs: meter_ref=0.000 MW, meter_factor=1.000, meter_weight=0.020
2026-03-25 09:05:14 | INFO | Plant Status: NORMAL
2026-03-25 09:05:14 | INFO | Effective Base Forecast = Base Forecast (raw) = 1.264 MW
2026-03-25 09:05:14 | INFO | --- WEATHER PARAMETERS ---
2026-03-25 09:05:14 | INFO | GTI: 360.0 W/m^2
2026-03-25 09:05:14 | INFO | DHI: 116.0 W/m^2
2026-03-25 09:05:14 | INFO | DNI: 0.0 W/m^2
2026-03-25 09:05:14 | INFO | Irradiance Ratio (GTI/MAX_GTI): 0.388
2026-03-25 09:05:14 | INFO | Diffuse Ratio (current): 0.322
2026-03-25 09:05:14 | INFO | Irradiance State: CLOUD_TRANSIENT
2026-03-25 09:05:14 | INFO | Temp @ 2m: 34.31 C
2026-03-25 09:05:14 | INFO | Wind @ 10m: 7.15 m/s
2026-03-25 09:05:14 | INFO | Weather State: NORMAL
2026-03-25 09:05:14 | INFO | Dynamic Thresholds: cloud_thr=0.1410, shift_thr=0.1368
2026-03-25 09:05:14 | INFO | Multipliers: irradiance=0.70x, temp=1.00x, wind=1.05x
2026-03-25 09:05:14 | INFO | Weather Multiplier (combined): 0.73x
2026-03-25 09:05:14 | INFO | Abrupt Weather Change Detected: False
2026-03-25 09:05:14 | INFO | --- TREND ANALYSIS ---
2026-03-25 09:05:14 | INFO | Trend series (oldest -> latest):
2026-03-25 09:05:14 | INFO |   Block 66: 1.480 MW (source: INTRADAY_FALLBACK)
2026-03-25 09:05:14 | INFO |   Block 65: 1.720 MW (source: INTRADAY_FALLBACK)
2026-03-25 09:05:14 | INFO |   Block 64: 1.960 MW (source: INTRADAY_FALLBACK)
2026-03-25 09:05:14 | INFO |   Block 63: 2.190 MW (source: INTRADAY_FALLBACK)
2026-03-25 09:05:14 | INFO | Trend values used for slope calc: B66=1.480(INTRADAY_FALLBACK), B65=1.720(INTRADAY_FALLBACK), B64=1.960(INTRADAY_FALLBACK), B63=2.190(INTRADAY_FALLBACK)
2026-03-25 09:05:14 | INFO | Detected Trend Type: DECREASING
2026-03-25 09:05:14 | INFO | Trend Slope Percentage: -32.42%
2026-03-25 09:05:14 | INFO | Trend EPS Threshold: 1.50%
2026-03-25 09:05:14 | INFO | --- SCHEDULE CALCULATION ---
2026-03-25 09:05:14 | INFO | Condition Applied: CONDITION_3
2026-03-25 09:05:14 | INFO | Effective Base Forecast Used for Adjustments: 1.264 MW
2026-03-25 09:05:14 | INFO | Condition-3 (Phase-6) Applied:
2026-03-25 09:05:14 | INFO |   Forecast Mismatch: Intraday (1.290) != Day-ahead (1.710)
2026-03-25 09:05:14 | INFO |   Operation: SUBTRACT
2026-03-25 09:05:14 | INFO |   Base Adjustment %: 10.00%
2026-03-25 09:05:14 | INFO |   Irradiance Multiplier: 0.70x
2026-03-25 09:05:14 | INFO |   Temp Multiplier: 1.00x
2026-03-25 09:05:14 | INFO |   Wind Multiplier: 1.05x
2026-03-25 09:05:14 | INFO |   Weather Multiplier: 0.73x
2026-03-25 09:05:14 | INFO |   Final Adjustment %: -7.35%
2026-03-25 09:05:14 | INFO |   Calculation: 1.264 MW * (1 + -7.35% / 100)
2026-03-25 09:05:14 | INFO |   Formula (expanded): raw=1.2642*(1+-7.3500/100)=1.1713
2026-03-25 09:05:14 | INFO | --- FINAL RESULT ---
2026-03-25 09:05:14 | INFO | Raw Schedule (before smoothing): 1.171 MW
2026-03-25 09:05:14 | INFO | Final Scheduled MW: 1.171 MW
2026-03-25 09:05:14 | INFO | Previous Schedule Value: 1.171 MW
2026-03-25 09:05:14 | INFO | --------------------------------------------------------------------------------
2026-03-25 09:05:14 | INFO | --------------------------------------------------------------------------------
2026-03-25 09:05:14 | INFO | BLOCK 68
2026-03-25 09:05:14 | INFO | --------------------------------------------------------------------------------
2026-03-25 09:05:14 | INFO | --- METERED DATA ---
2026-03-25 09:05:14 | INFO | Metered Value: NOT YET AVAILABLE
2026-03-25 09:05:14 | INFO | Last Two Metered Values (for trend): ['1.559', '1.839']
2026-03-25 09:05:14 | INFO | --- FORECAST DATA ---
2026-03-25 09:05:14 | INFO | Intraday Forecast (Enercast): 1.110 MW
2026-03-25 09:05:14 | INFO | Day-ahead Forecast (Enercast): 1.450 MW
2026-03-25 09:05:14 | INFO | Base Forecast (raw, before curtailment/shutdown): 1.088 MW
2026-03-25 09:05:14 | INFO | Base Forecast (used for schedule): 1.088 MW
2026-03-25 09:05:14 | INFO | Effective Base Forecast (after curtailment/shutdown): 1.088 MW
2026-03-25 09:05:14 | INFO | Base Blend Inputs: meter_ref=0.000 MW, meter_factor=1.000, meter_weight=0.020
2026-03-25 09:05:14 | INFO | Plant Status: NORMAL
2026-03-25 09:05:14 | INFO | Effective Base Forecast = Base Forecast (raw) = 1.088 MW
2026-03-25 09:05:14 | INFO | --- WEATHER PARAMETERS ---
2026-03-25 09:05:14 | INFO | GTI: 246.0 W/m^2
2026-03-25 09:05:14 | INFO | DHI: 98.0 W/m^2
2026-03-25 09:05:14 | INFO | DNI: 0.0 W/m^2
2026-03-25 09:05:14 | INFO | Irradiance Ratio (GTI/MAX_GTI): 0.265
2026-03-25 09:05:14 | INFO | Diffuse Ratio (current): 0.398
2026-03-25 09:05:14 | INFO | Irradiance State: CLOUD_TRANSIENT
2026-03-25 09:05:14 | INFO | Temp @ 2m: 34.26 C
2026-03-25 09:05:14 | INFO | Wind @ 10m: 7.90 m/s
2026-03-25 09:05:14 | INFO | Weather State: NORMAL
2026-03-25 09:05:14 | INFO | Dynamic Thresholds: cloud_thr=0.1410, shift_thr=0.1368
2026-03-25 09:05:14 | INFO | Multipliers: irradiance=0.70x, temp=1.00x, wind=1.05x
2026-03-25 09:05:14 | INFO | Weather Multiplier (combined): 0.73x
2026-03-25 09:05:14 | INFO | Abrupt Weather Change Detected: False
2026-03-25 09:05:14 | INFO | --- TREND ANALYSIS ---
2026-03-25 09:05:14 | INFO | Trend series (oldest -> latest):
2026-03-25 09:05:14 | INFO |   Block 67: 1.290 MW (source: INTRADAY_FALLBACK)
2026-03-25 09:05:14 | INFO |   Block 66: 1.480 MW (source: INTRADAY_FALLBACK)
2026-03-25 09:05:14 | INFO |   Block 65: 1.720 MW (source: INTRADAY_FALLBACK)
2026-03-25 09:05:14 | INFO |   Block 64: 1.960 MW (source: INTRADAY_FALLBACK)
2026-03-25 09:05:14 | INFO | Trend values used for slope calc: B67=1.290(INTRADAY_FALLBACK), B66=1.480(INTRADAY_FALLBACK), B65=1.720(INTRADAY_FALLBACK), B64=1.960(INTRADAY_FALLBACK)
2026-03-25 09:05:14 | INFO | Detected Trend Type: DECREASING
2026-03-25 09:05:14 | INFO | Trend Slope Percentage: -34.62%
2026-03-25 09:05:14 | INFO | Trend EPS Threshold: 1.50%
2026-03-25 09:05:14 | INFO | --- SCHEDULE CALCULATION ---
2026-03-25 09:05:14 | INFO | Condition Applied: CONDITION_3
2026-03-25 09:05:14 | INFO | Effective Base Forecast Used for Adjustments: 1.088 MW
2026-03-25 09:05:14 | INFO | Condition-3 (Phase-6) Applied:
2026-03-25 09:05:14 | INFO |   Forecast Mismatch: Intraday (1.110) != Day-ahead (1.450)
2026-03-25 09:05:14 | INFO |   Operation: SUBTRACT
2026-03-25 09:05:14 | INFO |   Base Adjustment %: 10.00%
2026-03-25 09:05:14 | INFO |   Irradiance Multiplier: 0.70x
2026-03-25 09:05:14 | INFO |   Temp Multiplier: 1.00x
2026-03-25 09:05:14 | INFO |   Wind Multiplier: 1.05x
2026-03-25 09:05:14 | INFO |   Weather Multiplier: 0.73x
2026-03-25 09:05:14 | INFO |   Final Adjustment %: -7.35%
2026-03-25 09:05:14 | INFO |   Calculation: 1.088 MW * (1 + -7.35% / 100)
2026-03-25 09:05:14 | INFO |   Formula (expanded): raw=1.0878*(1+-7.3500/100)=1.0078
2026-03-25 09:05:14 | INFO | --- FINAL RESULT ---
2026-03-25 09:05:14 | INFO | Raw Schedule (before smoothing): 1.008 MW
2026-03-25 09:05:14 | INFO | Final Scheduled MW: 1.008 MW
2026-03-25 09:05:14 | INFO | Previous Schedule Value: 1.008 MW
2026-03-25 09:05:14 | INFO | --------------------------------------------------------------------------------
2026-03-25 09:05:14 | INFO | --------------------------------------------------------------------------------
2026-03-25 09:05:14 | INFO | BLOCK 69
2026-03-25 09:05:14 | INFO | --------------------------------------------------------------------------------
2026-03-25 09:05:14 | INFO | --- METERED DATA ---
2026-03-25 09:05:14 | INFO | Metered Value: NOT YET AVAILABLE
2026-03-25 09:05:14 | INFO | Last Two Metered Values (for trend): ['1.559', '1.839']
2026-03-25 09:05:14 | INFO | --- FORECAST DATA ---
2026-03-25 09:05:14 | INFO | Intraday Forecast (Enercast): 0.920 MW
2026-03-25 09:05:14 | INFO | Day-ahead Forecast (Enercast): 1.190 MW
2026-03-25 09:05:14 | INFO | Base Forecast (raw, before curtailment/shutdown): 0.902 MW
2026-03-25 09:05:14 | INFO | Base Forecast (used for schedule): 0.902 MW
2026-03-25 09:05:14 | INFO | Effective Base Forecast (after curtailment/shutdown): 0.902 MW
2026-03-25 09:05:14 | INFO | Base Blend Inputs: meter_ref=0.000 MW, meter_factor=1.000, meter_weight=0.020
2026-03-25 09:05:14 | INFO | Plant Status: NORMAL
2026-03-25 09:05:14 | INFO | Effective Base Forecast = Base Forecast (raw) = 0.902 MW
2026-03-25 09:05:14 | INFO | --- WEATHER PARAMETERS ---
2026-03-25 09:05:14 | INFO | GTI: 159.0 W/m^2
2026-03-25 09:05:14 | INFO | DHI: 80.0 W/m^2
2026-03-25 09:05:14 | INFO | DNI: 0.0 W/m^2
2026-03-25 09:05:14 | INFO | Irradiance Ratio (GTI/MAX_GTI): 0.171
2026-03-25 09:05:14 | INFO | Diffuse Ratio (current): 0.503
2026-03-25 09:05:14 | INFO | Irradiance State: OVERCAST
2026-03-25 09:05:14 | INFO | Temp @ 2m: 34.11 C
2026-03-25 09:05:14 | INFO | Wind @ 10m: 9.18 m/s
2026-03-25 09:05:14 | INFO | Weather State: NORMAL
2026-03-25 09:05:14 | INFO | Dynamic Thresholds: cloud_thr=0.1410, shift_thr=0.1368
2026-03-25 09:05:14 | INFO | Multipliers: irradiance=0.55x, temp=1.00x, wind=1.05x
2026-03-25 09:05:14 | INFO | Weather Multiplier (combined): 0.58x
2026-03-25 09:05:14 | INFO | Abrupt Weather Change Detected: False
2026-03-25 09:05:14 | INFO | --- TREND ANALYSIS ---
2026-03-25 09:05:14 | INFO | Trend series (oldest -> latest):
2026-03-25 09:05:14 | INFO |   Block 68: 1.110 MW (source: INTRADAY_FALLBACK)
2026-03-25 09:05:14 | INFO |   Block 67: 1.290 MW (source: INTRADAY_FALLBACK)
2026-03-25 09:05:14 | INFO |   Block 66: 1.480 MW (source: INTRADAY_FALLBACK)
2026-03-25 09:05:14 | INFO |   Block 65: 1.720 MW (source: INTRADAY_FALLBACK)
2026-03-25 09:05:14 | INFO | Trend values used for slope calc: B68=1.110(INTRADAY_FALLBACK), B67=1.290(INTRADAY_FALLBACK), B66=1.480(INTRADAY_FALLBACK), B65=1.720(INTRADAY_FALLBACK)
2026-03-25 09:05:14 | INFO | Detected Trend Type: DECREASING
2026-03-25 09:05:14 | INFO | Trend Slope Percentage: -35.58%
2026-03-25 09:05:14 | INFO | Trend EPS Threshold: 1.50%
2026-03-25 09:05:14 | INFO | --- SCHEDULE CALCULATION ---
2026-03-25 09:05:14 | INFO | Condition Applied: CONDITION_3
2026-03-25 09:05:14 | INFO | Effective Base Forecast Used for Adjustments: 0.902 MW
2026-03-25 09:05:14 | INFO | Condition-3 (Phase-6) Applied:
2026-03-25 09:05:14 | INFO |   Forecast Mismatch: Intraday (0.920) != Day-ahead (1.190)
2026-03-25 09:05:14 | INFO |   Operation: SUBTRACT
2026-03-25 09:05:14 | INFO |   Base Adjustment %: 10.00%
2026-03-25 09:05:14 | INFO |   Irradiance Multiplier: 0.55x
2026-03-25 09:05:14 | INFO |   Temp Multiplier: 1.00x
2026-03-25 09:05:14 | INFO |   Wind Multiplier: 1.05x
2026-03-25 09:05:14 | INFO |   Weather Multiplier: 0.58x
2026-03-25 09:05:14 | INFO |   Final Adjustment %: -5.78%
2026-03-25 09:05:14 | INFO |   Calculation: 0.902 MW * (1 + -5.78% / 100)
2026-03-25 09:05:14 | INFO |   Formula (expanded): raw=0.9016*(1+-5.7750/100)=0.8495
2026-03-25 09:05:14 | INFO | --- FINAL RESULT ---
2026-03-25 09:05:14 | INFO | Raw Schedule (before smoothing): 0.850 MW
2026-03-25 09:05:14 | INFO | Final Scheduled MW: 0.850 MW
2026-03-25 09:05:14 | INFO | Previous Schedule Value: 0.850 MW
2026-03-25 09:05:14 | INFO | --------------------------------------------------------------------------------
2026-03-25 09:05:14 | INFO | Low GTI ratio (0.119) -> base_forecast damped by 0.85
2026-03-25 09:05:14 | INFO | --------------------------------------------------------------------------------
2026-03-25 09:05:14 | INFO | BLOCK 70
2026-03-25 09:05:14 | INFO | --------------------------------------------------------------------------------
2026-03-25 09:05:14 | INFO | --- METERED DATA ---
2026-03-25 09:05:14 | INFO | Metered Value: NOT YET AVAILABLE
2026-03-25 09:05:14 | INFO | Last Two Metered Values (for trend): ['1.559', '1.839']
2026-03-25 09:05:14 | INFO | --- FORECAST DATA ---
2026-03-25 09:05:14 | INFO | Intraday Forecast (Enercast): 0.740 MW
2026-03-25 09:05:14 | INFO | Day-ahead Forecast (Enercast): 0.940 MW
2026-03-25 09:05:14 | INFO | Base Forecast (raw, before curtailment/shutdown): 0.725 MW
2026-03-25 09:05:14 | INFO | Base Forecast (used for schedule): 0.616 MW
2026-03-25 09:05:14 | INFO | Effective Base Forecast (after curtailment/shutdown): 0.616 MW
2026-03-25 09:05:14 | INFO | Base Blend Inputs: meter_ref=0.000 MW, meter_factor=1.000, meter_weight=0.020
2026-03-25 09:05:14 | INFO | Plant Status: NORMAL
2026-03-25 09:05:14 | INFO | Effective Base Forecast = Base Forecast (raw) = 0.616 MW
2026-03-25 09:05:14 | INFO | --- WEATHER PARAMETERS ---
2026-03-25 09:05:14 | INFO | GTI: 111.0 W/m^2
2026-03-25 09:05:14 | INFO | DHI: 67.0 W/m^2
2026-03-25 09:05:14 | INFO | DNI: 0.0 W/m^2
2026-03-25 09:05:14 | INFO | Irradiance Ratio (GTI/MAX_GTI): 0.119
2026-03-25 09:05:14 | INFO | Diffuse Ratio (current): 0.604
2026-03-25 09:05:14 | INFO | Irradiance State: OVERCAST
2026-03-25 09:05:14 | INFO | Temp @ 2m: 33.96 C
2026-03-25 09:05:14 | INFO | Wind @ 10m: 10.51 m/s
2026-03-25 09:05:14 | INFO | Weather State: NORMAL
2026-03-25 09:05:14 | INFO | Dynamic Thresholds: cloud_thr=0.1410, shift_thr=0.1368
2026-03-25 09:05:14 | INFO | Multipliers: irradiance=0.55x, temp=1.00x, wind=1.05x
2026-03-25 09:05:14 | INFO | Weather Multiplier (combined): 0.58x
2026-03-25 09:05:14 | INFO | Abrupt Weather Change Detected: False
2026-03-25 09:05:14 | INFO | --- TREND ANALYSIS ---
2026-03-25 09:05:14 | INFO | Trend series (oldest -> latest):
2026-03-25 09:05:14 | INFO |   Block 69: 0.920 MW (source: INTRADAY_FALLBACK)
2026-03-25 09:05:14 | INFO |   Block 68: 1.110 MW (source: INTRADAY_FALLBACK)
2026-03-25 09:05:14 | INFO |   Block 67: 1.290 MW (source: INTRADAY_FALLBACK)
2026-03-25 09:05:14 | INFO |   Block 66: 1.480 MW (source: INTRADAY_FALLBACK)
2026-03-25 09:05:14 | INFO | Trend values used for slope calc: B69=0.920(INTRADAY_FALLBACK), B68=1.110(INTRADAY_FALLBACK), B67=1.290(INTRADAY_FALLBACK), B66=1.480(INTRADAY_FALLBACK)
2026-03-25 09:05:14 | INFO | Detected Trend Type: DECREASING
2026-03-25 09:05:14 | INFO | Trend Slope Percentage: -37.73%
2026-03-25 09:05:14 | INFO | Trend EPS Threshold: 1.50%
2026-03-25 09:05:14 | INFO | --- SCHEDULE CALCULATION ---
2026-03-25 09:05:14 | INFO | Condition Applied: CONDITION_3
2026-03-25 09:05:14 | INFO | Effective Base Forecast Used for Adjustments: 0.616 MW
2026-03-25 09:05:14 | INFO | Condition-3 (Phase-6) Applied:
2026-03-25 09:05:14 | INFO |   Forecast Mismatch: Intraday (0.740) != Day-ahead (0.940)
2026-03-25 09:05:14 | INFO |   Operation: SUBTRACT
2026-03-25 09:05:14 | INFO |   Base Adjustment %: 10.00%
2026-03-25 09:05:14 | INFO |   Irradiance Multiplier: 0.55x
2026-03-25 09:05:14 | INFO |   Temp Multiplier: 1.00x
2026-03-25 09:05:14 | INFO |   Wind Multiplier: 1.05x
2026-03-25 09:05:14 | INFO |   Weather Multiplier: 1.00x
2026-03-25 09:05:14 | INFO |   Final Adjustment %: -10.00%
2026-03-25 09:05:14 | INFO |   Calculation: 0.616 MW * (1 + -10.00% / 100)
2026-03-25 09:05:14 | INFO |   Formula (expanded): raw=0.6164*(1+-10.0000/100)=0.5548
2026-03-25 09:05:14 | INFO | --- FINAL RESULT ---
2026-03-25 09:05:14 | INFO | Raw Schedule (before smoothing): 0.555 MW
2026-03-25 09:05:14 | INFO | Final Scheduled MW: 0.555 MW
2026-03-25 09:05:14 | INFO | Previous Schedule Value: 0.555 MW
2026-03-25 09:05:14 | INFO | --------------------------------------------------------------------------------
2026-03-25 09:05:14 | INFO | Low GTI ratio (0.096) -> base_forecast damped by 0.85
2026-03-25 09:05:14 | INFO | --------------------------------------------------------------------------------
2026-03-25 09:05:14 | INFO | BLOCK 71
2026-03-25 09:05:14 | INFO | --------------------------------------------------------------------------------
2026-03-25 09:05:14 | INFO | --- METERED DATA ---
2026-03-25 09:05:14 | INFO | Metered Value: NOT YET AVAILABLE
2026-03-25 09:05:14 | INFO | Last Two Metered Values (for trend): ['1.559', '1.839']
2026-03-25 09:05:14 | INFO | --- FORECAST DATA ---
2026-03-25 09:05:14 | INFO | Intraday Forecast (Enercast): 0.540 MW
2026-03-25 09:05:14 | INFO | Day-ahead Forecast (Enercast): 0.700 MW
2026-03-25 09:05:14 | INFO | Base Forecast (raw, before curtailment/shutdown): 0.529 MW
2026-03-25 09:05:14 | INFO | Base Forecast (used for schedule): 0.450 MW
2026-03-25 09:05:14 | INFO | Effective Base Forecast (after curtailment/shutdown): 0.450 MW
2026-03-25 09:05:14 | INFO | Base Blend Inputs: meter_ref=0.000 MW, meter_factor=1.000, meter_weight=0.020
2026-03-25 09:05:14 | INFO | Plant Status: NORMAL
2026-03-25 09:05:14 | INFO | Effective Base Forecast = Base Forecast (raw) = 0.450 MW
2026-03-25 09:05:14 | INFO | --- WEATHER PARAMETERS ---
2026-03-25 09:05:14 | INFO | GTI: 89.0 W/m^2
2026-03-25 09:05:14 | INFO | DHI: 55.0 W/m^2
2026-03-25 09:05:14 | INFO | DNI: 0.0 W/m^2
2026-03-25 09:05:14 | INFO | Irradiance Ratio (GTI/MAX_GTI): 0.096
2026-03-25 09:05:14 | INFO | Diffuse Ratio (current): 0.618
2026-03-25 09:05:14 | INFO | Irradiance State: OVERCAST
2026-03-25 09:05:14 | INFO | Temp @ 2m: 33.81 C
2026-03-25 09:05:14 | INFO | Wind @ 10m: 11.53 m/s
2026-03-25 09:05:14 | INFO | Weather State: NORMAL
2026-03-25 09:05:14 | INFO | Dynamic Thresholds: cloud_thr=0.1410, shift_thr=0.1368
2026-03-25 09:05:14 | INFO | Multipliers: irradiance=0.55x, temp=1.00x, wind=1.05x
2026-03-25 09:05:14 | INFO | Weather Multiplier (combined): 0.58x
2026-03-25 09:05:14 | INFO | Abrupt Weather Change Detected: False
2026-03-25 09:05:14 | INFO | --- TREND ANALYSIS ---
2026-03-25 09:05:14 | INFO | Trend series (oldest -> latest):
2026-03-25 09:05:14 | INFO |   Block 70: 0.740 MW (source: INTRADAY_FALLBACK)
2026-03-25 09:05:14 | INFO |   Block 69: 0.920 MW (source: INTRADAY_FALLBACK)
2026-03-25 09:05:14 | INFO |   Block 68: 1.110 MW (source: INTRADAY_FALLBACK)
2026-03-25 09:05:14 | INFO |   Block 67: 1.290 MW (source: INTRADAY_FALLBACK)
2026-03-25 09:05:14 | INFO | Trend values used for slope calc: B70=0.740(INTRADAY_FALLBACK), B69=0.920(INTRADAY_FALLBACK), B68=1.110(INTRADAY_FALLBACK), B67=1.290(INTRADAY_FALLBACK)
2026-03-25 09:05:14 | INFO | Detected Trend Type: DECREASING
2026-03-25 09:05:14 | INFO | Trend Slope Percentage: -42.76%
2026-03-25 09:05:14 | INFO | Trend EPS Threshold: 1.50%
2026-03-25 09:05:14 | INFO | --- SCHEDULE CALCULATION ---
2026-03-25 09:05:14 | INFO | Condition Applied: CONDITION_3
2026-03-25 09:05:14 | INFO | Effective Base Forecast Used for Adjustments: 0.450 MW
2026-03-25 09:05:14 | INFO | Condition-3 (Phase-6) Applied:
2026-03-25 09:05:14 | INFO |   Forecast Mismatch: Intraday (0.540) != Day-ahead (0.700)
2026-03-25 09:05:14 | INFO |   Operation: SUBTRACT
2026-03-25 09:05:14 | INFO |   Base Adjustment %: 10.00%
2026-03-25 09:05:14 | INFO |   Irradiance Multiplier: 0.55x
2026-03-25 09:05:14 | INFO |   Temp Multiplier: 1.00x
2026-03-25 09:05:14 | INFO |   Wind Multiplier: 1.05x
2026-03-25 09:05:14 | INFO |   Weather Multiplier: 1.00x
2026-03-25 09:05:14 | INFO |   Final Adjustment %: -10.00%
2026-03-25 09:05:14 | INFO |   Calculation: 0.450 MW * (1 + -10.00% / 100)
2026-03-25 09:05:14 | INFO |   Formula (expanded): raw=0.4498*(1+-10.0000/100)=0.4048
2026-03-25 09:05:14 | INFO | --- FINAL RESULT ---
2026-03-25 09:05:14 | INFO | Raw Schedule (before smoothing): 0.405 MW
2026-03-25 09:05:14 | INFO | Final Scheduled MW: 0.405 MW
2026-03-25 09:05:14 | INFO | Previous Schedule Value: 0.405 MW
2026-03-25 09:05:14 | INFO | --------------------------------------------------------------------------------
2026-03-25 09:05:14 | INFO | Low GTI ratio (0.081) -> base_forecast damped by 0.85
2026-03-25 09:05:14 | INFO | --------------------------------------------------------------------------------
2026-03-25 09:05:14 | INFO | BLOCK 72
2026-03-25 09:05:14 | INFO | --------------------------------------------------------------------------------
2026-03-25 09:05:14 | INFO | --- METERED DATA ---
2026-03-25 09:05:14 | INFO | Metered Value: NOT YET AVAILABLE
2026-03-25 09:05:14 | INFO | Last Two Metered Values (for trend): ['1.559', '1.839']
2026-03-25 09:05:14 | INFO | --- FORECAST DATA ---
2026-03-25 09:05:14 | INFO | Intraday Forecast (Enercast): 0.360 MW
2026-03-25 09:05:14 | INFO | Day-ahead Forecast (Enercast): 0.470 MW
2026-03-25 09:05:14 | INFO | Base Forecast (raw, before curtailment/shutdown): 0.353 MW
2026-03-25 09:05:14 | INFO | Base Forecast (used for schedule): 0.300 MW
2026-03-25 09:05:14 | INFO | Effective Base Forecast (after curtailment/shutdown): 0.300 MW
2026-03-25 09:05:14 | INFO | Base Blend Inputs: meter_ref=0.000 MW, meter_factor=1.000, meter_weight=0.020
2026-03-25 09:05:14 | INFO | Plant Status: NORMAL
2026-03-25 09:05:14 | INFO | Effective Base Forecast = Base Forecast (raw) = 0.300 MW
2026-03-25 09:05:14 | INFO | --- WEATHER PARAMETERS ---
2026-03-25 09:05:14 | INFO | GTI: 75.0 W/m^2
2026-03-25 09:05:14 | INFO | DHI: 43.0 W/m^2
2026-03-25 09:05:14 | INFO | DNI: 0.0 W/m^2
2026-03-25 09:05:14 | INFO | Irradiance Ratio (GTI/MAX_GTI): 0.081
2026-03-25 09:05:14 | INFO | Diffuse Ratio (current): 0.573
2026-03-25 09:05:14 | INFO | Irradiance State: OVERCAST
2026-03-25 09:05:14 | INFO | Temp @ 2m: 33.61 C
2026-03-25 09:05:14 | INFO | Wind @ 10m: 12.50 m/s
2026-03-25 09:05:14 | INFO | Weather State: NORMAL
2026-03-25 09:05:14 | INFO | Dynamic Thresholds: cloud_thr=0.1410, shift_thr=0.1368
2026-03-25 09:05:14 | INFO | Multipliers: irradiance=0.55x, temp=1.00x, wind=1.05x
2026-03-25 09:05:14 | INFO | Weather Multiplier (combined): 0.58x
2026-03-25 09:05:14 | INFO | Abrupt Weather Change Detected: False
2026-03-25 09:05:14 | INFO | --- TREND ANALYSIS ---
2026-03-25 09:05:14 | INFO | Trend series (oldest -> latest):
2026-03-25 09:05:14 | INFO |   Block 71: 0.540 MW (source: INTRADAY_FALLBACK)
2026-03-25 09:05:14 | INFO |   Block 70: 0.740 MW (source: INTRADAY_FALLBACK)
2026-03-25 09:05:14 | INFO |   Block 69: 0.920 MW (source: INTRADAY_FALLBACK)
2026-03-25 09:05:14 | INFO |   Block 68: 1.110 MW (source: INTRADAY_FALLBACK)
2026-03-25 09:05:14 | INFO | Trend values used for slope calc: B71=0.540(INTRADAY_FALLBACK), B70=0.740(INTRADAY_FALLBACK), B69=0.920(INTRADAY_FALLBACK), B68=1.110(INTRADAY_FALLBACK)
2026-03-25 09:05:14 | INFO | Detected Trend Type: DECREASING
2026-03-25 09:05:14 | INFO | Trend Slope Percentage: -51.04%
2026-03-25 09:05:14 | INFO | Trend EPS Threshold: 1.50%
2026-03-25 09:05:14 | INFO | --- SCHEDULE CALCULATION ---
2026-03-25 09:05:14 | INFO | Condition Applied: CONDITION_3
2026-03-25 09:05:14 | INFO | Effective Base Forecast Used for Adjustments: 0.300 MW
2026-03-25 09:05:14 | INFO | Condition-3 (Phase-6) Applied:
2026-03-25 09:05:14 | INFO |   Forecast Mismatch: Intraday (0.360) != Day-ahead (0.470)
2026-03-25 09:05:14 | INFO |   Operation: SUBTRACT
2026-03-25 09:05:14 | INFO |   Base Adjustment %: 10.00%
2026-03-25 09:05:14 | INFO |   Irradiance Multiplier: 0.55x
2026-03-25 09:05:14 | INFO |   Temp Multiplier: 1.00x
2026-03-25 09:05:14 | INFO |   Wind Multiplier: 1.05x
2026-03-25 09:05:14 | INFO |   Weather Multiplier: 1.00x
2026-03-25 09:05:14 | INFO |   Final Adjustment %: -10.00%
2026-03-25 09:05:14 | INFO |   Calculation: 0.300 MW * (1 + -10.00% / 100)
2026-03-25 09:05:14 | INFO |   Formula (expanded): raw=0.2999*(1+-10.0000/100)=0.2699
2026-03-25 09:05:14 | INFO | --- FINAL RESULT ---
2026-03-25 09:05:14 | INFO | Raw Schedule (before smoothing): 0.270 MW
2026-03-25 09:05:14 | INFO | Final Scheduled MW: 0.270 MW
2026-03-25 09:05:14 | INFO | Previous Schedule Value: 0.270 MW
2026-03-25 09:05:14 | INFO | --------------------------------------------------------------------------------
2026-03-25 09:05:14 | INFO | Low GTI ratio (0.065) -> base_forecast damped by 0.85
2026-03-25 09:05:14 | INFO | --------------------------------------------------------------------------------
2026-03-25 09:05:14 | INFO | BLOCK 73
2026-03-25 09:05:14 | INFO | --------------------------------------------------------------------------------
2026-03-25 09:05:14 | INFO | --- METERED DATA ---
2026-03-25 09:05:14 | INFO | Metered Value: NOT YET AVAILABLE
2026-03-25 09:05:14 | INFO | Last Two Metered Values (for trend): ['1.559', '1.839']
2026-03-25 09:05:14 | INFO | --- FORECAST DATA ---
2026-03-25 09:05:14 | INFO | Intraday Forecast (Enercast): 0.200 MW
2026-03-25 09:05:14 | INFO | Day-ahead Forecast (Enercast): 0.270 MW
2026-03-25 09:05:14 | INFO | Base Forecast (raw, before curtailment/shutdown): 0.196 MW
2026-03-25 09:05:14 | INFO | Base Forecast (used for schedule): 0.167 MW
2026-03-25 09:05:14 | INFO | Effective Base Forecast (after curtailment/shutdown): 0.167 MW
2026-03-25 09:05:14 | INFO | Base Blend Inputs: meter_ref=0.000 MW, meter_factor=1.000, meter_weight=0.020
2026-03-25 09:05:14 | INFO | Plant Status: NORMAL
2026-03-25 09:05:14 | INFO | Effective Base Forecast = Base Forecast (raw) = 0.167 MW
2026-03-25 09:05:14 | INFO | --- WEATHER PARAMETERS ---
2026-03-25 09:05:14 | INFO | GTI: 60.0 W/m^2
2026-03-25 09:05:14 | INFO | DHI: 32.0 W/m^2
2026-03-25 09:05:14 | INFO | DNI: 0.0 W/m^2
2026-03-25 09:05:14 | INFO | Irradiance Ratio (GTI/MAX_GTI): 0.065
2026-03-25 09:05:14 | INFO | Diffuse Ratio (current): 0.533
2026-03-25 09:05:14 | INFO | Irradiance State: OVERCAST
2026-03-25 09:05:14 | INFO | Temp @ 2m: 33.41 C
2026-03-25 09:05:14 | INFO | Wind @ 10m: 13.49 m/s
2026-03-25 09:05:14 | INFO | Weather State: NORMAL
2026-03-25 09:05:14 | INFO | Dynamic Thresholds: cloud_thr=0.1410, shift_thr=0.1368
2026-03-25 09:05:14 | INFO | Multipliers: irradiance=0.55x, temp=1.00x, wind=1.05x
2026-03-25 09:05:14 | INFO | Weather Multiplier (combined): 0.58x
2026-03-25 09:05:14 | INFO | Abrupt Weather Change Detected: False
2026-03-25 09:05:14 | INFO | --- TREND ANALYSIS ---
2026-03-25 09:05:14 | INFO | Trend series (oldest -> latest):
2026-03-25 09:05:14 | INFO |   Block 72: 0.360 MW (source: INTRADAY_FALLBACK)
2026-03-25 09:05:14 | INFO |   Block 71: 0.540 MW (source: INTRADAY_FALLBACK)
2026-03-25 09:05:14 | INFO |   Block 70: 0.740 MW (source: INTRADAY_FALLBACK)
2026-03-25 09:05:14 | INFO |   Block 69: 0.920 MW (source: INTRADAY_FALLBACK)
2026-03-25 09:05:14 | INFO | Trend values used for slope calc: B72=0.360(INTRADAY_FALLBACK), B71=0.540(INTRADAY_FALLBACK), B70=0.740(INTRADAY_FALLBACK), B69=0.920(INTRADAY_FALLBACK)
2026-03-25 09:05:14 | INFO | Detected Trend Type: DECREASING
2026-03-25 09:05:14 | INFO | Trend Slope Percentage: -61.17%
2026-03-25 09:05:14 | INFO | Trend EPS Threshold: 1.50%
2026-03-25 09:05:14 | INFO | --- SCHEDULE CALCULATION ---
2026-03-25 09:05:14 | INFO | Condition Applied: CONDITION_3
2026-03-25 09:05:14 | INFO | Effective Base Forecast Used for Adjustments: 0.167 MW
2026-03-25 09:05:14 | INFO | Condition-3 (Phase-6) Applied:
2026-03-25 09:05:14 | INFO |   Forecast Mismatch: Intraday (0.200) != Day-ahead (0.270)
2026-03-25 09:05:14 | INFO |   Operation: SUBTRACT
2026-03-25 09:05:14 | INFO |   Base Adjustment %: 10.00%
2026-03-25 09:05:14 | INFO |   Irradiance Multiplier: 0.55x
2026-03-25 09:05:14 | INFO |   Temp Multiplier: 1.00x
2026-03-25 09:05:14 | INFO |   Wind Multiplier: 1.05x
2026-03-25 09:05:14 | INFO |   Weather Multiplier: 1.00x
2026-03-25 09:05:14 | INFO |   Final Adjustment %: -10.00%
2026-03-25 09:05:14 | INFO |   Calculation: 0.167 MW * (1 + -10.00% / 100)
2026-03-25 09:05:14 | INFO |   Formula (expanded): raw=0.1666*(1+-10.0000/100)=0.1499
2026-03-25 09:05:14 | INFO | --- FINAL RESULT ---
2026-03-25 09:05:14 | INFO | Raw Schedule (before smoothing): 0.150 MW
2026-03-25 09:05:14 | INFO | Final Scheduled MW: 0.150 MW
2026-03-25 09:05:14 | INFO | Previous Schedule Value: 0.150 MW
2026-03-25 09:05:14 | INFO | --------------------------------------------------------------------------------
2026-03-25 09:05:14 | INFO | Low GTI ratio (0.044) -> base_forecast damped by 0.85
2026-03-25 09:05:14 | INFO | --------------------------------------------------------------------------------
2026-03-25 09:05:14 | INFO | BLOCK 74
2026-03-25 09:05:14 | INFO | --------------------------------------------------------------------------------
2026-03-25 09:05:14 | INFO | --- METERED DATA ---
2026-03-25 09:05:14 | INFO | Metered Value: NOT YET AVAILABLE
2026-03-25 09:05:14 | INFO | Last Two Metered Values (for trend): ['1.559', '1.839']
2026-03-25 09:05:14 | INFO | --- FORECAST DATA ---
2026-03-25 09:05:14 | INFO | Intraday Forecast (Enercast): 0.070 MW
2026-03-25 09:05:14 | INFO | Day-ahead Forecast (Enercast): 0.110 MW
2026-03-25 09:05:14 | INFO | Base Forecast (raw, before curtailment/shutdown): 0.069 MW
2026-03-25 09:05:14 | INFO | Base Forecast (used for schedule): 0.058 MW
2026-03-25 09:05:14 | INFO | Effective Base Forecast (after curtailment/shutdown): 0.058 MW
2026-03-25 09:05:14 | INFO | Base Blend Inputs: meter_ref=0.000 MW, meter_factor=1.000, meter_weight=0.020
2026-03-25 09:05:14 | INFO | Plant Status: NORMAL
2026-03-25 09:05:14 | INFO | Effective Base Forecast = Base Forecast (raw) = 0.058 MW
2026-03-25 09:05:14 | INFO | --- WEATHER PARAMETERS ---
2026-03-25 09:05:14 | INFO | GTI: 41.0 W/m^2
2026-03-25 09:05:14 | INFO | DHI: 22.0 W/m^2
2026-03-25 09:05:14 | INFO | DNI: 0.0 W/m^2
2026-03-25 09:05:14 | INFO | Irradiance Ratio (GTI/MAX_GTI): 0.044
2026-03-25 09:05:14 | INFO | Diffuse Ratio (current): 0.440
2026-03-25 09:05:14 | INFO | Irradiance State: OVERCAST
2026-03-25 09:05:14 | INFO | Temp @ 2m: 33.16 C
2026-03-25 09:05:14 | INFO | Wind @ 10m: 14.06 m/s
2026-03-25 09:05:14 | INFO | Weather State: NORMAL
2026-03-25 09:05:14 | INFO | Dynamic Thresholds: cloud_thr=0.1410, shift_thr=0.1368
2026-03-25 09:05:14 | INFO | Multipliers: irradiance=0.55x, temp=1.00x, wind=1.05x
2026-03-25 09:05:14 | INFO | Weather Multiplier (combined): 0.58x
2026-03-25 09:05:14 | INFO | Abrupt Weather Change Detected: False
2026-03-25 09:05:14 | INFO | --- TREND ANALYSIS ---
2026-03-25 09:05:14 | INFO | Trend series (oldest -> latest):
2026-03-25 09:05:14 | INFO |   Block 73: 0.200 MW (source: INTRADAY_FALLBACK)
2026-03-25 09:05:14 | INFO |   Block 72: 0.360 MW (source: INTRADAY_FALLBACK)
2026-03-25 09:05:14 | INFO |   Block 71: 0.540 MW (source: INTRADAY_FALLBACK)
2026-03-25 09:05:14 | INFO |   Block 70: 0.740 MW (source: INTRADAY_FALLBACK)
2026-03-25 09:05:14 | INFO | Trend values used for slope calc: B73=0.200(INTRADAY_FALLBACK), B72=0.360(INTRADAY_FALLBACK), B71=0.540(INTRADAY_FALLBACK), B70=0.740(INTRADAY_FALLBACK)
2026-03-25 09:05:14 | INFO | Detected Trend Type: DECREASING
2026-03-25 09:05:14 | INFO | Trend Slope Percentage: -73.97%
2026-03-25 09:05:14 | INFO | Trend EPS Threshold: 1.50%
2026-03-25 09:05:14 | INFO | --- SCHEDULE CALCULATION ---
2026-03-25 09:05:14 | INFO | Condition Applied: CONDITION_3
2026-03-25 09:05:14 | INFO | Effective Base Forecast Used for Adjustments: 0.058 MW
2026-03-25 09:05:14 | INFO | Condition-3 (Phase-6) Applied:
2026-03-25 09:05:14 | INFO |   Forecast Mismatch: Intraday (0.070) != Day-ahead (0.110)
2026-03-25 09:05:14 | INFO |   Operation: SUBTRACT
2026-03-25 09:05:14 | INFO |   Base Adjustment %: 10.00%
2026-03-25 09:05:14 | INFO |   Irradiance Multiplier: 0.55x
2026-03-25 09:05:14 | INFO |   Temp Multiplier: 1.00x
2026-03-25 09:05:14 | INFO |   Wind Multiplier: 1.05x
2026-03-25 09:05:14 | INFO |   Weather Multiplier: 1.00x
2026-03-25 09:05:14 | INFO |   Final Adjustment %: -10.00%
2026-03-25 09:05:14 | INFO |   Calculation: 0.058 MW * (1 + -10.00% / 100)
2026-03-25 09:05:14 | INFO |   Formula (expanded): raw=0.0583*(1+-10.0000/100)=0.0525
2026-03-25 09:05:14 | INFO | --- FINAL RESULT ---
2026-03-25 09:05:14 | INFO | Raw Schedule (before smoothing): 0.052 MW
2026-03-25 09:05:14 | INFO | Final Scheduled MW: 0.052 MW
2026-03-25 09:05:14 | INFO | Previous Schedule Value: 0.052 MW
2026-03-25 09:05:14 | INFO | --------------------------------------------------------------------------------
2026-03-25 09:05:14 | INFO | Low GTI ratio (0.024) -> base_forecast damped by 0.85
2026-03-25 09:05:14 | INFO | --------------------------------------------------------------------------------
2026-03-25 09:05:14 | INFO | BLOCK 75
2026-03-25 09:05:14 | INFO | --------------------------------------------------------------------------------
2026-03-25 09:05:14 | INFO | --- METERED DATA ---
2026-03-25 09:05:14 | INFO | Metered Value: NOT YET AVAILABLE
2026-03-25 09:05:14 | INFO | Last Two Metered Values (for trend): ['1.559', '1.839']
2026-03-25 09:05:14 | INFO | --- FORECAST DATA ---
2026-03-25 09:05:14 | INFO | Intraday Forecast (Enercast): 0.000 MW
2026-03-25 09:05:14 | INFO | Day-ahead Forecast (Enercast): 0.000 MW
2026-03-25 09:05:14 | INFO | Base Forecast (raw, before curtailment/shutdown): 0.000 MW
2026-03-25 09:05:14 | INFO | Base Forecast (used for schedule): 0.000 MW
2026-03-25 09:05:14 | INFO | Effective Base Forecast (after curtailment/shutdown): 0.000 MW
2026-03-25 09:05:14 | INFO | Base Blend Inputs: meter_ref=0.000 MW, meter_factor=1.000, meter_weight=0.020
2026-03-25 09:05:14 | INFO | Plant Status: NORMAL
2026-03-25 09:05:14 | INFO | Effective Base Forecast = Base Forecast (raw) = 0.000 MW
2026-03-25 09:05:14 | INFO | --- WEATHER PARAMETERS ---
2026-03-25 09:05:14 | INFO | GTI: 22.0 W/m^2
2026-03-25 09:05:14 | INFO | DHI: 11.0 W/m^2
2026-03-25 09:05:14 | INFO | DNI: 0.0 W/m^2
2026-03-25 09:05:14 | INFO | Irradiance Ratio (GTI/MAX_GTI): 0.024
2026-03-25 09:05:14 | INFO | Diffuse Ratio (current): 0.220
2026-03-25 09:05:14 | INFO | Irradiance State: OVERCAST
2026-03-25 09:05:14 | INFO | Temp @ 2m: 32.81 C
2026-03-25 09:05:14 | INFO | Wind @ 10m: 14.58 m/s
2026-03-25 09:05:14 | INFO | Weather State: NORMAL
2026-03-25 09:05:14 | INFO | Dynamic Thresholds: cloud_thr=0.1410, shift_thr=0.1368
2026-03-25 09:05:14 | INFO | Multipliers: irradiance=0.55x, temp=1.00x, wind=1.05x
2026-03-25 09:05:14 | INFO | Weather Multiplier (combined): 0.58x
2026-03-25 09:05:14 | INFO | Abrupt Weather Change Detected: False
2026-03-25 09:05:14 | INFO | --- TREND ANALYSIS ---
2026-03-25 09:05:14 | INFO | Trend series (oldest -> latest):
2026-03-25 09:05:14 | INFO |   Block 74: 0.070 MW (source: INTRADAY_FALLBACK)
2026-03-25 09:05:14 | INFO |   Block 73: 0.200 MW (source: INTRADAY_FALLBACK)
2026-03-25 09:05:14 | INFO |   Block 72: 0.360 MW (source: INTRADAY_FALLBACK)
2026-03-25 09:05:14 | INFO |   Block 71: 0.540 MW (source: INTRADAY_FALLBACK)
2026-03-25 09:05:14 | INFO | Trend values used for slope calc: B74=0.070(INTRADAY_FALLBACK), B73=0.200(INTRADAY_FALLBACK), B72=0.360(INTRADAY_FALLBACK), B71=0.540(INTRADAY_FALLBACK)
2026-03-25 09:05:14 | INFO | Detected Trend Type: DECREASING
2026-03-25 09:05:14 | INFO | Trend Slope Percentage: -89.20%
2026-03-25 09:05:14 | INFO | Trend EPS Threshold: 1.50%
2026-03-25 09:05:14 | INFO | --- SCHEDULE CALCULATION ---
2026-03-25 09:05:14 | INFO | Condition Applied: CONDITION_3
2026-03-25 09:05:14 | INFO | Effective Base Forecast Used for Adjustments: 0.000 MW
2026-03-25 09:05:14 | INFO | Condition-3 (Phase-6) Applied:
2026-03-25 09:05:14 | INFO |   Forecast Mismatch: Intraday (0.000) != Day-ahead (0.000)
2026-03-25 09:05:14 | INFO |   Operation: SUBTRACT
2026-03-25 09:05:14 | INFO |   Base Adjustment %: 10.00%
2026-03-25 09:05:14 | INFO |   Irradiance Multiplier: 0.55x
2026-03-25 09:05:14 | INFO |   Temp Multiplier: 1.00x
2026-03-25 09:05:14 | INFO |   Wind Multiplier: 1.05x
2026-03-25 09:05:14 | INFO |   Weather Multiplier: 1.00x
2026-03-25 09:05:14 | INFO |   Final Adjustment %: -10.00%
2026-03-25 09:05:14 | INFO |   Calculation: 0.000 MW * (1 + -10.00% / 100)
2026-03-25 09:05:14 | INFO |   Formula (expanded): raw=0.0000*(1+-10.0000/100)=0.0000
2026-03-25 09:05:14 | INFO | --- FINAL RESULT ---
2026-03-25 09:05:14 | INFO | Raw Schedule (before smoothing): 0.000 MW
2026-03-25 09:05:14 | INFO | Final Scheduled MW: 0.000 MW
2026-03-25 09:05:14 | INFO | Previous Schedule Value: 0.000 MW
2026-03-25 09:05:14 | INFO | --------------------------------------------------------------------------------
2026-03-25 09:05:14 | INFO | --------------------------------------------------------------------------------
2026-03-25 09:05:14 | INFO | BLOCK 76
2026-03-25 09:05:14 | INFO | --------------------------------------------------------------------------------
2026-03-25 09:05:14 | INFO | --- METERED DATA ---
2026-03-25 09:05:14 | INFO | Metered Value: NOT YET AVAILABLE
2026-03-25 09:05:14 | INFO | Last Two Metered Values (for trend): ['1.559', '1.839']
2026-03-25 09:05:14 | INFO | --- FORECAST DATA ---
2026-03-25 09:05:14 | INFO | Intraday Forecast (Enercast): 0.000 MW
2026-03-25 09:05:14 | INFO | Day-ahead Forecast (Enercast): 0.000 MW
2026-03-25 09:05:14 | INFO | Base Forecast (raw, before curtailment/shutdown): 0.000 MW
2026-03-25 09:05:14 | INFO | Base Forecast (used for schedule): 0.000 MW
2026-03-25 09:05:14 | INFO | Effective Base Forecast (after curtailment/shutdown): 0.000 MW
2026-03-25 09:05:14 | INFO | Base Blend Inputs: meter_ref=0.000 MW, meter_factor=1.000, meter_weight=0.020
2026-03-25 09:05:14 | INFO | Plant Status: NORMAL
2026-03-25 09:05:14 | INFO | Effective Base Forecast = Base Forecast (raw) = 0.000 MW
2026-03-25 09:05:14 | INFO | --- WEATHER PARAMETERS ---
2026-03-25 09:05:14 | INFO | GTI: 0.0 W/m^2
2026-03-25 09:05:14 | INFO | DHI: 2.0 W/m^2
2026-03-25 09:05:14 | INFO | DNI: 0.0 W/m^2
2026-03-25 09:05:14 | INFO | Irradiance Ratio (GTI/MAX_GTI): 0.000
2026-03-25 09:05:14 | INFO | Diffuse Ratio (current): 0.040
2026-03-25 09:05:14 | INFO | Irradiance State: OVERCAST
2026-03-25 09:05:14 | INFO | Temp @ 2m: 32.36 C
2026-03-25 09:05:14 | INFO | Wind @ 10m: 14.84 m/s
2026-03-25 09:05:14 | INFO | Weather State: NORMAL
2026-03-25 09:05:14 | INFO | Dynamic Thresholds: cloud_thr=0.1410, shift_thr=0.1368
2026-03-25 09:05:14 | INFO | Multipliers: irradiance=0.55x, temp=1.00x, wind=1.05x
2026-03-25 09:05:14 | INFO | Weather Multiplier (combined): 0.58x
2026-03-25 09:05:14 | INFO | Abrupt Weather Change Detected: False
2026-03-25 09:05:14 | INFO | --- TREND ANALYSIS ---
2026-03-25 09:05:14 | INFO | Trend series: INSUFFICIENT DATA
2026-03-25 09:05:14 | INFO | Detected Trend Type: FLAT
2026-03-25 09:05:14 | INFO | Trend Slope Percentage: 0.00%
2026-03-25 09:05:14 | INFO | Trend EPS Threshold: 1.50%
2026-03-25 09:05:14 | INFO | --- SCHEDULE CALCULATION ---
2026-03-25 09:05:14 | INFO | Condition Applied: SUNSET_CLAMP
2026-03-25 09:05:14 | INFO | Effective Base Forecast Used for Adjustments: 0.000 MW
2026-03-25 09:05:14 | INFO | Condition-3: NOT APPLIED for this block path
2026-03-25 09:05:14 | INFO |   Final Adjustment %: 0.00%
2026-03-25 09:05:14 | INFO |   Formula (expanded): SUNSET_CLAMP: GTI=0.000 < 0.02*MAX_GTI=18.580 => raw=0
2026-03-25 09:05:14 | INFO | --- FINAL RESULT ---
2026-03-25 09:05:14 | INFO | Raw Schedule (before smoothing): 0.000 MW
2026-03-25 09:05:14 | INFO | Final Scheduled MW: 0.000 MW
2026-03-25 09:05:14 | INFO | Previous Schedule Value: 0.000 MW
2026-03-25 09:05:14 | INFO | --------------------------------------------------------------------------------
2026-03-25 09:05:14 | INFO | --------------------------------------------------------------------------------
2026-03-25 09:05:14 | INFO | BLOCK 77
2026-03-25 09:05:14 | INFO | --------------------------------------------------------------------------------
2026-03-25 09:05:14 | INFO | --- METERED DATA ---
2026-03-25 09:05:14 | INFO | Metered Value: NOT YET AVAILABLE
2026-03-25 09:05:14 | INFO | Last Two Metered Values (for trend): ['1.559', '1.839']
2026-03-25 09:05:14 | INFO | --- FORECAST DATA ---
2026-03-25 09:05:14 | INFO | Intraday Forecast (Enercast): 0.000 MW
2026-03-25 09:05:14 | INFO | Day-ahead Forecast (Enercast): 0.000 MW
2026-03-25 09:05:14 | INFO | Base Forecast (raw, before curtailment/shutdown): 0.000 MW
2026-03-25 09:05:14 | INFO | Base Forecast (used for schedule): 0.000 MW
2026-03-25 09:05:14 | INFO | Effective Base Forecast (after curtailment/shutdown): 0.000 MW
2026-03-25 09:05:14 | INFO | Base Blend Inputs: meter_ref=0.000 MW, meter_factor=1.000, meter_weight=0.020
2026-03-25 09:05:14 | INFO | Plant Status: NORMAL
2026-03-25 09:05:14 | INFO | Effective Base Forecast = Base Forecast (raw) = 0.000 MW
2026-03-25 09:05:14 | INFO | --- WEATHER PARAMETERS ---
2026-03-25 09:05:14 | INFO | GTI: 0.0 W/m^2
2026-03-25 09:05:14 | INFO | DHI: 0.0 W/m^2
2026-03-25 09:05:14 | INFO | DNI: 0.0 W/m^2
2026-03-25 09:05:14 | INFO | Irradiance Ratio (GTI/MAX_GTI): 0.000
2026-03-25 09:05:14 | INFO | Diffuse Ratio (current): 0.000
2026-03-25 09:05:14 | INFO | Irradiance State: OVERCAST
2026-03-25 09:05:14 | INFO | Temp @ 2m: 31.76 C
2026-03-25 09:05:14 | INFO | Wind @ 10m: 15.39 m/s
2026-03-25 09:05:14 | INFO | Weather State: NORMAL
2026-03-25 09:05:14 | INFO | Dynamic Thresholds: cloud_thr=0.1410, shift_thr=0.1368
2026-03-25 09:05:14 | INFO | Multipliers: irradiance=0.55x, temp=1.00x, wind=1.05x
2026-03-25 09:05:14 | INFO | Weather Multiplier (combined): 0.58x
2026-03-25 09:05:14 | INFO | Abrupt Weather Change Detected: False
2026-03-25 09:05:14 | INFO | --- TREND ANALYSIS ---
2026-03-25 09:05:14 | INFO | Trend series: INSUFFICIENT DATA
2026-03-25 09:05:14 | INFO | Detected Trend Type: FLAT
2026-03-25 09:05:14 | INFO | Trend Slope Percentage: 0.00%
2026-03-25 09:05:14 | INFO | Trend EPS Threshold: 1.50%
2026-03-25 09:05:14 | INFO | --- SCHEDULE CALCULATION ---
2026-03-25 09:05:14 | INFO | Condition Applied: SUNSET_CLAMP
2026-03-25 09:05:14 | INFO | Effective Base Forecast Used for Adjustments: 0.000 MW
2026-03-25 09:05:14 | INFO | Condition-3: NOT APPLIED for this block path
2026-03-25 09:05:14 | INFO |   Final Adjustment %: 0.00%
2026-03-25 09:05:14 | INFO |   Formula (expanded): SUNSET_CLAMP: GTI=0.000 < 0.02*MAX_GTI=18.580 => raw=0
2026-03-25 09:05:14 | INFO | --- FINAL RESULT ---
2026-03-25 09:05:14 | INFO | Raw Schedule (before smoothing): 0.000 MW
2026-03-25 09:05:14 | INFO | Final Scheduled MW: 0.000 MW
2026-03-25 09:05:14 | INFO | Previous Schedule Value: 0.000 MW
2026-03-25 09:05:14 | INFO | --------------------------------------------------------------------------------
2026-03-25 09:05:14 | INFO | --------------------------------------------------------------------------------
2026-03-25 09:05:14 | INFO | BLOCK 78
2026-03-25 09:05:14 | INFO | --------------------------------------------------------------------------------
2026-03-25 09:05:14 | INFO | --- METERED DATA ---
2026-03-25 09:05:14 | INFO | Metered Value: NOT YET AVAILABLE
2026-03-25 09:05:14 | INFO | Last Two Metered Values (for trend): ['1.559', '1.839']
2026-03-25 09:05:14 | INFO | --- FORECAST DATA ---
2026-03-25 09:05:14 | INFO | Intraday Forecast (Enercast): 0.000 MW
2026-03-25 09:05:14 | INFO | Day-ahead Forecast (Enercast): 0.000 MW
2026-03-25 09:05:14 | INFO | Base Forecast (raw, before curtailment/shutdown): 0.000 MW
2026-03-25 09:05:14 | INFO | Base Forecast (used for schedule): 0.000 MW
2026-03-25 09:05:14 | INFO | Effective Base Forecast (after curtailment/shutdown): 0.000 MW
2026-03-25 09:05:14 | INFO | Base Blend Inputs: meter_ref=0.000 MW, meter_factor=1.000, meter_weight=0.020
2026-03-25 09:05:14 | INFO | Plant Status: NORMAL
2026-03-25 09:05:14 | INFO | Effective Base Forecast = Base Forecast (raw) = 0.000 MW
2026-03-25 09:05:14 | INFO | --- WEATHER PARAMETERS ---
2026-03-25 09:05:14 | INFO | GTI: 0.0 W/m^2
2026-03-25 09:05:14 | INFO | DHI: 0.0 W/m^2
2026-03-25 09:05:14 | INFO | DNI: 0.0 W/m^2
2026-03-25 09:05:14 | INFO | Irradiance Ratio (GTI/MAX_GTI): 0.000
2026-03-25 09:05:14 | INFO | Diffuse Ratio (current): 0.000
2026-03-25 09:05:14 | INFO | Irradiance State: OVERCAST
2026-03-25 09:05:14 | INFO | Temp @ 2m: 31.21 C
2026-03-25 09:05:14 | INFO | Wind @ 10m: 16.20 m/s
2026-03-25 09:05:14 | INFO | Weather State: NORMAL
2026-03-25 09:05:14 | INFO | Dynamic Thresholds: cloud_thr=0.1410, shift_thr=0.1368
2026-03-25 09:05:14 | INFO | Multipliers: irradiance=0.55x, temp=1.00x, wind=1.05x
2026-03-25 09:05:14 | INFO | Weather Multiplier (combined): 0.58x
2026-03-25 09:05:14 | INFO | Abrupt Weather Change Detected: False
2026-03-25 09:05:14 | INFO | --- TREND ANALYSIS ---
2026-03-25 09:05:14 | INFO | Trend series: INSUFFICIENT DATA
2026-03-25 09:05:14 | INFO | Detected Trend Type: FLAT
2026-03-25 09:05:14 | INFO | Trend Slope Percentage: 0.00%
2026-03-25 09:05:14 | INFO | Trend EPS Threshold: 1.50%
2026-03-25 09:05:14 | INFO | --- SCHEDULE CALCULATION ---
2026-03-25 09:05:14 | INFO | Condition Applied: SUNSET_CLAMP
2026-03-25 09:05:14 | INFO | Effective Base Forecast Used for Adjustments: 0.000 MW
2026-03-25 09:05:14 | INFO | Condition-3: NOT APPLIED for this block path
2026-03-25 09:05:14 | INFO |   Final Adjustment %: 0.00%
2026-03-25 09:05:14 | INFO |   Formula (expanded): SUNSET_CLAMP: GTI=0.000 < 0.02*MAX_GTI=18.580 => raw=0
2026-03-25 09:05:14 | INFO | --- FINAL RESULT ---
2026-03-25 09:05:14 | INFO | Raw Schedule (before smoothing): 0.000 MW
2026-03-25 09:05:14 | INFO | Final Scheduled MW: 0.000 MW
2026-03-25 09:05:14 | INFO | Previous Schedule Value: 0.000 MW
2026-03-25 09:05:14 | INFO | --------------------------------------------------------------------------------
2026-03-25 09:05:14 | INFO | --------------------------------------------------------------------------------
2026-03-25 09:05:14 | INFO | BLOCK 79
2026-03-25 09:05:14 | INFO | --------------------------------------------------------------------------------
2026-03-25 09:05:14 | INFO | --- METERED DATA ---
2026-03-25 09:05:14 | INFO | Metered Value: NOT YET AVAILABLE
2026-03-25 09:05:14 | INFO | Last Two Metered Values (for trend): ['1.559', '1.839']
2026-03-25 09:05:14 | INFO | --- FORECAST DATA ---
2026-03-25 09:05:14 | INFO | Intraday Forecast (Enercast): 0.000 MW
2026-03-25 09:05:14 | INFO | Day-ahead Forecast (Enercast): 0.000 MW
2026-03-25 09:05:14 | INFO | Base Forecast (raw, before curtailment/shutdown): 0.000 MW
2026-03-25 09:05:14 | INFO | Base Forecast (used for schedule): 0.000 MW
2026-03-25 09:05:14 | INFO | Effective Base Forecast (after curtailment/shutdown): 0.000 MW
2026-03-25 09:05:14 | INFO | Base Blend Inputs: meter_ref=0.000 MW, meter_factor=1.000, meter_weight=0.020
2026-03-25 09:05:14 | INFO | Plant Status: NORMAL
2026-03-25 09:05:14 | INFO | Effective Base Forecast = Base Forecast (raw) = 0.000 MW
2026-03-25 09:05:14 | INFO | --- WEATHER PARAMETERS ---
2026-03-25 09:05:14 | INFO | GTI: 0.0 W/m^2
2026-03-25 09:05:14 | INFO | DHI: 0.0 W/m^2
2026-03-25 09:05:14 | INFO | DNI: 0.0 W/m^2
2026-03-25 09:05:14 | INFO | Irradiance Ratio (GTI/MAX_GTI): 0.000
2026-03-25 09:05:14 | INFO | Diffuse Ratio (current): 0.000
2026-03-25 09:05:14 | INFO | Irradiance State: OVERCAST
2026-03-25 09:05:14 | INFO | Temp @ 2m: 30.71 C
2026-03-25 09:05:14 | INFO | Wind @ 10m: 16.81 m/s
2026-03-25 09:05:14 | INFO | Weather State: NORMAL
2026-03-25 09:05:14 | INFO | Dynamic Thresholds: cloud_thr=0.1410, shift_thr=0.1368
2026-03-25 09:05:14 | INFO | Multipliers: irradiance=0.55x, temp=1.00x, wind=1.05x
2026-03-25 09:05:14 | INFO | Weather Multiplier (combined): 0.58x
2026-03-25 09:05:14 | INFO | Abrupt Weather Change Detected: False
2026-03-25 09:05:14 | INFO | --- TREND ANALYSIS ---
2026-03-25 09:05:14 | INFO | Trend series: INSUFFICIENT DATA
2026-03-25 09:05:14 | INFO | Detected Trend Type: FLAT
2026-03-25 09:05:14 | INFO | Trend Slope Percentage: 0.00%
2026-03-25 09:05:14 | INFO | Trend EPS Threshold: 1.50%
2026-03-25 09:05:14 | INFO | --- SCHEDULE CALCULATION ---
2026-03-25 09:05:14 | INFO | Condition Applied: SUNSET_CLAMP
2026-03-25 09:05:14 | INFO | Effective Base Forecast Used for Adjustments: 0.000 MW
2026-03-25 09:05:14 | INFO | Condition-3: NOT APPLIED for this block path
2026-03-25 09:05:14 | INFO |   Final Adjustment %: 0.00%
2026-03-25 09:05:14 | INFO |   Formula (expanded): SUNSET_CLAMP: GTI=0.000 < 0.02*MAX_GTI=18.580 => raw=0
2026-03-25 09:05:14 | INFO | --- FINAL RESULT ---
2026-03-25 09:05:14 | INFO | Raw Schedule (before smoothing): 0.000 MW
2026-03-25 09:05:14 | INFO | Final Scheduled MW: 0.000 MW
2026-03-25 09:05:14 | INFO | Previous Schedule Value: 0.000 MW
2026-03-25 09:05:14 | INFO | --------------------------------------------------------------------------------
2026-03-25 09:05:14 | INFO | --------------------------------------------------------------------------------
2026-03-25 09:05:14 | INFO | BLOCK 80
2026-03-25 09:05:14 | INFO | --------------------------------------------------------------------------------
2026-03-25 09:05:14 | INFO | --- METERED DATA ---
2026-03-25 09:05:14 | INFO | Metered Value: NOT YET AVAILABLE
2026-03-25 09:05:14 | INFO | Last Two Metered Values (for trend): ['1.559', '1.839']
2026-03-25 09:05:14 | INFO | --- FORECAST DATA ---
2026-03-25 09:05:14 | INFO | Intraday Forecast (Enercast): 0.000 MW
2026-03-25 09:05:14 | INFO | Day-ahead Forecast (Enercast): 0.000 MW
2026-03-25 09:05:14 | INFO | Base Forecast (raw, before curtailment/shutdown): 0.000 MW
2026-03-25 09:05:14 | INFO | Base Forecast (used for schedule): 0.000 MW
2026-03-25 09:05:14 | INFO | Effective Base Forecast (after curtailment/shutdown): 0.000 MW
2026-03-25 09:05:14 | INFO | Base Blend Inputs: meter_ref=0.000 MW, meter_factor=1.000, meter_weight=0.020
2026-03-25 09:05:14 | INFO | Plant Status: NORMAL
2026-03-25 09:05:14 | INFO | Effective Base Forecast = Base Forecast (raw) = 0.000 MW
2026-03-25 09:05:14 | INFO | --- WEATHER PARAMETERS ---
2026-03-25 09:05:14 | INFO | GTI: 0.0 W/m^2
2026-03-25 09:05:14 | INFO | DHI: 0.0 W/m^2
2026-03-25 09:05:14 | INFO | DNI: 0.0 W/m^2
2026-03-25 09:05:14 | INFO | Irradiance Ratio (GTI/MAX_GTI): 0.000
2026-03-25 09:05:14 | INFO | Diffuse Ratio (current): 0.000
2026-03-25 09:05:14 | INFO | Irradiance State: OVERCAST
2026-03-25 09:05:14 | INFO | Temp @ 2m: 30.31 C
2026-03-25 09:05:14 | INFO | Wind @ 10m: 16.52 m/s
2026-03-25 09:05:14 | INFO | Weather State: NORMAL
2026-03-25 09:05:14 | INFO | Dynamic Thresholds: cloud_thr=0.1410, shift_thr=0.1368
2026-03-25 09:05:14 | INFO | Multipliers: irradiance=0.55x, temp=1.00x, wind=1.05x
2026-03-25 09:05:14 | INFO | Weather Multiplier (combined): 0.58x
2026-03-25 09:05:14 | INFO | Abrupt Weather Change Detected: False
2026-03-25 09:05:14 | INFO | --- TREND ANALYSIS ---
2026-03-25 09:05:14 | INFO | Trend series: INSUFFICIENT DATA
2026-03-25 09:05:14 | INFO | Detected Trend Type: FLAT
2026-03-25 09:05:14 | INFO | Trend Slope Percentage: 0.00%
2026-03-25 09:05:14 | INFO | Trend EPS Threshold: 1.50%
2026-03-25 09:05:14 | INFO | --- SCHEDULE CALCULATION ---
2026-03-25 09:05:14 | INFO | Condition Applied: SUNSET_CLAMP
2026-03-25 09:05:14 | INFO | Effective Base Forecast Used for Adjustments: 0.000 MW
2026-03-25 09:05:14 | INFO | Condition-3: NOT APPLIED for this block path
2026-03-25 09:05:14 | INFO |   Final Adjustment %: 0.00%
2026-03-25 09:05:14 | INFO |   Formula (expanded): SUNSET_CLAMP: GTI=0.000 < 0.02*MAX_GTI=18.580 => raw=0
2026-03-25 09:05:14 | INFO | --- FINAL RESULT ---
2026-03-25 09:05:14 | INFO | Raw Schedule (before smoothing): 0.000 MW
2026-03-25 09:05:14 | INFO | Final Scheduled MW: 0.000 MW
2026-03-25 09:05:14 | INFO | Previous Schedule Value: 0.000 MW
2026-03-25 09:05:14 | INFO | --------------------------------------------------------------------------------
2026-03-25 09:05:14 | INFO | --------------------------------------------------------------------------------
2026-03-25 09:05:14 | INFO | BLOCK 81
2026-03-25 09:05:14 | INFO | --------------------------------------------------------------------------------
2026-03-25 09:05:14 | INFO | --- METERED DATA ---
2026-03-25 09:05:14 | INFO | Metered Value: NOT YET AVAILABLE
2026-03-25 09:05:14 | INFO | Last Two Metered Values (for trend): ['1.559', '1.839']
2026-03-25 09:05:14 | INFO | --- FORECAST DATA ---
2026-03-25 09:05:14 | INFO | Intraday Forecast (Enercast): 0.000 MW
2026-03-25 09:05:14 | INFO | Day-ahead Forecast (Enercast): 0.000 MW
2026-03-25 09:05:14 | INFO | Base Forecast (raw, before curtailment/shutdown): 0.000 MW
2026-03-25 09:05:14 | INFO | Base Forecast (used for schedule): 0.000 MW
2026-03-25 09:05:14 | INFO | Effective Base Forecast (after curtailment/shutdown): 0.000 MW
2026-03-25 09:05:14 | INFO | Base Blend Inputs: meter_ref=0.000 MW, meter_factor=1.000, meter_weight=0.020
2026-03-25 09:05:14 | INFO | Plant Status: NORMAL
2026-03-25 09:05:14 | INFO | Effective Base Forecast = Base Forecast (raw) = 0.000 MW
2026-03-25 09:05:14 | INFO | --- WEATHER PARAMETERS ---
2026-03-25 09:05:14 | INFO | GTI: 0.0 W/m^2
2026-03-25 09:05:14 | INFO | DHI: 0.0 W/m^2
2026-03-25 09:05:14 | INFO | DNI: 0.0 W/m^2
2026-03-25 09:05:14 | INFO | Irradiance Ratio (GTI/MAX_GTI): 0.000
2026-03-25 09:05:14 | INFO | Diffuse Ratio (current): 0.000
2026-03-25 09:05:14 | INFO | Irradiance State: OVERCAST
2026-03-25 09:05:14 | INFO | Temp @ 2m: 29.96 C
2026-03-25 09:05:14 | INFO | Wind @ 10m: 15.98 m/s
2026-03-25 09:05:14 | INFO | Weather State: NORMAL
2026-03-25 09:05:14 | INFO | Dynamic Thresholds: cloud_thr=0.1410, shift_thr=0.1368
2026-03-25 09:05:14 | INFO | Multipliers: irradiance=0.55x, temp=1.00x, wind=1.05x
2026-03-25 09:05:14 | INFO | Weather Multiplier (combined): 0.58x
2026-03-25 09:05:14 | INFO | Abrupt Weather Change Detected: False
2026-03-25 09:05:14 | INFO | --- TREND ANALYSIS ---
2026-03-25 09:05:14 | INFO | Trend series: INSUFFICIENT DATA
2026-03-25 09:05:14 | INFO | Detected Trend Type: FLAT
2026-03-25 09:05:14 | INFO | Trend Slope Percentage: 0.00%
2026-03-25 09:05:14 | INFO | Trend EPS Threshold: 1.50%
2026-03-25 09:05:14 | INFO | --- SCHEDULE CALCULATION ---
2026-03-25 09:05:14 | INFO | Condition Applied: SUNSET_CLAMP
2026-03-25 09:05:14 | INFO | Effective Base Forecast Used for Adjustments: 0.000 MW
2026-03-25 09:05:14 | INFO | Condition-3: NOT APPLIED for this block path
2026-03-25 09:05:14 | INFO |   Final Adjustment %: 0.00%
2026-03-25 09:05:14 | INFO |   Formula (expanded): SUNSET_CLAMP: GTI=0.000 < 0.02*MAX_GTI=18.580 => raw=0
2026-03-25 09:05:14 | INFO | --- FINAL RESULT ---
2026-03-25 09:05:14 | INFO | Raw Schedule (before smoothing): 0.000 MW
2026-03-25 09:05:14 | INFO | Final Scheduled MW: 0.000 MW
2026-03-25 09:05:14 | INFO | Previous Schedule Value: 0.000 MW
2026-03-25 09:05:14 | INFO | --------------------------------------------------------------------------------
2026-03-25 09:05:14 | INFO | --------------------------------------------------------------------------------
2026-03-25 09:05:14 | INFO | BLOCK 82
2026-03-25 09:05:14 | INFO | --------------------------------------------------------------------------------
2026-03-25 09:05:14 | INFO | --- METERED DATA ---
2026-03-25 09:05:14 | INFO | Metered Value: NOT YET AVAILABLE
2026-03-25 09:05:14 | INFO | Last Two Metered Values (for trend): ['1.559', '1.839']
2026-03-25 09:05:14 | INFO | --- FORECAST DATA ---
2026-03-25 09:05:14 | INFO | Intraday Forecast (Enercast): 0.000 MW
2026-03-25 09:05:14 | INFO | Day-ahead Forecast (Enercast): 0.000 MW
2026-03-25 09:05:14 | INFO | Base Forecast (raw, before curtailment/shutdown): 0.000 MW
2026-03-25 09:05:14 | INFO | Base Forecast (used for schedule): 0.000 MW
2026-03-25 09:05:14 | INFO | Effective Base Forecast (after curtailment/shutdown): 0.000 MW
2026-03-25 09:05:14 | INFO | Base Blend Inputs: meter_ref=0.000 MW, meter_factor=1.000, meter_weight=0.020
2026-03-25 09:05:14 | INFO | Plant Status: NORMAL
2026-03-25 09:05:14 | INFO | Effective Base Forecast = Base Forecast (raw) = 0.000 MW
2026-03-25 09:05:14 | INFO | --- WEATHER PARAMETERS ---
2026-03-25 09:05:14 | INFO | GTI: 0.0 W/m^2
2026-03-25 09:05:14 | INFO | DHI: 0.0 W/m^2
2026-03-25 09:05:14 | INFO | DNI: 0.0 W/m^2
2026-03-25 09:05:14 | INFO | Irradiance Ratio (GTI/MAX_GTI): 0.000
2026-03-25 09:05:14 | INFO | Diffuse Ratio (current): 0.000
2026-03-25 09:05:14 | INFO | Irradiance State: OVERCAST
2026-03-25 09:05:14 | INFO | Temp @ 2m: 29.66 C
2026-03-25 09:05:14 | INFO | Wind @ 10m: 14.97 m/s
2026-03-25 09:05:14 | INFO | Weather State: NORMAL
2026-03-25 09:05:14 | INFO | Dynamic Thresholds: cloud_thr=0.1410, shift_thr=0.1368
2026-03-25 09:05:14 | INFO | Multipliers: irradiance=0.55x, temp=1.00x, wind=1.05x
2026-03-25 09:05:14 | INFO | Weather Multiplier (combined): 0.58x
2026-03-25 09:05:14 | INFO | Abrupt Weather Change Detected: False
2026-03-25 09:05:14 | INFO | --- TREND ANALYSIS ---
2026-03-25 09:05:14 | INFO | Trend series: INSUFFICIENT DATA
2026-03-25 09:05:14 | INFO | Detected Trend Type: FLAT
2026-03-25 09:05:14 | INFO | Trend Slope Percentage: 0.00%
2026-03-25 09:05:14 | INFO | Trend EPS Threshold: 1.50%
2026-03-25 09:05:14 | INFO | --- SCHEDULE CALCULATION ---
2026-03-25 09:05:14 | INFO | Condition Applied: SUNSET_CLAMP
2026-03-25 09:05:14 | INFO | Effective Base Forecast Used for Adjustments: 0.000 MW
2026-03-25 09:05:14 | INFO | Condition-3: NOT APPLIED for this block path
2026-03-25 09:05:14 | INFO |   Final Adjustment %: 0.00%
2026-03-25 09:05:14 | INFO |   Formula (expanded): SUNSET_CLAMP: GTI=0.000 < 0.02*MAX_GTI=18.580 => raw=0
2026-03-25 09:05:14 | INFO | --- FINAL RESULT ---
2026-03-25 09:05:14 | INFO | Raw Schedule (before smoothing): 0.000 MW
2026-03-25 09:05:14 | INFO | Final Scheduled MW: 0.000 MW
2026-03-25 09:05:14 | INFO | Previous Schedule Value: 0.000 MW
2026-03-25 09:05:14 | INFO | --------------------------------------------------------------------------------
2026-03-25 09:05:14 | INFO | --------------------------------------------------------------------------------
2026-03-25 09:05:14 | INFO | BLOCK 83
2026-03-25 09:05:14 | INFO | --------------------------------------------------------------------------------
2026-03-25 09:05:14 | INFO | --- METERED DATA ---
2026-03-25 09:05:14 | INFO | Metered Value: NOT YET AVAILABLE
2026-03-25 09:05:14 | INFO | Last Two Metered Values (for trend): ['1.559', '1.839']
2026-03-25 09:05:14 | INFO | --- FORECAST DATA ---
2026-03-25 09:05:14 | INFO | Intraday Forecast (Enercast): 0.000 MW
2026-03-25 09:05:14 | INFO | Day-ahead Forecast (Enercast): 0.000 MW
2026-03-25 09:05:14 | INFO | Base Forecast (raw, before curtailment/shutdown): 0.000 MW
2026-03-25 09:05:14 | INFO | Base Forecast (used for schedule): 0.000 MW
2026-03-25 09:05:14 | INFO | Effective Base Forecast (after curtailment/shutdown): 0.000 MW
2026-03-25 09:05:14 | INFO | Base Blend Inputs: meter_ref=0.000 MW, meter_factor=1.000, meter_weight=0.020
2026-03-25 09:05:14 | INFO | Plant Status: NORMAL
2026-03-25 09:05:14 | INFO | Effective Base Forecast = Base Forecast (raw) = 0.000 MW
2026-03-25 09:05:14 | INFO | --- WEATHER PARAMETERS ---
2026-03-25 09:05:14 | INFO | GTI: 0.0 W/m^2
2026-03-25 09:05:14 | INFO | DHI: 0.0 W/m^2
2026-03-25 09:05:14 | INFO | DNI: 0.0 W/m^2
2026-03-25 09:05:14 | INFO | Irradiance Ratio (GTI/MAX_GTI): 0.000
2026-03-25 09:05:14 | INFO | Diffuse Ratio (current): 0.000
2026-03-25 09:05:14 | INFO | Irradiance State: OVERCAST
2026-03-25 09:05:14 | INFO | Temp @ 2m: 29.41 C
2026-03-25 09:05:14 | INFO | Wind @ 10m: 14.20 m/s
2026-03-25 09:05:14 | INFO | Weather State: NORMAL
2026-03-25 09:05:14 | INFO | Dynamic Thresholds: cloud_thr=0.1410, shift_thr=0.1368
2026-03-25 09:05:14 | INFO | Multipliers: irradiance=0.55x, temp=1.00x, wind=1.05x
2026-03-25 09:05:14 | INFO | Weather Multiplier (combined): 0.58x
2026-03-25 09:05:14 | INFO | Abrupt Weather Change Detected: False
2026-03-25 09:05:14 | INFO | --- TREND ANALYSIS ---
2026-03-25 09:05:14 | INFO | Trend series: INSUFFICIENT DATA
2026-03-25 09:05:14 | INFO | Detected Trend Type: FLAT
2026-03-25 09:05:14 | INFO | Trend Slope Percentage: 0.00%
2026-03-25 09:05:14 | INFO | Trend EPS Threshold: 1.50%
2026-03-25 09:05:14 | INFO | --- SCHEDULE CALCULATION ---
2026-03-25 09:05:14 | INFO | Condition Applied: SUNSET_CLAMP
2026-03-25 09:05:14 | INFO | Effective Base Forecast Used for Adjustments: 0.000 MW
2026-03-25 09:05:14 | INFO | Condition-3: NOT APPLIED for this block path
2026-03-25 09:05:14 | INFO |   Final Adjustment %: 0.00%
2026-03-25 09:05:14 | INFO |   Formula (expanded): SUNSET_CLAMP: GTI=0.000 < 0.02*MAX_GTI=18.580 => raw=0
2026-03-25 09:05:14 | INFO | --- FINAL RESULT ---
2026-03-25 09:05:14 | INFO | Raw Schedule (before smoothing): 0.000 MW
2026-03-25 09:05:14 | INFO | Final Scheduled MW: 0.000 MW
2026-03-25 09:05:14 | INFO | Previous Schedule Value: 0.000 MW
2026-03-25 09:05:14 | INFO | --------------------------------------------------------------------------------
2026-03-25 09:05:14 | INFO | --------------------------------------------------------------------------------
2026-03-25 09:05:14 | INFO | BLOCK 84
2026-03-25 09:05:14 | INFO | --------------------------------------------------------------------------------
2026-03-25 09:05:14 | INFO | --- METERED DATA ---
2026-03-25 09:05:14 | INFO | Metered Value: NOT YET AVAILABLE
2026-03-25 09:05:14 | INFO | Last Two Metered Values (for trend): ['1.559', '1.839']
2026-03-25 09:05:14 | INFO | --- FORECAST DATA ---
2026-03-25 09:05:14 | INFO | Intraday Forecast (Enercast): 0.000 MW
2026-03-25 09:05:14 | INFO | Day-ahead Forecast (Enercast): 0.000 MW
2026-03-25 09:05:14 | INFO | Base Forecast (raw, before curtailment/shutdown): 0.000 MW
2026-03-25 09:05:14 | INFO | Base Forecast (used for schedule): 0.000 MW
2026-03-25 09:05:14 | INFO | Effective Base Forecast (after curtailment/shutdown): 0.000 MW
2026-03-25 09:05:14 | INFO | Base Blend Inputs: meter_ref=0.000 MW, meter_factor=1.000, meter_weight=0.020
2026-03-25 09:05:14 | INFO | Plant Status: NORMAL
2026-03-25 09:05:14 | INFO | Effective Base Forecast = Base Forecast (raw) = 0.000 MW
2026-03-25 09:05:14 | INFO | --- WEATHER PARAMETERS ---
2026-03-25 09:05:14 | INFO | GTI: 0.0 W/m^2
2026-03-25 09:05:14 | INFO | DHI: 0.0 W/m^2
2026-03-25 09:05:14 | INFO | DNI: 0.0 W/m^2
2026-03-25 09:05:14 | INFO | Irradiance Ratio (GTI/MAX_GTI): 0.000
2026-03-25 09:05:14 | INFO | Diffuse Ratio (current): 0.000
2026-03-25 09:05:14 | INFO | Irradiance State: OVERCAST
2026-03-25 09:05:14 | INFO | Temp @ 2m: 29.26 C
2026-03-25 09:05:14 | INFO | Wind @ 10m: 13.36 m/s
2026-03-25 09:05:14 | INFO | Weather State: NORMAL
2026-03-25 09:05:14 | INFO | Dynamic Thresholds: cloud_thr=0.1410, shift_thr=0.1368
2026-03-25 09:05:14 | INFO | Multipliers: irradiance=0.55x, temp=1.00x, wind=1.05x
2026-03-25 09:05:14 | INFO | Weather Multiplier (combined): 0.58x
2026-03-25 09:05:14 | INFO | Abrupt Weather Change Detected: False
2026-03-25 09:05:14 | INFO | --- TREND ANALYSIS ---
2026-03-25 09:05:14 | INFO | Trend series: INSUFFICIENT DATA
2026-03-25 09:05:14 | INFO | Detected Trend Type: FLAT
2026-03-25 09:05:14 | INFO | Trend Slope Percentage: 0.00%
2026-03-25 09:05:14 | INFO | Trend EPS Threshold: 1.50%
2026-03-25 09:05:14 | INFO | --- SCHEDULE CALCULATION ---
2026-03-25 09:05:14 | INFO | Condition Applied: SUNSET_CLAMP
2026-03-25 09:05:14 | INFO | Effective Base Forecast Used for Adjustments: 0.000 MW
2026-03-25 09:05:14 | INFO | Condition-3: NOT APPLIED for this block path
2026-03-25 09:05:14 | INFO |   Final Adjustment %: 0.00%
2026-03-25 09:05:14 | INFO |   Formula (expanded): SUNSET_CLAMP: GTI=0.000 < 0.02*MAX_GTI=18.580 => raw=0
2026-03-25 09:05:14 | INFO | --- FINAL RESULT ---
2026-03-25 09:05:14 | INFO | Raw Schedule (before smoothing): 0.000 MW
2026-03-25 09:05:14 | INFO | Final Scheduled MW: 0.000 MW
2026-03-25 09:05:14 | INFO | Previous Schedule Value: 0.000 MW
2026-03-25 09:05:14 | INFO | --------------------------------------------------------------------------------
2026-03-25 09:05:14 | INFO | --------------------------------------------------------------------------------
2026-03-25 09:05:14 | INFO | BLOCK 85
2026-03-25 09:05:14 | INFO | --------------------------------------------------------------------------------
2026-03-25 09:05:14 | INFO | --- METERED DATA ---
2026-03-25 09:05:14 | INFO | Metered Value: NOT YET AVAILABLE
2026-03-25 09:05:14 | INFO | Last Two Metered Values (for trend): ['1.559', '1.839']
2026-03-25 09:05:14 | INFO | --- FORECAST DATA ---
2026-03-25 09:05:14 | INFO | Intraday Forecast (Enercast): 0.000 MW
2026-03-25 09:05:14 | INFO | Day-ahead Forecast (Enercast): 0.000 MW
2026-03-25 09:05:14 | INFO | Base Forecast (raw, before curtailment/shutdown): 0.000 MW
2026-03-25 09:05:14 | INFO | Base Forecast (used for schedule): 0.000 MW
2026-03-25 09:05:14 | INFO | Effective Base Forecast (after curtailment/shutdown): 0.000 MW
2026-03-25 09:05:14 | INFO | Base Blend Inputs: meter_ref=0.000 MW, meter_factor=1.000, meter_weight=0.020
2026-03-25 09:05:14 | INFO | Plant Status: NORMAL
2026-03-25 09:05:14 | INFO | Effective Base Forecast = Base Forecast (raw) = 0.000 MW
2026-03-25 09:05:14 | INFO | --- WEATHER PARAMETERS ---
2026-03-25 09:05:14 | INFO | GTI: 0.0 W/m^2
2026-03-25 09:05:14 | INFO | DHI: 0.0 W/m^2
2026-03-25 09:05:14 | INFO | DNI: 0.0 W/m^2
2026-03-25 09:05:14 | INFO | Irradiance Ratio (GTI/MAX_GTI): 0.000
2026-03-25 09:05:14 | INFO | Diffuse Ratio (current): 0.000
2026-03-25 09:05:14 | INFO | Irradiance State: OVERCAST
2026-03-25 09:05:14 | INFO | Temp @ 2m: 29.21 C
2026-03-25 09:05:14 | INFO | Wind @ 10m: 12.64 m/s
2026-03-25 09:05:14 | INFO | Weather State: NORMAL
2026-03-25 09:05:14 | INFO | Dynamic Thresholds: cloud_thr=0.1410, shift_thr=0.1368
2026-03-25 09:05:14 | INFO | Multipliers: irradiance=0.55x, temp=1.00x, wind=1.05x
2026-03-25 09:05:14 | INFO | Weather Multiplier (combined): 0.58x
2026-03-25 09:05:14 | INFO | Abrupt Weather Change Detected: False
2026-03-25 09:05:14 | INFO | --- TREND ANALYSIS ---
2026-03-25 09:05:14 | INFO | Trend series: INSUFFICIENT DATA
2026-03-25 09:05:14 | INFO | Detected Trend Type: FLAT
2026-03-25 09:05:14 | INFO | Trend Slope Percentage: 0.00%
2026-03-25 09:05:14 | INFO | Trend EPS Threshold: 1.50%
2026-03-25 09:05:14 | INFO | --- SCHEDULE CALCULATION ---
2026-03-25 09:05:14 | INFO | Condition Applied: SUNSET_CLAMP
2026-03-25 09:05:14 | INFO | Effective Base Forecast Used for Adjustments: 0.000 MW
2026-03-25 09:05:14 | INFO | Condition-3: NOT APPLIED for this block path
2026-03-25 09:05:14 | INFO |   Final Adjustment %: 0.00%
2026-03-25 09:05:14 | INFO |   Formula (expanded): SUNSET_CLAMP: GTI=0.000 < 0.02*MAX_GTI=18.580 => raw=0
2026-03-25 09:05:14 | INFO | --- FINAL RESULT ---
2026-03-25 09:05:14 | INFO | Raw Schedule (before smoothing): 0.000 MW
2026-03-25 09:05:14 | INFO | Final Scheduled MW: 0.000 MW
2026-03-25 09:05:14 | INFO | Previous Schedule Value: 0.000 MW
2026-03-25 09:05:14 | INFO | --------------------------------------------------------------------------------
2026-03-25 09:05:14 | INFO | --------------------------------------------------------------------------------
2026-03-25 09:05:14 | INFO | BLOCK 86
2026-03-25 09:05:14 | INFO | --------------------------------------------------------------------------------
2026-03-25 09:05:14 | INFO | --- METERED DATA ---
2026-03-25 09:05:14 | INFO | Metered Value: NOT YET AVAILABLE
2026-03-25 09:05:14 | INFO | Last Two Metered Values (for trend): ['1.559', '1.839']
2026-03-25 09:05:14 | INFO | --- FORECAST DATA ---
2026-03-25 09:05:14 | INFO | Intraday Forecast (Enercast): 0.000 MW
2026-03-25 09:05:14 | INFO | Day-ahead Forecast (Enercast): 0.000 MW
2026-03-25 09:05:14 | INFO | Base Forecast (raw, before curtailment/shutdown): 0.000 MW
2026-03-25 09:05:14 | INFO | Base Forecast (used for schedule): 0.000 MW
2026-03-25 09:05:14 | INFO | Effective Base Forecast (after curtailment/shutdown): 0.000 MW
2026-03-25 09:05:14 | INFO | Base Blend Inputs: meter_ref=0.000 MW, meter_factor=1.000, meter_weight=0.020
2026-03-25 09:05:14 | INFO | Plant Status: NORMAL
2026-03-25 09:05:14 | INFO | Effective Base Forecast = Base Forecast (raw) = 0.000 MW
2026-03-25 09:05:14 | INFO | --- WEATHER PARAMETERS ---
2026-03-25 09:05:14 | INFO | GTI: 0.0 W/m^2
2026-03-25 09:05:14 | INFO | DHI: 0.0 W/m^2
2026-03-25 09:05:14 | INFO | DNI: 0.0 W/m^2
2026-03-25 09:05:14 | INFO | Irradiance Ratio (GTI/MAX_GTI): 0.000
2026-03-25 09:05:14 | INFO | Diffuse Ratio (current): 0.000
2026-03-25 09:05:14 | INFO | Irradiance State: OVERCAST
2026-03-25 09:05:14 | INFO | Temp @ 2m: 29.21 C
2026-03-25 09:05:14 | INFO | Wind @ 10m: 12.14 m/s
2026-03-25 09:05:14 | INFO | Weather State: NORMAL
2026-03-25 09:05:14 | INFO | Dynamic Thresholds: cloud_thr=0.1410, shift_thr=0.1368
2026-03-25 09:05:14 | INFO | Multipliers: irradiance=0.55x, temp=1.00x, wind=1.05x
2026-03-25 09:05:14 | INFO | Weather Multiplier (combined): 0.58x
2026-03-25 09:05:14 | INFO | Abrupt Weather Change Detected: False
2026-03-25 09:05:14 | INFO | --- TREND ANALYSIS ---
2026-03-25 09:05:14 | INFO | Trend series: INSUFFICIENT DATA
2026-03-25 09:05:14 | INFO | Detected Trend Type: FLAT
2026-03-25 09:05:14 | INFO | Trend Slope Percentage: 0.00%
2026-03-25 09:05:14 | INFO | Trend EPS Threshold: 1.50%
2026-03-25 09:05:14 | INFO | --- SCHEDULE CALCULATION ---
2026-03-25 09:05:14 | INFO | Condition Applied: SUNSET_CLAMP
2026-03-25 09:05:14 | INFO | Effective Base Forecast Used for Adjustments: 0.000 MW
2026-03-25 09:05:14 | INFO | Condition-3: NOT APPLIED for this block path
2026-03-25 09:05:14 | INFO |   Final Adjustment %: 0.00%
2026-03-25 09:05:14 | INFO |   Formula (expanded): SUNSET_CLAMP: GTI=0.000 < 0.02*MAX_GTI=18.580 => raw=0
2026-03-25 09:05:14 | INFO | --- FINAL RESULT ---
2026-03-25 09:05:14 | INFO | Raw Schedule (before smoothing): 0.000 MW
2026-03-25 09:05:14 | INFO | Final Scheduled MW: 0.000 MW
2026-03-25 09:05:14 | INFO | Previous Schedule Value: 0.000 MW
2026-03-25 09:05:14 | INFO | --------------------------------------------------------------------------------
2026-03-25 09:05:14 | INFO | --------------------------------------------------------------------------------
2026-03-25 09:05:14 | INFO | BLOCK 87
2026-03-25 09:05:14 | INFO | --------------------------------------------------------------------------------
2026-03-25 09:05:14 | INFO | --- METERED DATA ---
2026-03-25 09:05:14 | INFO | Metered Value: NOT YET AVAILABLE
2026-03-25 09:05:14 | INFO | Last Two Metered Values (for trend): ['1.559', '1.839']
2026-03-25 09:05:14 | INFO | --- FORECAST DATA ---
2026-03-25 09:05:14 | INFO | Intraday Forecast (Enercast): 0.000 MW
2026-03-25 09:05:14 | INFO | Day-ahead Forecast (Enercast): 0.000 MW
2026-03-25 09:05:14 | INFO | Base Forecast (raw, before curtailment/shutdown): 0.000 MW
2026-03-25 09:05:14 | INFO | Base Forecast (used for schedule): 0.000 MW
2026-03-25 09:05:14 | INFO | Effective Base Forecast (after curtailment/shutdown): 0.000 MW
2026-03-25 09:05:14 | INFO | Base Blend Inputs: meter_ref=0.000 MW, meter_factor=1.000, meter_weight=0.020
2026-03-25 09:05:14 | INFO | Plant Status: NORMAL
2026-03-25 09:05:14 | INFO | Effective Base Forecast = Base Forecast (raw) = 0.000 MW
2026-03-25 09:05:14 | INFO | --- WEATHER PARAMETERS ---
2026-03-25 09:05:14 | INFO | GTI: 0.0 W/m^2
2026-03-25 09:05:14 | INFO | DHI: 0.0 W/m^2
2026-03-25 09:05:14 | INFO | DNI: 0.0 W/m^2
2026-03-25 09:05:14 | INFO | Irradiance Ratio (GTI/MAX_GTI): 0.000
2026-03-25 09:05:14 | INFO | Diffuse Ratio (current): 0.000
2026-03-25 09:05:14 | INFO | Irradiance State: OVERCAST
2026-03-25 09:05:14 | INFO | Temp @ 2m: 29.21 C
2026-03-25 09:05:14 | INFO | Wind @ 10m: 11.97 m/s
2026-03-25 09:05:14 | INFO | Weather State: NORMAL
2026-03-25 09:05:14 | INFO | Dynamic Thresholds: cloud_thr=0.1410, shift_thr=0.1368
2026-03-25 09:05:14 | INFO | Multipliers: irradiance=0.55x, temp=1.00x, wind=1.05x
2026-03-25 09:05:14 | INFO | Weather Multiplier (combined): 0.58x
2026-03-25 09:05:14 | INFO | Abrupt Weather Change Detected: False
2026-03-25 09:05:14 | INFO | --- TREND ANALYSIS ---
2026-03-25 09:05:14 | INFO | Trend series: INSUFFICIENT DATA
2026-03-25 09:05:14 | INFO | Detected Trend Type: FLAT
2026-03-25 09:05:14 | INFO | Trend Slope Percentage: 0.00%
2026-03-25 09:05:14 | INFO | Trend EPS Threshold: 1.50%
2026-03-25 09:05:14 | INFO | --- SCHEDULE CALCULATION ---
2026-03-25 09:05:14 | INFO | Condition Applied: SUNSET_CLAMP
2026-03-25 09:05:14 | INFO | Effective Base Forecast Used for Adjustments: 0.000 MW
2026-03-25 09:05:14 | INFO | Condition-3: NOT APPLIED for this block path
2026-03-25 09:05:14 | INFO |   Final Adjustment %: 0.00%
2026-03-25 09:05:14 | INFO |   Formula (expanded): SUNSET_CLAMP: GTI=0.000 < 0.02*MAX_GTI=18.580 => raw=0
2026-03-25 09:05:14 | INFO | --- FINAL RESULT ---
2026-03-25 09:05:14 | INFO | Raw Schedule (before smoothing): 0.000 MW
2026-03-25 09:05:14 | INFO | Final Scheduled MW: 0.000 MW
2026-03-25 09:05:14 | INFO | Previous Schedule Value: 0.000 MW
2026-03-25 09:05:14 | INFO | --------------------------------------------------------------------------------
2026-03-25 09:05:14 | INFO | --------------------------------------------------------------------------------
2026-03-25 09:05:14 | INFO | BLOCK 88
2026-03-25 09:05:14 | INFO | --------------------------------------------------------------------------------
2026-03-25 09:05:14 | INFO | --- METERED DATA ---
2026-03-25 09:05:14 | INFO | Metered Value: NOT YET AVAILABLE
2026-03-25 09:05:14 | INFO | Last Two Metered Values (for trend): ['1.559', '1.839']
2026-03-25 09:05:14 | INFO | --- FORECAST DATA ---
2026-03-25 09:05:14 | INFO | Intraday Forecast (Enercast): 0.000 MW
2026-03-25 09:05:14 | INFO | Day-ahead Forecast (Enercast): 0.000 MW
2026-03-25 09:05:14 | INFO | Base Forecast (raw, before curtailment/shutdown): 0.000 MW
2026-03-25 09:05:14 | INFO | Base Forecast (used for schedule): 0.000 MW
2026-03-25 09:05:14 | INFO | Effective Base Forecast (after curtailment/shutdown): 0.000 MW
2026-03-25 09:05:14 | INFO | Base Blend Inputs: meter_ref=0.000 MW, meter_factor=1.000, meter_weight=0.020
2026-03-25 09:05:14 | INFO | Plant Status: NORMAL
2026-03-25 09:05:14 | INFO | Effective Base Forecast = Base Forecast (raw) = 0.000 MW
2026-03-25 09:05:14 | INFO | --- WEATHER PARAMETERS ---
2026-03-25 09:05:14 | INFO | GTI: 0.0 W/m^2
2026-03-25 09:05:14 | INFO | DHI: 0.0 W/m^2
2026-03-25 09:05:14 | INFO | DNI: 0.0 W/m^2
2026-03-25 09:05:14 | INFO | Irradiance Ratio (GTI/MAX_GTI): 0.000
2026-03-25 09:05:14 | INFO | Diffuse Ratio (current): 0.000
2026-03-25 09:05:14 | INFO | Irradiance State: OVERCAST
2026-03-25 09:05:14 | INFO | Temp @ 2m: 29.31 C
2026-03-25 09:05:14 | INFO | Wind @ 10m: 11.66 m/s
2026-03-25 09:05:14 | INFO | Weather State: NORMAL
2026-03-25 09:05:14 | INFO | Dynamic Thresholds: cloud_thr=0.1410, shift_thr=0.1368
2026-03-25 09:05:14 | INFO | Multipliers: irradiance=0.55x, temp=1.00x, wind=1.05x
2026-03-25 09:05:14 | INFO | Weather Multiplier (combined): 0.58x
2026-03-25 09:05:14 | INFO | Abrupt Weather Change Detected: False
2026-03-25 09:05:14 | INFO | --- TREND ANALYSIS ---
2026-03-25 09:05:14 | INFO | Trend series: INSUFFICIENT DATA
2026-03-25 09:05:14 | INFO | Detected Trend Type: FLAT
2026-03-25 09:05:14 | INFO | Trend Slope Percentage: 0.00%
2026-03-25 09:05:14 | INFO | Trend EPS Threshold: 1.50%
2026-03-25 09:05:14 | INFO | --- SCHEDULE CALCULATION ---
2026-03-25 09:05:14 | INFO | Condition Applied: SUNSET_CLAMP
2026-03-25 09:05:14 | INFO | Effective Base Forecast Used for Adjustments: 0.000 MW
2026-03-25 09:05:14 | INFO | Condition-3: NOT APPLIED for this block path
2026-03-25 09:05:14 | INFO |   Final Adjustment %: 0.00%
2026-03-25 09:05:14 | INFO |   Formula (expanded): SUNSET_CLAMP: GTI=0.000 < 0.02*MAX_GTI=18.580 => raw=0
2026-03-25 09:05:14 | INFO | --- FINAL RESULT ---
2026-03-25 09:05:14 | INFO | Raw Schedule (before smoothing): 0.000 MW
2026-03-25 09:05:14 | INFO | Final Scheduled MW: 0.000 MW
2026-03-25 09:05:14 | INFO | Previous Schedule Value: 0.000 MW
2026-03-25 09:05:14 | INFO | --------------------------------------------------------------------------------
2026-03-25 09:05:14 | INFO | --------------------------------------------------------------------------------
2026-03-25 09:05:14 | INFO | BLOCK 89
2026-03-25 09:05:14 | INFO | --------------------------------------------------------------------------------
2026-03-25 09:05:14 | INFO | --- METERED DATA ---
2026-03-25 09:05:14 | INFO | Metered Value: NOT YET AVAILABLE
2026-03-25 09:05:14 | INFO | Last Two Metered Values (for trend): ['1.559', '1.839']
2026-03-25 09:05:14 | INFO | --- FORECAST DATA ---
2026-03-25 09:05:14 | INFO | Intraday Forecast (Enercast): 0.000 MW
2026-03-25 09:05:14 | INFO | Day-ahead Forecast (Enercast): 0.000 MW
2026-03-25 09:05:14 | INFO | Base Forecast (raw, before curtailment/shutdown): 0.000 MW
2026-03-25 09:05:14 | INFO | Base Forecast (used for schedule): 0.000 MW
2026-03-25 09:05:14 | INFO | Effective Base Forecast (after curtailment/shutdown): 0.000 MW
2026-03-25 09:05:14 | INFO | Base Blend Inputs: meter_ref=0.000 MW, meter_factor=1.000, meter_weight=0.020
2026-03-25 09:05:14 | INFO | Plant Status: NORMAL
2026-03-25 09:05:14 | INFO | Effective Base Forecast = Base Forecast (raw) = 0.000 MW
2026-03-25 09:05:14 | INFO | --- WEATHER PARAMETERS ---
2026-03-25 09:05:14 | INFO | GTI: 0.0 W/m^2
2026-03-25 09:05:14 | INFO | DHI: 0.0 W/m^2
2026-03-25 09:05:14 | INFO | DNI: 0.0 W/m^2
2026-03-25 09:05:14 | INFO | Irradiance Ratio (GTI/MAX_GTI): 0.000
2026-03-25 09:05:14 | INFO | Diffuse Ratio (current): 0.000
2026-03-25 09:05:14 | INFO | Irradiance State: OVERCAST
2026-03-25 09:05:14 | INFO | Temp @ 2m: 29.46 C
2026-03-25 09:05:14 | INFO | Wind @ 10m: 11.18 m/s
2026-03-25 09:05:14 | INFO | Weather State: NORMAL
2026-03-25 09:05:14 | INFO | Dynamic Thresholds: cloud_thr=0.1410, shift_thr=0.1368
2026-03-25 09:05:14 | INFO | Multipliers: irradiance=0.55x, temp=1.00x, wind=1.05x
2026-03-25 09:05:14 | INFO | Weather Multiplier (combined): 0.58x
2026-03-25 09:05:14 | INFO | Abrupt Weather Change Detected: False
2026-03-25 09:05:14 | INFO | --- TREND ANALYSIS ---
2026-03-25 09:05:14 | INFO | Trend series: INSUFFICIENT DATA
2026-03-25 09:05:14 | INFO | Detected Trend Type: FLAT
2026-03-25 09:05:14 | INFO | Trend Slope Percentage: 0.00%
2026-03-25 09:05:14 | INFO | Trend EPS Threshold: 1.50%
2026-03-25 09:05:14 | INFO | --- SCHEDULE CALCULATION ---
2026-03-25 09:05:14 | INFO | Condition Applied: SUNSET_CLAMP
2026-03-25 09:05:14 | INFO | Effective Base Forecast Used for Adjustments: 0.000 MW
2026-03-25 09:05:14 | INFO | Condition-3: NOT APPLIED for this block path
2026-03-25 09:05:14 | INFO |   Final Adjustment %: 0.00%
2026-03-25 09:05:14 | INFO |   Formula (expanded): SUNSET_CLAMP: GTI=0.000 < 0.02*MAX_GTI=18.580 => raw=0
2026-03-25 09:05:14 | INFO | --- FINAL RESULT ---
2026-03-25 09:05:14 | INFO | Raw Schedule (before smoothing): 0.000 MW
2026-03-25 09:05:14 | INFO | Final Scheduled MW: 0.000 MW
2026-03-25 09:05:14 | INFO | Previous Schedule Value: 0.000 MW
2026-03-25 09:05:14 | INFO | --------------------------------------------------------------------------------
2026-03-25 09:05:14 | INFO | --------------------------------------------------------------------------------
2026-03-25 09:05:14 | INFO | BLOCK 90
2026-03-25 09:05:14 | INFO | --------------------------------------------------------------------------------
2026-03-25 09:05:14 | INFO | --- METERED DATA ---
2026-03-25 09:05:14 | INFO | Metered Value: NOT YET AVAILABLE
2026-03-25 09:05:14 | INFO | Last Two Metered Values (for trend): ['1.559', '1.839']
2026-03-25 09:05:14 | INFO | --- FORECAST DATA ---
2026-03-25 09:05:14 | INFO | Intraday Forecast (Enercast): 0.000 MW
2026-03-25 09:05:14 | INFO | Day-ahead Forecast (Enercast): 0.000 MW
2026-03-25 09:05:14 | INFO | Base Forecast (raw, before curtailment/shutdown): 0.000 MW
2026-03-25 09:05:14 | INFO | Base Forecast (used for schedule): 0.000 MW
2026-03-25 09:05:14 | INFO | Effective Base Forecast (after curtailment/shutdown): 0.000 MW
2026-03-25 09:05:14 | INFO | Base Blend Inputs: meter_ref=0.000 MW, meter_factor=1.000, meter_weight=0.020
2026-03-25 09:05:14 | INFO | Plant Status: NORMAL
2026-03-25 09:05:14 | INFO | Effective Base Forecast = Base Forecast (raw) = 0.000 MW
2026-03-25 09:05:14 | INFO | --- WEATHER PARAMETERS ---
2026-03-25 09:05:14 | INFO | GTI: 0.0 W/m^2
2026-03-25 09:05:14 | INFO | DHI: 0.0 W/m^2
2026-03-25 09:05:14 | INFO | DNI: 0.0 W/m^2
2026-03-25 09:05:14 | INFO | Irradiance Ratio (GTI/MAX_GTI): 0.000
2026-03-25 09:05:14 | INFO | Diffuse Ratio (current): 0.000
2026-03-25 09:05:14 | INFO | Irradiance State: OVERCAST
2026-03-25 09:05:14 | INFO | Temp @ 2m: 29.61 C
2026-03-25 09:05:14 | INFO | Wind @ 10m: 11.30 m/s
2026-03-25 09:05:14 | INFO | Weather State: NORMAL
2026-03-25 09:05:14 | INFO | Dynamic Thresholds: cloud_thr=0.1410, shift_thr=0.1368
2026-03-25 09:05:14 | INFO | Multipliers: irradiance=0.55x, temp=1.00x, wind=1.05x
2026-03-25 09:05:14 | INFO | Weather Multiplier (combined): 0.58x
2026-03-25 09:05:14 | INFO | Abrupt Weather Change Detected: False
2026-03-25 09:05:14 | INFO | --- TREND ANALYSIS ---
2026-03-25 09:05:14 | INFO | Trend series: INSUFFICIENT DATA
2026-03-25 09:05:14 | INFO | Detected Trend Type: FLAT
2026-03-25 09:05:14 | INFO | Trend Slope Percentage: 0.00%
2026-03-25 09:05:14 | INFO | Trend EPS Threshold: 1.50%
2026-03-25 09:05:14 | INFO | --- SCHEDULE CALCULATION ---
2026-03-25 09:05:14 | INFO | Condition Applied: SUNSET_CLAMP
2026-03-25 09:05:14 | INFO | Effective Base Forecast Used for Adjustments: 0.000 MW
2026-03-25 09:05:14 | INFO | Condition-3: NOT APPLIED for this block path
2026-03-25 09:05:14 | INFO |   Final Adjustment %: 0.00%
2026-03-25 09:05:14 | INFO |   Formula (expanded): SUNSET_CLAMP: GTI=0.000 < 0.02*MAX_GTI=18.580 => raw=0
2026-03-25 09:05:14 | INFO | --- FINAL RESULT ---
2026-03-25 09:05:14 | INFO | Raw Schedule (before smoothing): 0.000 MW
2026-03-25 09:05:14 | INFO | Final Scheduled MW: 0.000 MW
2026-03-25 09:05:14 | INFO | Previous Schedule Value: 0.000 MW
2026-03-25 09:05:14 | INFO | --------------------------------------------------------------------------------
2026-03-25 09:05:14 | INFO | --------------------------------------------------------------------------------
2026-03-25 09:05:14 | INFO | BLOCK 91
2026-03-25 09:05:14 | INFO | --------------------------------------------------------------------------------
2026-03-25 09:05:14 | INFO | --- METERED DATA ---
2026-03-25 09:05:14 | INFO | Metered Value: NOT YET AVAILABLE
2026-03-25 09:05:14 | INFO | Last Two Metered Values (for trend): ['1.559', '1.839']
2026-03-25 09:05:14 | INFO | --- FORECAST DATA ---
2026-03-25 09:05:14 | INFO | Intraday Forecast (Enercast): 0.000 MW
2026-03-25 09:05:14 | INFO | Day-ahead Forecast (Enercast): 0.000 MW
2026-03-25 09:05:14 | INFO | Base Forecast (raw, before curtailment/shutdown): 0.000 MW
2026-03-25 09:05:14 | INFO | Base Forecast (used for schedule): 0.000 MW
2026-03-25 09:05:14 | INFO | Effective Base Forecast (after curtailment/shutdown): 0.000 MW
2026-03-25 09:05:14 | INFO | Base Blend Inputs: meter_ref=0.000 MW, meter_factor=1.000, meter_weight=0.020
2026-03-25 09:05:14 | INFO | Plant Status: NORMAL
2026-03-25 09:05:14 | INFO | Effective Base Forecast = Base Forecast (raw) = 0.000 MW
2026-03-25 09:05:14 | INFO | --- WEATHER PARAMETERS ---
2026-03-25 09:05:14 | INFO | GTI: 0.0 W/m^2
2026-03-25 09:05:14 | INFO | DHI: 0.0 W/m^2
2026-03-25 09:05:14 | INFO | DNI: 0.0 W/m^2
2026-03-25 09:05:14 | INFO | Irradiance Ratio (GTI/MAX_GTI): 0.000
2026-03-25 09:05:14 | INFO | Diffuse Ratio (current): 0.000
2026-03-25 09:05:14 | INFO | Irradiance State: OVERCAST
2026-03-25 09:05:14 | INFO | Temp @ 2m: 29.61 C
2026-03-25 09:05:14 | INFO | Wind @ 10m: 11.27 m/s
2026-03-25 09:05:14 | INFO | Weather State: NORMAL
2026-03-25 09:05:14 | INFO | Dynamic Thresholds: cloud_thr=0.1410, shift_thr=0.1368
2026-03-25 09:05:14 | INFO | Multipliers: irradiance=0.55x, temp=1.00x, wind=1.05x
2026-03-25 09:05:14 | INFO | Weather Multiplier (combined): 0.58x
2026-03-25 09:05:14 | INFO | Abrupt Weather Change Detected: False
2026-03-25 09:05:14 | INFO | --- TREND ANALYSIS ---
2026-03-25 09:05:14 | INFO | Trend series: INSUFFICIENT DATA
2026-03-25 09:05:14 | INFO | Detected Trend Type: FLAT
2026-03-25 09:05:14 | INFO | Trend Slope Percentage: 0.00%
2026-03-25 09:05:14 | INFO | Trend EPS Threshold: 1.50%
2026-03-25 09:05:14 | INFO | --- SCHEDULE CALCULATION ---
2026-03-25 09:05:14 | INFO | Condition Applied: SUNSET_CLAMP
2026-03-25 09:05:14 | INFO | Effective Base Forecast Used for Adjustments: 0.000 MW
2026-03-25 09:05:14 | INFO | Condition-3: NOT APPLIED for this block path
2026-03-25 09:05:14 | INFO |   Final Adjustment %: 0.00%
2026-03-25 09:05:14 | INFO |   Formula (expanded): SUNSET_CLAMP: GTI=0.000 < 0.02*MAX_GTI=18.580 => raw=0
2026-03-25 09:05:14 | INFO | --- FINAL RESULT ---
2026-03-25 09:05:14 | INFO | Raw Schedule (before smoothing): 0.000 MW
2026-03-25 09:05:14 | INFO | Final Scheduled MW: 0.000 MW
2026-03-25 09:05:14 | INFO | Previous Schedule Value: 0.000 MW
2026-03-25 09:05:14 | INFO | --------------------------------------------------------------------------------
2026-03-25 09:05:14 | INFO | --------------------------------------------------------------------------------
2026-03-25 09:05:14 | INFO | BLOCK 92
2026-03-25 09:05:14 | INFO | --------------------------------------------------------------------------------
2026-03-25 09:05:14 | INFO | --- METERED DATA ---
2026-03-25 09:05:14 | INFO | Metered Value: NOT YET AVAILABLE
2026-03-25 09:05:14 | INFO | Last Two Metered Values (for trend): ['1.559', '1.839']
2026-03-25 09:05:14 | INFO | --- FORECAST DATA ---
2026-03-25 09:05:14 | INFO | Intraday Forecast (Enercast): 0.000 MW
2026-03-25 09:05:14 | INFO | Day-ahead Forecast (Enercast): 0.000 MW
2026-03-25 09:05:14 | INFO | Base Forecast (raw, before curtailment/shutdown): 0.000 MW
2026-03-25 09:05:14 | INFO | Base Forecast (used for schedule): 0.000 MW
2026-03-25 09:05:14 | INFO | Effective Base Forecast (after curtailment/shutdown): 0.000 MW
2026-03-25 09:05:14 | INFO | Base Blend Inputs: meter_ref=0.000 MW, meter_factor=1.000, meter_weight=0.020
2026-03-25 09:05:14 | INFO | Plant Status: NORMAL
2026-03-25 09:05:14 | INFO | Effective Base Forecast = Base Forecast (raw) = 0.000 MW
2026-03-25 09:05:14 | INFO | --- WEATHER PARAMETERS ---
2026-03-25 09:05:14 | INFO | GTI: 0.0 W/m^2
2026-03-25 09:05:14 | INFO | DHI: 0.0 W/m^2
2026-03-25 09:05:14 | INFO | DNI: 0.0 W/m^2
2026-03-25 09:05:14 | INFO | Irradiance Ratio (GTI/MAX_GTI): 0.000
2026-03-25 09:05:14 | INFO | Diffuse Ratio (current): 0.000
2026-03-25 09:05:14 | INFO | Irradiance State: OVERCAST
2026-03-25 09:05:14 | INFO | Temp @ 2m: 29.51 C
2026-03-25 09:05:14 | INFO | Wind @ 10m: 11.44 m/s
2026-03-25 09:05:14 | INFO | Weather State: NORMAL
2026-03-25 09:05:14 | INFO | Dynamic Thresholds: cloud_thr=0.1410, shift_thr=0.1368
2026-03-25 09:05:14 | INFO | Multipliers: irradiance=0.55x, temp=1.00x, wind=1.05x
2026-03-25 09:05:14 | INFO | Weather Multiplier (combined): 0.58x
2026-03-25 09:05:14 | INFO | Abrupt Weather Change Detected: False
2026-03-25 09:05:14 | INFO | --- TREND ANALYSIS ---
2026-03-25 09:05:14 | INFO | Trend series: INSUFFICIENT DATA
2026-03-25 09:05:14 | INFO | Detected Trend Type: FLAT
2026-03-25 09:05:14 | INFO | Trend Slope Percentage: 0.00%
2026-03-25 09:05:14 | INFO | Trend EPS Threshold: 1.50%
2026-03-25 09:05:14 | INFO | --- SCHEDULE CALCULATION ---
2026-03-25 09:05:14 | INFO | Condition Applied: SUNSET_CLAMP
2026-03-25 09:05:14 | INFO | Effective Base Forecast Used for Adjustments: 0.000 MW
2026-03-25 09:05:14 | INFO | Condition-3: NOT APPLIED for this block path
2026-03-25 09:05:14 | INFO |   Final Adjustment %: 0.00%
2026-03-25 09:05:14 | INFO |   Formula (expanded): SUNSET_CLAMP: GTI=0.000 < 0.02*MAX_GTI=18.580 => raw=0
2026-03-25 09:05:14 | INFO | --- FINAL RESULT ---
2026-03-25 09:05:14 | INFO | Raw Schedule (before smoothing): 0.000 MW
2026-03-25 09:05:14 | INFO | Final Scheduled MW: 0.000 MW
2026-03-25 09:05:14 | INFO | Previous Schedule Value: 0.000 MW
2026-03-25 09:05:14 | INFO | --------------------------------------------------------------------------------
2026-03-25 09:05:14 | INFO | --------------------------------------------------------------------------------
2026-03-25 09:05:14 | INFO | BLOCK 93
2026-03-25 09:05:14 | INFO | --------------------------------------------------------------------------------
2026-03-25 09:05:14 | INFO | --- METERED DATA ---
2026-03-25 09:05:14 | INFO | Metered Value: NOT YET AVAILABLE
2026-03-25 09:05:14 | INFO | Last Two Metered Values (for trend): ['1.559', '1.839']
2026-03-25 09:05:14 | INFO | --- FORECAST DATA ---
2026-03-25 09:05:14 | INFO | Intraday Forecast (Enercast): 0.000 MW
2026-03-25 09:05:14 | INFO | Day-ahead Forecast (Enercast): 0.000 MW
2026-03-25 09:05:14 | INFO | Base Forecast (raw, before curtailment/shutdown): 0.000 MW
2026-03-25 09:05:14 | INFO | Base Forecast (used for schedule): 0.000 MW
2026-03-25 09:05:14 | INFO | Effective Base Forecast (after curtailment/shutdown): 0.000 MW
2026-03-25 09:05:14 | INFO | Base Blend Inputs: meter_ref=0.000 MW, meter_factor=1.000, meter_weight=0.020
2026-03-25 09:05:14 | INFO | Plant Status: NORMAL
2026-03-25 09:05:14 | INFO | Effective Base Forecast = Base Forecast (raw) = 0.000 MW
2026-03-25 09:05:14 | INFO | --- WEATHER PARAMETERS ---
2026-03-25 09:05:14 | INFO | GTI: 0.0 W/m^2
2026-03-25 09:05:14 | INFO | DHI: 0.0 W/m^2
2026-03-25 09:05:14 | INFO | DNI: 0.0 W/m^2
2026-03-25 09:05:14 | INFO | Irradiance Ratio (GTI/MAX_GTI): 0.000
2026-03-25 09:05:14 | INFO | Diffuse Ratio (current): 0.000
2026-03-25 09:05:14 | INFO | Irradiance State: OVERCAST
2026-03-25 09:05:14 | INFO | Temp @ 2m: 29.31 C
2026-03-25 09:05:14 | INFO | Wind @ 10m: 11.44 m/s
2026-03-25 09:05:14 | INFO | Weather State: NORMAL
2026-03-25 09:05:14 | INFO | Dynamic Thresholds: cloud_thr=0.1410, shift_thr=0.1368
2026-03-25 09:05:14 | INFO | Multipliers: irradiance=0.55x, temp=1.00x, wind=1.05x
2026-03-25 09:05:14 | INFO | Weather Multiplier (combined): 0.58x
2026-03-25 09:05:14 | INFO | Abrupt Weather Change Detected: False
2026-03-25 09:05:14 | INFO | --- TREND ANALYSIS ---
2026-03-25 09:05:14 | INFO | Trend series: INSUFFICIENT DATA
2026-03-25 09:05:14 | INFO | Detected Trend Type: FLAT
2026-03-25 09:05:14 | INFO | Trend Slope Percentage: 0.00%
2026-03-25 09:05:14 | INFO | Trend EPS Threshold: 1.50%
2026-03-25 09:05:14 | INFO | --- SCHEDULE CALCULATION ---
2026-03-25 09:05:14 | INFO | Condition Applied: SUNSET_CLAMP
2026-03-25 09:05:14 | INFO | Effective Base Forecast Used for Adjustments: 0.000 MW
2026-03-25 09:05:14 | INFO | Condition-3: NOT APPLIED for this block path
2026-03-25 09:05:14 | INFO |   Final Adjustment %: 0.00%
2026-03-25 09:05:14 | INFO |   Formula (expanded): SUNSET_CLAMP: GTI=0.000 < 0.02*MAX_GTI=18.580 => raw=0
2026-03-25 09:05:14 | INFO | --- FINAL RESULT ---
2026-03-25 09:05:14 | INFO | Raw Schedule (before smoothing): 0.000 MW
2026-03-25 09:05:14 | INFO | Final Scheduled MW: 0.000 MW
2026-03-25 09:05:14 | INFO | Previous Schedule Value: 0.000 MW
2026-03-25 09:05:14 | INFO | --------------------------------------------------------------------------------
2026-03-25 09:05:14 | INFO | --------------------------------------------------------------------------------
2026-03-25 09:05:14 | INFO | BLOCK 94
2026-03-25 09:05:14 | INFO | --------------------------------------------------------------------------------
2026-03-25 09:05:14 | INFO | --- METERED DATA ---
2026-03-25 09:05:14 | INFO | Metered Value: NOT YET AVAILABLE
2026-03-25 09:05:14 | INFO | Last Two Metered Values (for trend): ['1.559', '1.839']
2026-03-25 09:05:14 | INFO | --- FORECAST DATA ---
2026-03-25 09:05:14 | INFO | Intraday Forecast (Enercast): 0.000 MW
2026-03-25 09:05:14 | INFO | Day-ahead Forecast (Enercast): 0.000 MW
2026-03-25 09:05:14 | INFO | Base Forecast (raw, before curtailment/shutdown): 0.000 MW
2026-03-25 09:05:14 | INFO | Base Forecast (used for schedule): 0.000 MW
2026-03-25 09:05:14 | INFO | Effective Base Forecast (after curtailment/shutdown): 0.000 MW
2026-03-25 09:05:14 | INFO | Base Blend Inputs: meter_ref=0.000 MW, meter_factor=1.000, meter_weight=0.020
2026-03-25 09:05:14 | INFO | Plant Status: NORMAL
2026-03-25 09:05:14 | INFO | Effective Base Forecast = Base Forecast (raw) = 0.000 MW
2026-03-25 09:05:14 | INFO | --- WEATHER PARAMETERS ---
2026-03-25 09:05:14 | INFO | GTI: 0.0 W/m^2
2026-03-25 09:05:14 | INFO | DHI: 0.0 W/m^2
2026-03-25 09:05:14 | INFO | DNI: 0.0 W/m^2
2026-03-25 09:05:14 | INFO | Irradiance Ratio (GTI/MAX_GTI): 0.000
2026-03-25 09:05:14 | INFO | Diffuse Ratio (current): 0.000
2026-03-25 09:05:14 | INFO | Irradiance State: OVERCAST
2026-03-25 09:05:14 | INFO | Temp @ 2m: 29.01 C
2026-03-25 09:05:14 | INFO | Wind @ 10m: 11.59 m/s
2026-03-25 09:05:14 | INFO | Weather State: NORMAL
2026-03-25 09:05:14 | INFO | Dynamic Thresholds: cloud_thr=0.1410, shift_thr=0.1368
2026-03-25 09:05:14 | INFO | Multipliers: irradiance=0.55x, temp=1.00x, wind=1.05x
2026-03-25 09:05:14 | INFO | Weather Multiplier (combined): 0.58x
2026-03-25 09:05:14 | INFO | Abrupt Weather Change Detected: False
2026-03-25 09:05:14 | INFO | --- TREND ANALYSIS ---
2026-03-25 09:05:14 | INFO | Trend series: INSUFFICIENT DATA
2026-03-25 09:05:14 | INFO | Detected Trend Type: FLAT
2026-03-25 09:05:14 | INFO | Trend Slope Percentage: 0.00%
2026-03-25 09:05:14 | INFO | Trend EPS Threshold: 1.50%
2026-03-25 09:05:14 | INFO | --- SCHEDULE CALCULATION ---
2026-03-25 09:05:14 | INFO | Condition Applied: SUNSET_CLAMP
2026-03-25 09:05:14 | INFO | Effective Base Forecast Used for Adjustments: 0.000 MW
2026-03-25 09:05:14 | INFO | Condition-3: NOT APPLIED for this block path
2026-03-25 09:05:14 | INFO |   Final Adjustment %: 0.00%
2026-03-25 09:05:14 | INFO |   Formula (expanded): SUNSET_CLAMP: GTI=0.000 < 0.02*MAX_GTI=18.580 => raw=0
2026-03-25 09:05:14 | INFO | --- FINAL RESULT ---
2026-03-25 09:05:14 | INFO | Raw Schedule (before smoothing): 0.000 MW
2026-03-25 09:05:14 | INFO | Final Scheduled MW: 0.000 MW
2026-03-25 09:05:14 | INFO | Previous Schedule Value: 0.000 MW
2026-03-25 09:05:14 | INFO | --------------------------------------------------------------------------------
2026-03-25 09:05:14 | INFO | --------------------------------------------------------------------------------
2026-03-25 09:05:14 | INFO | BLOCK 95
2026-03-25 09:05:14 | INFO | --------------------------------------------------------------------------------
2026-03-25 09:05:14 | INFO | --- METERED DATA ---
2026-03-25 09:05:14 | INFO | Metered Value: NOT YET AVAILABLE
2026-03-25 09:05:14 | INFO | Last Two Metered Values (for trend): ['1.559', '1.839']
2026-03-25 09:05:14 | INFO | --- FORECAST DATA ---
2026-03-25 09:05:14 | INFO | Intraday Forecast (Enercast): 0.000 MW
2026-03-25 09:05:14 | INFO | Day-ahead Forecast (Enercast): 0.000 MW
2026-03-25 09:05:14 | INFO | Base Forecast (raw, before curtailment/shutdown): 0.000 MW
2026-03-25 09:05:14 | INFO | Base Forecast (used for schedule): 0.000 MW
2026-03-25 09:05:14 | INFO | Effective Base Forecast (after curtailment/shutdown): 0.000 MW
2026-03-25 09:05:14 | INFO | Base Blend Inputs: meter_ref=0.000 MW, meter_factor=1.000, meter_weight=0.020
2026-03-25 09:05:14 | INFO | Plant Status: NORMAL
2026-03-25 09:05:14 | INFO | Effective Base Forecast = Base Forecast (raw) = 0.000 MW
2026-03-25 09:05:14 | INFO | --- WEATHER PARAMETERS ---
2026-03-25 09:05:14 | INFO | GTI: 0.0 W/m^2
2026-03-25 09:05:14 | INFO | DHI: 0.0 W/m^2
2026-03-25 09:05:14 | INFO | DNI: 0.0 W/m^2
2026-03-25 09:05:14 | INFO | Irradiance Ratio (GTI/MAX_GTI): 0.000
2026-03-25 09:05:14 | INFO | Diffuse Ratio (current): 0.000
2026-03-25 09:05:14 | INFO | Irradiance State: OVERCAST
2026-03-25 09:05:14 | INFO | Temp @ 2m: 28.71 C
2026-03-25 09:05:14 | INFO | Wind @ 10m: 11.30 m/s
2026-03-25 09:05:14 | INFO | Weather State: NORMAL
2026-03-25 09:05:14 | INFO | Dynamic Thresholds: cloud_thr=0.1410, shift_thr=0.1368
2026-03-25 09:05:14 | INFO | Multipliers: irradiance=0.55x, temp=1.00x, wind=1.05x
2026-03-25 09:05:14 | INFO | Weather Multiplier (combined): 0.58x
2026-03-25 09:05:14 | INFO | Abrupt Weather Change Detected: False
2026-03-25 09:05:14 | INFO | --- TREND ANALYSIS ---
2026-03-25 09:05:14 | INFO | Trend series: INSUFFICIENT DATA
2026-03-25 09:05:14 | INFO | Detected Trend Type: FLAT
2026-03-25 09:05:14 | INFO | Trend Slope Percentage: 0.00%
2026-03-25 09:05:14 | INFO | Trend EPS Threshold: 1.50%
2026-03-25 09:05:14 | INFO | --- SCHEDULE CALCULATION ---
2026-03-25 09:05:14 | INFO | Condition Applied: SUNSET_CLAMP
2026-03-25 09:05:14 | INFO | Effective Base Forecast Used for Adjustments: 0.000 MW
2026-03-25 09:05:14 | INFO | Condition-3: NOT APPLIED for this block path
2026-03-25 09:05:14 | INFO |   Final Adjustment %: 0.00%
2026-03-25 09:05:14 | INFO |   Formula (expanded): SUNSET_CLAMP: GTI=0.000 < 0.02*MAX_GTI=18.580 => raw=0
2026-03-25 09:05:14 | INFO | --- FINAL RESULT ---
2026-03-25 09:05:14 | INFO | Raw Schedule (before smoothing): 0.000 MW
2026-03-25 09:05:14 | INFO | Final Scheduled MW: 0.000 MW
2026-03-25 09:05:14 | INFO | Previous Schedule Value: 0.000 MW
2026-03-25 09:05:14 | INFO | --------------------------------------------------------------------------------
2026-03-25 09:05:14 | INFO | --------------------------------------------------------------------------------
2026-03-25 09:05:14 | INFO | BLOCK 96
2026-03-25 09:05:14 | INFO | --------------------------------------------------------------------------------
2026-03-25 09:05:14 | INFO | --- METERED DATA ---
2026-03-25 09:05:14 | INFO | Metered Value: NOT YET AVAILABLE
2026-03-25 09:05:14 | INFO | Last Two Metered Values (for trend): ['1.559', '1.839']
2026-03-25 09:05:14 | INFO | --- FORECAST DATA ---
2026-03-25 09:05:14 | INFO | Intraday Forecast (Enercast): 0.000 MW
2026-03-25 09:05:14 | INFO | Day-ahead Forecast (Enercast): 0.000 MW
2026-03-25 09:05:14 | INFO | Base Forecast (raw, before curtailment/shutdown): 0.000 MW
2026-03-25 09:05:14 | INFO | Base Forecast (used for schedule): 0.000 MW
2026-03-25 09:05:14 | INFO | Effective Base Forecast (after curtailment/shutdown): 0.000 MW
2026-03-25 09:05:14 | INFO | Base Blend Inputs: meter_ref=0.000 MW, meter_factor=1.000, meter_weight=0.020
2026-03-25 09:05:14 | INFO | Plant Status: NORMAL
2026-03-25 09:05:14 | INFO | Effective Base Forecast = Base Forecast (raw) = 0.000 MW
2026-03-25 09:05:14 | INFO | --- WEATHER PARAMETERS ---
2026-03-25 09:05:14 | INFO | GTI: 0.0 W/m^2
2026-03-25 09:05:14 | INFO | DHI: 0.0 W/m^2
2026-03-25 09:05:14 | INFO | DNI: 0.0 W/m^2
2026-03-25 09:05:14 | INFO | Irradiance Ratio (GTI/MAX_GTI): 0.000
2026-03-25 09:05:14 | INFO | Diffuse Ratio (current): 0.000
2026-03-25 09:05:14 | INFO | Irradiance State: OVERCAST
2026-03-25 09:05:14 | INFO | Temp @ 2m: 28.31 C
2026-03-25 09:05:14 | INFO | Wind @ 10m: 10.83 m/s
2026-03-25 09:05:14 | INFO | Weather State: NORMAL
2026-03-25 09:05:14 | INFO | Dynamic Thresholds: cloud_thr=0.1410, shift_thr=0.1368
2026-03-25 09:05:14 | INFO | Multipliers: irradiance=0.55x, temp=1.00x, wind=1.05x
2026-03-25 09:05:14 | INFO | Weather Multiplier (combined): 0.58x
2026-03-25 09:05:14 | INFO | Abrupt Weather Change Detected: False
2026-03-25 09:05:14 | INFO | --- TREND ANALYSIS ---
2026-03-25 09:05:14 | INFO | Trend series: INSUFFICIENT DATA
2026-03-25 09:05:14 | INFO | Detected Trend Type: FLAT
2026-03-25 09:05:14 | INFO | Trend Slope Percentage: 0.00%
2026-03-25 09:05:14 | INFO | Trend EPS Threshold: 1.50%
2026-03-25 09:05:14 | INFO | --- SCHEDULE CALCULATION ---
2026-03-25 09:05:14 | INFO | Condition Applied: SUNSET_CLAMP
2026-03-25 09:05:14 | INFO | Effective Base Forecast Used for Adjustments: 0.000 MW
2026-03-25 09:05:14 | INFO | Condition-3: NOT APPLIED for this block path
2026-03-25 09:05:14 | INFO |   Final Adjustment %: 0.00%
2026-03-25 09:05:14 | INFO |   Formula (expanded): SUNSET_CLAMP: GTI=0.000 < 0.02*MAX_GTI=18.580 => raw=0
2026-03-25 09:05:14 | INFO | --- FINAL RESULT ---
2026-03-25 09:05:14 | INFO | Raw Schedule (before smoothing): 0.000 MW
2026-03-25 09:05:14 | INFO | Final Scheduled MW: 0.000 MW
2026-03-25 09:05:14 | INFO | Previous Schedule Value: 0.000 MW
2026-03-25 09:05:14 | INFO | --------------------------------------------------------------------------------
2026-03-25 09:05:14 | INFO | UPDATE REJECTED | maxdiff=0.284 < ACCEPTANCE_MW=0.300
