2026-03-26 21:10:13 | INFO | ================================================================================
2026-03-26 21:10:13 | INFO | SCHEDULE FILE: schedule_from_30.csv
2026-03-26 21:10:13 | INFO | DATE: 2026-03-25
2026-03-26 21:10:13 | INFO | ENGINE BLOCK (Start Block): 30
2026-03-26 21:10:13 | INFO | DYNAMIC START BLOCK: 30
2026-03-26 21:10:13 | INFO | SCHEDULE REASON: custom_start
2026-03-26 21:10:13 | INFO | Generated: 2026-03-26 21:10:13
2026-03-26 21:10:13 | INFO | ================================================================================
2026-03-26 21:10:13 | INFO | BLOCK-WISE WEATHER STATE OVERVIEW
2026-03-26 21:10:13 | INFO | Block | Weather State
2026-03-26 21:10:13 | INFO | 30    | NORMAL
2026-03-26 21:10:13 | INFO | 31    | NORMAL
2026-03-26 21:10:13 | INFO | 32    | NORMAL
2026-03-26 21:10:13 | INFO | 33    | NORMAL
2026-03-26 21:10:13 | INFO | 34    | NORMAL
2026-03-26 21:10:13 | INFO | 35    | NORMAL
2026-03-26 21:10:13 | INFO | 36    | NORMAL
2026-03-26 21:10:13 | INFO | 37    | NORMAL
2026-03-26 21:10:13 | INFO | 38    | NORMAL
2026-03-26 21:10:13 | INFO | 39    | NORMAL
2026-03-26 21:10:13 | INFO | 40    | NORMAL
2026-03-26 21:10:13 | INFO | 41    | NORMAL
2026-03-26 21:10:13 | INFO | 42    | NORMAL
2026-03-26 21:10:13 | INFO | 43    | NORMAL
2026-03-26 21:10:13 | INFO | 44    | NORMAL
2026-03-26 21:10:13 | INFO | 45    | NORMAL
2026-03-26 21:10:13 | INFO | 46    | NORMAL
2026-03-26 21:10:13 | INFO | 47    | NORMAL
2026-03-26 21:10:13 | INFO | 48    | NORMAL
2026-03-26 21:10:13 | INFO | 49    | NORMAL
2026-03-26 21:10:13 | INFO | 50    | NORMAL
2026-03-26 21:10:13 | INFO | 51    | NORMAL
2026-03-26 21:10:13 | INFO | 52    | NORMAL
2026-03-26 21:10:13 | INFO | 53    | NORMAL
2026-03-26 21:10:13 | INFO | 54    | NORMAL
2026-03-26 21:10:13 | INFO | 55    | NORMAL
2026-03-26 21:10:13 | INFO | 56    | NORMAL
2026-03-26 21:10:13 | INFO | 57    | NORMAL
2026-03-26 21:10:13 | INFO | 58    | NORMAL
2026-03-26 21:10:13 | INFO | 59    | NORMAL
2026-03-26 21:10:13 | INFO | 60    | NORMAL
2026-03-26 21:10:13 | INFO | 61    | NORMAL
2026-03-26 21:10:13 | INFO | 62    | NORMAL
2026-03-26 21:10:13 | INFO | 63    | NORMAL
2026-03-26 21:10:13 | INFO | 64    | NORMAL
2026-03-26 21:10:13 | INFO | 65    | NORMAL
2026-03-26 21:10:13 | INFO | 66    | NORMAL
2026-03-26 21:10:13 | INFO | 67    | NORMAL
2026-03-26 21:10:13 | INFO | 68    | NORMAL
2026-03-26 21:10:13 | INFO | 69    | NORMAL
2026-03-26 21:10:13 | INFO | 70    | NORMAL
2026-03-26 21:10:13 | INFO | 71    | NORMAL
2026-03-26 21:10:13 | INFO | 72    | NORMAL
2026-03-26 21:10:13 | INFO | 73    | NORMAL
2026-03-26 21:10:13 | INFO | 74    | NORMAL
2026-03-26 21:10:13 | INFO | 75    | NORMAL
2026-03-26 21:10:13 | INFO | 76    | NORMAL
2026-03-26 21:10:13 | INFO | 77    | NORMAL
2026-03-26 21:10:13 | INFO | 78    | NORMAL
2026-03-26 21:10:13 | INFO | 79    | NORMAL
2026-03-26 21:10:13 | INFO | 80    | NORMAL
2026-03-26 21:10:13 | INFO | 81    | NORMAL
2026-03-26 21:10:13 | INFO | 82    | NORMAL
2026-03-26 21:10:13 | INFO | 83    | NORMAL
2026-03-26 21:10:13 | INFO | 84    | NORMAL
2026-03-26 21:10:13 | INFO | 85    | NORMAL
2026-03-26 21:10:13 | INFO | 86    | NORMAL
2026-03-26 21:10:13 | INFO | 87    | NORMAL
2026-03-26 21:10:13 | INFO | 88    | NORMAL
2026-03-26 21:10:13 | INFO | 89    | NORMAL
2026-03-26 21:10:13 | INFO | 90    | NORMAL
2026-03-26 21:10:13 | INFO | 91    | NORMAL
2026-03-26 21:10:13 | INFO | 92    | NORMAL
2026-03-26 21:10:13 | INFO | 93    | NORMAL
2026-03-26 21:10:13 | INFO | 94    | NORMAL
2026-03-26 21:10:13 | INFO | 95    | NORMAL
2026-03-26 21:10:13 | INFO | 96    | NORMAL
2026-03-26 21:10:13 | INFO | --------------------------------------------------------------------------------
2026-03-26 21:10:13 | INFO | ITERATION FORECAST CONTEXT | reason=custom_start | intraday_scaled_T=3.2900 | intraday_raw_T=3.2900
2026-03-26 21:10:13 | INFO | --------------------------------------------------------------------------------
2026-03-26 21:10:13 | INFO | BLOCK 01
2026-03-26 21:10:13 | INFO | --------------------------------------------------------------------------------
2026-03-26 21:10:13 | INFO | --- FORECAST DATA ---
2026-03-26 21:10:13 | INFO | Intraday Forecast (Enercast Raw): 0.000 MW
2026-03-26 21:10:13 | INFO | Intraday Forecast (Enercast, Scaled): 0.000 MW
2026-03-26 21:10:13 | INFO | Day-ahead Forecast (Enercast): 0.000 MW
2026-03-26 21:10:13 | INFO | Base Forecast (raw, before curtailment/shutdown): 0.000 MW
2026-03-26 21:10:13 | INFO | Base Forecast (used for schedule): 0.000 MW
2026-03-26 21:10:13 | INFO | Effective Base Forecast (after curtailment/shutdown): 0.000 MW
2026-03-26 21:10:13 | INFO | Plant Status: NORMAL
2026-03-26 21:10:13 | INFO | Effective Base Forecast = Base Forecast (raw) = 0.000 MW
2026-03-26 21:10:13 | INFO | --- WEATHER PARAMETERS ---
2026-03-26 21:10:13 | INFO | GTI: 0.0 W/m^2
2026-03-26 21:10:13 | INFO | DHI: 0.0 W/m^2
2026-03-26 21:10:13 | INFO | DNI: 0.0 W/m^2
2026-03-26 21:10:13 | INFO | Irradiance Ratio (GTI/MAX_GTI): 0.000
2026-03-26 21:10:13 | INFO | Diffuse Ratio (current): 0.000
2026-03-26 21:10:13 | INFO | Irradiance State: OVERCAST
2026-03-26 21:10:13 | INFO | Temp @ 2m: 29.48 C
2026-03-26 21:10:13 | INFO | Wind @ 10m: 10.50 m/s
2026-03-26 21:10:13 | INFO | Weather State: NORMAL
2026-03-26 21:10:13 | INFO | Dynamic Thresholds: cloud_thr=0.0000, shift_thr=0.0000
2026-03-26 21:10:13 | INFO | Multipliers: irradiance=0.24x, temp=0.92x, wind=0.96x
2026-03-26 21:10:13 | INFO | Weather Multiplier (combined): 0.21x
2026-03-26 21:10:13 | INFO | Abrupt Weather Change Detected: False
2026-03-26 21:10:13 | INFO | --- TREND ANALYSIS ---
2026-03-26 21:10:13 | INFO | Trend series: INSUFFICIENT DATA
2026-03-26 21:10:13 | INFO | Detected Trend Type: FLAT
2026-03-26 21:10:13 | INFO | Trend Slope Percentage: 0.00%
2026-03-26 21:10:13 | INFO | Trend EPS Threshold: 1.50%
2026-03-26 21:10:13 | INFO | --- SCHEDULE CALCULATION ---
2026-03-26 21:10:13 | INFO | Condition Applied: PRE_START
2026-03-26 21:10:13 | INFO | Effective Base Forecast Used for Adjustments: 0.000 MW
2026-03-26 21:10:13 | INFO | Condition-3: NOT APPLIED for this block path
2026-03-26 21:10:13 | INFO |   Final Adjustment %: 0.00%
2026-03-26 21:10:13 | INFO |   Formula (expanded): PRE_START: raw=0
2026-03-26 21:10:13 | INFO | --- FINAL RESULT ---
2026-03-26 21:10:13 | INFO | Raw Schedule (before smoothing): 0.000 MW
2026-03-26 21:10:13 | INFO | Final Scheduled MW: 0.000 MW
2026-03-26 21:10:13 | INFO | --------------------------------------------------------------------------------
2026-03-26 21:10:13 | INFO | --------------------------------------------------------------------------------
2026-03-26 21:10:13 | INFO | BLOCK 02
2026-03-26 21:10:13 | INFO | --------------------------------------------------------------------------------
2026-03-26 21:10:13 | INFO | --- FORECAST DATA ---
2026-03-26 21:10:13 | INFO | Intraday Forecast (Enercast Raw): 0.000 MW
2026-03-26 21:10:13 | INFO | Intraday Forecast (Enercast, Scaled): 0.000 MW
2026-03-26 21:10:13 | INFO | Day-ahead Forecast (Enercast): 0.000 MW
2026-03-26 21:10:13 | INFO | Base Forecast (raw, before curtailment/shutdown): 0.000 MW
2026-03-26 21:10:13 | INFO | Base Forecast (used for schedule): 0.000 MW
2026-03-26 21:10:13 | INFO | Effective Base Forecast (after curtailment/shutdown): 0.000 MW
2026-03-26 21:10:13 | INFO | Plant Status: NORMAL
2026-03-26 21:10:13 | INFO | Effective Base Forecast = Base Forecast (raw) = 0.000 MW
2026-03-26 21:10:13 | INFO | --- WEATHER PARAMETERS ---
2026-03-26 21:10:13 | INFO | GTI: 0.0 W/m^2
2026-03-26 21:10:13 | INFO | DHI: 0.0 W/m^2
2026-03-26 21:10:13 | INFO | DNI: 0.0 W/m^2
2026-03-26 21:10:13 | INFO | Irradiance Ratio (GTI/MAX_GTI): 0.000
2026-03-26 21:10:13 | INFO | Diffuse Ratio (current): 0.000
2026-03-26 21:10:13 | INFO | Irradiance State: OVERCAST
2026-03-26 21:10:13 | INFO | Temp @ 2m: 29.34 C
2026-03-26 21:10:13 | INFO | Wind @ 10m: 10.38 m/s
2026-03-26 21:10:13 | INFO | Weather State: NORMAL
2026-03-26 21:10:13 | INFO | Dynamic Thresholds: cloud_thr=0.0000, shift_thr=0.0000
2026-03-26 21:10:13 | INFO | Multipliers: irradiance=0.24x, temp=0.92x, wind=0.96x
2026-03-26 21:10:13 | INFO | Weather Multiplier (combined): 0.21x
2026-03-26 21:10:13 | INFO | Abrupt Weather Change Detected: False
2026-03-26 21:10:13 | INFO | --- TREND ANALYSIS ---
2026-03-26 21:10:13 | INFO | Trend series: INSUFFICIENT DATA
2026-03-26 21:10:13 | INFO | Detected Trend Type: FLAT
2026-03-26 21:10:13 | INFO | Trend Slope Percentage: 0.00%
2026-03-26 21:10:13 | INFO | Trend EPS Threshold: 1.50%
2026-03-26 21:10:13 | INFO | --- SCHEDULE CALCULATION ---
2026-03-26 21:10:13 | INFO | Condition Applied: PRE_START
2026-03-26 21:10:13 | INFO | Effective Base Forecast Used for Adjustments: 0.000 MW
2026-03-26 21:10:13 | INFO | Condition-3: NOT APPLIED for this block path
2026-03-26 21:10:13 | INFO |   Final Adjustment %: 0.00%
2026-03-26 21:10:13 | INFO |   Formula (expanded): PRE_START: raw=0
2026-03-26 21:10:13 | INFO | --- FINAL RESULT ---
2026-03-26 21:10:13 | INFO | Raw Schedule (before smoothing): 0.000 MW
2026-03-26 21:10:13 | INFO | Final Scheduled MW: 0.000 MW
2026-03-26 21:10:13 | INFO | --------------------------------------------------------------------------------
2026-03-26 21:10:13 | INFO | --------------------------------------------------------------------------------
2026-03-26 21:10:13 | INFO | BLOCK 03
2026-03-26 21:10:13 | INFO | --------------------------------------------------------------------------------
2026-03-26 21:10:13 | INFO | --- FORECAST DATA ---
2026-03-26 21:10:13 | INFO | Intraday Forecast (Enercast Raw): 0.000 MW
2026-03-26 21:10:13 | INFO | Intraday Forecast (Enercast, Scaled): 0.000 MW
2026-03-26 21:10:13 | INFO | Day-ahead Forecast (Enercast): 0.000 MW
2026-03-26 21:10:13 | INFO | Base Forecast (raw, before curtailment/shutdown): 0.000 MW
2026-03-26 21:10:13 | INFO | Base Forecast (used for schedule): 0.000 MW
2026-03-26 21:10:13 | INFO | Effective Base Forecast (after curtailment/shutdown): 0.000 MW
2026-03-26 21:10:13 | INFO | Plant Status: NORMAL
2026-03-26 21:10:13 | INFO | Effective Base Forecast = Base Forecast (raw) = 0.000 MW
2026-03-26 21:10:13 | INFO | --- WEATHER PARAMETERS ---
2026-03-26 21:10:13 | INFO | GTI: 0.0 W/m^2
2026-03-26 21:10:13 | INFO | DHI: 0.0 W/m^2
2026-03-26 21:10:13 | INFO | DNI: 0.0 W/m^2
2026-03-26 21:10:13 | INFO | Irradiance Ratio (GTI/MAX_GTI): 0.000
2026-03-26 21:10:13 | INFO | Diffuse Ratio (current): 0.000
2026-03-26 21:10:13 | INFO | Irradiance State: OVERCAST
2026-03-26 21:10:13 | INFO | Temp @ 2m: 29.18 C
2026-03-26 21:10:13 | INFO | Wind @ 10m: 10.23 m/s
2026-03-26 21:10:13 | INFO | Weather State: NORMAL
2026-03-26 21:10:13 | INFO | Dynamic Thresholds: cloud_thr=0.0000, shift_thr=0.0000
2026-03-26 21:10:13 | INFO | Multipliers: irradiance=0.24x, temp=0.92x, wind=0.96x
2026-03-26 21:10:13 | INFO | Weather Multiplier (combined): 0.21x
2026-03-26 21:10:13 | INFO | Abrupt Weather Change Detected: False
2026-03-26 21:10:13 | INFO | --- TREND ANALYSIS ---
2026-03-26 21:10:13 | INFO | Trend series: INSUFFICIENT DATA
2026-03-26 21:10:13 | INFO | Detected Trend Type: FLAT
2026-03-26 21:10:13 | INFO | Trend Slope Percentage: 0.00%
2026-03-26 21:10:13 | INFO | Trend EPS Threshold: 1.50%
2026-03-26 21:10:13 | INFO | --- SCHEDULE CALCULATION ---
2026-03-26 21:10:13 | INFO | Condition Applied: PRE_START
2026-03-26 21:10:13 | INFO | Effective Base Forecast Used for Adjustments: 0.000 MW
2026-03-26 21:10:13 | INFO | Condition-3: NOT APPLIED for this block path
2026-03-26 21:10:13 | INFO |   Final Adjustment %: 0.00%
2026-03-26 21:10:13 | INFO |   Formula (expanded): PRE_START: raw=0
2026-03-26 21:10:13 | INFO | --- FINAL RESULT ---
2026-03-26 21:10:13 | INFO | Raw Schedule (before smoothing): 0.000 MW
2026-03-26 21:10:13 | INFO | Final Scheduled MW: 0.000 MW
2026-03-26 21:10:13 | INFO | --------------------------------------------------------------------------------
2026-03-26 21:10:13 | INFO | --------------------------------------------------------------------------------
2026-03-26 21:10:13 | INFO | BLOCK 04
2026-03-26 21:10:13 | INFO | --------------------------------------------------------------------------------
2026-03-26 21:10:13 | INFO | --- FORECAST DATA ---
2026-03-26 21:10:13 | INFO | Intraday Forecast (Enercast Raw): 0.000 MW
2026-03-26 21:10:13 | INFO | Intraday Forecast (Enercast, Scaled): 0.000 MW
2026-03-26 21:10:13 | INFO | Day-ahead Forecast (Enercast): 0.000 MW
2026-03-26 21:10:13 | INFO | Base Forecast (raw, before curtailment/shutdown): 0.000 MW
2026-03-26 21:10:13 | INFO | Base Forecast (used for schedule): 0.000 MW
2026-03-26 21:10:13 | INFO | Effective Base Forecast (after curtailment/shutdown): 0.000 MW
2026-03-26 21:10:13 | INFO | Plant Status: NORMAL
2026-03-26 21:10:13 | INFO | Effective Base Forecast = Base Forecast (raw) = 0.000 MW
2026-03-26 21:10:13 | INFO | --- WEATHER PARAMETERS ---
2026-03-26 21:10:13 | INFO | GTI: 0.0 W/m^2
2026-03-26 21:10:13 | INFO | DHI: 0.0 W/m^2
2026-03-26 21:10:13 | INFO | DNI: 0.0 W/m^2
2026-03-26 21:10:13 | INFO | Irradiance Ratio (GTI/MAX_GTI): 0.000
2026-03-26 21:10:13 | INFO | Diffuse Ratio (current): 0.000
2026-03-26 21:10:13 | INFO | Irradiance State: OVERCAST
2026-03-26 21:10:13 | INFO | Temp @ 2m: 29.04 C
2026-03-26 21:10:13 | INFO | Wind @ 10m: 9.96 m/s
2026-03-26 21:10:13 | INFO | Weather State: NORMAL
2026-03-26 21:10:13 | INFO | Dynamic Thresholds: cloud_thr=0.0000, shift_thr=0.0000
2026-03-26 21:10:13 | INFO | Multipliers: irradiance=0.24x, temp=0.92x, wind=0.96x
2026-03-26 21:10:13 | INFO | Weather Multiplier (combined): 0.21x
2026-03-26 21:10:13 | INFO | Abrupt Weather Change Detected: False
2026-03-26 21:10:13 | INFO | --- TREND ANALYSIS ---
2026-03-26 21:10:13 | INFO | Trend series: INSUFFICIENT DATA
2026-03-26 21:10:13 | INFO | Detected Trend Type: FLAT
2026-03-26 21:10:13 | INFO | Trend Slope Percentage: 0.00%
2026-03-26 21:10:13 | INFO | Trend EPS Threshold: 1.50%
2026-03-26 21:10:13 | INFO | --- SCHEDULE CALCULATION ---
2026-03-26 21:10:13 | INFO | Condition Applied: PRE_START
2026-03-26 21:10:13 | INFO | Effective Base Forecast Used for Adjustments: 0.000 MW
2026-03-26 21:10:13 | INFO | Condition-3: NOT APPLIED for this block path
2026-03-26 21:10:13 | INFO |   Final Adjustment %: 0.00%
2026-03-26 21:10:13 | INFO |   Formula (expanded): PRE_START: raw=0
2026-03-26 21:10:13 | INFO | --- FINAL RESULT ---
2026-03-26 21:10:13 | INFO | Raw Schedule (before smoothing): 0.000 MW
2026-03-26 21:10:13 | INFO | Final Scheduled MW: 0.000 MW
2026-03-26 21:10:13 | INFO | --------------------------------------------------------------------------------
2026-03-26 21:10:13 | INFO | --------------------------------------------------------------------------------
2026-03-26 21:10:13 | INFO | BLOCK 05
2026-03-26 21:10:13 | INFO | --------------------------------------------------------------------------------
2026-03-26 21:10:13 | INFO | --- FORECAST DATA ---
2026-03-26 21:10:13 | INFO | Intraday Forecast (Enercast Raw): 0.000 MW
2026-03-26 21:10:13 | INFO | Intraday Forecast (Enercast, Scaled): 0.000 MW
2026-03-26 21:10:13 | INFO | Day-ahead Forecast (Enercast): 0.000 MW
2026-03-26 21:10:13 | INFO | Base Forecast (raw, before curtailment/shutdown): 0.000 MW
2026-03-26 21:10:13 | INFO | Base Forecast (used for schedule): 0.000 MW
2026-03-26 21:10:13 | INFO | Effective Base Forecast (after curtailment/shutdown): 0.000 MW
2026-03-26 21:10:13 | INFO | Plant Status: NORMAL
2026-03-26 21:10:13 | INFO | Effective Base Forecast = Base Forecast (raw) = 0.000 MW
2026-03-26 21:10:13 | INFO | --- WEATHER PARAMETERS ---
2026-03-26 21:10:13 | INFO | GTI: 0.0 W/m^2
2026-03-26 21:10:13 | INFO | DHI: 0.0 W/m^2
2026-03-26 21:10:13 | INFO | DNI: 0.0 W/m^2
2026-03-26 21:10:13 | INFO | Irradiance Ratio (GTI/MAX_GTI): 0.000
2026-03-26 21:10:13 | INFO | Diffuse Ratio (current): 0.000
2026-03-26 21:10:13 | INFO | Irradiance State: OVERCAST
2026-03-26 21:10:13 | INFO | Temp @ 2m: 28.89 C
2026-03-26 21:10:13 | INFO | Wind @ 10m: 10.00 m/s
2026-03-26 21:10:13 | INFO | Weather State: NORMAL
2026-03-26 21:10:13 | INFO | Dynamic Thresholds: cloud_thr=0.0000, shift_thr=0.0000
2026-03-26 21:10:13 | INFO | Multipliers: irradiance=0.24x, temp=0.92x, wind=0.96x
2026-03-26 21:10:13 | INFO | Weather Multiplier (combined): 0.21x
2026-03-26 21:10:13 | INFO | Abrupt Weather Change Detected: False
2026-03-26 21:10:13 | INFO | --- TREND ANALYSIS ---
2026-03-26 21:10:13 | INFO | Trend series: INSUFFICIENT DATA
2026-03-26 21:10:13 | INFO | Detected Trend Type: FLAT
2026-03-26 21:10:13 | INFO | Trend Slope Percentage: 0.00%
2026-03-26 21:10:13 | INFO | Trend EPS Threshold: 1.50%
2026-03-26 21:10:13 | INFO | --- SCHEDULE CALCULATION ---
2026-03-26 21:10:13 | INFO | Condition Applied: PRE_START
2026-03-26 21:10:13 | INFO | Effective Base Forecast Used for Adjustments: 0.000 MW
2026-03-26 21:10:13 | INFO | Condition-3: NOT APPLIED for this block path
2026-03-26 21:10:13 | INFO |   Final Adjustment %: 0.00%
2026-03-26 21:10:13 | INFO |   Formula (expanded): PRE_START: raw=0
2026-03-26 21:10:13 | INFO | --- FINAL RESULT ---
2026-03-26 21:10:13 | INFO | Raw Schedule (before smoothing): 0.000 MW
2026-03-26 21:10:13 | INFO | Final Scheduled MW: 0.000 MW
2026-03-26 21:10:13 | INFO | --------------------------------------------------------------------------------
2026-03-26 21:10:13 | INFO | --------------------------------------------------------------------------------
2026-03-26 21:10:13 | INFO | BLOCK 06
2026-03-26 21:10:13 | INFO | --------------------------------------------------------------------------------
2026-03-26 21:10:13 | INFO | --- FORECAST DATA ---
2026-03-26 21:10:13 | INFO | Intraday Forecast (Enercast Raw): 0.000 MW
2026-03-26 21:10:13 | INFO | Intraday Forecast (Enercast, Scaled): 0.000 MW
2026-03-26 21:10:13 | INFO | Day-ahead Forecast (Enercast): 0.000 MW
2026-03-26 21:10:13 | INFO | Base Forecast (raw, before curtailment/shutdown): 0.000 MW
2026-03-26 21:10:13 | INFO | Base Forecast (used for schedule): 0.000 MW
2026-03-26 21:10:13 | INFO | Effective Base Forecast (after curtailment/shutdown): 0.000 MW
2026-03-26 21:10:13 | INFO | Plant Status: NORMAL
2026-03-26 21:10:13 | INFO | Effective Base Forecast = Base Forecast (raw) = 0.000 MW
2026-03-26 21:10:13 | INFO | --- WEATHER PARAMETERS ---
2026-03-26 21:10:13 | INFO | GTI: 0.0 W/m^2
2026-03-26 21:10:13 | INFO | DHI: 0.0 W/m^2
2026-03-26 21:10:13 | INFO | DNI: 0.0 W/m^2
2026-03-26 21:10:13 | INFO | Irradiance Ratio (GTI/MAX_GTI): 0.000
2026-03-26 21:10:13 | INFO | Diffuse Ratio (current): 0.000
2026-03-26 21:10:13 | INFO | Irradiance State: OVERCAST
2026-03-26 21:10:13 | INFO | Temp @ 2m: 28.73 C
2026-03-26 21:10:13 | INFO | Wind @ 10m: 10.59 m/s
2026-03-26 21:10:13 | INFO | Weather State: NORMAL
2026-03-26 21:10:13 | INFO | Dynamic Thresholds: cloud_thr=0.0000, shift_thr=0.0000
2026-03-26 21:10:13 | INFO | Multipliers: irradiance=0.24x, temp=0.92x, wind=0.96x
2026-03-26 21:10:13 | INFO | Weather Multiplier (combined): 0.21x
2026-03-26 21:10:13 | INFO | Abrupt Weather Change Detected: False
2026-03-26 21:10:13 | INFO | --- TREND ANALYSIS ---
2026-03-26 21:10:13 | INFO | Trend series: INSUFFICIENT DATA
2026-03-26 21:10:13 | INFO | Detected Trend Type: FLAT
2026-03-26 21:10:13 | INFO | Trend Slope Percentage: 0.00%
2026-03-26 21:10:13 | INFO | Trend EPS Threshold: 1.50%
2026-03-26 21:10:13 | INFO | --- SCHEDULE CALCULATION ---
2026-03-26 21:10:13 | INFO | Condition Applied: PRE_START
2026-03-26 21:10:13 | INFO | Effective Base Forecast Used for Adjustments: 0.000 MW
2026-03-26 21:10:13 | INFO | Condition-3: NOT APPLIED for this block path
2026-03-26 21:10:13 | INFO |   Final Adjustment %: 0.00%
2026-03-26 21:10:13 | INFO |   Formula (expanded): PRE_START: raw=0
2026-03-26 21:10:13 | INFO | --- FINAL RESULT ---
2026-03-26 21:10:13 | INFO | Raw Schedule (before smoothing): 0.000 MW
2026-03-26 21:10:13 | INFO | Final Scheduled MW: 0.000 MW
2026-03-26 21:10:13 | INFO | --------------------------------------------------------------------------------
2026-03-26 21:10:13 | INFO | --------------------------------------------------------------------------------
2026-03-26 21:10:13 | INFO | BLOCK 07
2026-03-26 21:10:13 | INFO | --------------------------------------------------------------------------------
2026-03-26 21:10:13 | INFO | --- FORECAST DATA ---
2026-03-26 21:10:13 | INFO | Intraday Forecast (Enercast Raw): 0.000 MW
2026-03-26 21:10:13 | INFO | Intraday Forecast (Enercast, Scaled): 0.000 MW
2026-03-26 21:10:13 | INFO | Day-ahead Forecast (Enercast): 0.000 MW
2026-03-26 21:10:13 | INFO | Base Forecast (raw, before curtailment/shutdown): 0.000 MW
2026-03-26 21:10:13 | INFO | Base Forecast (used for schedule): 0.000 MW
2026-03-26 21:10:13 | INFO | Effective Base Forecast (after curtailment/shutdown): 0.000 MW
2026-03-26 21:10:13 | INFO | Plant Status: NORMAL
2026-03-26 21:10:13 | INFO | Effective Base Forecast = Base Forecast (raw) = 0.000 MW
2026-03-26 21:10:13 | INFO | --- WEATHER PARAMETERS ---
2026-03-26 21:10:13 | INFO | GTI: 0.0 W/m^2
2026-03-26 21:10:13 | INFO | DHI: 0.0 W/m^2
2026-03-26 21:10:13 | INFO | DNI: 0.0 W/m^2
2026-03-26 21:10:13 | INFO | Irradiance Ratio (GTI/MAX_GTI): 0.000
2026-03-26 21:10:13 | INFO | Diffuse Ratio (current): 0.000
2026-03-26 21:10:13 | INFO | Irradiance State: OVERCAST
2026-03-26 21:10:13 | INFO | Temp @ 2m: 28.59 C
2026-03-26 21:10:13 | INFO | Wind @ 10m: 10.59 m/s
2026-03-26 21:10:13 | INFO | Weather State: NORMAL
2026-03-26 21:10:13 | INFO | Dynamic Thresholds: cloud_thr=0.0000, shift_thr=0.0000
2026-03-26 21:10:13 | INFO | Multipliers: irradiance=0.24x, temp=0.92x, wind=0.96x
2026-03-26 21:10:13 | INFO | Weather Multiplier (combined): 0.21x
2026-03-26 21:10:13 | INFO | Abrupt Weather Change Detected: False
2026-03-26 21:10:13 | INFO | --- TREND ANALYSIS ---
2026-03-26 21:10:13 | INFO | Trend series: INSUFFICIENT DATA
2026-03-26 21:10:13 | INFO | Detected Trend Type: FLAT
2026-03-26 21:10:13 | INFO | Trend Slope Percentage: 0.00%
2026-03-26 21:10:13 | INFO | Trend EPS Threshold: 1.50%
2026-03-26 21:10:13 | INFO | --- SCHEDULE CALCULATION ---
2026-03-26 21:10:13 | INFO | Condition Applied: PRE_START
2026-03-26 21:10:13 | INFO | Effective Base Forecast Used for Adjustments: 0.000 MW
2026-03-26 21:10:13 | INFO | Condition-3: NOT APPLIED for this block path
2026-03-26 21:10:13 | INFO |   Final Adjustment %: 0.00%
2026-03-26 21:10:13 | INFO |   Formula (expanded): PRE_START: raw=0
2026-03-26 21:10:13 | INFO | --- FINAL RESULT ---
2026-03-26 21:10:13 | INFO | Raw Schedule (before smoothing): 0.000 MW
2026-03-26 21:10:13 | INFO | Final Scheduled MW: 0.000 MW
2026-03-26 21:10:13 | INFO | --------------------------------------------------------------------------------
2026-03-26 21:10:13 | INFO | --------------------------------------------------------------------------------
2026-03-26 21:10:13 | INFO | BLOCK 08
2026-03-26 21:10:13 | INFO | --------------------------------------------------------------------------------
2026-03-26 21:10:13 | INFO | --- FORECAST DATA ---
2026-03-26 21:10:13 | INFO | Intraday Forecast (Enercast Raw): 0.000 MW
2026-03-26 21:10:13 | INFO | Intraday Forecast (Enercast, Scaled): 0.000 MW
2026-03-26 21:10:13 | INFO | Day-ahead Forecast (Enercast): 0.000 MW
2026-03-26 21:10:13 | INFO | Base Forecast (raw, before curtailment/shutdown): 0.000 MW
2026-03-26 21:10:13 | INFO | Base Forecast (used for schedule): 0.000 MW
2026-03-26 21:10:13 | INFO | Effective Base Forecast (after curtailment/shutdown): 0.000 MW
2026-03-26 21:10:13 | INFO | Plant Status: NORMAL
2026-03-26 21:10:13 | INFO | Effective Base Forecast = Base Forecast (raw) = 0.000 MW
2026-03-26 21:10:13 | INFO | --- WEATHER PARAMETERS ---
2026-03-26 21:10:13 | INFO | GTI: 0.0 W/m^2
2026-03-26 21:10:13 | INFO | DHI: 0.0 W/m^2
2026-03-26 21:10:13 | INFO | DNI: 0.0 W/m^2
2026-03-26 21:10:13 | INFO | Irradiance Ratio (GTI/MAX_GTI): 0.000
2026-03-26 21:10:13 | INFO | Diffuse Ratio (current): 0.000
2026-03-26 21:10:13 | INFO | Irradiance State: OVERCAST
2026-03-26 21:10:13 | INFO | Temp @ 2m: 28.39 C
2026-03-26 21:10:13 | INFO | Wind @ 10m: 10.09 m/s
2026-03-26 21:10:13 | INFO | Weather State: NORMAL
2026-03-26 21:10:13 | INFO | Dynamic Thresholds: cloud_thr=0.0000, shift_thr=0.0000
2026-03-26 21:10:13 | INFO | Multipliers: irradiance=0.24x, temp=0.92x, wind=0.96x
2026-03-26 21:10:13 | INFO | Weather Multiplier (combined): 0.21x
2026-03-26 21:10:13 | INFO | Abrupt Weather Change Detected: False
2026-03-26 21:10:13 | INFO | --- TREND ANALYSIS ---
2026-03-26 21:10:13 | INFO | Trend series: INSUFFICIENT DATA
2026-03-26 21:10:13 | INFO | Detected Trend Type: FLAT
2026-03-26 21:10:13 | INFO | Trend Slope Percentage: 0.00%
2026-03-26 21:10:13 | INFO | Trend EPS Threshold: 1.50%
2026-03-26 21:10:13 | INFO | --- SCHEDULE CALCULATION ---
2026-03-26 21:10:13 | INFO | Condition Applied: PRE_START
2026-03-26 21:10:13 | INFO | Effective Base Forecast Used for Adjustments: 0.000 MW
2026-03-26 21:10:13 | INFO | Condition-3: NOT APPLIED for this block path
2026-03-26 21:10:13 | INFO |   Final Adjustment %: 0.00%
2026-03-26 21:10:13 | INFO |   Formula (expanded): PRE_START: raw=0
2026-03-26 21:10:13 | INFO | --- FINAL RESULT ---
2026-03-26 21:10:13 | INFO | Raw Schedule (before smoothing): 0.000 MW
2026-03-26 21:10:13 | INFO | Final Scheduled MW: 0.000 MW
2026-03-26 21:10:13 | INFO | --------------------------------------------------------------------------------
2026-03-26 21:10:13 | INFO | --------------------------------------------------------------------------------
2026-03-26 21:10:13 | INFO | BLOCK 09
2026-03-26 21:10:13 | INFO | --------------------------------------------------------------------------------
2026-03-26 21:10:13 | INFO | --- FORECAST DATA ---
2026-03-26 21:10:13 | INFO | Intraday Forecast (Enercast Raw): 0.000 MW
2026-03-26 21:10:13 | INFO | Intraday Forecast (Enercast, Scaled): 0.000 MW
2026-03-26 21:10:13 | INFO | Day-ahead Forecast (Enercast): 0.000 MW
2026-03-26 21:10:13 | INFO | Base Forecast (raw, before curtailment/shutdown): 0.000 MW
2026-03-26 21:10:13 | INFO | Base Forecast (used for schedule): 0.000 MW
2026-03-26 21:10:13 | INFO | Effective Base Forecast (after curtailment/shutdown): 0.000 MW
2026-03-26 21:10:13 | INFO | Plant Status: NORMAL
2026-03-26 21:10:13 | INFO | Effective Base Forecast = Base Forecast (raw) = 0.000 MW
2026-03-26 21:10:13 | INFO | --- WEATHER PARAMETERS ---
2026-03-26 21:10:13 | INFO | GTI: 0.0 W/m^2
2026-03-26 21:10:13 | INFO | DHI: 0.0 W/m^2
2026-03-26 21:10:13 | INFO | DNI: 0.0 W/m^2
2026-03-26 21:10:13 | INFO | Irradiance Ratio (GTI/MAX_GTI): 0.000
2026-03-26 21:10:13 | INFO | Diffuse Ratio (current): 0.000
2026-03-26 21:10:13 | INFO | Irradiance State: OVERCAST
2026-03-26 21:10:13 | INFO | Temp @ 2m: 28.18 C
2026-03-26 21:10:13 | INFO | Wind @ 10m: 9.47 m/s
2026-03-26 21:10:13 | INFO | Weather State: NORMAL
2026-03-26 21:10:13 | INFO | Dynamic Thresholds: cloud_thr=0.0000, shift_thr=0.0000
2026-03-26 21:10:13 | INFO | Multipliers: irradiance=0.24x, temp=0.92x, wind=0.96x
2026-03-26 21:10:13 | INFO | Weather Multiplier (combined): 0.21x
2026-03-26 21:10:13 | INFO | Abrupt Weather Change Detected: False
2026-03-26 21:10:13 | INFO | --- TREND ANALYSIS ---
2026-03-26 21:10:13 | INFO | Trend series: INSUFFICIENT DATA
2026-03-26 21:10:13 | INFO | Detected Trend Type: FLAT
2026-03-26 21:10:13 | INFO | Trend Slope Percentage: 0.00%
2026-03-26 21:10:13 | INFO | Trend EPS Threshold: 1.50%
2026-03-26 21:10:13 | INFO | --- SCHEDULE CALCULATION ---
2026-03-26 21:10:13 | INFO | Condition Applied: PRE_START
2026-03-26 21:10:13 | INFO | Effective Base Forecast Used for Adjustments: 0.000 MW
2026-03-26 21:10:13 | INFO | Condition-3: NOT APPLIED for this block path
2026-03-26 21:10:13 | INFO |   Final Adjustment %: 0.00%
2026-03-26 21:10:13 | INFO |   Formula (expanded): PRE_START: raw=0
2026-03-26 21:10:13 | INFO | --- FINAL RESULT ---
2026-03-26 21:10:13 | INFO | Raw Schedule (before smoothing): 0.000 MW
2026-03-26 21:10:13 | INFO | Final Scheduled MW: 0.000 MW
2026-03-26 21:10:13 | INFO | --------------------------------------------------------------------------------
2026-03-26 21:10:13 | INFO | --------------------------------------------------------------------------------
2026-03-26 21:10:13 | INFO | BLOCK 10
2026-03-26 21:10:13 | INFO | --------------------------------------------------------------------------------
2026-03-26 21:10:13 | INFO | --- FORECAST DATA ---
2026-03-26 21:10:13 | INFO | Intraday Forecast (Enercast Raw): 0.000 MW
2026-03-26 21:10:13 | INFO | Intraday Forecast (Enercast, Scaled): 0.000 MW
2026-03-26 21:10:13 | INFO | Day-ahead Forecast (Enercast): 0.000 MW
2026-03-26 21:10:13 | INFO | Base Forecast (raw, before curtailment/shutdown): 0.000 MW
2026-03-26 21:10:13 | INFO | Base Forecast (used for schedule): 0.000 MW
2026-03-26 21:10:13 | INFO | Effective Base Forecast (after curtailment/shutdown): 0.000 MW
2026-03-26 21:10:13 | INFO | Plant Status: NORMAL
2026-03-26 21:10:13 | INFO | Effective Base Forecast = Base Forecast (raw) = 0.000 MW
2026-03-26 21:10:13 | INFO | --- WEATHER PARAMETERS ---
2026-03-26 21:10:13 | INFO | GTI: 0.0 W/m^2
2026-03-26 21:10:13 | INFO | DHI: 0.0 W/m^2
2026-03-26 21:10:13 | INFO | DNI: 0.0 W/m^2
2026-03-26 21:10:13 | INFO | Irradiance Ratio (GTI/MAX_GTI): 0.000
2026-03-26 21:10:13 | INFO | Diffuse Ratio (current): 0.000
2026-03-26 21:10:13 | INFO | Irradiance State: OVERCAST
2026-03-26 21:10:13 | INFO | Temp @ 2m: 28.04 C
2026-03-26 21:10:13 | INFO | Wind @ 10m: 8.31 m/s
2026-03-26 21:10:13 | INFO | Weather State: NORMAL
2026-03-26 21:10:13 | INFO | Dynamic Thresholds: cloud_thr=0.0000, shift_thr=0.0000
2026-03-26 21:10:13 | INFO | Multipliers: irradiance=0.24x, temp=0.92x, wind=0.96x
2026-03-26 21:10:13 | INFO | Weather Multiplier (combined): 0.21x
2026-03-26 21:10:13 | INFO | Abrupt Weather Change Detected: False
2026-03-26 21:10:13 | INFO | --- TREND ANALYSIS ---
2026-03-26 21:10:13 | INFO | Trend series: INSUFFICIENT DATA
2026-03-26 21:10:13 | INFO | Detected Trend Type: FLAT
2026-03-26 21:10:13 | INFO | Trend Slope Percentage: 0.00%
2026-03-26 21:10:13 | INFO | Trend EPS Threshold: 1.50%
2026-03-26 21:10:13 | INFO | --- SCHEDULE CALCULATION ---
2026-03-26 21:10:13 | INFO | Condition Applied: PRE_START
2026-03-26 21:10:13 | INFO | Effective Base Forecast Used for Adjustments: 0.000 MW
2026-03-26 21:10:13 | INFO | Condition-3: NOT APPLIED for this block path
2026-03-26 21:10:13 | INFO |   Final Adjustment %: 0.00%
2026-03-26 21:10:13 | INFO |   Formula (expanded): PRE_START: raw=0
2026-03-26 21:10:13 | INFO | --- FINAL RESULT ---
2026-03-26 21:10:13 | INFO | Raw Schedule (before smoothing): 0.000 MW
2026-03-26 21:10:13 | INFO | Final Scheduled MW: 0.000 MW
2026-03-26 21:10:13 | INFO | --------------------------------------------------------------------------------
2026-03-26 21:10:13 | INFO | --------------------------------------------------------------------------------
2026-03-26 21:10:13 | INFO | BLOCK 11
2026-03-26 21:10:13 | INFO | --------------------------------------------------------------------------------
2026-03-26 21:10:13 | INFO | --- FORECAST DATA ---
2026-03-26 21:10:13 | INFO | Intraday Forecast (Enercast Raw): 0.000 MW
2026-03-26 21:10:13 | INFO | Intraday Forecast (Enercast, Scaled): 0.000 MW
2026-03-26 21:10:13 | INFO | Day-ahead Forecast (Enercast): 0.000 MW
2026-03-26 21:10:13 | INFO | Base Forecast (raw, before curtailment/shutdown): 0.000 MW
2026-03-26 21:10:13 | INFO | Base Forecast (used for schedule): 0.000 MW
2026-03-26 21:10:13 | INFO | Effective Base Forecast (after curtailment/shutdown): 0.000 MW
2026-03-26 21:10:13 | INFO | Plant Status: NORMAL
2026-03-26 21:10:13 | INFO | Effective Base Forecast = Base Forecast (raw) = 0.000 MW
2026-03-26 21:10:13 | INFO | --- WEATHER PARAMETERS ---
2026-03-26 21:10:13 | INFO | GTI: 0.0 W/m^2
2026-03-26 21:10:13 | INFO | DHI: 0.0 W/m^2
2026-03-26 21:10:13 | INFO | DNI: 0.0 W/m^2
2026-03-26 21:10:13 | INFO | Irradiance Ratio (GTI/MAX_GTI): 0.000
2026-03-26 21:10:13 | INFO | Diffuse Ratio (current): 0.000
2026-03-26 21:10:13 | INFO | Irradiance State: OVERCAST
2026-03-26 21:10:13 | INFO | Temp @ 2m: 27.89 C
2026-03-26 21:10:13 | INFO | Wind @ 10m: 7.10 m/s
2026-03-26 21:10:13 | INFO | Weather State: NORMAL
2026-03-26 21:10:13 | INFO | Dynamic Thresholds: cloud_thr=0.0000, shift_thr=0.0000
2026-03-26 21:10:13 | INFO | Multipliers: irradiance=0.24x, temp=0.92x, wind=0.96x
2026-03-26 21:10:13 | INFO | Weather Multiplier (combined): 0.21x
2026-03-26 21:10:13 | INFO | Abrupt Weather Change Detected: False
2026-03-26 21:10:13 | INFO | --- TREND ANALYSIS ---
2026-03-26 21:10:13 | INFO | Trend series: INSUFFICIENT DATA
2026-03-26 21:10:13 | INFO | Detected Trend Type: FLAT
2026-03-26 21:10:13 | INFO | Trend Slope Percentage: 0.00%
2026-03-26 21:10:13 | INFO | Trend EPS Threshold: 1.50%
2026-03-26 21:10:13 | INFO | --- SCHEDULE CALCULATION ---
2026-03-26 21:10:13 | INFO | Condition Applied: PRE_START
2026-03-26 21:10:13 | INFO | Effective Base Forecast Used for Adjustments: 0.000 MW
2026-03-26 21:10:13 | INFO | Condition-3: NOT APPLIED for this block path
2026-03-26 21:10:13 | INFO |   Final Adjustment %: 0.00%
2026-03-26 21:10:13 | INFO |   Formula (expanded): PRE_START: raw=0
2026-03-26 21:10:13 | INFO | --- FINAL RESULT ---
2026-03-26 21:10:13 | INFO | Raw Schedule (before smoothing): 0.000 MW
2026-03-26 21:10:13 | INFO | Final Scheduled MW: 0.000 MW
2026-03-26 21:10:13 | INFO | --------------------------------------------------------------------------------
2026-03-26 21:10:13 | INFO | --------------------------------------------------------------------------------
2026-03-26 21:10:13 | INFO | BLOCK 12
2026-03-26 21:10:13 | INFO | --------------------------------------------------------------------------------
2026-03-26 21:10:13 | INFO | --- FORECAST DATA ---
2026-03-26 21:10:13 | INFO | Intraday Forecast (Enercast Raw): 0.000 MW
2026-03-26 21:10:13 | INFO | Intraday Forecast (Enercast, Scaled): 0.000 MW
2026-03-26 21:10:13 | INFO | Day-ahead Forecast (Enercast): 0.000 MW
2026-03-26 21:10:13 | INFO | Base Forecast (raw, before curtailment/shutdown): 0.000 MW
2026-03-26 21:10:13 | INFO | Base Forecast (used for schedule): 0.000 MW
2026-03-26 21:10:13 | INFO | Effective Base Forecast (after curtailment/shutdown): 0.000 MW
2026-03-26 21:10:13 | INFO | Plant Status: NORMAL
2026-03-26 21:10:13 | INFO | Effective Base Forecast = Base Forecast (raw) = 0.000 MW
2026-03-26 21:10:13 | INFO | --- WEATHER PARAMETERS ---
2026-03-26 21:10:13 | INFO | GTI: 0.0 W/m^2
2026-03-26 21:10:13 | INFO | DHI: 0.0 W/m^2
2026-03-26 21:10:13 | INFO | DNI: 0.0 W/m^2
2026-03-26 21:10:13 | INFO | Irradiance Ratio (GTI/MAX_GTI): 0.000
2026-03-26 21:10:13 | INFO | Diffuse Ratio (current): 0.000
2026-03-26 21:10:13 | INFO | Irradiance State: OVERCAST
2026-03-26 21:10:13 | INFO | Temp @ 2m: 27.84 C
2026-03-26 21:10:13 | INFO | Wind @ 10m: 5.12 m/s
2026-03-26 21:10:13 | INFO | Weather State: NORMAL
2026-03-26 21:10:13 | INFO | Dynamic Thresholds: cloud_thr=0.0000, shift_thr=0.0000
2026-03-26 21:10:13 | INFO | Multipliers: irradiance=0.24x, temp=0.92x, wind=0.96x
2026-03-26 21:10:13 | INFO | Weather Multiplier (combined): 0.21x
2026-03-26 21:10:13 | INFO | Abrupt Weather Change Detected: False
2026-03-26 21:10:13 | INFO | --- TREND ANALYSIS ---
2026-03-26 21:10:13 | INFO | Trend series: INSUFFICIENT DATA
2026-03-26 21:10:13 | INFO | Detected Trend Type: FLAT
2026-03-26 21:10:13 | INFO | Trend Slope Percentage: 0.00%
2026-03-26 21:10:13 | INFO | Trend EPS Threshold: 1.50%
2026-03-26 21:10:13 | INFO | --- SCHEDULE CALCULATION ---
2026-03-26 21:10:13 | INFO | Condition Applied: PRE_START
2026-03-26 21:10:13 | INFO | Effective Base Forecast Used for Adjustments: 0.000 MW
2026-03-26 21:10:13 | INFO | Condition-3: NOT APPLIED for this block path
2026-03-26 21:10:13 | INFO |   Final Adjustment %: 0.00%
2026-03-26 21:10:13 | INFO |   Formula (expanded): PRE_START: raw=0
2026-03-26 21:10:13 | INFO | --- FINAL RESULT ---
2026-03-26 21:10:13 | INFO | Raw Schedule (before smoothing): 0.000 MW
2026-03-26 21:10:13 | INFO | Final Scheduled MW: 0.000 MW
2026-03-26 21:10:13 | INFO | --------------------------------------------------------------------------------
2026-03-26 21:10:13 | INFO | --------------------------------------------------------------------------------
2026-03-26 21:10:13 | INFO | BLOCK 13
2026-03-26 21:10:13 | INFO | --------------------------------------------------------------------------------
2026-03-26 21:10:13 | INFO | --- FORECAST DATA ---
2026-03-26 21:10:13 | INFO | Intraday Forecast (Enercast Raw): 0.000 MW
2026-03-26 21:10:13 | INFO | Intraday Forecast (Enercast, Scaled): 0.000 MW
2026-03-26 21:10:13 | INFO | Day-ahead Forecast (Enercast): 0.000 MW
2026-03-26 21:10:13 | INFO | Base Forecast (raw, before curtailment/shutdown): 0.000 MW
2026-03-26 21:10:13 | INFO | Base Forecast (used for schedule): 0.000 MW
2026-03-26 21:10:13 | INFO | Effective Base Forecast (after curtailment/shutdown): 0.000 MW
2026-03-26 21:10:13 | INFO | Plant Status: NORMAL
2026-03-26 21:10:13 | INFO | Effective Base Forecast = Base Forecast (raw) = 0.000 MW
2026-03-26 21:10:13 | INFO | --- WEATHER PARAMETERS ---
2026-03-26 21:10:13 | INFO | GTI: 0.0 W/m^2
2026-03-26 21:10:13 | INFO | DHI: 0.0 W/m^2
2026-03-26 21:10:13 | INFO | DNI: 0.0 W/m^2
2026-03-26 21:10:13 | INFO | Irradiance Ratio (GTI/MAX_GTI): 0.000
2026-03-26 21:10:13 | INFO | Diffuse Ratio (current): 0.000
2026-03-26 21:10:13 | INFO | Irradiance State: OVERCAST
2026-03-26 21:10:13 | INFO | Temp @ 2m: 27.84 C
2026-03-26 21:10:13 | INFO | Wind @ 10m: 4.02 m/s
2026-03-26 21:10:13 | INFO | Weather State: NORMAL
2026-03-26 21:10:13 | INFO | Dynamic Thresholds: cloud_thr=0.0000, shift_thr=0.0000
2026-03-26 21:10:13 | INFO | Multipliers: irradiance=0.24x, temp=0.92x, wind=0.93x
2026-03-26 21:10:13 | INFO | Weather Multiplier (combined): 0.21x
2026-03-26 21:10:13 | INFO | Abrupt Weather Change Detected: False
2026-03-26 21:10:13 | INFO | --- TREND ANALYSIS ---
2026-03-26 21:10:13 | INFO | Trend series: INSUFFICIENT DATA
2026-03-26 21:10:13 | INFO | Detected Trend Type: FLAT
2026-03-26 21:10:13 | INFO | Trend Slope Percentage: 0.00%
2026-03-26 21:10:13 | INFO | Trend EPS Threshold: 1.50%
2026-03-26 21:10:13 | INFO | --- SCHEDULE CALCULATION ---
2026-03-26 21:10:13 | INFO | Condition Applied: PRE_START
2026-03-26 21:10:13 | INFO | Effective Base Forecast Used for Adjustments: 0.000 MW
2026-03-26 21:10:13 | INFO | Condition-3: NOT APPLIED for this block path
2026-03-26 21:10:13 | INFO |   Final Adjustment %: 0.00%
2026-03-26 21:10:13 | INFO |   Formula (expanded): PRE_START: raw=0
2026-03-26 21:10:13 | INFO | --- FINAL RESULT ---
2026-03-26 21:10:13 | INFO | Raw Schedule (before smoothing): 0.000 MW
2026-03-26 21:10:13 | INFO | Final Scheduled MW: 0.000 MW
2026-03-26 21:10:13 | INFO | --------------------------------------------------------------------------------
2026-03-26 21:10:13 | INFO | --------------------------------------------------------------------------------
2026-03-26 21:10:13 | INFO | BLOCK 14
2026-03-26 21:10:13 | INFO | --------------------------------------------------------------------------------
2026-03-26 21:10:13 | INFO | --- FORECAST DATA ---
2026-03-26 21:10:13 | INFO | Intraday Forecast (Enercast Raw): 0.000 MW
2026-03-26 21:10:13 | INFO | Intraday Forecast (Enercast, Scaled): 0.000 MW
2026-03-26 21:10:13 | INFO | Day-ahead Forecast (Enercast): 0.000 MW
2026-03-26 21:10:13 | INFO | Base Forecast (raw, before curtailment/shutdown): 0.000 MW
2026-03-26 21:10:13 | INFO | Base Forecast (used for schedule): 0.000 MW
2026-03-26 21:10:13 | INFO | Effective Base Forecast (after curtailment/shutdown): 0.000 MW
2026-03-26 21:10:13 | INFO | Plant Status: NORMAL
2026-03-26 21:10:13 | INFO | Effective Base Forecast = Base Forecast (raw) = 0.000 MW
2026-03-26 21:10:13 | INFO | --- WEATHER PARAMETERS ---
2026-03-26 21:10:13 | INFO | GTI: 0.0 W/m^2
2026-03-26 21:10:13 | INFO | DHI: 0.0 W/m^2
2026-03-26 21:10:13 | INFO | DNI: 0.0 W/m^2
2026-03-26 21:10:13 | INFO | Irradiance Ratio (GTI/MAX_GTI): 0.000
2026-03-26 21:10:13 | INFO | Diffuse Ratio (current): 0.000
2026-03-26 21:10:13 | INFO | Irradiance State: OVERCAST
2026-03-26 21:10:13 | INFO | Temp @ 2m: 27.84 C
2026-03-26 21:10:13 | INFO | Wind @ 10m: 5.40 m/s
2026-03-26 21:10:13 | INFO | Weather State: NORMAL
2026-03-26 21:10:13 | INFO | Dynamic Thresholds: cloud_thr=0.0000, shift_thr=0.0000
2026-03-26 21:10:13 | INFO | Multipliers: irradiance=0.24x, temp=0.92x, wind=0.96x
2026-03-26 21:10:13 | INFO | Weather Multiplier (combined): 0.21x
2026-03-26 21:10:13 | INFO | Abrupt Weather Change Detected: False
2026-03-26 21:10:13 | INFO | --- TREND ANALYSIS ---
2026-03-26 21:10:13 | INFO | Trend series: INSUFFICIENT DATA
2026-03-26 21:10:13 | INFO | Detected Trend Type: FLAT
2026-03-26 21:10:13 | INFO | Trend Slope Percentage: 0.00%
2026-03-26 21:10:13 | INFO | Trend EPS Threshold: 1.50%
2026-03-26 21:10:13 | INFO | --- SCHEDULE CALCULATION ---
2026-03-26 21:10:13 | INFO | Condition Applied: PRE_START
2026-03-26 21:10:13 | INFO | Effective Base Forecast Used for Adjustments: 0.000 MW
2026-03-26 21:10:13 | INFO | Condition-3: NOT APPLIED for this block path
2026-03-26 21:10:13 | INFO |   Final Adjustment %: 0.00%
2026-03-26 21:10:13 | INFO |   Formula (expanded): PRE_START: raw=0
2026-03-26 21:10:13 | INFO | --- FINAL RESULT ---
2026-03-26 21:10:13 | INFO | Raw Schedule (before smoothing): 0.000 MW
2026-03-26 21:10:13 | INFO | Final Scheduled MW: 0.000 MW
2026-03-26 21:10:13 | INFO | --------------------------------------------------------------------------------
2026-03-26 21:10:13 | INFO | --------------------------------------------------------------------------------
2026-03-26 21:10:13 | INFO | BLOCK 15
2026-03-26 21:10:13 | INFO | --------------------------------------------------------------------------------
2026-03-26 21:10:13 | INFO | --- FORECAST DATA ---
2026-03-26 21:10:13 | INFO | Intraday Forecast (Enercast Raw): 0.000 MW
2026-03-26 21:10:13 | INFO | Intraday Forecast (Enercast, Scaled): 0.000 MW
2026-03-26 21:10:13 | INFO | Day-ahead Forecast (Enercast): 0.000 MW
2026-03-26 21:10:13 | INFO | Base Forecast (raw, before curtailment/shutdown): 0.000 MW
2026-03-26 21:10:13 | INFO | Base Forecast (used for schedule): 0.000 MW
2026-03-26 21:10:13 | INFO | Effective Base Forecast (after curtailment/shutdown): 0.000 MW
2026-03-26 21:10:13 | INFO | Plant Status: NORMAL
2026-03-26 21:10:13 | INFO | Effective Base Forecast = Base Forecast (raw) = 0.000 MW
2026-03-26 21:10:13 | INFO | --- WEATHER PARAMETERS ---
2026-03-26 21:10:13 | INFO | GTI: 0.0 W/m^2
2026-03-26 21:10:13 | INFO | DHI: 0.0 W/m^2
2026-03-26 21:10:13 | INFO | DNI: 0.0 W/m^2
2026-03-26 21:10:13 | INFO | Irradiance Ratio (GTI/MAX_GTI): 0.000
2026-03-26 21:10:13 | INFO | Diffuse Ratio (current): 0.000
2026-03-26 21:10:13 | INFO | Irradiance State: OVERCAST
2026-03-26 21:10:13 | INFO | Temp @ 2m: 27.79 C
2026-03-26 21:10:13 | INFO | Wind @ 10m: 7.75 m/s
2026-03-26 21:10:13 | INFO | Weather State: NORMAL
2026-03-26 21:10:13 | INFO | Dynamic Thresholds: cloud_thr=0.0000, shift_thr=0.0000
2026-03-26 21:10:13 | INFO | Multipliers: irradiance=0.24x, temp=0.92x, wind=0.96x
2026-03-26 21:10:13 | INFO | Weather Multiplier (combined): 0.21x
2026-03-26 21:10:13 | INFO | Abrupt Weather Change Detected: False
2026-03-26 21:10:13 | INFO | --- TREND ANALYSIS ---
2026-03-26 21:10:13 | INFO | Trend series: INSUFFICIENT DATA
2026-03-26 21:10:13 | INFO | Detected Trend Type: FLAT
2026-03-26 21:10:13 | INFO | Trend Slope Percentage: 0.00%
2026-03-26 21:10:13 | INFO | Trend EPS Threshold: 1.50%
2026-03-26 21:10:13 | INFO | --- SCHEDULE CALCULATION ---
2026-03-26 21:10:13 | INFO | Condition Applied: PRE_START
2026-03-26 21:10:13 | INFO | Effective Base Forecast Used for Adjustments: 0.000 MW
2026-03-26 21:10:13 | INFO | Condition-3: NOT APPLIED for this block path
2026-03-26 21:10:13 | INFO |   Final Adjustment %: 0.00%
2026-03-26 21:10:13 | INFO |   Formula (expanded): PRE_START: raw=0
2026-03-26 21:10:13 | INFO | --- FINAL RESULT ---
2026-03-26 21:10:13 | INFO | Raw Schedule (before smoothing): 0.000 MW
2026-03-26 21:10:13 | INFO | Final Scheduled MW: 0.000 MW
2026-03-26 21:10:13 | INFO | --------------------------------------------------------------------------------
2026-03-26 21:10:13 | INFO | --------------------------------------------------------------------------------
2026-03-26 21:10:13 | INFO | BLOCK 16
2026-03-26 21:10:13 | INFO | --------------------------------------------------------------------------------
2026-03-26 21:10:13 | INFO | --- FORECAST DATA ---
2026-03-26 21:10:13 | INFO | Intraday Forecast (Enercast Raw): 0.000 MW
2026-03-26 21:10:13 | INFO | Intraday Forecast (Enercast, Scaled): 0.000 MW
2026-03-26 21:10:13 | INFO | Day-ahead Forecast (Enercast): 0.000 MW
2026-03-26 21:10:13 | INFO | Base Forecast (raw, before curtailment/shutdown): 0.000 MW
2026-03-26 21:10:13 | INFO | Base Forecast (used for schedule): 0.000 MW
2026-03-26 21:10:13 | INFO | Effective Base Forecast (after curtailment/shutdown): 0.000 MW
2026-03-26 21:10:13 | INFO | Plant Status: NORMAL
2026-03-26 21:10:13 | INFO | Effective Base Forecast = Base Forecast (raw) = 0.000 MW
2026-03-26 21:10:13 | INFO | --- WEATHER PARAMETERS ---
2026-03-26 21:10:13 | INFO | GTI: 0.0 W/m^2
2026-03-26 21:10:13 | INFO | DHI: 0.0 W/m^2
2026-03-26 21:10:13 | INFO | DNI: 0.0 W/m^2
2026-03-26 21:10:13 | INFO | Irradiance Ratio (GTI/MAX_GTI): 0.000
2026-03-26 21:10:13 | INFO | Diffuse Ratio (current): 0.000
2026-03-26 21:10:13 | INFO | Irradiance State: OVERCAST
2026-03-26 21:10:13 | INFO | Temp @ 2m: 27.64 C
2026-03-26 21:10:13 | INFO | Wind @ 10m: 8.91 m/s
2026-03-26 21:10:13 | INFO | Weather State: NORMAL
2026-03-26 21:10:13 | INFO | Dynamic Thresholds: cloud_thr=0.0000, shift_thr=0.0000
2026-03-26 21:10:13 | INFO | Multipliers: irradiance=0.24x, temp=0.92x, wind=0.96x
2026-03-26 21:10:13 | INFO | Weather Multiplier (combined): 0.21x
2026-03-26 21:10:13 | INFO | Abrupt Weather Change Detected: False
2026-03-26 21:10:13 | INFO | --- TREND ANALYSIS ---
2026-03-26 21:10:13 | INFO | Trend series: INSUFFICIENT DATA
2026-03-26 21:10:13 | INFO | Detected Trend Type: FLAT
2026-03-26 21:10:13 | INFO | Trend Slope Percentage: 0.00%
2026-03-26 21:10:13 | INFO | Trend EPS Threshold: 1.50%
2026-03-26 21:10:13 | INFO | --- SCHEDULE CALCULATION ---
2026-03-26 21:10:13 | INFO | Condition Applied: PRE_START
2026-03-26 21:10:13 | INFO | Effective Base Forecast Used for Adjustments: 0.000 MW
2026-03-26 21:10:13 | INFO | Condition-3: NOT APPLIED for this block path
2026-03-26 21:10:13 | INFO |   Final Adjustment %: 0.00%
2026-03-26 21:10:13 | INFO |   Formula (expanded): PRE_START: raw=0
2026-03-26 21:10:13 | INFO | --- FINAL RESULT ---
2026-03-26 21:10:13 | INFO | Raw Schedule (before smoothing): 0.000 MW
2026-03-26 21:10:13 | INFO | Final Scheduled MW: 0.000 MW
2026-03-26 21:10:13 | INFO | --------------------------------------------------------------------------------
2026-03-26 21:10:13 | INFO | --------------------------------------------------------------------------------
2026-03-26 21:10:13 | INFO | BLOCK 17
2026-03-26 21:10:13 | INFO | --------------------------------------------------------------------------------
2026-03-26 21:10:13 | INFO | --- FORECAST DATA ---
2026-03-26 21:10:13 | INFO | Intraday Forecast (Enercast Raw): 0.000 MW
2026-03-26 21:10:13 | INFO | Intraday Forecast (Enercast, Scaled): 0.000 MW
2026-03-26 21:10:13 | INFO | Day-ahead Forecast (Enercast): 0.000 MW
2026-03-26 21:10:13 | INFO | Base Forecast (raw, before curtailment/shutdown): 0.000 MW
2026-03-26 21:10:13 | INFO | Base Forecast (used for schedule): 0.000 MW
2026-03-26 21:10:13 | INFO | Effective Base Forecast (after curtailment/shutdown): 0.000 MW
2026-03-26 21:10:13 | INFO | Plant Status: NORMAL
2026-03-26 21:10:13 | INFO | Effective Base Forecast = Base Forecast (raw) = 0.000 MW
2026-03-26 21:10:13 | INFO | --- WEATHER PARAMETERS ---
2026-03-26 21:10:13 | INFO | GTI: 0.0 W/m^2
2026-03-26 21:10:13 | INFO | DHI: 0.0 W/m^2
2026-03-26 21:10:13 | INFO | DNI: 0.0 W/m^2
2026-03-26 21:10:13 | INFO | Irradiance Ratio (GTI/MAX_GTI): 0.000
2026-03-26 21:10:13 | INFO | Diffuse Ratio (current): 0.000
2026-03-26 21:10:13 | INFO | Irradiance State: OVERCAST
2026-03-26 21:10:13 | INFO | Temp @ 2m: 27.43 C
2026-03-26 21:10:13 | INFO | Wind @ 10m: 9.06 m/s
2026-03-26 21:10:13 | INFO | Weather State: NORMAL
2026-03-26 21:10:13 | INFO | Dynamic Thresholds: cloud_thr=0.0000, shift_thr=0.0000
2026-03-26 21:10:13 | INFO | Multipliers: irradiance=0.24x, temp=0.92x, wind=0.96x
2026-03-26 21:10:13 | INFO | Weather Multiplier (combined): 0.21x
2026-03-26 21:10:13 | INFO | Abrupt Weather Change Detected: False
2026-03-26 21:10:13 | INFO | --- TREND ANALYSIS ---
2026-03-26 21:10:13 | INFO | Trend series: INSUFFICIENT DATA
2026-03-26 21:10:13 | INFO | Detected Trend Type: FLAT
2026-03-26 21:10:13 | INFO | Trend Slope Percentage: 0.00%
2026-03-26 21:10:13 | INFO | Trend EPS Threshold: 1.50%
2026-03-26 21:10:13 | INFO | --- SCHEDULE CALCULATION ---
2026-03-26 21:10:13 | INFO | Condition Applied: PRE_START
2026-03-26 21:10:13 | INFO | Effective Base Forecast Used for Adjustments: 0.000 MW
2026-03-26 21:10:13 | INFO | Condition-3: NOT APPLIED for this block path
2026-03-26 21:10:13 | INFO |   Final Adjustment %: 0.00%
2026-03-26 21:10:13 | INFO |   Formula (expanded): PRE_START: raw=0
2026-03-26 21:10:13 | INFO | --- FINAL RESULT ---
2026-03-26 21:10:13 | INFO | Raw Schedule (before smoothing): 0.000 MW
2026-03-26 21:10:13 | INFO | Final Scheduled MW: 0.000 MW
2026-03-26 21:10:13 | INFO | --------------------------------------------------------------------------------
2026-03-26 21:10:13 | INFO | --------------------------------------------------------------------------------
2026-03-26 21:10:13 | INFO | BLOCK 18
2026-03-26 21:10:13 | INFO | --------------------------------------------------------------------------------
2026-03-26 21:10:13 | INFO | --- FORECAST DATA ---
2026-03-26 21:10:13 | INFO | Intraday Forecast (Enercast Raw): 0.000 MW
2026-03-26 21:10:13 | INFO | Intraday Forecast (Enercast, Scaled): 0.000 MW
2026-03-26 21:10:13 | INFO | Day-ahead Forecast (Enercast): 0.000 MW
2026-03-26 21:10:13 | INFO | Base Forecast (raw, before curtailment/shutdown): 0.000 MW
2026-03-26 21:10:13 | INFO | Base Forecast (used for schedule): 0.000 MW
2026-03-26 21:10:13 | INFO | Effective Base Forecast (after curtailment/shutdown): 0.000 MW
2026-03-26 21:10:13 | INFO | Plant Status: NORMAL
2026-03-26 21:10:13 | INFO | Effective Base Forecast = Base Forecast (raw) = 0.000 MW
2026-03-26 21:10:13 | INFO | --- WEATHER PARAMETERS ---
2026-03-26 21:10:13 | INFO | GTI: 0.0 W/m^2
2026-03-26 21:10:13 | INFO | DHI: 0.0 W/m^2
2026-03-26 21:10:13 | INFO | DNI: 0.0 W/m^2
2026-03-26 21:10:13 | INFO | Irradiance Ratio (GTI/MAX_GTI): 0.000
2026-03-26 21:10:13 | INFO | Diffuse Ratio (current): 0.000
2026-03-26 21:10:13 | INFO | Irradiance State: OVERCAST
2026-03-26 21:10:13 | INFO | Temp @ 2m: 27.18 C
2026-03-26 21:10:13 | INFO | Wind @ 10m: 8.64 m/s
2026-03-26 21:10:13 | INFO | Weather State: NORMAL
2026-03-26 21:10:13 | INFO | Dynamic Thresholds: cloud_thr=0.0000, shift_thr=0.0000
2026-03-26 21:10:13 | INFO | Multipliers: irradiance=0.24x, temp=0.92x, wind=0.96x
2026-03-26 21:10:13 | INFO | Weather Multiplier (combined): 0.21x
2026-03-26 21:10:13 | INFO | Abrupt Weather Change Detected: False
2026-03-26 21:10:13 | INFO | --- TREND ANALYSIS ---
2026-03-26 21:10:13 | INFO | Trend series: INSUFFICIENT DATA
2026-03-26 21:10:13 | INFO | Detected Trend Type: FLAT
2026-03-26 21:10:13 | INFO | Trend Slope Percentage: 0.00%
2026-03-26 21:10:13 | INFO | Trend EPS Threshold: 1.50%
2026-03-26 21:10:13 | INFO | --- SCHEDULE CALCULATION ---
2026-03-26 21:10:13 | INFO | Condition Applied: PRE_START
2026-03-26 21:10:13 | INFO | Effective Base Forecast Used for Adjustments: 0.000 MW
2026-03-26 21:10:13 | INFO | Condition-3: NOT APPLIED for this block path
2026-03-26 21:10:13 | INFO |   Final Adjustment %: 0.00%
2026-03-26 21:10:13 | INFO |   Formula (expanded): PRE_START: raw=0
2026-03-26 21:10:13 | INFO | --- FINAL RESULT ---
2026-03-26 21:10:13 | INFO | Raw Schedule (before smoothing): 0.000 MW
2026-03-26 21:10:13 | INFO | Final Scheduled MW: 0.000 MW
2026-03-26 21:10:13 | INFO | --------------------------------------------------------------------------------
2026-03-26 21:10:13 | INFO | --------------------------------------------------------------------------------
2026-03-26 21:10:13 | INFO | BLOCK 19
2026-03-26 21:10:13 | INFO | --------------------------------------------------------------------------------
2026-03-26 21:10:13 | INFO | --- FORECAST DATA ---
2026-03-26 21:10:13 | INFO | Intraday Forecast (Enercast Raw): 0.000 MW
2026-03-26 21:10:13 | INFO | Intraday Forecast (Enercast, Scaled): 0.000 MW
2026-03-26 21:10:13 | INFO | Day-ahead Forecast (Enercast): 0.000 MW
2026-03-26 21:10:13 | INFO | Base Forecast (raw, before curtailment/shutdown): 0.000 MW
2026-03-26 21:10:13 | INFO | Base Forecast (used for schedule): 0.000 MW
2026-03-26 21:10:13 | INFO | Effective Base Forecast (after curtailment/shutdown): 0.000 MW
2026-03-26 21:10:13 | INFO | Plant Status: NORMAL
2026-03-26 21:10:13 | INFO | Effective Base Forecast = Base Forecast (raw) = 0.000 MW
2026-03-26 21:10:13 | INFO | --- WEATHER PARAMETERS ---
2026-03-26 21:10:13 | INFO | GTI: 0.0 W/m^2
2026-03-26 21:10:13 | INFO | DHI: 0.0 W/m^2
2026-03-26 21:10:13 | INFO | DNI: 0.0 W/m^2
2026-03-26 21:10:13 | INFO | Irradiance Ratio (GTI/MAX_GTI): 0.000
2026-03-26 21:10:13 | INFO | Diffuse Ratio (current): 0.000
2026-03-26 21:10:13 | INFO | Irradiance State: OVERCAST
2026-03-26 21:10:13 | INFO | Temp @ 2m: 26.98 C
2026-03-26 21:10:13 | INFO | Wind @ 10m: 8.67 m/s
2026-03-26 21:10:13 | INFO | Weather State: NORMAL
2026-03-26 21:10:13 | INFO | Dynamic Thresholds: cloud_thr=0.0000, shift_thr=0.0000
2026-03-26 21:10:13 | INFO | Multipliers: irradiance=0.24x, temp=0.92x, wind=0.96x
2026-03-26 21:10:13 | INFO | Weather Multiplier (combined): 0.21x
2026-03-26 21:10:13 | INFO | Abrupt Weather Change Detected: False
2026-03-26 21:10:13 | INFO | --- TREND ANALYSIS ---
2026-03-26 21:10:13 | INFO | Trend series: INSUFFICIENT DATA
2026-03-26 21:10:13 | INFO | Detected Trend Type: FLAT
2026-03-26 21:10:13 | INFO | Trend Slope Percentage: 0.00%
2026-03-26 21:10:13 | INFO | Trend EPS Threshold: 1.50%
2026-03-26 21:10:13 | INFO | --- SCHEDULE CALCULATION ---
2026-03-26 21:10:13 | INFO | Condition Applied: PRE_START
2026-03-26 21:10:13 | INFO | Effective Base Forecast Used for Adjustments: 0.000 MW
2026-03-26 21:10:13 | INFO | Condition-3: NOT APPLIED for this block path
2026-03-26 21:10:13 | INFO |   Final Adjustment %: 0.00%
2026-03-26 21:10:13 | INFO |   Formula (expanded): PRE_START: raw=0
2026-03-26 21:10:13 | INFO | --- FINAL RESULT ---
2026-03-26 21:10:13 | INFO | Raw Schedule (before smoothing): 0.000 MW
2026-03-26 21:10:13 | INFO | Final Scheduled MW: 0.000 MW
2026-03-26 21:10:13 | INFO | --------------------------------------------------------------------------------
2026-03-26 21:10:13 | INFO | --------------------------------------------------------------------------------
2026-03-26 21:10:13 | INFO | BLOCK 20
2026-03-26 21:10:13 | INFO | --------------------------------------------------------------------------------
2026-03-26 21:10:13 | INFO | --- FORECAST DATA ---
2026-03-26 21:10:13 | INFO | Intraday Forecast (Enercast Raw): 0.000 MW
2026-03-26 21:10:13 | INFO | Intraday Forecast (Enercast, Scaled): 0.000 MW
2026-03-26 21:10:13 | INFO | Day-ahead Forecast (Enercast): 0.000 MW
2026-03-26 21:10:13 | INFO | Base Forecast (raw, before curtailment/shutdown): 0.000 MW
2026-03-26 21:10:13 | INFO | Base Forecast (used for schedule): 0.000 MW
2026-03-26 21:10:13 | INFO | Effective Base Forecast (after curtailment/shutdown): 0.000 MW
2026-03-26 21:10:13 | INFO | Plant Status: NORMAL
2026-03-26 21:10:13 | INFO | Effective Base Forecast = Base Forecast (raw) = 0.000 MW
2026-03-26 21:10:13 | INFO | --- WEATHER PARAMETERS ---
2026-03-26 21:10:13 | INFO | GTI: 0.0 W/m^2
2026-03-26 21:10:13 | INFO | DHI: 0.0 W/m^2
2026-03-26 21:10:13 | INFO | DNI: 0.0 W/m^2
2026-03-26 21:10:13 | INFO | Irradiance Ratio (GTI/MAX_GTI): 0.000
2026-03-26 21:10:13 | INFO | Diffuse Ratio (current): 0.000
2026-03-26 21:10:13 | INFO | Irradiance State: OVERCAST
2026-03-26 21:10:13 | INFO | Temp @ 2m: 26.79 C
2026-03-26 21:10:13 | INFO | Wind @ 10m: 8.29 m/s
2026-03-26 21:10:13 | INFO | Weather State: NORMAL
2026-03-26 21:10:13 | INFO | Dynamic Thresholds: cloud_thr=0.0000, shift_thr=0.0000
2026-03-26 21:10:13 | INFO | Multipliers: irradiance=0.24x, temp=0.92x, wind=0.96x
2026-03-26 21:10:13 | INFO | Weather Multiplier (combined): 0.21x
2026-03-26 21:10:13 | INFO | Abrupt Weather Change Detected: False
2026-03-26 21:10:13 | INFO | --- TREND ANALYSIS ---
2026-03-26 21:10:13 | INFO | Trend series: INSUFFICIENT DATA
2026-03-26 21:10:13 | INFO | Detected Trend Type: FLAT
2026-03-26 21:10:13 | INFO | Trend Slope Percentage: 0.00%
2026-03-26 21:10:13 | INFO | Trend EPS Threshold: 1.50%
2026-03-26 21:10:13 | INFO | --- SCHEDULE CALCULATION ---
2026-03-26 21:10:13 | INFO | Condition Applied: PRE_START
2026-03-26 21:10:13 | INFO | Effective Base Forecast Used for Adjustments: 0.000 MW
2026-03-26 21:10:13 | INFO | Condition-3: NOT APPLIED for this block path
2026-03-26 21:10:13 | INFO |   Final Adjustment %: 0.00%
2026-03-26 21:10:13 | INFO |   Formula (expanded): PRE_START: raw=0
2026-03-26 21:10:13 | INFO | --- FINAL RESULT ---
2026-03-26 21:10:13 | INFO | Raw Schedule (before smoothing): 0.000 MW
2026-03-26 21:10:13 | INFO | Final Scheduled MW: 0.000 MW
2026-03-26 21:10:13 | INFO | --------------------------------------------------------------------------------
2026-03-26 21:10:13 | INFO | --------------------------------------------------------------------------------
2026-03-26 21:10:13 | INFO | BLOCK 21
2026-03-26 21:10:13 | INFO | --------------------------------------------------------------------------------
2026-03-26 21:10:13 | INFO | --- FORECAST DATA ---
2026-03-26 21:10:13 | INFO | Intraday Forecast (Enercast Raw): 0.000 MW
2026-03-26 21:10:13 | INFO | Intraday Forecast (Enercast, Scaled): 0.000 MW
2026-03-26 21:10:13 | INFO | Day-ahead Forecast (Enercast): 0.000 MW
2026-03-26 21:10:13 | INFO | Base Forecast (raw, before curtailment/shutdown): 0.000 MW
2026-03-26 21:10:13 | INFO | Base Forecast (used for schedule): 0.000 MW
2026-03-26 21:10:13 | INFO | Effective Base Forecast (after curtailment/shutdown): 0.000 MW
2026-03-26 21:10:13 | INFO | Plant Status: NORMAL
2026-03-26 21:10:13 | INFO | Effective Base Forecast = Base Forecast (raw) = 0.000 MW
2026-03-26 21:10:13 | INFO | --- WEATHER PARAMETERS ---
2026-03-26 21:10:13 | INFO | GTI: 0.0 W/m^2
2026-03-26 21:10:13 | INFO | DHI: 0.0 W/m^2
2026-03-26 21:10:13 | INFO | DNI: 0.0 W/m^2
2026-03-26 21:10:13 | INFO | Irradiance Ratio (GTI/MAX_GTI): 0.000
2026-03-26 21:10:13 | INFO | Diffuse Ratio (current): 0.000
2026-03-26 21:10:13 | INFO | Irradiance State: OVERCAST
2026-03-26 21:10:13 | INFO | Temp @ 2m: 26.59 C
2026-03-26 21:10:13 | INFO | Wind @ 10m: 7.93 m/s
2026-03-26 21:10:13 | INFO | Weather State: NORMAL
2026-03-26 21:10:13 | INFO | Dynamic Thresholds: cloud_thr=0.0000, shift_thr=0.0000
2026-03-26 21:10:13 | INFO | Multipliers: irradiance=0.24x, temp=0.92x, wind=0.96x
2026-03-26 21:10:13 | INFO | Weather Multiplier (combined): 0.21x
2026-03-26 21:10:13 | INFO | Abrupt Weather Change Detected: False
2026-03-26 21:10:13 | INFO | --- TREND ANALYSIS ---
2026-03-26 21:10:13 | INFO | Trend series: INSUFFICIENT DATA
2026-03-26 21:10:13 | INFO | Detected Trend Type: FLAT
2026-03-26 21:10:13 | INFO | Trend Slope Percentage: 0.00%
2026-03-26 21:10:13 | INFO | Trend EPS Threshold: 1.50%
2026-03-26 21:10:13 | INFO | --- SCHEDULE CALCULATION ---
2026-03-26 21:10:13 | INFO | Condition Applied: PRE_START
2026-03-26 21:10:13 | INFO | Effective Base Forecast Used for Adjustments: 0.000 MW
2026-03-26 21:10:13 | INFO | Condition-3: NOT APPLIED for this block path
2026-03-26 21:10:13 | INFO |   Final Adjustment %: 0.00%
2026-03-26 21:10:13 | INFO |   Formula (expanded): PRE_START: raw=0
2026-03-26 21:10:13 | INFO | --- FINAL RESULT ---
2026-03-26 21:10:13 | INFO | Raw Schedule (before smoothing): 0.000 MW
2026-03-26 21:10:13 | INFO | Final Scheduled MW: 0.000 MW
2026-03-26 21:10:13 | INFO | --------------------------------------------------------------------------------
2026-03-26 21:10:13 | INFO | --------------------------------------------------------------------------------
2026-03-26 21:10:13 | INFO | BLOCK 22
2026-03-26 21:10:13 | INFO | --------------------------------------------------------------------------------
2026-03-26 21:10:13 | INFO | --- FORECAST DATA ---
2026-03-26 21:10:13 | INFO | Intraday Forecast (Enercast Raw): 0.000 MW
2026-03-26 21:10:13 | INFO | Intraday Forecast (Enercast, Scaled): 0.000 MW
2026-03-26 21:10:13 | INFO | Day-ahead Forecast (Enercast): 0.000 MW
2026-03-26 21:10:13 | INFO | Base Forecast (raw, before curtailment/shutdown): 0.000 MW
2026-03-26 21:10:13 | INFO | Base Forecast (used for schedule): 0.000 MW
2026-03-26 21:10:13 | INFO | Effective Base Forecast (after curtailment/shutdown): 0.000 MW
2026-03-26 21:10:13 | INFO | Plant Status: NORMAL
2026-03-26 21:10:13 | INFO | Effective Base Forecast = Base Forecast (raw) = 0.000 MW
2026-03-26 21:10:13 | INFO | --- WEATHER PARAMETERS ---
2026-03-26 21:10:13 | INFO | GTI: 0.0 W/m^2
2026-03-26 21:10:13 | INFO | DHI: 0.0 W/m^2
2026-03-26 21:10:13 | INFO | DNI: 0.0 W/m^2
2026-03-26 21:10:13 | INFO | Irradiance Ratio (GTI/MAX_GTI): 0.000
2026-03-26 21:10:13 | INFO | Diffuse Ratio (current): 0.000
2026-03-26 21:10:13 | INFO | Irradiance State: OVERCAST
2026-03-26 21:10:13 | INFO | Temp @ 2m: 26.43 C
2026-03-26 21:10:13 | INFO | Wind @ 10m: 7.28 m/s
2026-03-26 21:10:13 | INFO | Weather State: NORMAL
2026-03-26 21:10:13 | INFO | Dynamic Thresholds: cloud_thr=0.0000, shift_thr=0.0000
2026-03-26 21:10:13 | INFO | Multipliers: irradiance=0.24x, temp=0.92x, wind=0.96x
2026-03-26 21:10:13 | INFO | Weather Multiplier (combined): 0.21x
2026-03-26 21:10:13 | INFO | Abrupt Weather Change Detected: False
2026-03-26 21:10:13 | INFO | --- TREND ANALYSIS ---
2026-03-26 21:10:13 | INFO | Trend series: INSUFFICIENT DATA
2026-03-26 21:10:13 | INFO | Detected Trend Type: FLAT
2026-03-26 21:10:13 | INFO | Trend Slope Percentage: 0.00%
2026-03-26 21:10:13 | INFO | Trend EPS Threshold: 1.50%
2026-03-26 21:10:13 | INFO | --- SCHEDULE CALCULATION ---
2026-03-26 21:10:13 | INFO | Condition Applied: PRE_START
2026-03-26 21:10:13 | INFO | Effective Base Forecast Used for Adjustments: 0.000 MW
2026-03-26 21:10:13 | INFO | Condition-3: NOT APPLIED for this block path
2026-03-26 21:10:13 | INFO |   Final Adjustment %: 0.00%
2026-03-26 21:10:13 | INFO |   Formula (expanded): PRE_START: raw=0
2026-03-26 21:10:13 | INFO | --- FINAL RESULT ---
2026-03-26 21:10:13 | INFO | Raw Schedule (before smoothing): 0.000 MW
2026-03-26 21:10:13 | INFO | Final Scheduled MW: 0.000 MW
2026-03-26 21:10:13 | INFO | --------------------------------------------------------------------------------
2026-03-26 21:10:13 | INFO | --------------------------------------------------------------------------------
2026-03-26 21:10:13 | INFO | BLOCK 23
2026-03-26 21:10:13 | INFO | --------------------------------------------------------------------------------
2026-03-26 21:10:13 | INFO | --- FORECAST DATA ---
2026-03-26 21:10:13 | INFO | Intraday Forecast (Enercast Raw): 0.000 MW
2026-03-26 21:10:13 | INFO | Intraday Forecast (Enercast, Scaled): 0.000 MW
2026-03-26 21:10:13 | INFO | Day-ahead Forecast (Enercast): 0.000 MW
2026-03-26 21:10:13 | INFO | Base Forecast (raw, before curtailment/shutdown): 0.000 MW
2026-03-26 21:10:13 | INFO | Base Forecast (used for schedule): 0.000 MW
2026-03-26 21:10:13 | INFO | Effective Base Forecast (after curtailment/shutdown): 0.000 MW
2026-03-26 21:10:13 | INFO | Plant Status: NORMAL
2026-03-26 21:10:13 | INFO | Effective Base Forecast = Base Forecast (raw) = 0.000 MW
2026-03-26 21:10:13 | INFO | --- WEATHER PARAMETERS ---
2026-03-26 21:10:13 | INFO | GTI: 0.0 W/m^2
2026-03-26 21:10:13 | INFO | DHI: 0.0 W/m^2
2026-03-26 21:10:13 | INFO | DNI: 0.0 W/m^2
2026-03-26 21:10:13 | INFO | Irradiance Ratio (GTI/MAX_GTI): 0.000
2026-03-26 21:10:13 | INFO | Diffuse Ratio (current): 0.000
2026-03-26 21:10:13 | INFO | Irradiance State: OVERCAST
2026-03-26 21:10:13 | INFO | Temp @ 2m: 26.29 C
2026-03-26 21:10:13 | INFO | Wind @ 10m: 6.99 m/s
2026-03-26 21:10:13 | INFO | Weather State: NORMAL
2026-03-26 21:10:13 | INFO | Dynamic Thresholds: cloud_thr=0.0000, shift_thr=0.0000
2026-03-26 21:10:13 | INFO | Multipliers: irradiance=0.24x, temp=0.92x, wind=0.96x
2026-03-26 21:10:13 | INFO | Weather Multiplier (combined): 0.21x
2026-03-26 21:10:13 | INFO | Abrupt Weather Change Detected: False
2026-03-26 21:10:13 | INFO | --- TREND ANALYSIS ---
2026-03-26 21:10:13 | INFO | Trend series: INSUFFICIENT DATA
2026-03-26 21:10:13 | INFO | Detected Trend Type: FLAT
2026-03-26 21:10:13 | INFO | Trend Slope Percentage: 0.00%
2026-03-26 21:10:13 | INFO | Trend EPS Threshold: 1.50%
2026-03-26 21:10:13 | INFO | --- SCHEDULE CALCULATION ---
2026-03-26 21:10:13 | INFO | Condition Applied: PRE_START
2026-03-26 21:10:13 | INFO | Effective Base Forecast Used for Adjustments: 0.000 MW
2026-03-26 21:10:13 | INFO | Condition-3: NOT APPLIED for this block path
2026-03-26 21:10:13 | INFO |   Final Adjustment %: 0.00%
2026-03-26 21:10:13 | INFO |   Formula (expanded): PRE_START: raw=0
2026-03-26 21:10:13 | INFO | --- FINAL RESULT ---
2026-03-26 21:10:13 | INFO | Raw Schedule (before smoothing): 0.000 MW
2026-03-26 21:10:13 | INFO | Final Scheduled MW: 0.000 MW
2026-03-26 21:10:13 | INFO | --------------------------------------------------------------------------------
2026-03-26 21:10:13 | INFO | --------------------------------------------------------------------------------
2026-03-26 21:10:13 | INFO | BLOCK 24
2026-03-26 21:10:13 | INFO | --------------------------------------------------------------------------------
2026-03-26 21:10:13 | INFO | --- FORECAST DATA ---
2026-03-26 21:10:13 | INFO | Intraday Forecast (Enercast Raw): 0.000 MW
2026-03-26 21:10:13 | INFO | Intraday Forecast (Enercast, Scaled): 0.000 MW
2026-03-26 21:10:13 | INFO | Day-ahead Forecast (Enercast): 0.000 MW
2026-03-26 21:10:13 | INFO | Base Forecast (raw, before curtailment/shutdown): 0.000 MW
2026-03-26 21:10:13 | INFO | Base Forecast (used for schedule): 0.000 MW
2026-03-26 21:10:13 | INFO | Effective Base Forecast (after curtailment/shutdown): 0.000 MW
2026-03-26 21:10:13 | INFO | Plant Status: NORMAL
2026-03-26 21:10:13 | INFO | Effective Base Forecast = Base Forecast (raw) = 0.000 MW
2026-03-26 21:10:13 | INFO | --- WEATHER PARAMETERS ---
2026-03-26 21:10:13 | INFO | GTI: 0.0 W/m^2
2026-03-26 21:10:13 | INFO | DHI: 0.0 W/m^2
2026-03-26 21:10:13 | INFO | DNI: 0.0 W/m^2
2026-03-26 21:10:13 | INFO | Irradiance Ratio (GTI/MAX_GTI): 0.000
2026-03-26 21:10:13 | INFO | Diffuse Ratio (current): 0.000
2026-03-26 21:10:13 | INFO | Irradiance State: OVERCAST
2026-03-26 21:10:13 | INFO | Temp @ 2m: 26.14 C
2026-03-26 21:10:13 | INFO | Wind @ 10m: 6.92 m/s
2026-03-26 21:10:13 | INFO | Weather State: NORMAL
2026-03-26 21:10:13 | INFO | Dynamic Thresholds: cloud_thr=0.0000, shift_thr=0.0000
2026-03-26 21:10:13 | INFO | Multipliers: irradiance=0.24x, temp=0.92x, wind=0.96x
2026-03-26 21:10:13 | INFO | Weather Multiplier (combined): 0.21x
2026-03-26 21:10:13 | INFO | Abrupt Weather Change Detected: False
2026-03-26 21:10:13 | INFO | --- TREND ANALYSIS ---
2026-03-26 21:10:13 | INFO | Trend series: INSUFFICIENT DATA
2026-03-26 21:10:13 | INFO | Detected Trend Type: FLAT
2026-03-26 21:10:13 | INFO | Trend Slope Percentage: 0.00%
2026-03-26 21:10:13 | INFO | Trend EPS Threshold: 1.50%
2026-03-26 21:10:13 | INFO | --- SCHEDULE CALCULATION ---
2026-03-26 21:10:13 | INFO | Condition Applied: PRE_START
2026-03-26 21:10:13 | INFO | Effective Base Forecast Used for Adjustments: 0.000 MW
2026-03-26 21:10:13 | INFO | Condition-3: NOT APPLIED for this block path
2026-03-26 21:10:13 | INFO |   Final Adjustment %: 0.00%
2026-03-26 21:10:13 | INFO |   Formula (expanded): PRE_START: raw=0
2026-03-26 21:10:13 | INFO | --- FINAL RESULT ---
2026-03-26 21:10:13 | INFO | Raw Schedule (before smoothing): 0.000 MW
2026-03-26 21:10:13 | INFO | Final Scheduled MW: 0.000 MW
2026-03-26 21:10:13 | INFO | --------------------------------------------------------------------------------
2026-03-26 21:10:13 | INFO | --------------------------------------------------------------------------------
2026-03-26 21:10:13 | INFO | BLOCK 25
2026-03-26 21:10:13 | INFO | --------------------------------------------------------------------------------
2026-03-26 21:10:13 | INFO | --- FORECAST DATA ---
2026-03-26 21:10:13 | INFO | Intraday Forecast (Enercast Raw): 0.000 MW
2026-03-26 21:10:13 | INFO | Intraday Forecast (Enercast, Scaled): 0.000 MW
2026-03-26 21:10:13 | INFO | Day-ahead Forecast (Enercast): 0.000 MW
2026-03-26 21:10:13 | INFO | Base Forecast (raw, before curtailment/shutdown): 0.000 MW
2026-03-26 21:10:13 | INFO | Base Forecast (used for schedule): 0.000 MW
2026-03-26 21:10:13 | INFO | Effective Base Forecast (after curtailment/shutdown): 0.000 MW
2026-03-26 21:10:13 | INFO | Plant Status: NORMAL
2026-03-26 21:10:13 | INFO | Effective Base Forecast = Base Forecast (raw) = 0.000 MW
2026-03-26 21:10:13 | INFO | --- WEATHER PARAMETERS ---
2026-03-26 21:10:13 | INFO | GTI: 0.0 W/m^2
2026-03-26 21:10:13 | INFO | DHI: 0.0 W/m^2
2026-03-26 21:10:13 | INFO | DNI: 0.0 W/m^2
2026-03-26 21:10:13 | INFO | Irradiance Ratio (GTI/MAX_GTI): 0.000
2026-03-26 21:10:13 | INFO | Diffuse Ratio (current): 0.000
2026-03-26 21:10:13 | INFO | Irradiance State: OVERCAST
2026-03-26 21:10:13 | INFO | Temp @ 2m: 26.04 C
2026-03-26 21:10:13 | INFO | Wind @ 10m: 7.57 m/s
2026-03-26 21:10:13 | INFO | Weather State: NORMAL
2026-03-26 21:10:13 | INFO | Dynamic Thresholds: cloud_thr=0.0000, shift_thr=0.0000
2026-03-26 21:10:13 | INFO | Multipliers: irradiance=0.24x, temp=0.92x, wind=0.96x
2026-03-26 21:10:13 | INFO | Weather Multiplier (combined): 0.21x
2026-03-26 21:10:13 | INFO | Abrupt Weather Change Detected: False
2026-03-26 21:10:13 | INFO | --- TREND ANALYSIS ---
2026-03-26 21:10:13 | INFO | Trend series: INSUFFICIENT DATA
2026-03-26 21:10:13 | INFO | Detected Trend Type: FLAT
2026-03-26 21:10:13 | INFO | Trend Slope Percentage: 0.00%
2026-03-26 21:10:13 | INFO | Trend EPS Threshold: 1.50%
2026-03-26 21:10:13 | INFO | --- SCHEDULE CALCULATION ---
2026-03-26 21:10:13 | INFO | Condition Applied: PRE_START
2026-03-26 21:10:13 | INFO | Effective Base Forecast Used for Adjustments: 0.000 MW
2026-03-26 21:10:13 | INFO | Condition-3: NOT APPLIED for this block path
2026-03-26 21:10:13 | INFO |   Final Adjustment %: 0.00%
2026-03-26 21:10:13 | INFO |   Formula (expanded): PRE_START: raw=0
2026-03-26 21:10:13 | INFO | --- FINAL RESULT ---
2026-03-26 21:10:13 | INFO | Raw Schedule (before smoothing): 0.000 MW
2026-03-26 21:10:13 | INFO | Final Scheduled MW: 0.000 MW
2026-03-26 21:10:13 | INFO | --------------------------------------------------------------------------------
2026-03-26 21:10:13 | INFO | --------------------------------------------------------------------------------
2026-03-26 21:10:13 | INFO | BLOCK 26
2026-03-26 21:10:13 | INFO | --------------------------------------------------------------------------------
2026-03-26 21:10:13 | INFO | --- FORECAST DATA ---
2026-03-26 21:10:13 | INFO | Intraday Forecast (Enercast Raw): 0.000 MW
2026-03-26 21:10:13 | INFO | Intraday Forecast (Enercast, Scaled): 0.000 MW
2026-03-26 21:10:13 | INFO | Day-ahead Forecast (Enercast): 0.000 MW
2026-03-26 21:10:13 | INFO | Base Forecast (raw, before curtailment/shutdown): 0.000 MW
2026-03-26 21:10:13 | INFO | Base Forecast (used for schedule): 0.000 MW
2026-03-26 21:10:13 | INFO | Effective Base Forecast (after curtailment/shutdown): 0.000 MW
2026-03-26 21:10:13 | INFO | Plant Status: NORMAL
2026-03-26 21:10:13 | INFO | Effective Base Forecast = Base Forecast (raw) = 0.000 MW
2026-03-26 21:10:13 | INFO | --- WEATHER PARAMETERS ---
2026-03-26 21:10:13 | INFO | GTI: 0.0 W/m^2
2026-03-26 21:10:13 | INFO | DHI: 0.0 W/m^2
2026-03-26 21:10:13 | INFO | DNI: 0.0 W/m^2
2026-03-26 21:10:13 | INFO | Irradiance Ratio (GTI/MAX_GTI): 0.000
2026-03-26 21:10:13 | INFO | Diffuse Ratio (current): 0.000
2026-03-26 21:10:13 | INFO | Irradiance State: OVERCAST
2026-03-26 21:10:13 | INFO | Temp @ 2m: 25.98 C
2026-03-26 21:10:13 | INFO | Wind @ 10m: 7.93 m/s
2026-03-26 21:10:13 | INFO | Weather State: NORMAL
2026-03-26 21:10:13 | INFO | Dynamic Thresholds: cloud_thr=0.0000, shift_thr=0.0000
2026-03-26 21:10:13 | INFO | Multipliers: irradiance=0.24x, temp=0.92x, wind=0.96x
2026-03-26 21:10:13 | INFO | Weather Multiplier (combined): 0.21x
2026-03-26 21:10:13 | INFO | Abrupt Weather Change Detected: False
2026-03-26 21:10:13 | INFO | --- TREND ANALYSIS ---
2026-03-26 21:10:13 | INFO | Trend series: INSUFFICIENT DATA
2026-03-26 21:10:13 | INFO | Detected Trend Type: FLAT
2026-03-26 21:10:13 | INFO | Trend Slope Percentage: 0.00%
2026-03-26 21:10:13 | INFO | Trend EPS Threshold: 1.50%
2026-03-26 21:10:13 | INFO | --- SCHEDULE CALCULATION ---
2026-03-26 21:10:13 | INFO | Condition Applied: PRE_START
2026-03-26 21:10:13 | INFO | Effective Base Forecast Used for Adjustments: 0.000 MW
2026-03-26 21:10:13 | INFO | Condition-3: NOT APPLIED for this block path
2026-03-26 21:10:13 | INFO |   Final Adjustment %: 0.00%
2026-03-26 21:10:13 | INFO |   Formula (expanded): PRE_START: raw=0
2026-03-26 21:10:13 | INFO | --- FINAL RESULT ---
2026-03-26 21:10:13 | INFO | Raw Schedule (before smoothing): 0.000 MW
2026-03-26 21:10:13 | INFO | Final Scheduled MW: 0.000 MW
2026-03-26 21:10:13 | INFO | --------------------------------------------------------------------------------
2026-03-26 21:10:13 | INFO | --------------------------------------------------------------------------------
2026-03-26 21:10:13 | INFO | BLOCK 27
2026-03-26 21:10:13 | INFO | --------------------------------------------------------------------------------
2026-03-26 21:10:13 | INFO | --- FORECAST DATA ---
2026-03-26 21:10:13 | INFO | Intraday Forecast (Enercast Raw): 0.110 MW
2026-03-26 21:10:13 | INFO | Intraday Forecast (Enercast, Scaled): 0.110 MW
2026-03-26 21:10:13 | INFO | Day-ahead Forecast (Enercast): 0.120 MW
2026-03-26 21:10:13 | INFO | Base Forecast (raw, before curtailment/shutdown): 0.000 MW
2026-03-26 21:10:13 | INFO | Base Forecast (used for schedule): 0.000 MW
2026-03-26 21:10:13 | INFO | Effective Base Forecast (after curtailment/shutdown): 0.000 MW
2026-03-26 21:10:13 | INFO | Plant Status: NORMAL
2026-03-26 21:10:13 | INFO | Effective Base Forecast = Base Forecast (raw) = 0.000 MW
2026-03-26 21:10:13 | INFO | --- WEATHER PARAMETERS ---
2026-03-26 21:10:13 | INFO | GTI: 0.0 W/m^2
2026-03-26 21:10:13 | INFO | DHI: 0.0 W/m^2
2026-03-26 21:10:13 | INFO | DNI: 0.0 W/m^2
2026-03-26 21:10:13 | INFO | Irradiance Ratio (GTI/MAX_GTI): 0.000
2026-03-26 21:10:13 | INFO | Diffuse Ratio (current): 0.000
2026-03-26 21:10:13 | INFO | Irradiance State: OVERCAST
2026-03-26 21:10:13 | INFO | Temp @ 2m: 26.09 C
2026-03-26 21:10:13 | INFO | Wind @ 10m: 7.99 m/s
2026-03-26 21:10:13 | INFO | Weather State: NORMAL
2026-03-26 21:10:13 | INFO | Dynamic Thresholds: cloud_thr=0.0000, shift_thr=0.0000
2026-03-26 21:10:13 | INFO | Multipliers: irradiance=0.24x, temp=0.92x, wind=0.96x
2026-03-26 21:10:13 | INFO | Weather Multiplier (combined): 0.21x
2026-03-26 21:10:13 | INFO | Abrupt Weather Change Detected: False
2026-03-26 21:10:13 | INFO | --- TREND ANALYSIS ---
2026-03-26 21:10:13 | INFO | Trend series: INSUFFICIENT DATA
2026-03-26 21:10:13 | INFO | Detected Trend Type: FLAT
2026-03-26 21:10:13 | INFO | Trend Slope Percentage: 0.00%
2026-03-26 21:10:13 | INFO | Trend EPS Threshold: 1.50%
2026-03-26 21:10:13 | INFO | --- SCHEDULE CALCULATION ---
2026-03-26 21:10:13 | INFO | Condition Applied: PRE_START
2026-03-26 21:10:13 | INFO | Effective Base Forecast Used for Adjustments: 0.000 MW
2026-03-26 21:10:13 | INFO | Condition-3: NOT APPLIED for this block path
2026-03-26 21:10:13 | INFO |   Final Adjustment %: 0.00%
2026-03-26 21:10:13 | INFO |   Formula (expanded): PRE_START: raw=0
2026-03-26 21:10:13 | INFO | --- FINAL RESULT ---
2026-03-26 21:10:13 | INFO | Raw Schedule (before smoothing): 0.000 MW
2026-03-26 21:10:13 | INFO | Final Scheduled MW: 0.000 MW
2026-03-26 21:10:13 | INFO | --------------------------------------------------------------------------------
2026-03-26 21:10:13 | INFO | --------------------------------------------------------------------------------
2026-03-26 21:10:13 | INFO | BLOCK 28
2026-03-26 21:10:13 | INFO | --------------------------------------------------------------------------------
2026-03-26 21:10:13 | INFO | --- FORECAST DATA ---
2026-03-26 21:10:13 | INFO | Intraday Forecast (Enercast Raw): 0.960 MW
2026-03-26 21:10:13 | INFO | Intraday Forecast (Enercast, Scaled): 0.960 MW
2026-03-26 21:10:13 | INFO | Day-ahead Forecast (Enercast): 0.970 MW
2026-03-26 21:10:13 | INFO | Base Forecast (raw, before curtailment/shutdown): 0.000 MW
2026-03-26 21:10:13 | INFO | Base Forecast (used for schedule): 0.000 MW
2026-03-26 21:10:13 | INFO | Effective Base Forecast (after curtailment/shutdown): 0.000 MW
2026-03-26 21:10:13 | INFO | Plant Status: NORMAL
2026-03-26 21:10:13 | INFO | Effective Base Forecast = Base Forecast (raw) = 0.000 MW
2026-03-26 21:10:13 | INFO | --- WEATHER PARAMETERS ---
2026-03-26 21:10:13 | INFO | GTI: 23.0 W/m^2
2026-03-26 21:10:13 | INFO | DHI: 8.0 W/m^2
2026-03-26 21:10:13 | INFO | DNI: 0.0 W/m^2
2026-03-26 21:10:13 | INFO | Irradiance Ratio (GTI/MAX_GTI): 0.023
2026-03-26 21:10:13 | INFO | Diffuse Ratio (current): 0.160
2026-03-26 21:10:13 | INFO | Irradiance State: OVERCAST
2026-03-26 21:10:13 | INFO | Temp @ 2m: 26.34 C
2026-03-26 21:10:13 | INFO | Wind @ 10m: 7.77 m/s
2026-03-26 21:10:13 | INFO | Weather State: NORMAL
2026-03-26 21:10:13 | INFO | Dynamic Thresholds: cloud_thr=0.0000, shift_thr=0.0000
2026-03-26 21:10:13 | INFO | Multipliers: irradiance=0.24x, temp=0.92x, wind=0.96x
2026-03-26 21:10:13 | INFO | Weather Multiplier (combined): 0.21x
2026-03-26 21:10:13 | INFO | Abrupt Weather Change Detected: False
2026-03-26 21:10:13 | INFO | --- TREND ANALYSIS ---
2026-03-26 21:10:13 | INFO | Trend series: INSUFFICIENT DATA
2026-03-26 21:10:13 | INFO | Detected Trend Type: FLAT
2026-03-26 21:10:13 | INFO | Trend Slope Percentage: 0.00%
2026-03-26 21:10:13 | INFO | Trend EPS Threshold: 1.50%
2026-03-26 21:10:13 | INFO | --- SCHEDULE CALCULATION ---
2026-03-26 21:10:13 | INFO | Condition Applied: PRE_START
2026-03-26 21:10:13 | INFO | Effective Base Forecast Used for Adjustments: 0.000 MW
2026-03-26 21:10:13 | INFO | Condition-3: NOT APPLIED for this block path
2026-03-26 21:10:13 | INFO |   Final Adjustment %: 0.00%
2026-03-26 21:10:13 | INFO |   Formula (expanded): PRE_START: raw=0
2026-03-26 21:10:13 | INFO | --- FINAL RESULT ---
2026-03-26 21:10:13 | INFO | Raw Schedule (before smoothing): 0.000 MW
2026-03-26 21:10:13 | INFO | Final Scheduled MW: 0.000 MW
2026-03-26 21:10:13 | INFO | --------------------------------------------------------------------------------
2026-03-26 21:10:13 | INFO | --------------------------------------------------------------------------------
2026-03-26 21:10:13 | INFO | BLOCK 29
2026-03-26 21:10:13 | INFO | --------------------------------------------------------------------------------
2026-03-26 21:10:13 | INFO | --- FORECAST DATA ---
2026-03-26 21:10:13 | INFO | Intraday Forecast (Enercast Raw): 2.050 MW
2026-03-26 21:10:13 | INFO | Intraday Forecast (Enercast, Scaled): 2.050 MW
2026-03-26 21:10:13 | INFO | Day-ahead Forecast (Enercast): 2.060 MW
2026-03-26 21:10:13 | INFO | Base Forecast (raw, before curtailment/shutdown): 0.000 MW
2026-03-26 21:10:13 | INFO | Base Forecast (used for schedule): 0.000 MW
2026-03-26 21:10:13 | INFO | Effective Base Forecast (after curtailment/shutdown): 0.000 MW
2026-03-26 21:10:13 | INFO | Plant Status: NORMAL
2026-03-26 21:10:13 | INFO | Effective Base Forecast = Base Forecast (raw) = 0.000 MW
2026-03-26 21:10:13 | INFO | --- WEATHER PARAMETERS ---
2026-03-26 21:10:13 | INFO | GTI: 63.0 W/m^2
2026-03-26 21:10:13 | INFO | DHI: 22.0 W/m^2
2026-03-26 21:10:13 | INFO | DNI: 0.0 W/m^2
2026-03-26 21:10:13 | INFO | Irradiance Ratio (GTI/MAX_GTI): 0.062
2026-03-26 21:10:13 | INFO | Diffuse Ratio (current): 0.349
2026-03-26 21:10:13 | INFO | Irradiance State: OVERCAST
2026-03-26 21:10:13 | INFO | Temp @ 2m: 26.73 C
2026-03-26 21:10:13 | INFO | Wind @ 10m: 7.17 m/s
2026-03-26 21:10:13 | INFO | Weather State: NORMAL
2026-03-26 21:10:13 | INFO | Dynamic Thresholds: cloud_thr=0.0000, shift_thr=0.0000
2026-03-26 21:10:13 | INFO | Multipliers: irradiance=0.24x, temp=0.92x, wind=0.96x
2026-03-26 21:10:13 | INFO | Weather Multiplier (combined): 0.21x
2026-03-26 21:10:13 | INFO | Abrupt Weather Change Detected: False
2026-03-26 21:10:13 | INFO | --- TREND ANALYSIS ---
2026-03-26 21:10:13 | INFO | Trend series: INSUFFICIENT DATA
2026-03-26 21:10:13 | INFO | Detected Trend Type: FLAT
2026-03-26 21:10:13 | INFO | Trend Slope Percentage: 0.00%
2026-03-26 21:10:13 | INFO | Trend EPS Threshold: 1.50%
2026-03-26 21:10:13 | INFO | --- SCHEDULE CALCULATION ---
2026-03-26 21:10:13 | INFO | Condition Applied: PRE_START
2026-03-26 21:10:13 | INFO | Effective Base Forecast Used for Adjustments: 0.000 MW
2026-03-26 21:10:13 | INFO | Condition-3: NOT APPLIED for this block path
2026-03-26 21:10:13 | INFO |   Final Adjustment %: 0.00%
2026-03-26 21:10:13 | INFO |   Formula (expanded): PRE_START: raw=0
2026-03-26 21:10:13 | INFO | --- FINAL RESULT ---
2026-03-26 21:10:13 | INFO | Raw Schedule (before smoothing): 0.000 MW
2026-03-26 21:10:13 | INFO | Final Scheduled MW: 0.000 MW
2026-03-26 21:10:13 | INFO | --------------------------------------------------------------------------------
2026-03-26 21:10:13 | INFO | Low GTI ratio (0.105) -> base_forecast damped by 0.85
2026-03-26 21:10:13 | INFO | --------------------------------------------------------------------------------
2026-03-26 21:10:13 | INFO | BLOCK 30
2026-03-26 21:10:13 | INFO | --------------------------------------------------------------------------------
2026-03-26 21:10:13 | INFO | --- FORECAST DATA ---
2026-03-26 21:10:13 | INFO | Intraday Forecast (Enercast Raw): 3.290 MW
2026-03-26 21:10:13 | INFO | Intraday Forecast (Enercast, Scaled): 3.290 MW
2026-03-26 21:10:13 | INFO | Day-ahead Forecast (Enercast): 3.290 MW
2026-03-26 21:10:13 | INFO | Base Forecast (raw, before curtailment/shutdown): 3.060 MW
2026-03-26 21:10:13 | INFO | Base Forecast (used for schedule): 2.601 MW
2026-03-26 21:10:13 | INFO | Effective Base Forecast (after curtailment/shutdown): 2.601 MW
2026-03-26 21:10:13 | INFO | Plant Status: NORMAL
2026-03-26 21:10:13 | INFO | Effective Base Forecast = Base Forecast (raw) = 2.601 MW
2026-03-26 21:10:13 | INFO | --- WEATHER PARAMETERS ---
2026-03-26 21:10:13 | INFO | GTI: 107.0 W/m^2
2026-03-26 21:10:13 | INFO | DHI: 35.0 W/m^2
2026-03-26 21:10:13 | INFO | DNI: 0.0 W/m^2
2026-03-26 21:10:13 | INFO | Irradiance Ratio (GTI/MAX_GTI): 0.105
2026-03-26 21:10:13 | INFO | Diffuse Ratio (current): 0.327
2026-03-26 21:10:13 | INFO | Irradiance State: OVERCAST
2026-03-26 21:10:13 | INFO | Temp @ 2m: 27.23 C
2026-03-26 21:10:13 | INFO | Wind @ 10m: 6.76 m/s
2026-03-26 21:10:13 | INFO | Weather State: NORMAL
2026-03-26 21:10:13 | INFO | Dynamic Thresholds: cloud_thr=0.0000, shift_thr=0.0000
2026-03-26 21:10:13 | INFO | Multipliers: irradiance=0.24x, temp=0.92x, wind=0.96x
2026-03-26 21:10:13 | INFO | Weather Multiplier (combined): 0.21x
2026-03-26 21:10:13 | INFO | Abrupt Weather Change Detected: False
2026-03-26 21:10:13 | INFO | --- TREND ANALYSIS ---
2026-03-26 21:10:13 | INFO | Trend series (oldest -> latest):
2026-03-26 21:10:13 | INFO |   Block 29: 2.050 MW (source: INTRADAY_FALLBACK)
2026-03-26 21:10:13 | INFO |   Block 28: 0.960 MW (source: INTRADAY_FALLBACK)
2026-03-26 21:10:13 | INFO |   Block 27: 0.110 MW (source: INTRADAY_FALLBACK)
2026-03-26 21:10:13 | INFO |   Block 26: 0.000 MW (source: INTRADAY_FALLBACK)
2026-03-26 21:10:13 | INFO | Trend values used for slope calc: B29=2.050(INTRADAY_FALLBACK), B28=0.960(INTRADAY_FALLBACK), B27=0.110(INTRADAY_FALLBACK), B26=0.000(INTRADAY_FALLBACK)
2026-03-26 21:10:13 | INFO | Detected Trend Type: FLAT
2026-03-26 21:10:13 | INFO | Trend Slope Percentage: 0.00%
2026-03-26 21:10:13 | INFO | Trend EPS Threshold: 1.50%
2026-03-26 21:10:13 | INFO | --- SCHEDULE CALCULATION ---
2026-03-26 21:10:13 | INFO | Condition Applied: CONDITION_3
2026-03-26 21:10:13 | INFO | Effective Base Forecast Used for Adjustments: 2.601 MW
2026-03-26 21:10:13 | INFO | Condition-3 (Phase-6) Applied:
2026-03-26 21:10:13 | INFO |   Forecast Mismatch: Intraday (3.290) != Day-ahead (3.290)
2026-03-26 21:10:13 | INFO |   Operation: ADD
2026-03-26 21:10:13 | INFO |   Base Adjustment %: 0.00%
2026-03-26 21:10:13 | INFO |   Irradiance Multiplier: 0.24x
2026-03-26 21:10:13 | INFO |   Temp Multiplier: 0.92x
2026-03-26 21:10:13 | INFO |   Wind Multiplier: 0.96x
2026-03-26 21:10:13 | INFO |   Weather Multiplier: 1.00x
2026-03-26 21:10:13 | INFO |   Final Adjustment %: 0.00%
2026-03-26 21:10:13 | INFO |   Calculation: 2.601 MW * (1 + 0.00% / 100)
2026-03-26 21:10:13 | INFO |   Formula (expanded): raw=2.6007*(1+0.0000/100)=2.6007
2026-03-26 21:10:13 | INFO | --- FINAL RESULT ---
2026-03-26 21:10:13 | INFO | Raw Schedule (before smoothing): 2.601 MW
2026-03-26 21:10:13 | INFO | Final Scheduled MW: 2.601 MW
2026-03-26 21:10:13 | INFO | --------------------------------------------------------------------------------
2026-03-26 21:10:13 | INFO | --------------------------------------------------------------------------------
2026-03-26 21:10:13 | INFO | BLOCK 31
2026-03-26 21:10:13 | INFO | --------------------------------------------------------------------------------
2026-03-26 21:10:13 | INFO | --- FORECAST DATA ---
2026-03-26 21:10:13 | INFO | Intraday Forecast (Enercast Raw): 4.520 MW
2026-03-26 21:10:13 | INFO | Intraday Forecast (Enercast, Scaled): 4.520 MW
2026-03-26 21:10:13 | INFO | Day-ahead Forecast (Enercast): 4.540 MW
2026-03-26 21:10:13 | INFO | Base Forecast (raw, before curtailment/shutdown): 4.204 MW
2026-03-26 21:10:13 | INFO | Base Forecast (used for schedule): 4.204 MW
2026-03-26 21:10:13 | INFO | Effective Base Forecast (after curtailment/shutdown): 4.204 MW
2026-03-26 21:10:13 | INFO | Plant Status: NORMAL
2026-03-26 21:10:13 | INFO | Effective Base Forecast = Base Forecast (raw) = 4.204 MW
2026-03-26 21:10:13 | INFO | --- WEATHER PARAMETERS ---
2026-03-26 21:10:13 | INFO | GTI: 161.0 W/m^2
2026-03-26 21:10:13 | INFO | DHI: 46.0 W/m^2
2026-03-26 21:10:13 | INFO | DNI: 0.0 W/m^2
2026-03-26 21:10:13 | INFO | Irradiance Ratio (GTI/MAX_GTI): 0.158
2026-03-26 21:10:13 | INFO | Diffuse Ratio (current): 0.286
2026-03-26 21:10:13 | INFO | Irradiance State: OVERCAST
2026-03-26 21:10:13 | INFO | Temp @ 2m: 27.68 C
2026-03-26 21:10:13 | INFO | Wind @ 10m: 6.12 m/s
2026-03-26 21:10:13 | INFO | Weather State: NORMAL
2026-03-26 21:10:13 | INFO | Dynamic Thresholds: cloud_thr=0.0000, shift_thr=0.0000
2026-03-26 21:10:13 | INFO | Multipliers: irradiance=0.24x, temp=0.92x, wind=0.96x
2026-03-26 21:10:13 | INFO | Weather Multiplier (combined): 0.21x
2026-03-26 21:10:13 | INFO | Abrupt Weather Change Detected: False
2026-03-26 21:10:13 | INFO | --- TREND ANALYSIS ---
2026-03-26 21:10:13 | INFO | Trend series (oldest -> latest):
2026-03-26 21:10:13 | INFO |   Block 30: 3.290 MW (source: INTRADAY_FALLBACK)
2026-03-26 21:10:13 | INFO |   Block 29: 2.050 MW (source: INTRADAY_FALLBACK)
2026-03-26 21:10:13 | INFO |   Block 28: 0.960 MW (source: INTRADAY_FALLBACK)
2026-03-26 21:10:13 | INFO |   Block 27: 0.110 MW (source: INTRADAY_FALLBACK)
2026-03-26 21:10:13 | INFO | Trend values used for slope calc: B30=3.290(INTRADAY_FALLBACK), B29=2.050(INTRADAY_FALLBACK), B28=0.960(INTRADAY_FALLBACK), B27=0.110(INTRADAY_FALLBACK)
2026-03-26 21:10:13 | INFO | Detected Trend Type: INCREASING
2026-03-26 21:10:13 | INFO | Trend Slope Percentage: 39862.50%
2026-03-26 21:10:13 | INFO | Trend EPS Threshold: 1.50%
2026-03-26 21:10:13 | INFO | --- SCHEDULE CALCULATION ---
2026-03-26 21:10:13 | INFO | Condition Applied: CONDITION_3
2026-03-26 21:10:13 | INFO | Effective Base Forecast Used for Adjustments: 4.204 MW
2026-03-26 21:10:13 | INFO | Condition-3 (Phase-6) Applied:
2026-03-26 21:10:13 | INFO |   Forecast Mismatch: Intraday (4.520) != Day-ahead (4.540)
2026-03-26 21:10:13 | INFO |   Operation: ADD
2026-03-26 21:10:13 | INFO |   Base Adjustment %: 3.00%
2026-03-26 21:10:13 | INFO |   Irradiance Multiplier: 0.24x
2026-03-26 21:10:13 | INFO |   Temp Multiplier: 0.92x
2026-03-26 21:10:13 | INFO |   Wind Multiplier: 0.96x
2026-03-26 21:10:13 | INFO |   Weather Multiplier: 0.21x
2026-03-26 21:10:13 | INFO |   Final Adjustment %: 0.64%
2026-03-26 21:10:13 | INFO |   Calculation: 4.204 MW * (1 + 0.64% / 100)
2026-03-26 21:10:13 | INFO |   Formula (expanded): raw=4.2036*(1+0.6359/100)=4.2303
2026-03-26 21:10:13 | INFO | --- FINAL RESULT ---
2026-03-26 21:10:13 | INFO | Raw Schedule (before smoothing): 4.230 MW
2026-03-26 21:10:13 | INFO | Final Scheduled MW: 4.230 MW
2026-03-26 21:10:13 | INFO | --------------------------------------------------------------------------------
2026-03-26 21:10:13 | INFO | --------------------------------------------------------------------------------
2026-03-26 21:10:13 | INFO | BLOCK 32
2026-03-26 21:10:13 | INFO | --------------------------------------------------------------------------------
2026-03-26 21:10:13 | INFO | --- FORECAST DATA ---
2026-03-26 21:10:13 | INFO | Intraday Forecast (Enercast Raw): 5.820 MW
2026-03-26 21:10:13 | INFO | Intraday Forecast (Enercast, Scaled): 5.820 MW
2026-03-26 21:10:13 | INFO | Day-ahead Forecast (Enercast): 5.860 MW
2026-03-26 21:10:13 | INFO | Base Forecast (raw, before curtailment/shutdown): 5.413 MW
2026-03-26 21:10:13 | INFO | Base Forecast (used for schedule): 5.413 MW
2026-03-26 21:10:13 | INFO | Effective Base Forecast (after curtailment/shutdown): 5.413 MW
2026-03-26 21:10:13 | INFO | Plant Status: NORMAL
2026-03-26 21:10:13 | INFO | Effective Base Forecast = Base Forecast (raw) = 5.413 MW
2026-03-26 21:10:13 | INFO | --- WEATHER PARAMETERS ---
2026-03-26 21:10:13 | INFO | GTI: 225.0 W/m^2
2026-03-26 21:10:13 | INFO | DHI: 54.0 W/m^2
2026-03-26 21:10:13 | INFO | DNI: 0.0 W/m^2
2026-03-26 21:10:13 | INFO | Irradiance Ratio (GTI/MAX_GTI): 0.221
2026-03-26 21:10:13 | INFO | Diffuse Ratio (current): 0.240
2026-03-26 21:10:13 | INFO | Irradiance State: CLOUD_TRANSIENT
2026-03-26 21:10:13 | INFO | Temp @ 2m: 28.14 C
2026-03-26 21:10:13 | INFO | Wind @ 10m: 5.32 m/s
2026-03-26 21:10:13 | INFO | Weather State: NORMAL
2026-03-26 21:10:13 | INFO | Dynamic Thresholds: cloud_thr=0.0000, shift_thr=0.0000
2026-03-26 21:10:13 | INFO | Multipliers: irradiance=0.34x, temp=0.92x, wind=0.96x
2026-03-26 21:10:13 | INFO | Weather Multiplier (combined): 0.30x
2026-03-26 21:10:13 | INFO | Abrupt Weather Change Detected: False
2026-03-26 21:10:13 | INFO | --- TREND ANALYSIS ---
2026-03-26 21:10:13 | INFO | Trend series (oldest -> latest):
2026-03-26 21:10:13 | INFO |   Block 31: 4.520 MW (source: INTRADAY_FALLBACK)
2026-03-26 21:10:13 | INFO |   Block 30: 3.290 MW (source: INTRADAY_FALLBACK)
2026-03-26 21:10:13 | INFO |   Block 29: 2.050 MW (source: INTRADAY_FALLBACK)
2026-03-26 21:10:13 | INFO |   Block 28: 0.960 MW (source: INTRADAY_FALLBACK)
2026-03-26 21:10:13 | INFO | Trend values used for slope calc: B31=4.520(INTRADAY_FALLBACK), B30=3.290(INTRADAY_FALLBACK), B29=2.050(INTRADAY_FALLBACK), B28=0.960(INTRADAY_FALLBACK)
2026-03-26 21:10:13 | INFO | Detected Trend Type: INCREASING
2026-03-26 21:10:13 | INFO | Trend Slope Percentage: 389.97%
2026-03-26 21:10:13 | INFO | Trend EPS Threshold: 1.50%
2026-03-26 21:10:13 | INFO | --- SCHEDULE CALCULATION ---
2026-03-26 21:10:13 | INFO | Condition Applied: CONDITION_3
2026-03-26 21:10:13 | INFO | Effective Base Forecast Used for Adjustments: 5.413 MW
2026-03-26 21:10:13 | INFO | Condition-3 (Phase-6) Applied:
2026-03-26 21:10:13 | INFO |   Forecast Mismatch: Intraday (5.820) != Day-ahead (5.860)
2026-03-26 21:10:13 | INFO |   Operation: ADD
2026-03-26 21:10:13 | INFO |   Base Adjustment %: 3.00%
2026-03-26 21:10:13 | INFO |   Irradiance Multiplier: 0.34x
2026-03-26 21:10:13 | INFO |   Temp Multiplier: 0.92x
2026-03-26 21:10:13 | INFO |   Wind Multiplier: 0.96x
2026-03-26 21:10:13 | INFO |   Weather Multiplier: 0.30x
2026-03-26 21:10:13 | INFO |   Final Adjustment %: 0.90%
2026-03-26 21:10:13 | INFO |   Calculation: 5.413 MW * (1 + 0.90% / 100)
2026-03-26 21:10:13 | INFO |   Formula (expanded): raw=5.4126*(1+0.9009/100)=5.4614
2026-03-26 21:10:13 | INFO | --- FINAL RESULT ---
2026-03-26 21:10:13 | INFO | Raw Schedule (before smoothing): 5.461 MW
2026-03-26 21:10:13 | INFO | Final Scheduled MW: 5.461 MW
2026-03-26 21:10:13 | INFO | --------------------------------------------------------------------------------
2026-03-26 21:10:13 | INFO | --------------------------------------------------------------------------------
2026-03-26 21:10:13 | INFO | BLOCK 33
2026-03-26 21:10:13 | INFO | --------------------------------------------------------------------------------
2026-03-26 21:10:13 | INFO | --- FORECAST DATA ---
2026-03-26 21:10:13 | INFO | Intraday Forecast (Enercast Raw): 7.170 MW
2026-03-26 21:10:13 | INFO | Intraday Forecast (Enercast, Scaled): 7.170 MW
2026-03-26 21:10:13 | INFO | Day-ahead Forecast (Enercast): 7.240 MW
2026-03-26 21:10:13 | INFO | Base Forecast (raw, before curtailment/shutdown): 6.668 MW
2026-03-26 21:10:13 | INFO | Base Forecast (used for schedule): 6.668 MW
2026-03-26 21:10:13 | INFO | Effective Base Forecast (after curtailment/shutdown): 6.668 MW
2026-03-26 21:10:13 | INFO | Plant Status: NORMAL
2026-03-26 21:10:13 | INFO | Effective Base Forecast = Base Forecast (raw) = 6.668 MW
2026-03-26 21:10:13 | INFO | --- WEATHER PARAMETERS ---
2026-03-26 21:10:13 | INFO | GTI: 295.0 W/m^2
2026-03-26 21:10:13 | INFO | DHI: 59.0 W/m^2
2026-03-26 21:10:13 | INFO | DNI: 0.0 W/m^2
2026-03-26 21:10:13 | INFO | Irradiance Ratio (GTI/MAX_GTI): 0.290
2026-03-26 21:10:13 | INFO | Diffuse Ratio (current): 0.200
2026-03-26 21:10:13 | INFO | Irradiance State: CLOUD_TRANSIENT
2026-03-26 21:10:13 | INFO | Temp @ 2m: 28.64 C
2026-03-26 21:10:13 | INFO | Wind @ 10m: 4.02 m/s
2026-03-26 21:10:13 | INFO | Weather State: NORMAL
2026-03-26 21:10:13 | INFO | Dynamic Thresholds: cloud_thr=0.0000, shift_thr=0.0000
2026-03-26 21:10:13 | INFO | Multipliers: irradiance=0.34x, temp=0.92x, wind=0.93x
2026-03-26 21:10:13 | INFO | Weather Multiplier (combined): 0.29x
2026-03-26 21:10:13 | INFO | Abrupt Weather Change Detected: False
2026-03-26 21:10:13 | INFO | --- TREND ANALYSIS ---
2026-03-26 21:10:13 | INFO | Trend series (oldest -> latest):
2026-03-26 21:10:13 | INFO |   Block 32: 5.820 MW (source: INTRADAY_FALLBACK)
2026-03-26 21:10:13 | INFO |   Block 31: 4.520 MW (source: INTRADAY_FALLBACK)
2026-03-26 21:10:13 | INFO |   Block 30: 3.290 MW (source: INTRADAY_FALLBACK)
2026-03-26 21:10:13 | INFO |   Block 29: 2.050 MW (source: INTRADAY_FALLBACK)
2026-03-26 21:10:13 | INFO | Trend values used for slope calc: B32=5.820(INTRADAY_FALLBACK), B31=4.520(INTRADAY_FALLBACK), B30=3.290(INTRADAY_FALLBACK), B29=2.050(INTRADAY_FALLBACK)
2026-03-26 21:10:13 | INFO | Detected Trend Type: INCREASING
2026-03-26 21:10:13 | INFO | Trend Slope Percentage: 184.50%
2026-03-26 21:10:13 | INFO | Trend EPS Threshold: 1.50%
2026-03-26 21:10:13 | INFO | --- SCHEDULE CALCULATION ---
2026-03-26 21:10:13 | INFO | Condition Applied: CONDITION_3
2026-03-26 21:10:13 | INFO | Effective Base Forecast Used for Adjustments: 6.668 MW
2026-03-26 21:10:13 | INFO | Condition-3 (Phase-6) Applied:
2026-03-26 21:10:13 | INFO |   Forecast Mismatch: Intraday (7.170) != Day-ahead (7.240)
2026-03-26 21:10:13 | INFO |   Operation: ADD
2026-03-26 21:10:13 | INFO |   Base Adjustment %: 3.00%
2026-03-26 21:10:13 | INFO |   Irradiance Multiplier: 0.34x
2026-03-26 21:10:13 | INFO |   Temp Multiplier: 0.92x
2026-03-26 21:10:13 | INFO |   Wind Multiplier: 0.93x
2026-03-26 21:10:13 | INFO |   Weather Multiplier: 0.29x
2026-03-26 21:10:13 | INFO |   Final Adjustment %: 0.87%
2026-03-26 21:10:13 | INFO |   Calculation: 6.668 MW * (1 + 0.87% / 100)
2026-03-26 21:10:13 | INFO |   Formula (expanded): raw=6.6681*(1+0.8727/100)=6.7263
2026-03-26 21:10:13 | INFO | --- FINAL RESULT ---
2026-03-26 21:10:13 | INFO | Raw Schedule (before smoothing): 6.726 MW
2026-03-26 21:10:13 | INFO | Final Scheduled MW: 6.726 MW
2026-03-26 21:10:13 | INFO | --------------------------------------------------------------------------------
2026-03-26 21:10:13 | INFO | --------------------------------------------------------------------------------
2026-03-26 21:10:13 | INFO | BLOCK 34
2026-03-26 21:10:13 | INFO | --------------------------------------------------------------------------------
2026-03-26 21:10:13 | INFO | --- FORECAST DATA ---
2026-03-26 21:10:13 | INFO | Intraday Forecast (Enercast Raw): 8.520 MW
2026-03-26 21:10:13 | INFO | Intraday Forecast (Enercast, Scaled): 8.520 MW
2026-03-26 21:10:13 | INFO | Day-ahead Forecast (Enercast): 8.650 MW
2026-03-26 21:10:13 | INFO | Base Forecast (raw, before curtailment/shutdown): 7.924 MW
2026-03-26 21:10:13 | INFO | Base Forecast (used for schedule): 7.924 MW
2026-03-26 21:10:13 | INFO | Effective Base Forecast (after curtailment/shutdown): 7.924 MW
2026-03-26 21:10:13 | INFO | Plant Status: NORMAL
2026-03-26 21:10:13 | INFO | Effective Base Forecast = Base Forecast (raw) = 7.924 MW
2026-03-26 21:10:13 | INFO | --- WEATHER PARAMETERS ---
2026-03-26 21:10:13 | INFO | GTI: 362.0 W/m^2
2026-03-26 21:10:13 | INFO | DHI: 65.0 W/m^2
2026-03-26 21:10:13 | INFO | DNI: 0.0 W/m^2
2026-03-26 21:10:13 | INFO | Irradiance Ratio (GTI/MAX_GTI): 0.356
2026-03-26 21:10:13 | INFO | Diffuse Ratio (current): 0.180
2026-03-26 21:10:13 | INFO | Irradiance State: CLOUD_TRANSIENT
2026-03-26 21:10:13 | INFO | Temp @ 2m: 29.14 C
2026-03-26 21:10:13 | INFO | Wind @ 10m: 2.74 m/s
2026-03-26 21:10:13 | INFO | Weather State: NORMAL
2026-03-26 21:10:13 | INFO | Dynamic Thresholds: cloud_thr=0.0000, shift_thr=0.0000
2026-03-26 21:10:13 | INFO | Multipliers: irradiance=0.34x, temp=0.92x, wind=0.88x
2026-03-26 21:10:13 | INFO | Weather Multiplier (combined): 0.28x
2026-03-26 21:10:13 | INFO | Abrupt Weather Change Detected: False
2026-03-26 21:10:13 | INFO | --- TREND ANALYSIS ---
2026-03-26 21:10:13 | INFO | Trend series (oldest -> latest):
2026-03-26 21:10:13 | INFO |   Block 33: 7.170 MW (source: INTRADAY_FALLBACK)
2026-03-26 21:10:13 | INFO |   Block 32: 5.820 MW (source: INTRADAY_FALLBACK)
2026-03-26 21:10:13 | INFO |   Block 31: 4.520 MW (source: INTRADAY_FALLBACK)
2026-03-26 21:10:13 | INFO |   Block 30: 3.290 MW (source: INTRADAY_FALLBACK)
2026-03-26 21:10:13 | INFO | Trend values used for slope calc: B33=7.170(INTRADAY_FALLBACK), B32=5.820(INTRADAY_FALLBACK), B31=4.520(INTRADAY_FALLBACK), B30=3.290(INTRADAY_FALLBACK)
2026-03-26 21:10:13 | INFO | Detected Trend Type: INCREASING
2026-03-26 21:10:13 | INFO | Trend Slope Percentage: 119.12%
2026-03-26 21:10:13 | INFO | Trend EPS Threshold: 1.50%
2026-03-26 21:10:13 | INFO | --- SCHEDULE CALCULATION ---
2026-03-26 21:10:13 | INFO | Condition Applied: CONDITION_3
2026-03-26 21:10:13 | INFO | Effective Base Forecast Used for Adjustments: 7.924 MW
2026-03-26 21:10:13 | INFO | Condition-3 (Phase-6) Applied:
2026-03-26 21:10:13 | INFO |   Forecast Mismatch: Intraday (8.520) != Day-ahead (8.650)
2026-03-26 21:10:13 | INFO |   Operation: ADD
2026-03-26 21:10:13 | INFO |   Base Adjustment %: 3.00%
2026-03-26 21:10:13 | INFO |   Irradiance Multiplier: 0.34x
2026-03-26 21:10:13 | INFO |   Temp Multiplier: 0.92x
2026-03-26 21:10:13 | INFO |   Wind Multiplier: 0.88x
2026-03-26 21:10:13 | INFO |   Weather Multiplier: 0.28x
2026-03-26 21:10:13 | INFO |   Final Adjustment %: 0.83%
2026-03-26 21:10:13 | INFO |   Calculation: 7.924 MW * (1 + 0.83% / 100)
2026-03-26 21:10:13 | INFO |   Formula (expanded): raw=7.9236*(1+0.8258/100)=7.9890
2026-03-26 21:10:13 | INFO | --- FINAL RESULT ---
2026-03-26 21:10:13 | INFO | Raw Schedule (before smoothing): 7.989 MW
2026-03-26 21:10:13 | INFO | Final Scheduled MW: 7.989 MW
2026-03-26 21:10:13 | INFO | --------------------------------------------------------------------------------
2026-03-26 21:10:13 | INFO | --------------------------------------------------------------------------------
2026-03-26 21:10:13 | INFO | BLOCK 35
2026-03-26 21:10:13 | INFO | --------------------------------------------------------------------------------
2026-03-26 21:10:13 | INFO | --- FORECAST DATA ---
2026-03-26 21:10:13 | INFO | Intraday Forecast (Enercast Raw): 9.810 MW
2026-03-26 21:10:13 | INFO | Intraday Forecast (Enercast, Scaled): 9.810 MW
2026-03-26 21:10:13 | INFO | Day-ahead Forecast (Enercast): 9.990 MW
2026-03-26 21:10:13 | INFO | Base Forecast (raw, before curtailment/shutdown): 9.123 MW
2026-03-26 21:10:13 | INFO | Base Forecast (used for schedule): 9.123 MW
2026-03-26 21:10:13 | INFO | Effective Base Forecast (after curtailment/shutdown): 9.123 MW
2026-03-26 21:10:13 | INFO | Plant Status: NORMAL
2026-03-26 21:10:13 | INFO | Effective Base Forecast = Base Forecast (raw) = 9.123 MW
2026-03-26 21:10:13 | INFO | --- WEATHER PARAMETERS ---
2026-03-26 21:10:13 | INFO | GTI: 425.0 W/m^2
2026-03-26 21:10:13 | INFO | DHI: 69.0 W/m^2
2026-03-26 21:10:13 | INFO | DNI: 0.0 W/m^2
2026-03-26 21:10:13 | INFO | Irradiance Ratio (GTI/MAX_GTI): 0.417
2026-03-26 21:10:13 | INFO | Diffuse Ratio (current): 0.162
2026-03-26 21:10:13 | INFO | Irradiance State: CLOUD_TRANSIENT
2026-03-26 21:10:13 | INFO | Temp @ 2m: 29.59 C
2026-03-26 21:10:13 | INFO | Wind @ 10m: 1.84 m/s
2026-03-26 21:10:13 | INFO | Weather State: NORMAL
2026-03-26 21:10:13 | INFO | Dynamic Thresholds: cloud_thr=0.0000, shift_thr=0.0000
2026-03-26 21:10:13 | INFO | Multipliers: irradiance=0.34x, temp=0.92x, wind=0.88x
2026-03-26 21:10:13 | INFO | Weather Multiplier (combined): 0.28x
2026-03-26 21:10:13 | INFO | Abrupt Weather Change Detected: False
2026-03-26 21:10:13 | INFO | --- TREND ANALYSIS ---
2026-03-26 21:10:13 | INFO | Trend series (oldest -> latest):
2026-03-26 21:10:13 | INFO |   Block 34: 8.520 MW (source: INTRADAY_FALLBACK)
2026-03-26 21:10:13 | INFO |   Block 33: 7.170 MW (source: INTRADAY_FALLBACK)
2026-03-26 21:10:13 | INFO |   Block 32: 5.820 MW (source: INTRADAY_FALLBACK)
2026-03-26 21:10:13 | INFO |   Block 31: 4.520 MW (source: INTRADAY_FALLBACK)
2026-03-26 21:10:13 | INFO | Trend values used for slope calc: B34=8.520(INTRADAY_FALLBACK), B33=7.170(INTRADAY_FALLBACK), B32=5.820(INTRADAY_FALLBACK), B31=4.520(INTRADAY_FALLBACK)
2026-03-26 21:10:13 | INFO | Detected Trend Type: INCREASING
2026-03-26 21:10:13 | INFO | Trend Slope Percentage: 88.90%
2026-03-26 21:10:13 | INFO | Trend EPS Threshold: 1.50%
2026-03-26 21:10:13 | INFO | --- SCHEDULE CALCULATION ---
2026-03-26 21:10:13 | INFO | Condition Applied: CONDITION_3
2026-03-26 21:10:13 | INFO | Effective Base Forecast Used for Adjustments: 9.123 MW
2026-03-26 21:10:13 | INFO | Condition-3 (Phase-6) Applied:
2026-03-26 21:10:13 | INFO |   Forecast Mismatch: Intraday (9.810) != Day-ahead (9.990)
2026-03-26 21:10:13 | INFO |   Operation: ADD
2026-03-26 21:10:13 | INFO |   Base Adjustment %: 3.00%
2026-03-26 21:10:13 | INFO |   Irradiance Multiplier: 0.34x
2026-03-26 21:10:13 | INFO |   Temp Multiplier: 0.92x
2026-03-26 21:10:13 | INFO |   Wind Multiplier: 0.88x
2026-03-26 21:10:13 | INFO |   Weather Multiplier: 0.28x
2026-03-26 21:10:13 | INFO |   Final Adjustment %: 0.83%
2026-03-26 21:10:13 | INFO |   Calculation: 9.123 MW * (1 + 0.83% / 100)
2026-03-26 21:10:13 | INFO |   Formula (expanded): raw=9.1233*(1+0.8258/100)=9.1986
2026-03-26 21:10:13 | INFO | --- FINAL RESULT ---
2026-03-26 21:10:13 | INFO | Raw Schedule (before smoothing): 9.199 MW
2026-03-26 21:10:13 | INFO | Final Scheduled MW: 9.199 MW
2026-03-26 21:10:13 | INFO | --------------------------------------------------------------------------------
2026-03-26 21:10:13 | INFO | --------------------------------------------------------------------------------
2026-03-26 21:10:13 | INFO | BLOCK 36
2026-03-26 21:10:13 | INFO | --------------------------------------------------------------------------------
2026-03-26 21:10:13 | INFO | --- FORECAST DATA ---
2026-03-26 21:10:13 | INFO | Intraday Forecast (Enercast Raw): 11.090 MW
2026-03-26 21:10:13 | INFO | Intraday Forecast (Enercast, Scaled): 11.090 MW
2026-03-26 21:10:13 | INFO | Day-ahead Forecast (Enercast): 11.310 MW
2026-03-26 21:10:13 | INFO | Base Forecast (raw, before curtailment/shutdown): 10.314 MW
2026-03-26 21:10:13 | INFO | Base Forecast (used for schedule): 10.314 MW
2026-03-26 21:10:13 | INFO | Effective Base Forecast (after curtailment/shutdown): 10.314 MW
2026-03-26 21:10:13 | INFO | Plant Status: NORMAL
2026-03-26 21:10:13 | INFO | Effective Base Forecast = Base Forecast (raw) = 10.314 MW
2026-03-26 21:10:13 | INFO | --- WEATHER PARAMETERS ---
2026-03-26 21:10:13 | INFO | GTI: 486.0 W/m^2
2026-03-26 21:10:13 | INFO | DHI: 73.0 W/m^2
2026-03-26 21:10:13 | INFO | DNI: 0.0 W/m^2
2026-03-26 21:10:13 | INFO | Irradiance Ratio (GTI/MAX_GTI): 0.477
2026-03-26 21:10:13 | INFO | Diffuse Ratio (current): 0.150
2026-03-26 21:10:13 | INFO | Irradiance State: VARIABLE_CLEAR
2026-03-26 21:10:13 | INFO | Temp @ 2m: 30.04 C
2026-03-26 21:10:13 | INFO | Wind @ 10m: 1.14 m/s
2026-03-26 21:10:13 | INFO | Weather State: NORMAL
2026-03-26 21:10:13 | INFO | Dynamic Thresholds: cloud_thr=0.0000, shift_thr=0.0000
2026-03-26 21:10:13 | INFO | Multipliers: irradiance=0.63x, temp=0.92x, wind=0.78x
2026-03-26 21:10:13 | INFO | Weather Multiplier (combined): 0.45x
2026-03-26 21:10:13 | INFO | Abrupt Weather Change Detected: False
2026-03-26 21:10:13 | INFO | --- TREND ANALYSIS ---
2026-03-26 21:10:13 | INFO | Trend series (oldest -> latest):
2026-03-26 21:10:13 | INFO |   Block 35: 9.810 MW (source: INTRADAY_FALLBACK)
2026-03-26 21:10:13 | INFO |   Block 34: 8.520 MW (source: INTRADAY_FALLBACK)
2026-03-26 21:10:13 | INFO |   Block 33: 7.170 MW (source: INTRADAY_FALLBACK)
2026-03-26 21:10:13 | INFO |   Block 32: 5.820 MW (source: INTRADAY_FALLBACK)
2026-03-26 21:10:13 | INFO | Trend values used for slope calc: B35=9.810(INTRADAY_FALLBACK), B34=8.520(INTRADAY_FALLBACK), B33=7.170(INTRADAY_FALLBACK), B32=5.820(INTRADAY_FALLBACK)
2026-03-26 21:10:13 | INFO | Detected Trend Type: INCREASING
2026-03-26 21:10:13 | INFO | Trend Slope Percentage: 68.52%
2026-03-26 21:10:13 | INFO | Trend EPS Threshold: 1.50%
2026-03-26 21:10:13 | INFO | --- SCHEDULE CALCULATION ---
2026-03-26 21:10:13 | INFO | Condition Applied: CONDITION_3
2026-03-26 21:10:13 | INFO | Effective Base Forecast Used for Adjustments: 10.314 MW
2026-03-26 21:10:13 | INFO | Condition-3 (Phase-6) Applied:
2026-03-26 21:10:13 | INFO |   Forecast Mismatch: Intraday (11.090) != Day-ahead (11.310)
2026-03-26 21:10:13 | INFO |   Operation: ADD
2026-03-26 21:10:13 | INFO |   Base Adjustment %: 3.00%
2026-03-26 21:10:13 | INFO |   Irradiance Multiplier: 0.63x
2026-03-26 21:10:13 | INFO |   Temp Multiplier: 0.92x
2026-03-26 21:10:13 | INFO |   Wind Multiplier: 0.78x
2026-03-26 21:10:13 | INFO |   Weather Multiplier: 0.45x
2026-03-26 21:10:13 | INFO |   Final Adjustment %: 1.36%
2026-03-26 21:10:13 | INFO |   Calculation: 10.314 MW * (1 + 1.36% / 100)
2026-03-26 21:10:13 | INFO |   Formula (expanded): raw=10.3137*(1+1.3563/100)=10.4536
2026-03-26 21:10:13 | INFO | --- FINAL RESULT ---
2026-03-26 21:10:13 | INFO | Raw Schedule (before smoothing): 10.454 MW
2026-03-26 21:10:13 | INFO | Final Scheduled MW: 10.454 MW
2026-03-26 21:10:13 | INFO | --------------------------------------------------------------------------------
2026-03-26 21:10:13 | INFO | --------------------------------------------------------------------------------
2026-03-26 21:10:13 | INFO | BLOCK 37
2026-03-26 21:10:13 | INFO | --------------------------------------------------------------------------------
2026-03-26 21:10:13 | INFO | --- FORECAST DATA ---
2026-03-26 21:10:13 | INFO | Intraday Forecast (Enercast Raw): 12.340 MW
2026-03-26 21:10:13 | INFO | Intraday Forecast (Enercast, Scaled): 12.340 MW
2026-03-26 21:10:13 | INFO | Day-ahead Forecast (Enercast): 12.610 MW
2026-03-26 21:10:13 | INFO | Base Forecast (raw, before curtailment/shutdown): 11.476 MW
2026-03-26 21:10:13 | INFO | Base Forecast (used for schedule): 11.476 MW
2026-03-26 21:10:13 | INFO | Effective Base Forecast (after curtailment/shutdown): 11.476 MW
2026-03-26 21:10:13 | INFO | Plant Status: NORMAL
2026-03-26 21:10:13 | INFO | Effective Base Forecast = Base Forecast (raw) = 11.476 MW
2026-03-26 21:10:13 | INFO | --- WEATHER PARAMETERS ---
2026-03-26 21:10:13 | INFO | GTI: 544.0 W/m^2
2026-03-26 21:10:13 | INFO | DHI: 77.0 W/m^2
2026-03-26 21:10:13 | INFO | DNI: 0.0 W/m^2
2026-03-26 21:10:13 | INFO | Irradiance Ratio (GTI/MAX_GTI): 0.534
2026-03-26 21:10:13 | INFO | Diffuse Ratio (current): 0.142
2026-03-26 21:10:13 | INFO | Irradiance State: VARIABLE_CLEAR
2026-03-26 21:10:13 | INFO | Temp @ 2m: 30.54 C
2026-03-26 21:10:13 | INFO | Wind @ 10m: 1.08 m/s
2026-03-26 21:10:13 | INFO | Weather State: NORMAL
2026-03-26 21:10:13 | INFO | Dynamic Thresholds: cloud_thr=0.0000, shift_thr=0.0000
2026-03-26 21:10:13 | INFO | Multipliers: irradiance=0.63x, temp=0.92x, wind=0.78x
2026-03-26 21:10:13 | INFO | Weather Multiplier (combined): 0.45x
2026-03-26 21:10:13 | INFO | Abrupt Weather Change Detected: False
2026-03-26 21:10:13 | INFO | --- TREND ANALYSIS ---
2026-03-26 21:10:13 | INFO | Trend series (oldest -> latest):
2026-03-26 21:10:13 | INFO |   Block 36: 11.090 MW (source: INTRADAY_FALLBACK)
2026-03-26 21:10:13 | INFO |   Block 35: 9.810 MW (source: INTRADAY_FALLBACK)
2026-03-26 21:10:13 | INFO |   Block 34: 8.520 MW (source: INTRADAY_FALLBACK)
2026-03-26 21:10:13 | INFO |   Block 33: 7.170 MW (source: INTRADAY_FALLBACK)
2026-03-26 21:10:13 | INFO | Trend values used for slope calc: B36=11.090(INTRADAY_FALLBACK), B35=9.810(INTRADAY_FALLBACK), B34=8.520(INTRADAY_FALLBACK), B33=7.170(INTRADAY_FALLBACK)
2026-03-26 21:10:13 | INFO | Detected Trend Type: INCREASING
2026-03-26 21:10:13 | INFO | Trend Slope Percentage: 54.45%
2026-03-26 21:10:13 | INFO | Trend EPS Threshold: 1.50%
2026-03-26 21:10:13 | INFO | --- SCHEDULE CALCULATION ---
2026-03-26 21:10:13 | INFO | Condition Applied: CONDITION_3
2026-03-26 21:10:13 | INFO | Effective Base Forecast Used for Adjustments: 11.476 MW
2026-03-26 21:10:13 | INFO | Condition-3 (Phase-6) Applied:
2026-03-26 21:10:13 | INFO |   Forecast Mismatch: Intraday (12.340) != Day-ahead (12.610)
2026-03-26 21:10:13 | INFO |   Operation: ADD
2026-03-26 21:10:13 | INFO |   Base Adjustment %: 3.00%
2026-03-26 21:10:13 | INFO |   Irradiance Multiplier: 0.63x
2026-03-26 21:10:13 | INFO |   Temp Multiplier: 0.92x
2026-03-26 21:10:13 | INFO |   Wind Multiplier: 0.78x
2026-03-26 21:10:13 | INFO |   Weather Multiplier: 0.45x
2026-03-26 21:10:13 | INFO |   Final Adjustment %: 1.36%
2026-03-26 21:10:13 | INFO |   Calculation: 11.476 MW * (1 + 1.36% / 100)
2026-03-26 21:10:13 | INFO |   Formula (expanded): raw=11.4762*(1+1.3563/100)=11.6318
2026-03-26 21:10:13 | INFO | --- FINAL RESULT ---
2026-03-26 21:10:13 | INFO | Raw Schedule (before smoothing): 11.632 MW
2026-03-26 21:10:13 | INFO | Final Scheduled MW: 11.632 MW
2026-03-26 21:10:13 | INFO | --------------------------------------------------------------------------------
2026-03-26 21:10:13 | INFO | --------------------------------------------------------------------------------
2026-03-26 21:10:13 | INFO | BLOCK 38
2026-03-26 21:10:13 | INFO | --------------------------------------------------------------------------------
2026-03-26 21:10:13 | INFO | --- FORECAST DATA ---
2026-03-26 21:10:13 | INFO | Intraday Forecast (Enercast Raw): 13.560 MW
2026-03-26 21:10:13 | INFO | Intraday Forecast (Enercast, Scaled): 13.560 MW
2026-03-26 21:10:13 | INFO | Day-ahead Forecast (Enercast): 13.860 MW
2026-03-26 21:10:13 | INFO | Base Forecast (raw, before curtailment/shutdown): 12.611 MW
2026-03-26 21:10:13 | INFO | Base Forecast (used for schedule): 12.611 MW
2026-03-26 21:10:13 | INFO | Effective Base Forecast (after curtailment/shutdown): 12.611 MW
2026-03-26 21:10:13 | INFO | Plant Status: NORMAL
2026-03-26 21:10:13 | INFO | Effective Base Forecast = Base Forecast (raw) = 12.611 MW
2026-03-26 21:10:13 | INFO | --- WEATHER PARAMETERS ---
2026-03-26 21:10:13 | INFO | GTI: 602.0 W/m^2
2026-03-26 21:10:13 | INFO | DHI: 80.0 W/m^2
2026-03-26 21:10:13 | INFO | DNI: 0.0 W/m^2
2026-03-26 21:10:13 | INFO | Irradiance Ratio (GTI/MAX_GTI): 0.591
2026-03-26 21:10:13 | INFO | Diffuse Ratio (current): 0.133
2026-03-26 21:10:13 | INFO | Irradiance State: VARIABLE_CLEAR
2026-03-26 21:10:13 | INFO | Temp @ 2m: 30.93 C
2026-03-26 21:10:13 | INFO | Wind @ 10m: 1.94 m/s
2026-03-26 21:10:13 | INFO | Weather State: NORMAL
2026-03-26 21:10:13 | INFO | Dynamic Thresholds: cloud_thr=0.0000, shift_thr=0.0000
2026-03-26 21:10:13 | INFO | Multipliers: irradiance=0.63x, temp=0.92x, wind=0.88x
2026-03-26 21:10:13 | INFO | Weather Multiplier (combined): 0.51x
2026-03-26 21:10:13 | INFO | Abrupt Weather Change Detected: False
2026-03-26 21:10:13 | INFO | --- TREND ANALYSIS ---
2026-03-26 21:10:13 | INFO | Trend series (oldest -> latest):
2026-03-26 21:10:13 | INFO |   Block 37: 12.340 MW (source: INTRADAY_FALLBACK)
2026-03-26 21:10:13 | INFO |   Block 36: 11.090 MW (source: INTRADAY_FALLBACK)
2026-03-26 21:10:13 | INFO |   Block 35: 9.810 MW (source: INTRADAY_FALLBACK)
2026-03-26 21:10:13 | INFO |   Block 34: 8.520 MW (source: INTRADAY_FALLBACK)
2026-03-26 21:10:13 | INFO | Trend values used for slope calc: B37=12.340(INTRADAY_FALLBACK), B36=11.090(INTRADAY_FALLBACK), B35=9.810(INTRADAY_FALLBACK), B34=8.520(INTRADAY_FALLBACK)
2026-03-26 21:10:13 | INFO | Detected Trend Type: INCREASING
2026-03-26 21:10:13 | INFO | Trend Slope Percentage: 44.81%
2026-03-26 21:10:13 | INFO | Trend EPS Threshold: 1.50%
2026-03-26 21:10:13 | INFO | --- SCHEDULE CALCULATION ---
2026-03-26 21:10:13 | INFO | Condition Applied: CONDITION_3
2026-03-26 21:10:13 | INFO | Effective Base Forecast Used for Adjustments: 12.611 MW
2026-03-26 21:10:13 | INFO | Condition-3 (Phase-6) Applied:
2026-03-26 21:10:13 | INFO |   Forecast Mismatch: Intraday (13.560) != Day-ahead (13.860)
2026-03-26 21:10:13 | INFO |   Operation: ADD
2026-03-26 21:10:13 | INFO |   Base Adjustment %: 3.00%
2026-03-26 21:10:13 | INFO |   Irradiance Multiplier: 0.63x
2026-03-26 21:10:13 | INFO |   Temp Multiplier: 0.92x
2026-03-26 21:10:13 | INFO |   Wind Multiplier: 0.88x
2026-03-26 21:10:13 | INFO |   Weather Multiplier: 0.51x
2026-03-26 21:10:13 | INFO |   Final Adjustment %: 1.53%
2026-03-26 21:10:13 | INFO |   Calculation: 12.611 MW * (1 + 1.53% / 100)
2026-03-26 21:10:13 | INFO |   Formula (expanded): raw=12.6108*(1+1.5301/100)=12.8038
2026-03-26 21:10:13 | INFO | --- FINAL RESULT ---
2026-03-26 21:10:13 | INFO | Raw Schedule (before smoothing): 12.804 MW
2026-03-26 21:10:13 | INFO | Final Scheduled MW: 12.804 MW
2026-03-26 21:10:13 | INFO | --------------------------------------------------------------------------------
2026-03-26 21:10:13 | INFO | --------------------------------------------------------------------------------
2026-03-26 21:10:13 | INFO | BLOCK 39
2026-03-26 21:10:13 | INFO | --------------------------------------------------------------------------------
2026-03-26 21:10:13 | INFO | --- FORECAST DATA ---
2026-03-26 21:10:13 | INFO | Intraday Forecast (Enercast Raw): 14.700 MW
2026-03-26 21:10:13 | INFO | Intraday Forecast (Enercast, Scaled): 14.700 MW
2026-03-26 21:10:13 | INFO | Day-ahead Forecast (Enercast): 15.030 MW
2026-03-26 21:10:13 | INFO | Base Forecast (raw, before curtailment/shutdown): 13.671 MW
2026-03-26 21:10:13 | INFO | Base Forecast (used for schedule): 13.671 MW
2026-03-26 21:10:13 | INFO | Effective Base Forecast (after curtailment/shutdown): 13.671 MW
2026-03-26 21:10:13 | INFO | Plant Status: NORMAL
2026-03-26 21:10:13 | INFO | Effective Base Forecast = Base Forecast (raw) = 13.671 MW
2026-03-26 21:10:13 | INFO | --- WEATHER PARAMETERS ---
2026-03-26 21:10:13 | INFO | GTI: 657.0 W/m^2
2026-03-26 21:10:13 | INFO | DHI: 82.0 W/m^2
2026-03-26 21:10:13 | INFO | DNI: 0.0 W/m^2
2026-03-26 21:10:13 | INFO | Irradiance Ratio (GTI/MAX_GTI): 0.645
2026-03-26 21:10:13 | INFO | Diffuse Ratio (current): 0.125
2026-03-26 21:10:13 | INFO | Irradiance State: VARIABLE_CLEAR
2026-03-26 21:10:13 | INFO | Temp @ 2m: 31.39 C
2026-03-26 21:10:13 | INFO | Wind @ 10m: 2.60 m/s
2026-03-26 21:10:13 | INFO | Weather State: NORMAL
2026-03-26 21:10:13 | INFO | Dynamic Thresholds: cloud_thr=0.0000, shift_thr=0.0000
2026-03-26 21:10:13 | INFO | Multipliers: irradiance=0.63x, temp=0.92x, wind=0.88x
2026-03-26 21:10:13 | INFO | Weather Multiplier (combined): 0.51x
2026-03-26 21:10:13 | INFO | Abrupt Weather Change Detected: False
2026-03-26 21:10:13 | INFO | --- TREND ANALYSIS ---
2026-03-26 21:10:13 | INFO | Trend series (oldest -> latest):
2026-03-26 21:10:13 | INFO |   Block 38: 13.560 MW (source: INTRADAY_FALLBACK)
2026-03-26 21:10:13 | INFO |   Block 37: 12.340 MW (source: INTRADAY_FALLBACK)
2026-03-26 21:10:13 | INFO |   Block 36: 11.090 MW (source: INTRADAY_FALLBACK)
2026-03-26 21:10:13 | INFO |   Block 35: 9.810 MW (source: INTRADAY_FALLBACK)
2026-03-26 21:10:13 | INFO | Trend values used for slope calc: B38=13.560(INTRADAY_FALLBACK), B37=12.340(INTRADAY_FALLBACK), B36=11.090(INTRADAY_FALLBACK), B35=9.810(INTRADAY_FALLBACK)
2026-03-26 21:10:13 | INFO | Detected Trend Type: INCREASING
2026-03-26 21:10:13 | INFO | Trend Slope Percentage: 38.17%
2026-03-26 21:10:13 | INFO | Trend EPS Threshold: 1.50%
2026-03-26 21:10:13 | INFO | --- SCHEDULE CALCULATION ---
2026-03-26 21:10:13 | INFO | Condition Applied: CONDITION_3
2026-03-26 21:10:13 | INFO | Effective Base Forecast Used for Adjustments: 13.671 MW
2026-03-26 21:10:13 | INFO | Condition-3 (Phase-6) Applied:
2026-03-26 21:10:13 | INFO |   Forecast Mismatch: Intraday (14.700) != Day-ahead (15.030)
2026-03-26 21:10:13 | INFO |   Operation: ADD
2026-03-26 21:10:13 | INFO |   Base Adjustment %: 3.00%
2026-03-26 21:10:13 | INFO |   Irradiance Multiplier: 0.63x
2026-03-26 21:10:13 | INFO |   Temp Multiplier: 0.92x
2026-03-26 21:10:13 | INFO |   Wind Multiplier: 0.88x
2026-03-26 21:10:13 | INFO |   Weather Multiplier: 0.51x
2026-03-26 21:10:13 | INFO |   Final Adjustment %: 1.53%
2026-03-26 21:10:13 | INFO |   Calculation: 13.671 MW * (1 + 1.53% / 100)
2026-03-26 21:10:13 | INFO |   Formula (expanded): raw=13.6710*(1+1.5301/100)=13.8802
2026-03-26 21:10:13 | INFO | --- FINAL RESULT ---
2026-03-26 21:10:13 | INFO | Raw Schedule (before smoothing): 13.880 MW
2026-03-26 21:10:13 | INFO | Final Scheduled MW: 13.880 MW
2026-03-26 21:10:13 | INFO | --------------------------------------------------------------------------------
2026-03-26 21:10:13 | INFO | --------------------------------------------------------------------------------
2026-03-26 21:10:13 | INFO | BLOCK 40
2026-03-26 21:10:13 | INFO | --------------------------------------------------------------------------------
2026-03-26 21:10:13 | INFO | --- FORECAST DATA ---
2026-03-26 21:10:13 | INFO | Intraday Forecast (Enercast Raw): 15.760 MW
2026-03-26 21:10:13 | INFO | Intraday Forecast (Enercast, Scaled): 15.760 MW
2026-03-26 21:10:13 | INFO | Day-ahead Forecast (Enercast): 16.150 MW
2026-03-26 21:10:13 | INFO | Base Forecast (raw, before curtailment/shutdown): 14.657 MW
2026-03-26 21:10:13 | INFO | Base Forecast (used for schedule): 14.657 MW
2026-03-26 21:10:13 | INFO | Effective Base Forecast (after curtailment/shutdown): 14.657 MW
2026-03-26 21:10:13 | INFO | Plant Status: NORMAL
2026-03-26 21:10:13 | INFO | Effective Base Forecast = Base Forecast (raw) = 14.657 MW
2026-03-26 21:10:13 | INFO | --- WEATHER PARAMETERS ---
2026-03-26 21:10:13 | INFO | GTI: 709.0 W/m^2
2026-03-26 21:10:13 | INFO | DHI: 85.0 W/m^2
2026-03-26 21:10:13 | INFO | DNI: 0.0 W/m^2
2026-03-26 21:10:13 | INFO | Irradiance Ratio (GTI/MAX_GTI): 0.696
2026-03-26 21:10:13 | INFO | Diffuse Ratio (current): 0.120
2026-03-26 21:10:13 | INFO | Irradiance State: VARIABLE_CLEAR
2026-03-26 21:10:13 | INFO | Temp @ 2m: 31.79 C
2026-03-26 21:10:13 | INFO | Wind @ 10m: 3.05 m/s
2026-03-26 21:10:13 | INFO | Weather State: NORMAL
2026-03-26 21:10:13 | INFO | Dynamic Thresholds: cloud_thr=0.0000, shift_thr=0.0000
2026-03-26 21:10:13 | INFO | Multipliers: irradiance=0.63x, temp=0.92x, wind=0.93x
2026-03-26 21:10:13 | INFO | Weather Multiplier (combined): 0.54x
2026-03-26 21:10:13 | INFO | Abrupt Weather Change Detected: False
2026-03-26 21:10:13 | INFO | --- TREND ANALYSIS ---
2026-03-26 21:10:13 | INFO | Trend series (oldest -> latest):
2026-03-26 21:10:13 | INFO |   Block 39: 14.700 MW (source: INTRADAY_FALLBACK)
2026-03-26 21:10:13 | INFO |   Block 38: 13.560 MW (source: INTRADAY_FALLBACK)
2026-03-26 21:10:13 | INFO |   Block 37: 12.340 MW (source: INTRADAY_FALLBACK)
2026-03-26 21:10:13 | INFO |   Block 36: 11.090 MW (source: INTRADAY_FALLBACK)
2026-03-26 21:10:13 | INFO | Trend values used for slope calc: B39=14.700(INTRADAY_FALLBACK), B38=13.560(INTRADAY_FALLBACK), B37=12.340(INTRADAY_FALLBACK), B36=11.090(INTRADAY_FALLBACK)
2026-03-26 21:10:13 | INFO | Detected Trend Type: INCREASING
2026-03-26 21:10:13 | INFO | Trend Slope Percentage: 32.52%
2026-03-26 21:10:13 | INFO | Trend EPS Threshold: 1.50%
2026-03-26 21:10:13 | INFO | --- SCHEDULE CALCULATION ---
2026-03-26 21:10:13 | INFO | Condition Applied: CONDITION_3
2026-03-26 21:10:13 | INFO | Effective Base Forecast Used for Adjustments: 14.657 MW
2026-03-26 21:10:13 | INFO | Condition-3 (Phase-6) Applied:
2026-03-26 21:10:13 | INFO |   Forecast Mismatch: Intraday (15.760) != Day-ahead (16.150)
2026-03-26 21:10:13 | INFO |   Operation: ADD
2026-03-26 21:10:13 | INFO |   Base Adjustment %: 3.00%
2026-03-26 21:10:13 | INFO |   Irradiance Multiplier: 0.63x
2026-03-26 21:10:13 | INFO |   Temp Multiplier: 0.92x
2026-03-26 21:10:13 | INFO |   Wind Multiplier: 0.93x
2026-03-26 21:10:13 | INFO |   Weather Multiplier: 0.54x
2026-03-26 21:10:13 | INFO |   Final Adjustment %: 1.62%
2026-03-26 21:10:13 | INFO |   Calculation: 14.657 MW * (1 + 1.62% / 100)
2026-03-26 21:10:13 | INFO |   Formula (expanded): raw=14.6568*(1+1.6171/100)=14.8938
2026-03-26 21:10:13 | INFO | --- FINAL RESULT ---
2026-03-26 21:10:13 | INFO | Raw Schedule (before smoothing): 14.894 MW
2026-03-26 21:10:13 | INFO | Final Scheduled MW: 14.894 MW
2026-03-26 21:10:13 | INFO | --------------------------------------------------------------------------------
2026-03-26 21:10:13 | INFO | --------------------------------------------------------------------------------
2026-03-26 21:10:13 | INFO | BLOCK 41
2026-03-26 21:10:13 | INFO | --------------------------------------------------------------------------------
2026-03-26 21:10:13 | INFO | --- FORECAST DATA ---
2026-03-26 21:10:13 | INFO | Intraday Forecast (Enercast Raw): 16.680 MW
2026-03-26 21:10:13 | INFO | Intraday Forecast (Enercast, Scaled): 16.680 MW
2026-03-26 21:10:13 | INFO | Day-ahead Forecast (Enercast): 17.120 MW
2026-03-26 21:10:13 | INFO | Base Forecast (raw, before curtailment/shutdown): 15.512 MW
2026-03-26 21:10:13 | INFO | Base Forecast (used for schedule): 15.512 MW
2026-03-26 21:10:13 | INFO | Effective Base Forecast (after curtailment/shutdown): 15.512 MW
2026-03-26 21:10:13 | INFO | Plant Status: NORMAL
2026-03-26 21:10:13 | INFO | Effective Base Forecast = Base Forecast (raw) = 15.512 MW
2026-03-26 21:10:13 | INFO | --- WEATHER PARAMETERS ---
2026-03-26 21:10:13 | INFO | GTI: 758.0 W/m^2
2026-03-26 21:10:13 | INFO | DHI: 87.0 W/m^2
2026-03-26 21:10:13 | INFO | DNI: 0.0 W/m^2
2026-03-26 21:10:13 | INFO | Irradiance Ratio (GTI/MAX_GTI): 0.745
2026-03-26 21:10:13 | INFO | Diffuse Ratio (current): 0.115
2026-03-26 21:10:13 | INFO | Irradiance State: VARIABLE_CLEAR
2026-03-26 21:10:13 | INFO | Temp @ 2m: 32.19 C
2026-03-26 21:10:13 | INFO | Wind @ 10m: 3.10 m/s
2026-03-26 21:10:13 | INFO | Weather State: NORMAL
2026-03-26 21:10:13 | INFO | Dynamic Thresholds: cloud_thr=0.0000, shift_thr=0.0000
2026-03-26 21:10:13 | INFO | Multipliers: irradiance=0.63x, temp=0.92x, wind=0.93x
2026-03-26 21:10:13 | INFO | Weather Multiplier (combined): 0.54x
2026-03-26 21:10:13 | INFO | Abrupt Weather Change Detected: False
2026-03-26 21:10:13 | INFO | --- TREND ANALYSIS ---
2026-03-26 21:10:13 | INFO | Trend series (oldest -> latest):
2026-03-26 21:10:13 | INFO |   Block 40: 15.760 MW (source: INTRADAY_FALLBACK)
2026-03-26 21:10:13 | INFO |   Block 39: 14.700 MW (source: INTRADAY_FALLBACK)
2026-03-26 21:10:13 | INFO |   Block 38: 13.560 MW (source: INTRADAY_FALLBACK)
2026-03-26 21:10:13 | INFO |   Block 37: 12.340 MW (source: INTRADAY_FALLBACK)
2026-03-26 21:10:13 | INFO | Trend values used for slope calc: B40=15.760(INTRADAY_FALLBACK), B39=14.700(INTRADAY_FALLBACK), B38=13.560(INTRADAY_FALLBACK), B37=12.340(INTRADAY_FALLBACK)
2026-03-26 21:10:13 | INFO | Detected Trend Type: INCREASING
2026-03-26 21:10:13 | INFO | Trend Slope Percentage: 27.63%
2026-03-26 21:10:13 | INFO | Trend EPS Threshold: 1.50%
2026-03-26 21:10:13 | INFO | --- SCHEDULE CALCULATION ---
2026-03-26 21:10:13 | INFO | Condition Applied: CONDITION_3
2026-03-26 21:10:13 | INFO | Effective Base Forecast Used for Adjustments: 15.512 MW
2026-03-26 21:10:13 | INFO | Condition-3 (Phase-6) Applied:
2026-03-26 21:10:13 | INFO |   Forecast Mismatch: Intraday (16.680) != Day-ahead (17.120)
2026-03-26 21:10:13 | INFO |   Operation: ADD
2026-03-26 21:10:13 | INFO |   Base Adjustment %: 3.00%
2026-03-26 21:10:13 | INFO |   Irradiance Multiplier: 0.63x
2026-03-26 21:10:13 | INFO |   Temp Multiplier: 0.92x
2026-03-26 21:10:13 | INFO |   Wind Multiplier: 0.93x
2026-03-26 21:10:13 | INFO |   Weather Multiplier: 0.54x
2026-03-26 21:10:13 | INFO |   Final Adjustment %: 1.62%
2026-03-26 21:10:13 | INFO |   Calculation: 15.512 MW * (1 + 1.62% / 100)
2026-03-26 21:10:13 | INFO |   Formula (expanded): raw=15.5124*(1+1.6171/100)=15.7632
2026-03-26 21:10:13 | INFO | --- FINAL RESULT ---
2026-03-26 21:10:13 | INFO | Raw Schedule (before smoothing): 15.763 MW
2026-03-26 21:10:13 | INFO | Final Scheduled MW: 15.763 MW
2026-03-26 21:10:13 | INFO | --------------------------------------------------------------------------------
2026-03-26 21:10:13 | INFO | --------------------------------------------------------------------------------
2026-03-26 21:10:13 | INFO | BLOCK 42
2026-03-26 21:10:13 | INFO | --------------------------------------------------------------------------------
2026-03-26 21:10:13 | INFO | --- FORECAST DATA ---
2026-03-26 21:10:13 | INFO | Intraday Forecast (Enercast Raw): 17.440 MW
2026-03-26 21:10:13 | INFO | Intraday Forecast (Enercast, Scaled): 17.440 MW
2026-03-26 21:10:13 | INFO | Day-ahead Forecast (Enercast): 17.930 MW
2026-03-26 21:10:13 | INFO | Base Forecast (raw, before curtailment/shutdown): 16.219 MW
2026-03-26 21:10:13 | INFO | Base Forecast (used for schedule): 16.219 MW
2026-03-26 21:10:13 | INFO | Effective Base Forecast (after curtailment/shutdown): 16.219 MW
2026-03-26 21:10:13 | INFO | Plant Status: NORMAL
2026-03-26 21:10:13 | INFO | Effective Base Forecast = Base Forecast (raw) = 16.219 MW
2026-03-26 21:10:13 | INFO | --- WEATHER PARAMETERS ---
2026-03-26 21:10:13 | INFO | GTI: 803.0 W/m^2
2026-03-26 21:10:13 | INFO | DHI: 89.0 W/m^2
2026-03-26 21:10:13 | INFO | DNI: 0.0 W/m^2
2026-03-26 21:10:13 | INFO | Irradiance Ratio (GTI/MAX_GTI): 0.789
2026-03-26 21:10:13 | INFO | Diffuse Ratio (current): 0.111
2026-03-26 21:10:13 | INFO | Irradiance State: STABLE_CLEAR
2026-03-26 21:10:13 | INFO | Temp @ 2m: 32.53 C
2026-03-26 21:10:13 | INFO | Wind @ 10m: 3.22 m/s
2026-03-26 21:10:13 | INFO | Weather State: NORMAL
2026-03-26 21:10:13 | INFO | Dynamic Thresholds: cloud_thr=0.0000, shift_thr=0.0000
2026-03-26 21:10:13 | INFO | Multipliers: irradiance=0.84x, temp=0.92x, wind=0.93x
2026-03-26 21:10:13 | INFO | Weather Multiplier (combined): 0.72x
2026-03-26 21:10:13 | INFO | Abrupt Weather Change Detected: False
2026-03-26 21:10:13 | INFO | --- TREND ANALYSIS ---
2026-03-26 21:10:13 | INFO | Trend series (oldest -> latest):
2026-03-26 21:10:13 | INFO |   Block 41: 16.680 MW (source: INTRADAY_FALLBACK)
2026-03-26 21:10:13 | INFO |   Block 40: 15.760 MW (source: INTRADAY_FALLBACK)
2026-03-26 21:10:13 | INFO |   Block 39: 14.700 MW (source: INTRADAY_FALLBACK)
2026-03-26 21:10:13 | INFO |   Block 38: 13.560 MW (source: INTRADAY_FALLBACK)
2026-03-26 21:10:13 | INFO | Trend values used for slope calc: B41=16.680(INTRADAY_FALLBACK), B40=15.760(INTRADAY_FALLBACK), B39=14.700(INTRADAY_FALLBACK), B38=13.560(INTRADAY_FALLBACK)
2026-03-26 21:10:13 | INFO | Detected Trend Type: INCREASING
2026-03-26 21:10:13 | INFO | Trend Slope Percentage: 22.97%
2026-03-26 21:10:13 | INFO | Trend EPS Threshold: 1.50%
2026-03-26 21:10:13 | INFO | --- SCHEDULE CALCULATION ---
2026-03-26 21:10:13 | INFO | Condition Applied: CONDITION_3
2026-03-26 21:10:13 | INFO | Effective Base Forecast Used for Adjustments: 16.219 MW
2026-03-26 21:10:13 | INFO | Condition-3 (Phase-6) Applied:
2026-03-26 21:10:13 | INFO |   Forecast Mismatch: Intraday (17.440) != Day-ahead (17.930)
2026-03-26 21:10:13 | INFO |   Operation: ADD
2026-03-26 21:10:13 | INFO |   Base Adjustment %: 3.00%
2026-03-26 21:10:13 | INFO |   Irradiance Multiplier: 0.84x
2026-03-26 21:10:13 | INFO |   Temp Multiplier: 0.92x
2026-03-26 21:10:13 | INFO |   Wind Multiplier: 0.93x
2026-03-26 21:10:13 | INFO |   Weather Multiplier: 0.72x
2026-03-26 21:10:13 | INFO |   Final Adjustment %: 2.16%
2026-03-26 21:10:13 | INFO |   Calculation: 16.219 MW * (1 + 2.16% / 100)
2026-03-26 21:10:13 | INFO |   Formula (expanded): raw=16.2192*(1+2.1561/100)=16.5689
2026-03-26 21:10:13 | INFO | --- FINAL RESULT ---
2026-03-26 21:10:13 | INFO | Raw Schedule (before smoothing): 16.569 MW
2026-03-26 21:10:13 | INFO | Final Scheduled MW: 16.569 MW
2026-03-26 21:10:13 | INFO | --------------------------------------------------------------------------------
2026-03-26 21:10:13 | INFO | --------------------------------------------------------------------------------
2026-03-26 21:10:13 | INFO | BLOCK 43
2026-03-26 21:10:13 | INFO | --------------------------------------------------------------------------------
2026-03-26 21:10:13 | INFO | --- FORECAST DATA ---
2026-03-26 21:10:13 | INFO | Intraday Forecast (Enercast Raw): 18.030 MW
2026-03-26 21:10:13 | INFO | Intraday Forecast (Enercast, Scaled): 18.030 MW
2026-03-26 21:10:13 | INFO | Day-ahead Forecast (Enercast): 18.630 MW
2026-03-26 21:10:13 | INFO | Base Forecast (raw, before curtailment/shutdown): 16.768 MW
2026-03-26 21:10:13 | INFO | Base Forecast (used for schedule): 16.768 MW
2026-03-26 21:10:13 | INFO | Effective Base Forecast (after curtailment/shutdown): 16.768 MW
2026-03-26 21:10:13 | INFO | Plant Status: NORMAL
2026-03-26 21:10:13 | INFO | Effective Base Forecast = Base Forecast (raw) = 16.768 MW
2026-03-26 21:10:13 | INFO | --- WEATHER PARAMETERS ---
2026-03-26 21:10:13 | INFO | GTI: 845.0 W/m^2
2026-03-26 21:10:13 | INFO | DHI: 91.0 W/m^2
2026-03-26 21:10:13 | INFO | DNI: 0.0 W/m^2
2026-03-26 21:10:13 | INFO | Irradiance Ratio (GTI/MAX_GTI): 0.830
2026-03-26 21:10:13 | INFO | Diffuse Ratio (current): 0.108
2026-03-26 21:10:13 | INFO | Irradiance State: STABLE_CLEAR
2026-03-26 21:10:13 | INFO | Temp @ 2m: 32.89 C
2026-03-26 21:10:13 | INFO | Wind @ 10m: 3.55 m/s
2026-03-26 21:10:13 | INFO | Weather State: NORMAL
2026-03-26 21:10:13 | INFO | Dynamic Thresholds: cloud_thr=0.0000, shift_thr=0.0000
2026-03-26 21:10:13 | INFO | Multipliers: irradiance=0.84x, temp=0.92x, wind=0.93x
2026-03-26 21:10:13 | INFO | Weather Multiplier (combined): 0.72x
2026-03-26 21:10:13 | INFO | Abrupt Weather Change Detected: False
2026-03-26 21:10:13 | INFO | --- TREND ANALYSIS ---
2026-03-26 21:10:13 | INFO | Trend series (oldest -> latest):
2026-03-26 21:10:13 | INFO |   Block 42: 17.440 MW (source: INTRADAY_FALLBACK)
2026-03-26 21:10:13 | INFO |   Block 41: 16.680 MW (source: INTRADAY_FALLBACK)
2026-03-26 21:10:13 | INFO |   Block 40: 15.760 MW (source: INTRADAY_FALLBACK)
2026-03-26 21:10:13 | INFO |   Block 39: 14.700 MW (source: INTRADAY_FALLBACK)
2026-03-26 21:10:13 | INFO | Trend values used for slope calc: B42=17.440(INTRADAY_FALLBACK), B41=16.680(INTRADAY_FALLBACK), B40=15.760(INTRADAY_FALLBACK), B39=14.700(INTRADAY_FALLBACK)
2026-03-26 21:10:13 | INFO | Detected Trend Type: INCREASING
2026-03-26 21:10:13 | INFO | Trend Slope Percentage: 18.56%
2026-03-26 21:10:13 | INFO | Trend EPS Threshold: 1.50%
2026-03-26 21:10:13 | INFO | --- SCHEDULE CALCULATION ---
2026-03-26 21:10:13 | INFO | Condition Applied: CONDITION_3
2026-03-26 21:10:13 | INFO | Effective Base Forecast Used for Adjustments: 16.768 MW
2026-03-26 21:10:13 | INFO | Condition-3 (Phase-6) Applied:
2026-03-26 21:10:13 | INFO |   Forecast Mismatch: Intraday (18.030) != Day-ahead (18.630)
2026-03-26 21:10:13 | INFO |   Operation: ADD
2026-03-26 21:10:13 | INFO |   Base Adjustment %: 3.00%
2026-03-26 21:10:13 | INFO |   Irradiance Multiplier: 0.84x
2026-03-26 21:10:13 | INFO |   Temp Multiplier: 0.92x
2026-03-26 21:10:13 | INFO |   Wind Multiplier: 0.93x
2026-03-26 21:10:13 | INFO |   Weather Multiplier: 0.72x
2026-03-26 21:10:13 | INFO |   Final Adjustment %: 2.16%
2026-03-26 21:10:13 | INFO |   Calculation: 16.768 MW * (1 + 2.16% / 100)
2026-03-26 21:10:13 | INFO |   Formula (expanded): raw=16.7679*(1+2.1561/100)=17.1294
2026-03-26 21:10:13 | INFO | --- FINAL RESULT ---
2026-03-26 21:10:13 | INFO | Raw Schedule (before smoothing): 17.129 MW
2026-03-26 21:10:13 | INFO | Final Scheduled MW: 17.129 MW
2026-03-26 21:10:13 | INFO | --------------------------------------------------------------------------------
2026-03-26 21:10:13 | INFO | --------------------------------------------------------------------------------
2026-03-26 21:10:13 | INFO | BLOCK 44
2026-03-26 21:10:13 | INFO | --------------------------------------------------------------------------------
2026-03-26 21:10:13 | INFO | --- FORECAST DATA ---
2026-03-26 21:10:13 | INFO | Intraday Forecast (Enercast Raw): 18.550 MW
2026-03-26 21:10:13 | INFO | Intraday Forecast (Enercast, Scaled): 18.550 MW
2026-03-26 21:10:13 | INFO | Day-ahead Forecast (Enercast): 19.240 MW
2026-03-26 21:10:13 | INFO | Base Forecast (raw, before curtailment/shutdown): 17.252 MW
2026-03-26 21:10:13 | INFO | Base Forecast (used for schedule): 17.252 MW
2026-03-26 21:10:13 | INFO | Effective Base Forecast (after curtailment/shutdown): 17.252 MW
2026-03-26 21:10:13 | INFO | Plant Status: NORMAL
2026-03-26 21:10:13 | INFO | Effective Base Forecast = Base Forecast (raw) = 17.252 MW
2026-03-26 21:10:13 | INFO | --- WEATHER PARAMETERS ---
2026-03-26 21:10:13 | INFO | GTI: 882.0 W/m^2
2026-03-26 21:10:13 | INFO | DHI: 92.0 W/m^2
2026-03-26 21:10:13 | INFO | DNI: 0.0 W/m^2
2026-03-26 21:10:13 | INFO | Irradiance Ratio (GTI/MAX_GTI): 0.866
2026-03-26 21:10:13 | INFO | Diffuse Ratio (current): 0.104
2026-03-26 21:10:13 | INFO | Irradiance State: STABLE_CLEAR
2026-03-26 21:10:13 | INFO | Temp @ 2m: 33.14 C
2026-03-26 21:10:13 | INFO | Wind @ 10m: 3.88 m/s
2026-03-26 21:10:13 | INFO | Weather State: NORMAL
2026-03-26 21:10:13 | INFO | Dynamic Thresholds: cloud_thr=0.0000, shift_thr=0.0000
2026-03-26 21:10:13 | INFO | Multipliers: irradiance=0.84x, temp=0.92x, wind=0.93x
2026-03-26 21:10:13 | INFO | Weather Multiplier (combined): 0.72x
2026-03-26 21:10:13 | INFO | Abrupt Weather Change Detected: False
2026-03-26 21:10:13 | INFO | --- TREND ANALYSIS ---
2026-03-26 21:10:13 | INFO | Trend series (oldest -> latest):
2026-03-26 21:10:13 | INFO |   Block 43: 18.030 MW (source: INTRADAY_FALLBACK)
2026-03-26 21:10:13 | INFO |   Block 42: 17.440 MW (source: INTRADAY_FALLBACK)
2026-03-26 21:10:13 | INFO |   Block 41: 16.680 MW (source: INTRADAY_FALLBACK)
2026-03-26 21:10:13 | INFO |   Block 40: 15.760 MW (source: INTRADAY_FALLBACK)
2026-03-26 21:10:13 | INFO | Trend values used for slope calc: B43=18.030(INTRADAY_FALLBACK), B42=17.440(INTRADAY_FALLBACK), B41=16.680(INTRADAY_FALLBACK), B40=15.760(INTRADAY_FALLBACK)
2026-03-26 21:10:13 | INFO | Detected Trend Type: INCREASING
2026-03-26 21:10:13 | INFO | Trend Slope Percentage: 14.34%
2026-03-26 21:10:13 | INFO | Trend EPS Threshold: 1.50%
2026-03-26 21:10:13 | INFO | --- SCHEDULE CALCULATION ---
2026-03-26 21:10:13 | INFO | Condition Applied: CONDITION_3
2026-03-26 21:10:13 | INFO | Effective Base Forecast Used for Adjustments: 17.252 MW
2026-03-26 21:10:13 | INFO | Condition-3 (Phase-6) Applied:
2026-03-26 21:10:13 | INFO |   Forecast Mismatch: Intraday (18.550) != Day-ahead (19.240)
2026-03-26 21:10:13 | INFO |   Operation: ADD
2026-03-26 21:10:13 | INFO |   Base Adjustment %: 3.00%
2026-03-26 21:10:13 | INFO |   Irradiance Multiplier: 0.84x
2026-03-26 21:10:13 | INFO |   Temp Multiplier: 0.92x
2026-03-26 21:10:13 | INFO |   Wind Multiplier: 0.93x
2026-03-26 21:10:13 | INFO |   Weather Multiplier: 0.72x
2026-03-26 21:10:13 | INFO |   Final Adjustment %: 2.16%
2026-03-26 21:10:13 | INFO |   Calculation: 17.252 MW * (1 + 2.16% / 100)
2026-03-26 21:10:13 | INFO |   Formula (expanded): raw=17.2515*(1+2.1561/100)=17.6235
2026-03-26 21:10:13 | INFO | --- FINAL RESULT ---
2026-03-26 21:10:13 | INFO | Raw Schedule (before smoothing): 17.623 MW
2026-03-26 21:10:13 | INFO | Final Scheduled MW: 17.623 MW
2026-03-26 21:10:13 | INFO | --------------------------------------------------------------------------------
2026-03-26 21:10:13 | INFO | --------------------------------------------------------------------------------
2026-03-26 21:10:13 | INFO | BLOCK 45
2026-03-26 21:10:13 | INFO | --------------------------------------------------------------------------------
2026-03-26 21:10:13 | INFO | --- FORECAST DATA ---
2026-03-26 21:10:13 | INFO | Intraday Forecast (Enercast Raw): 19.020 MW
2026-03-26 21:10:13 | INFO | Intraday Forecast (Enercast, Scaled): 19.020 MW
2026-03-26 21:10:13 | INFO | Day-ahead Forecast (Enercast): 19.780 MW
2026-03-26 21:10:13 | INFO | Base Forecast (raw, before curtailment/shutdown): 17.689 MW
2026-03-26 21:10:13 | INFO | Base Forecast (used for schedule): 17.689 MW
2026-03-26 21:10:13 | INFO | Effective Base Forecast (after curtailment/shutdown): 17.689 MW
2026-03-26 21:10:13 | INFO | Plant Status: NORMAL
2026-03-26 21:10:13 | INFO | Effective Base Forecast = Base Forecast (raw) = 17.689 MW
2026-03-26 21:10:13 | INFO | --- WEATHER PARAMETERS ---
2026-03-26 21:10:13 | INFO | GTI: 915.0 W/m^2
2026-03-26 21:10:13 | INFO | DHI: 94.0 W/m^2
2026-03-26 21:10:13 | INFO | DNI: 0.0 W/m^2
2026-03-26 21:10:13 | INFO | Irradiance Ratio (GTI/MAX_GTI): 0.899
2026-03-26 21:10:13 | INFO | Diffuse Ratio (current): 0.103
2026-03-26 21:10:13 | INFO | Irradiance State: STABLE_CLEAR
2026-03-26 21:10:13 | INFO | Temp @ 2m: 33.39 C
2026-03-26 21:10:13 | INFO | Wind @ 10m: 4.02 m/s
2026-03-26 21:10:13 | INFO | Weather State: NORMAL
2026-03-26 21:10:13 | INFO | Dynamic Thresholds: cloud_thr=0.0000, shift_thr=0.0000
2026-03-26 21:10:13 | INFO | Multipliers: irradiance=0.84x, temp=0.92x, wind=0.93x
2026-03-26 21:10:13 | INFO | Weather Multiplier (combined): 0.72x
2026-03-26 21:10:13 | INFO | Abrupt Weather Change Detected: False
2026-03-26 21:10:13 | INFO | --- TREND ANALYSIS ---
2026-03-26 21:10:13 | INFO | Trend series (oldest -> latest):
2026-03-26 21:10:13 | INFO |   Block 44: 18.550 MW (source: INTRADAY_FALLBACK)
2026-03-26 21:10:13 | INFO |   Block 43: 18.030 MW (source: INTRADAY_FALLBACK)
2026-03-26 21:10:13 | INFO |   Block 42: 17.440 MW (source: INTRADAY_FALLBACK)
2026-03-26 21:10:13 | INFO |   Block 41: 16.680 MW (source: INTRADAY_FALLBACK)
2026-03-26 21:10:13 | INFO | Trend values used for slope calc: B44=18.550(INTRADAY_FALLBACK), B43=18.030(INTRADAY_FALLBACK), B42=17.440(INTRADAY_FALLBACK), B41=16.680(INTRADAY_FALLBACK)
2026-03-26 21:10:13 | INFO | Detected Trend Type: INCREASING
2026-03-26 21:10:13 | INFO | Trend Slope Percentage: 11.11%
2026-03-26 21:10:13 | INFO | Trend EPS Threshold: 1.50%
2026-03-26 21:10:13 | INFO | --- SCHEDULE CALCULATION ---
2026-03-26 21:10:13 | INFO | Condition Applied: CONDITION_3
2026-03-26 21:10:13 | INFO | Effective Base Forecast Used for Adjustments: 17.689 MW
2026-03-26 21:10:13 | INFO | Condition-3 (Phase-6) Applied:
2026-03-26 21:10:13 | INFO |   Forecast Mismatch: Intraday (19.020) != Day-ahead (19.780)
2026-03-26 21:10:13 | INFO |   Operation: ADD
2026-03-26 21:10:13 | INFO |   Base Adjustment %: 3.00%
2026-03-26 21:10:13 | INFO |   Irradiance Multiplier: 0.84x
2026-03-26 21:10:13 | INFO |   Temp Multiplier: 0.92x
2026-03-26 21:10:13 | INFO |   Wind Multiplier: 0.93x
2026-03-26 21:10:13 | INFO |   Weather Multiplier: 0.72x
2026-03-26 21:10:13 | INFO |   Final Adjustment %: 2.16%
2026-03-26 21:10:13 | INFO |   Calculation: 17.689 MW * (1 + 2.16% / 100)
2026-03-26 21:10:13 | INFO |   Formula (expanded): raw=17.6886*(1+2.1561/100)=18.0700
2026-03-26 21:10:13 | INFO | --- FINAL RESULT ---
2026-03-26 21:10:13 | INFO | Raw Schedule (before smoothing): 18.070 MW
2026-03-26 21:10:13 | INFO | Final Scheduled MW: 18.070 MW
2026-03-26 21:10:13 | INFO | --------------------------------------------------------------------------------
2026-03-26 21:10:13 | INFO | --------------------------------------------------------------------------------
2026-03-26 21:10:13 | INFO | BLOCK 46
2026-03-26 21:10:13 | INFO | --------------------------------------------------------------------------------
2026-03-26 21:10:13 | INFO | --- FORECAST DATA ---
2026-03-26 21:10:13 | INFO | Intraday Forecast (Enercast Raw): 19.390 MW
2026-03-26 21:10:13 | INFO | Intraday Forecast (Enercast, Scaled): 19.390 MW
2026-03-26 21:10:13 | INFO | Day-ahead Forecast (Enercast): 20.000 MW
2026-03-26 21:10:13 | INFO | Base Forecast (raw, before curtailment/shutdown): 18.033 MW
2026-03-26 21:10:13 | INFO | Base Forecast (used for schedule): 18.033 MW
2026-03-26 21:10:13 | INFO | Effective Base Forecast (after curtailment/shutdown): 18.033 MW
2026-03-26 21:10:13 | INFO | Plant Status: NORMAL
2026-03-26 21:10:13 | INFO | Effective Base Forecast = Base Forecast (raw) = 18.033 MW
2026-03-26 21:10:13 | INFO | --- WEATHER PARAMETERS ---
2026-03-26 21:10:13 | INFO | GTI: 944.0 W/m^2
2026-03-26 21:10:13 | INFO | DHI: 95.0 W/m^2
2026-03-26 21:10:13 | INFO | DNI: 0.0 W/m^2
2026-03-26 21:10:13 | INFO | Irradiance Ratio (GTI/MAX_GTI): 0.927
2026-03-26 21:10:13 | INFO | Diffuse Ratio (current): 0.101
2026-03-26 21:10:13 | INFO | Irradiance State: STABLE_CLEAR
2026-03-26 21:10:13 | INFO | Temp @ 2m: 33.59 C
2026-03-26 21:10:13 | INFO | Wind @ 10m: 4.51 m/s
2026-03-26 21:10:13 | INFO | Weather State: NORMAL
2026-03-26 21:10:13 | INFO | Dynamic Thresholds: cloud_thr=0.0000, shift_thr=0.0000
2026-03-26 21:10:13 | INFO | Multipliers: irradiance=0.84x, temp=0.92x, wind=0.93x
2026-03-26 21:10:13 | INFO | Weather Multiplier (combined): 0.72x
2026-03-26 21:10:13 | INFO | Abrupt Weather Change Detected: False
2026-03-26 21:10:13 | INFO | --- TREND ANALYSIS ---
2026-03-26 21:10:13 | INFO | Trend series (oldest -> latest):
2026-03-26 21:10:13 | INFO |   Block 45: 19.020 MW (source: INTRADAY_FALLBACK)
2026-03-26 21:10:13 | INFO |   Block 44: 18.550 MW (source: INTRADAY_FALLBACK)
2026-03-26 21:10:13 | INFO |   Block 43: 18.030 MW (source: INTRADAY_FALLBACK)
2026-03-26 21:10:13 | INFO |   Block 42: 17.440 MW (source: INTRADAY_FALLBACK)
2026-03-26 21:10:13 | INFO | Trend values used for slope calc: B45=19.020(INTRADAY_FALLBACK), B44=18.550(INTRADAY_FALLBACK), B43=18.030(INTRADAY_FALLBACK), B42=17.440(INTRADAY_FALLBACK)
2026-03-26 21:10:13 | INFO | Detected Trend Type: INCREASING
2026-03-26 21:10:13 | INFO | Trend Slope Percentage: 9.03%
2026-03-26 21:10:13 | INFO | Trend EPS Threshold: 1.50%
2026-03-26 21:10:13 | INFO | --- SCHEDULE CALCULATION ---
2026-03-26 21:10:13 | INFO | Condition Applied: CONDITION_3
2026-03-26 21:10:13 | INFO | Effective Base Forecast Used for Adjustments: 18.033 MW
2026-03-26 21:10:13 | INFO | Condition-3 (Phase-6) Applied:
2026-03-26 21:10:13 | INFO |   Forecast Mismatch: Intraday (19.390) != Day-ahead (20.000)
2026-03-26 21:10:13 | INFO |   Operation: ADD
2026-03-26 21:10:13 | INFO |   Base Adjustment %: 3.00%
2026-03-26 21:10:13 | INFO |   Irradiance Multiplier: 0.84x
2026-03-26 21:10:13 | INFO |   Temp Multiplier: 0.92x
2026-03-26 21:10:13 | INFO |   Wind Multiplier: 0.93x
2026-03-26 21:10:13 | INFO |   Weather Multiplier: 0.72x
2026-03-26 21:10:13 | INFO |   Final Adjustment %: 2.16%
2026-03-26 21:10:13 | INFO |   Calculation: 18.033 MW * (1 + 2.16% / 100)
2026-03-26 21:10:13 | INFO |   Formula (expanded): raw=18.0327*(1+2.1561/100)=18.4215
2026-03-26 21:10:13 | INFO | --- FINAL RESULT ---
2026-03-26 21:10:13 | INFO | Raw Schedule (before smoothing): 18.422 MW
2026-03-26 21:10:13 | INFO | Final Scheduled MW: 18.422 MW
2026-03-26 21:10:13 | INFO | --------------------------------------------------------------------------------
2026-03-26 21:10:13 | INFO | --------------------------------------------------------------------------------
2026-03-26 21:10:13 | INFO | BLOCK 47
2026-03-26 21:10:13 | INFO | --------------------------------------------------------------------------------
2026-03-26 21:10:13 | INFO | --- FORECAST DATA ---
2026-03-26 21:10:13 | INFO | Intraday Forecast (Enercast Raw): 19.220 MW
2026-03-26 21:10:13 | INFO | Intraday Forecast (Enercast, Scaled): 19.220 MW
2026-03-26 21:10:13 | INFO | Day-ahead Forecast (Enercast): 20.000 MW
2026-03-26 21:10:13 | INFO | Base Forecast (raw, before curtailment/shutdown): 17.875 MW
2026-03-26 21:10:13 | INFO | Base Forecast (used for schedule): 17.875 MW
2026-03-26 21:10:13 | INFO | Effective Base Forecast (after curtailment/shutdown): 17.875 MW
2026-03-26 21:10:13 | INFO | Plant Status: NORMAL
2026-03-26 21:10:13 | INFO | Effective Base Forecast = Base Forecast (raw) = 17.875 MW
2026-03-26 21:10:13 | INFO | --- WEATHER PARAMETERS ---
2026-03-26 21:10:13 | INFO | GTI: 968.0 W/m^2
2026-03-26 21:10:13 | INFO | DHI: 95.0 W/m^2
2026-03-26 21:10:13 | INFO | DNI: 0.0 W/m^2
2026-03-26 21:10:13 | INFO | Irradiance Ratio (GTI/MAX_GTI): 0.951
2026-03-26 21:10:13 | INFO | Diffuse Ratio (current): 0.098
2026-03-26 21:10:13 | INFO | Irradiance State: STABLE_CLEAR
2026-03-26 21:10:13 | INFO | Temp @ 2m: 33.78 C
2026-03-26 21:10:13 | INFO | Wind @ 10m: 4.51 m/s
2026-03-26 21:10:13 | INFO | Weather State: NORMAL
2026-03-26 21:10:13 | INFO | Dynamic Thresholds: cloud_thr=0.0000, shift_thr=0.0000
2026-03-26 21:10:13 | INFO | Multipliers: irradiance=0.84x, temp=0.92x, wind=0.93x
2026-03-26 21:10:13 | INFO | Weather Multiplier (combined): 0.72x
2026-03-26 21:10:13 | INFO | Abrupt Weather Change Detected: False
2026-03-26 21:10:13 | INFO | --- TREND ANALYSIS ---
2026-03-26 21:10:13 | INFO | Trend series (oldest -> latest):
2026-03-26 21:10:13 | INFO |   Block 46: 19.390 MW (source: INTRADAY_FALLBACK)
2026-03-26 21:10:13 | INFO |   Block 45: 19.020 MW (source: INTRADAY_FALLBACK)
2026-03-26 21:10:13 | INFO |   Block 44: 18.550 MW (source: INTRADAY_FALLBACK)
2026-03-26 21:10:13 | INFO |   Block 43: 18.030 MW (source: INTRADAY_FALLBACK)
2026-03-26 21:10:13 | INFO | Trend values used for slope calc: B46=19.390(INTRADAY_FALLBACK), B45=19.020(INTRADAY_FALLBACK), B44=18.550(INTRADAY_FALLBACK), B43=18.030(INTRADAY_FALLBACK)
2026-03-26 21:10:13 | INFO | Detected Trend Type: INCREASING
2026-03-26 21:10:13 | INFO | Trend Slope Percentage: 7.56%
2026-03-26 21:10:13 | INFO | Trend EPS Threshold: 1.50%
2026-03-26 21:10:13 | INFO | --- SCHEDULE CALCULATION ---
2026-03-26 21:10:13 | INFO | Condition Applied: CONDITION_3
2026-03-26 21:10:13 | INFO | Effective Base Forecast Used for Adjustments: 17.875 MW
2026-03-26 21:10:13 | INFO | Condition-3 (Phase-6) Applied:
2026-03-26 21:10:13 | INFO |   Forecast Mismatch: Intraday (19.220) != Day-ahead (20.000)
2026-03-26 21:10:13 | INFO |   Operation: ADD
2026-03-26 21:10:13 | INFO |   Base Adjustment %: 3.00%
2026-03-26 21:10:13 | INFO |   Irradiance Multiplier: 0.84x
2026-03-26 21:10:13 | INFO |   Temp Multiplier: 0.92x
2026-03-26 21:10:13 | INFO |   Wind Multiplier: 0.93x
2026-03-26 21:10:13 | INFO |   Weather Multiplier: 0.72x
2026-03-26 21:10:13 | INFO |   Final Adjustment %: 2.16%
2026-03-26 21:10:13 | INFO |   Calculation: 17.875 MW * (1 + 2.16% / 100)
2026-03-26 21:10:13 | INFO |   Formula (expanded): raw=17.8746*(1+2.1561/100)=18.2600
2026-03-26 21:10:13 | INFO | --- FINAL RESULT ---
2026-03-26 21:10:13 | INFO | Raw Schedule (before smoothing): 18.260 MW
2026-03-26 21:10:13 | INFO | Final Scheduled MW: 18.260 MW
2026-03-26 21:10:13 | INFO | --------------------------------------------------------------------------------
2026-03-26 21:10:13 | INFO | --------------------------------------------------------------------------------
2026-03-26 21:10:13 | INFO | BLOCK 48
2026-03-26 21:10:13 | INFO | --------------------------------------------------------------------------------
2026-03-26 21:10:13 | INFO | --- FORECAST DATA ---
2026-03-26 21:10:13 | INFO | Intraday Forecast (Enercast Raw): 19.260 MW
2026-03-26 21:10:13 | INFO | Intraday Forecast (Enercast, Scaled): 19.260 MW
2026-03-26 21:10:13 | INFO | Day-ahead Forecast (Enercast): 20.000 MW
2026-03-26 21:10:13 | INFO | Base Forecast (raw, before curtailment/shutdown): 17.912 MW
2026-03-26 21:10:13 | INFO | Base Forecast (used for schedule): 17.912 MW
2026-03-26 21:10:13 | INFO | Effective Base Forecast (after curtailment/shutdown): 17.912 MW
2026-03-26 21:10:13 | INFO | Plant Status: NORMAL
2026-03-26 21:10:13 | INFO | Effective Base Forecast = Base Forecast (raw) = 17.912 MW
2026-03-26 21:10:13 | INFO | --- WEATHER PARAMETERS ---
2026-03-26 21:10:13 | INFO | GTI: 988.0 W/m^2
2026-03-26 21:10:13 | INFO | DHI: 96.0 W/m^2
2026-03-26 21:10:13 | INFO | DNI: 0.0 W/m^2
2026-03-26 21:10:13 | INFO | Irradiance Ratio (GTI/MAX_GTI): 0.971
2026-03-26 21:10:13 | INFO | Diffuse Ratio (current): 0.097
2026-03-26 21:10:13 | INFO | Irradiance State: STABLE_CLEAR
2026-03-26 21:10:13 | INFO | Temp @ 2m: 34.03 C
2026-03-26 21:10:13 | INFO | Wind @ 10m: 4.51 m/s
2026-03-26 21:10:13 | INFO | Weather State: NORMAL
2026-03-26 21:10:13 | INFO | Dynamic Thresholds: cloud_thr=0.0000, shift_thr=0.0000
2026-03-26 21:10:13 | INFO | Multipliers: irradiance=0.84x, temp=0.92x, wind=0.93x
2026-03-26 21:10:13 | INFO | Weather Multiplier (combined): 0.72x
2026-03-26 21:10:13 | INFO | Abrupt Weather Change Detected: False
2026-03-26 21:10:13 | INFO | --- TREND ANALYSIS ---
2026-03-26 21:10:13 | INFO | Trend series (oldest -> latest):
2026-03-26 21:10:13 | INFO |   Block 47: 19.220 MW (source: INTRADAY_FALLBACK)
2026-03-26 21:10:13 | INFO |   Block 46: 19.390 MW (source: INTRADAY_FALLBACK)
2026-03-26 21:10:13 | INFO |   Block 45: 19.020 MW (source: INTRADAY_FALLBACK)
2026-03-26 21:10:13 | INFO |   Block 44: 18.550 MW (source: INTRADAY_FALLBACK)
2026-03-26 21:10:13 | INFO | Trend values used for slope calc: B47=19.220(INTRADAY_FALLBACK), B46=19.390(INTRADAY_FALLBACK), B45=19.020(INTRADAY_FALLBACK), B44=18.550(INTRADAY_FALLBACK)
2026-03-26 21:10:13 | INFO | Detected Trend Type: INCREASING
2026-03-26 21:10:13 | INFO | Trend Slope Percentage: 3.82%
2026-03-26 21:10:13 | INFO | Trend EPS Threshold: 1.50%
2026-03-26 21:10:13 | INFO | --- SCHEDULE CALCULATION ---
2026-03-26 21:10:13 | INFO | Condition Applied: CONDITION_3
2026-03-26 21:10:13 | INFO | Effective Base Forecast Used for Adjustments: 17.912 MW
2026-03-26 21:10:13 | INFO | Condition-3 (Phase-6) Applied:
2026-03-26 21:10:13 | INFO |   Forecast Mismatch: Intraday (19.260) != Day-ahead (20.000)
2026-03-26 21:10:13 | INFO |   Operation: ADD
2026-03-26 21:10:13 | INFO |   Base Adjustment %: 1.00%
2026-03-26 21:10:13 | INFO |   Irradiance Multiplier: 0.84x
2026-03-26 21:10:13 | INFO |   Temp Multiplier: 0.92x
2026-03-26 21:10:13 | INFO |   Wind Multiplier: 0.93x
2026-03-26 21:10:13 | INFO |   Weather Multiplier: 0.72x
2026-03-26 21:10:13 | INFO |   Final Adjustment %: 0.72%
2026-03-26 21:10:13 | INFO |   Calculation: 17.912 MW * (1 + 0.72% / 100)
2026-03-26 21:10:13 | INFO |   Formula (expanded): raw=17.9118*(1+0.7187/100)=18.0405
2026-03-26 21:10:13 | INFO | --- FINAL RESULT ---
2026-03-26 21:10:13 | INFO | Raw Schedule (before smoothing): 18.041 MW
2026-03-26 21:10:13 | INFO | Final Scheduled MW: 18.041 MW
2026-03-26 21:10:13 | INFO | --------------------------------------------------------------------------------
2026-03-26 21:10:13 | INFO | --------------------------------------------------------------------------------
2026-03-26 21:10:13 | INFO | BLOCK 49
2026-03-26 21:10:13 | INFO | --------------------------------------------------------------------------------
2026-03-26 21:10:13 | INFO | --- FORECAST DATA ---
2026-03-26 21:10:13 | INFO | Intraday Forecast (Enercast Raw): 19.210 MW
2026-03-26 21:10:13 | INFO | Intraday Forecast (Enercast, Scaled): 19.210 MW
2026-03-26 21:10:13 | INFO | Day-ahead Forecast (Enercast): 20.000 MW
2026-03-26 21:10:13 | INFO | Base Forecast (raw, before curtailment/shutdown): 17.865 MW
2026-03-26 21:10:13 | INFO | Base Forecast (used for schedule): 17.865 MW
2026-03-26 21:10:13 | INFO | Effective Base Forecast (after curtailment/shutdown): 17.865 MW
2026-03-26 21:10:13 | INFO | Plant Status: NORMAL
2026-03-26 21:10:13 | INFO | Effective Base Forecast = Base Forecast (raw) = 17.865 MW
2026-03-26 21:10:13 | INFO | --- WEATHER PARAMETERS ---
2026-03-26 21:10:13 | INFO | GTI: 1002.0 W/m^2
2026-03-26 21:10:13 | INFO | DHI: 96.0 W/m^2
2026-03-26 21:10:13 | INFO | DNI: 0.0 W/m^2
2026-03-26 21:10:13 | INFO | Irradiance Ratio (GTI/MAX_GTI): 0.984
2026-03-26 21:10:13 | INFO | Diffuse Ratio (current): 0.096
2026-03-26 21:10:13 | INFO | Irradiance State: STABLE_CLEAR
2026-03-26 21:10:13 | INFO | Temp @ 2m: 34.23 C
2026-03-26 21:10:13 | INFO | Wind @ 10m: 4.51 m/s
2026-03-26 21:10:13 | INFO | Weather State: NORMAL
2026-03-26 21:10:13 | INFO | Dynamic Thresholds: cloud_thr=0.0000, shift_thr=0.0000
2026-03-26 21:10:13 | INFO | Multipliers: irradiance=0.84x, temp=0.92x, wind=0.93x
2026-03-26 21:10:13 | INFO | Weather Multiplier (combined): 0.72x
2026-03-26 21:10:13 | INFO | Abrupt Weather Change Detected: False
2026-03-26 21:10:13 | INFO | --- TREND ANALYSIS ---
2026-03-26 21:10:13 | INFO | Trend series (oldest -> latest):
2026-03-26 21:10:13 | INFO |   Block 48: 19.260 MW (source: INTRADAY_FALLBACK)
2026-03-26 21:10:13 | INFO |   Block 47: 19.220 MW (source: INTRADAY_FALLBACK)
2026-03-26 21:10:13 | INFO |   Block 46: 19.390 MW (source: INTRADAY_FALLBACK)
2026-03-26 21:10:13 | INFO |   Block 45: 19.020 MW (source: INTRADAY_FALLBACK)
2026-03-26 21:10:13 | INFO | Trend values used for slope calc: B48=19.260(INTRADAY_FALLBACK), B47=19.220(INTRADAY_FALLBACK), B46=19.390(INTRADAY_FALLBACK), B45=19.020(INTRADAY_FALLBACK)
2026-03-26 21:10:13 | INFO | Detected Trend Type: FLAT
2026-03-26 21:10:13 | INFO | Trend Slope Percentage: 0.86%
2026-03-26 21:10:13 | INFO | Trend EPS Threshold: 1.50%
2026-03-26 21:10:13 | INFO | --- SCHEDULE CALCULATION ---
2026-03-26 21:10:13 | INFO | Condition Applied: CONDITION_3
2026-03-26 21:10:13 | INFO | Effective Base Forecast Used for Adjustments: 17.865 MW
2026-03-26 21:10:13 | INFO | Condition-3 (Phase-6) Applied:
2026-03-26 21:10:13 | INFO |   Forecast Mismatch: Intraday (19.210) != Day-ahead (20.000)
2026-03-26 21:10:13 | INFO |   Operation: ADD
2026-03-26 21:10:13 | INFO |   Base Adjustment %: 0.00%
2026-03-26 21:10:13 | INFO |   Irradiance Multiplier: 0.84x
2026-03-26 21:10:13 | INFO |   Temp Multiplier: 0.92x
2026-03-26 21:10:13 | INFO |   Wind Multiplier: 0.93x
2026-03-26 21:10:13 | INFO |   Weather Multiplier: 0.72x
2026-03-26 21:10:13 | INFO |   Final Adjustment %: 0.00%
2026-03-26 21:10:13 | INFO |   Calculation: 17.865 MW * (1 + 0.00% / 100)
2026-03-26 21:10:13 | INFO |   Formula (expanded): raw=17.8653*(1+0.0000/100)=17.8653
2026-03-26 21:10:13 | INFO | --- FINAL RESULT ---
2026-03-26 21:10:13 | INFO | Raw Schedule (before smoothing): 17.865 MW
2026-03-26 21:10:13 | INFO | Final Scheduled MW: 17.865 MW
2026-03-26 21:10:13 | INFO | --------------------------------------------------------------------------------
2026-03-26 21:10:13 | INFO | --------------------------------------------------------------------------------
2026-03-26 21:10:13 | INFO | BLOCK 50
2026-03-26 21:10:13 | INFO | --------------------------------------------------------------------------------
2026-03-26 21:10:13 | INFO | --- FORECAST DATA ---
2026-03-26 21:10:13 | INFO | Intraday Forecast (Enercast Raw): 19.080 MW
2026-03-26 21:10:13 | INFO | Intraday Forecast (Enercast, Scaled): 19.080 MW
2026-03-26 21:10:13 | INFO | Day-ahead Forecast (Enercast): 20.000 MW
2026-03-26 21:10:13 | INFO | Base Forecast (raw, before curtailment/shutdown): 17.744 MW
2026-03-26 21:10:13 | INFO | Base Forecast (used for schedule): 17.744 MW
2026-03-26 21:10:13 | INFO | Effective Base Forecast (after curtailment/shutdown): 17.744 MW
2026-03-26 21:10:13 | INFO | Plant Status: NORMAL
2026-03-26 21:10:13 | INFO | Effective Base Forecast = Base Forecast (raw) = 17.744 MW
2026-03-26 21:10:13 | INFO | --- WEATHER PARAMETERS ---
2026-03-26 21:10:13 | INFO | GTI: 1012.0 W/m^2
2026-03-26 21:10:13 | INFO | DHI: 96.0 W/m^2
2026-03-26 21:10:13 | INFO | DNI: 0.0 W/m^2
2026-03-26 21:10:13 | INFO | Irradiance Ratio (GTI/MAX_GTI): 0.994
2026-03-26 21:10:13 | INFO | Diffuse Ratio (current): 0.095
2026-03-26 21:10:13 | INFO | Irradiance State: STABLE_CLEAR
2026-03-26 21:10:13 | INFO | Temp @ 2m: 34.48 C
2026-03-26 21:10:13 | INFO | Wind @ 10m: 4.35 m/s
2026-03-26 21:10:13 | INFO | Weather State: NORMAL
2026-03-26 21:10:13 | INFO | Dynamic Thresholds: cloud_thr=0.0000, shift_thr=0.0000
2026-03-26 21:10:13 | INFO | Multipliers: irradiance=0.84x, temp=0.92x, wind=0.93x
2026-03-26 21:10:13 | INFO | Weather Multiplier (combined): 0.72x
2026-03-26 21:10:13 | INFO | Abrupt Weather Change Detected: False
2026-03-26 21:10:13 | INFO | --- TREND ANALYSIS ---
2026-03-26 21:10:13 | INFO | Trend series (oldest -> latest):
2026-03-26 21:10:13 | INFO |   Block 49: 19.210 MW (source: INTRADAY_FALLBACK)
2026-03-26 21:10:13 | INFO |   Block 48: 19.260 MW (source: INTRADAY_FALLBACK)
2026-03-26 21:10:13 | INFO |   Block 47: 19.220 MW (source: INTRADAY_FALLBACK)
2026-03-26 21:10:13 | INFO |   Block 46: 19.390 MW (source: INTRADAY_FALLBACK)
2026-03-26 21:10:13 | INFO | Trend values used for slope calc: B49=19.210(INTRADAY_FALLBACK), B48=19.260(INTRADAY_FALLBACK), B47=19.220(INTRADAY_FALLBACK), B46=19.390(INTRADAY_FALLBACK)
2026-03-26 21:10:13 | INFO | Detected Trend Type: FLAT
2026-03-26 21:10:13 | INFO | Trend Slope Percentage: -0.78%
2026-03-26 21:10:13 | INFO | Trend EPS Threshold: 1.50%
2026-03-26 21:10:13 | INFO | --- SCHEDULE CALCULATION ---
2026-03-26 21:10:13 | INFO | Condition Applied: CONDITION_3
2026-03-26 21:10:13 | INFO | Effective Base Forecast Used for Adjustments: 17.744 MW
2026-03-26 21:10:13 | INFO | Condition-3 (Phase-6) Applied:
2026-03-26 21:10:13 | INFO |   Forecast Mismatch: Intraday (19.080) != Day-ahead (20.000)
2026-03-26 21:10:13 | INFO |   Operation: ADD
2026-03-26 21:10:13 | INFO |   Base Adjustment %: 0.00%
2026-03-26 21:10:13 | INFO |   Irradiance Multiplier: 0.84x
2026-03-26 21:10:13 | INFO |   Temp Multiplier: 0.92x
2026-03-26 21:10:13 | INFO |   Wind Multiplier: 0.93x
2026-03-26 21:10:13 | INFO |   Weather Multiplier: 0.72x
2026-03-26 21:10:13 | INFO |   Final Adjustment %: 0.00%
2026-03-26 21:10:13 | INFO |   Calculation: 17.744 MW * (1 + 0.00% / 100)
2026-03-26 21:10:13 | INFO |   Formula (expanded): raw=17.7444*(1+0.0000/100)=17.7444
2026-03-26 21:10:13 | INFO | --- FINAL RESULT ---
2026-03-26 21:10:13 | INFO | Raw Schedule (before smoothing): 17.744 MW
2026-03-26 21:10:13 | INFO | Final Scheduled MW: 17.744 MW
2026-03-26 21:10:13 | INFO | --------------------------------------------------------------------------------
2026-03-26 21:10:13 | INFO | --------------------------------------------------------------------------------
2026-03-26 21:10:13 | INFO | BLOCK 51
2026-03-26 21:10:13 | INFO | --------------------------------------------------------------------------------
2026-03-26 21:10:13 | INFO | --- FORECAST DATA ---
2026-03-26 21:10:13 | INFO | Intraday Forecast (Enercast Raw): 18.910 MW
2026-03-26 21:10:13 | INFO | Intraday Forecast (Enercast, Scaled): 18.910 MW
2026-03-26 21:10:13 | INFO | Day-ahead Forecast (Enercast): 20.000 MW
2026-03-26 21:10:13 | INFO | Base Forecast (raw, before curtailment/shutdown): 17.586 MW
2026-03-26 21:10:13 | INFO | Base Forecast (used for schedule): 17.586 MW
2026-03-26 21:10:13 | INFO | Effective Base Forecast (after curtailment/shutdown): 17.586 MW
2026-03-26 21:10:13 | INFO | Plant Status: NORMAL
2026-03-26 21:10:13 | INFO | Effective Base Forecast = Base Forecast (raw) = 17.586 MW
2026-03-26 21:10:13 | INFO | --- WEATHER PARAMETERS ---
2026-03-26 21:10:13 | INFO | GTI: 1018.0 W/m^2
2026-03-26 21:10:13 | INFO | DHI: 97.0 W/m^2
2026-03-26 21:10:13 | INFO | DNI: 0.0 W/m^2
2026-03-26 21:10:13 | INFO | Irradiance Ratio (GTI/MAX_GTI): 1.000
2026-03-26 21:10:13 | INFO | Diffuse Ratio (current): 0.095
2026-03-26 21:10:13 | INFO | Irradiance State: STABLE_CLEAR
2026-03-26 21:10:13 | INFO | Temp @ 2m: 34.69 C
2026-03-26 21:10:13 | INFO | Wind @ 10m: 4.35 m/s
2026-03-26 21:10:13 | INFO | Weather State: NORMAL
2026-03-26 21:10:13 | INFO | Dynamic Thresholds: cloud_thr=0.0000, shift_thr=0.0000
2026-03-26 21:10:13 | INFO | Multipliers: irradiance=0.84x, temp=0.92x, wind=0.93x
2026-03-26 21:10:13 | INFO | Weather Multiplier (combined): 0.72x
2026-03-26 21:10:13 | INFO | Abrupt Weather Change Detected: False
2026-03-26 21:10:13 | INFO | --- TREND ANALYSIS ---
2026-03-26 21:10:13 | INFO | Trend series (oldest -> latest):
2026-03-26 21:10:13 | INFO |   Block 50: 19.080 MW (source: INTRADAY_FALLBACK)
2026-03-26 21:10:13 | INFO |   Block 49: 19.210 MW (source: INTRADAY_FALLBACK)
2026-03-26 21:10:13 | INFO |   Block 48: 19.260 MW (source: INTRADAY_FALLBACK)
2026-03-26 21:10:13 | INFO |   Block 47: 19.220 MW (source: INTRADAY_FALLBACK)
2026-03-26 21:10:13 | INFO | Trend values used for slope calc: B50=19.080(INTRADAY_FALLBACK), B49=19.210(INTRADAY_FALLBACK), B48=19.260(INTRADAY_FALLBACK), B47=19.220(INTRADAY_FALLBACK)
2026-03-26 21:10:13 | INFO | Detected Trend Type: FLAT
2026-03-26 21:10:13 | INFO | Trend Slope Percentage: -0.73%
2026-03-26 21:10:13 | INFO | Trend EPS Threshold: 1.50%
2026-03-26 21:10:13 | INFO | --- SCHEDULE CALCULATION ---
2026-03-26 21:10:13 | INFO | Condition Applied: CONDITION_3
2026-03-26 21:10:13 | INFO | Effective Base Forecast Used for Adjustments: 17.586 MW
2026-03-26 21:10:13 | INFO | Condition-3 (Phase-6) Applied:
2026-03-26 21:10:13 | INFO |   Forecast Mismatch: Intraday (18.910) != Day-ahead (20.000)
2026-03-26 21:10:13 | INFO |   Operation: ADD
2026-03-26 21:10:13 | INFO |   Base Adjustment %: 0.00%
2026-03-26 21:10:13 | INFO |   Irradiance Multiplier: 0.84x
2026-03-26 21:10:13 | INFO |   Temp Multiplier: 0.92x
2026-03-26 21:10:13 | INFO |   Wind Multiplier: 0.93x
2026-03-26 21:10:13 | INFO |   Weather Multiplier: 0.72x
2026-03-26 21:10:13 | INFO |   Final Adjustment %: 0.00%
2026-03-26 21:10:13 | INFO |   Calculation: 17.586 MW * (1 + 0.00% / 100)
2026-03-26 21:10:13 | INFO |   Formula (expanded): raw=17.5863*(1+0.0000/100)=17.5863
2026-03-26 21:10:13 | INFO | --- FINAL RESULT ---
2026-03-26 21:10:13 | INFO | Raw Schedule (before smoothing): 17.586 MW
2026-03-26 21:10:13 | INFO | Final Scheduled MW: 17.586 MW
2026-03-26 21:10:13 | INFO | --------------------------------------------------------------------------------
2026-03-26 21:10:13 | INFO | --------------------------------------------------------------------------------
2026-03-26 21:10:13 | INFO | BLOCK 52
2026-03-26 21:10:13 | INFO | --------------------------------------------------------------------------------
2026-03-26 21:10:13 | INFO | --- FORECAST DATA ---
2026-03-26 21:10:13 | INFO | Intraday Forecast (Enercast Raw): 18.610 MW
2026-03-26 21:10:13 | INFO | Intraday Forecast (Enercast, Scaled): 18.610 MW
2026-03-26 21:10:13 | INFO | Day-ahead Forecast (Enercast): 20.000 MW
2026-03-26 21:10:13 | INFO | Base Forecast (raw, before curtailment/shutdown): 17.307 MW
2026-03-26 21:10:13 | INFO | Base Forecast (used for schedule): 17.307 MW
2026-03-26 21:10:13 | INFO | Effective Base Forecast (after curtailment/shutdown): 17.307 MW
2026-03-26 21:10:13 | INFO | Plant Status: NORMAL
2026-03-26 21:10:13 | INFO | Effective Base Forecast = Base Forecast (raw) = 17.307 MW
2026-03-26 21:10:13 | INFO | --- WEATHER PARAMETERS ---
2026-03-26 21:10:13 | INFO | GTI: 1018.0 W/m^2
2026-03-26 21:10:13 | INFO | DHI: 97.0 W/m^2
2026-03-26 21:10:13 | INFO | DNI: 0.0 W/m^2
2026-03-26 21:10:13 | INFO | Irradiance Ratio (GTI/MAX_GTI): 1.000
2026-03-26 21:10:13 | INFO | Diffuse Ratio (current): 0.095
2026-03-26 21:10:13 | INFO | Irradiance State: STABLE_CLEAR
2026-03-26 21:10:13 | INFO | Temp @ 2m: 34.84 C
2026-03-26 21:10:13 | INFO | Wind @ 10m: 4.35 m/s
2026-03-26 21:10:13 | INFO | Weather State: NORMAL
2026-03-26 21:10:13 | INFO | Dynamic Thresholds: cloud_thr=0.0000, shift_thr=0.0000
2026-03-26 21:10:13 | INFO | Multipliers: irradiance=0.84x, temp=0.92x, wind=0.93x
2026-03-26 21:10:13 | INFO | Weather Multiplier (combined): 0.72x
2026-03-26 21:10:13 | INFO | Abrupt Weather Change Detected: False
2026-03-26 21:10:13 | INFO | --- TREND ANALYSIS ---
2026-03-26 21:10:13 | INFO | Trend series (oldest -> latest):
2026-03-26 21:10:13 | INFO |   Block 51: 18.910 MW (source: INTRADAY_FALLBACK)
2026-03-26 21:10:13 | INFO |   Block 50: 19.080 MW (source: INTRADAY_FALLBACK)
2026-03-26 21:10:13 | INFO |   Block 49: 19.210 MW (source: INTRADAY_FALLBACK)
2026-03-26 21:10:13 | INFO |   Block 48: 19.260 MW (source: INTRADAY_FALLBACK)
2026-03-26 21:10:13 | INFO | Trend values used for slope calc: B51=18.910(INTRADAY_FALLBACK), B50=19.080(INTRADAY_FALLBACK), B49=19.210(INTRADAY_FALLBACK), B48=19.260(INTRADAY_FALLBACK)
2026-03-26 21:10:13 | INFO | Detected Trend Type: DECREASING
2026-03-26 21:10:13 | INFO | Trend Slope Percentage: -1.83%
2026-03-26 21:10:13 | INFO | Trend EPS Threshold: 1.50%
2026-03-26 21:10:13 | INFO | --- SCHEDULE CALCULATION ---
2026-03-26 21:10:13 | INFO | Condition Applied: CONDITION_3
2026-03-26 21:10:13 | INFO | Effective Base Forecast Used for Adjustments: 17.307 MW
2026-03-26 21:10:13 | INFO | Condition-3 (Phase-6) Applied:
2026-03-26 21:10:13 | INFO |   Forecast Mismatch: Intraday (18.610) != Day-ahead (20.000)
2026-03-26 21:10:13 | INFO |   Operation: SUBTRACT
2026-03-26 21:10:13 | INFO |   Base Adjustment %: 0.00%
2026-03-26 21:10:13 | INFO |   Irradiance Multiplier: 0.84x
2026-03-26 21:10:13 | INFO |   Temp Multiplier: 0.92x
2026-03-26 21:10:13 | INFO |   Wind Multiplier: 0.93x
2026-03-26 21:10:13 | INFO |   Weather Multiplier: 0.72x
2026-03-26 21:10:13 | INFO |   Final Adjustment %: -0.00%
2026-03-26 21:10:13 | INFO |   Calculation: 17.307 MW * (1 + -0.00% / 100)
2026-03-26 21:10:13 | INFO |   Formula (expanded): raw=17.3073*(1+-0.0000/100)=17.3073
2026-03-26 21:10:13 | INFO | --- FINAL RESULT ---
2026-03-26 21:10:13 | INFO | Raw Schedule (before smoothing): 17.307 MW
2026-03-26 21:10:13 | INFO | Final Scheduled MW: 17.307 MW
2026-03-26 21:10:13 | INFO | --------------------------------------------------------------------------------
2026-03-26 21:10:13 | INFO | --------------------------------------------------------------------------------
2026-03-26 21:10:13 | INFO | BLOCK 53
2026-03-26 21:10:13 | INFO | --------------------------------------------------------------------------------
2026-03-26 21:10:13 | INFO | --- FORECAST DATA ---
2026-03-26 21:10:13 | INFO | Intraday Forecast (Enercast Raw): 18.090 MW
2026-03-26 21:10:13 | INFO | Intraday Forecast (Enercast, Scaled): 18.090 MW
2026-03-26 21:10:13 | INFO | Day-ahead Forecast (Enercast): 20.000 MW
2026-03-26 21:10:13 | INFO | Base Forecast (raw, before curtailment/shutdown): 16.824 MW
2026-03-26 21:10:13 | INFO | Base Forecast (used for schedule): 16.824 MW
2026-03-26 21:10:13 | INFO | Effective Base Forecast (after curtailment/shutdown): 16.824 MW
2026-03-26 21:10:13 | INFO | Plant Status: NORMAL
2026-03-26 21:10:13 | INFO | Effective Base Forecast = Base Forecast (raw) = 16.824 MW
2026-03-26 21:10:13 | INFO | --- WEATHER PARAMETERS ---
2026-03-26 21:10:13 | INFO | GTI: 1014.0 W/m^2
2026-03-26 21:10:13 | INFO | DHI: 96.0 W/m^2
2026-03-26 21:10:13 | INFO | DNI: 0.0 W/m^2
2026-03-26 21:10:13 | INFO | Irradiance Ratio (GTI/MAX_GTI): 0.996
2026-03-26 21:10:13 | INFO | Diffuse Ratio (current): 0.095
2026-03-26 21:10:13 | INFO | Irradiance State: STABLE_CLEAR
2026-03-26 21:10:13 | INFO | Temp @ 2m: 35.03 C
2026-03-26 21:10:13 | INFO | Wind @ 10m: 4.83 m/s
2026-03-26 21:10:13 | INFO | Weather State: NORMAL
2026-03-26 21:10:13 | INFO | Dynamic Thresholds: cloud_thr=0.0000, shift_thr=0.0000
2026-03-26 21:10:13 | INFO | Multipliers: irradiance=0.84x, temp=0.78x, wind=0.93x
2026-03-26 21:10:13 | INFO | Weather Multiplier (combined): 0.61x
2026-03-26 21:10:13 | INFO | Abrupt Weather Change Detected: False
2026-03-26 21:10:13 | INFO | --- TREND ANALYSIS ---
2026-03-26 21:10:13 | INFO | Trend series (oldest -> latest):
2026-03-26 21:10:13 | INFO |   Block 52: 18.610 MW (source: INTRADAY_FALLBACK)
2026-03-26 21:10:13 | INFO |   Block 51: 18.910 MW (source: INTRADAY_FALLBACK)
2026-03-26 21:10:13 | INFO |   Block 50: 19.080 MW (source: INTRADAY_FALLBACK)
2026-03-26 21:10:13 | INFO |   Block 49: 19.210 MW (source: INTRADAY_FALLBACK)
2026-03-26 21:10:13 | INFO | Trend values used for slope calc: B52=18.610(INTRADAY_FALLBACK), B51=18.910(INTRADAY_FALLBACK), B50=19.080(INTRADAY_FALLBACK), B49=19.210(INTRADAY_FALLBACK)
2026-03-26 21:10:13 | INFO | Detected Trend Type: DECREASING
2026-03-26 21:10:13 | INFO | Trend Slope Percentage: -3.07%
2026-03-26 21:10:13 | INFO | Trend EPS Threshold: 1.50%
2026-03-26 21:10:13 | INFO | --- SCHEDULE CALCULATION ---
2026-03-26 21:10:13 | INFO | Condition Applied: CONDITION_3
2026-03-26 21:10:13 | INFO | Effective Base Forecast Used for Adjustments: 16.824 MW
2026-03-26 21:10:13 | INFO | Condition-3 (Phase-6) Applied:
2026-03-26 21:10:13 | INFO |   Forecast Mismatch: Intraday (18.090) != Day-ahead (20.000)
2026-03-26 21:10:13 | INFO |   Operation: SUBTRACT
2026-03-26 21:10:13 | INFO |   Base Adjustment %: 1.00%
2026-03-26 21:10:13 | INFO |   Irradiance Multiplier: 0.84x
2026-03-26 21:10:13 | INFO |   Temp Multiplier: 0.78x
2026-03-26 21:10:13 | INFO |   Wind Multiplier: 0.93x
2026-03-26 21:10:13 | INFO |   Weather Multiplier: 0.61x
2026-03-26 21:10:13 | INFO |   Final Adjustment %: -0.61%
2026-03-26 21:10:13 | INFO |   Calculation: 16.824 MW * (1 + -0.61% / 100)
2026-03-26 21:10:13 | INFO |   Formula (expanded): raw=16.8237*(1+-0.6093/100)=16.7212
2026-03-26 21:10:13 | INFO | --- FINAL RESULT ---
2026-03-26 21:10:13 | INFO | Raw Schedule (before smoothing): 16.721 MW
2026-03-26 21:10:13 | INFO | Final Scheduled MW: 16.721 MW
2026-03-26 21:10:13 | INFO | --------------------------------------------------------------------------------
2026-03-26 21:10:13 | INFO | --------------------------------------------------------------------------------
2026-03-26 21:10:13 | INFO | BLOCK 54
2026-03-26 21:10:13 | INFO | --------------------------------------------------------------------------------
2026-03-26 21:10:13 | INFO | --- FORECAST DATA ---
2026-03-26 21:10:13 | INFO | Intraday Forecast (Enercast Raw): 17.450 MW
2026-03-26 21:10:13 | INFO | Intraday Forecast (Enercast, Scaled): 17.450 MW
2026-03-26 21:10:13 | INFO | Day-ahead Forecast (Enercast): 20.000 MW
2026-03-26 21:10:13 | INFO | Base Forecast (raw, before curtailment/shutdown): 16.229 MW
2026-03-26 21:10:13 | INFO | Base Forecast (used for schedule): 16.229 MW
2026-03-26 21:10:13 | INFO | Effective Base Forecast (after curtailment/shutdown): 16.229 MW
2026-03-26 21:10:13 | INFO | Plant Status: NORMAL
2026-03-26 21:10:13 | INFO | Effective Base Forecast = Base Forecast (raw) = 16.229 MW
2026-03-26 21:10:13 | INFO | --- WEATHER PARAMETERS ---
2026-03-26 21:10:13 | INFO | GTI: 1004.0 W/m^2
2026-03-26 21:10:13 | INFO | DHI: 96.0 W/m^2
2026-03-26 21:10:13 | INFO | DNI: 0.0 W/m^2
2026-03-26 21:10:13 | INFO | Irradiance Ratio (GTI/MAX_GTI): 0.986
2026-03-26 21:10:13 | INFO | Diffuse Ratio (current): 0.096
2026-03-26 21:10:13 | INFO | Irradiance State: STABLE_CLEAR
2026-03-26 21:10:13 | INFO | Temp @ 2m: 35.14 C
2026-03-26 21:10:13 | INFO | Wind @ 10m: 4.83 m/s
2026-03-26 21:10:13 | INFO | Weather State: NORMAL
2026-03-26 21:10:13 | INFO | Dynamic Thresholds: cloud_thr=0.0000, shift_thr=0.0000
2026-03-26 21:10:13 | INFO | Multipliers: irradiance=0.84x, temp=0.78x, wind=0.93x
2026-03-26 21:10:13 | INFO | Weather Multiplier (combined): 0.61x
2026-03-26 21:10:13 | INFO | Abrupt Weather Change Detected: False
2026-03-26 21:10:13 | INFO | --- TREND ANALYSIS ---
2026-03-26 21:10:13 | INFO | Trend series (oldest -> latest):
2026-03-26 21:10:13 | INFO |   Block 53: 18.090 MW (source: INTRADAY_FALLBACK)
2026-03-26 21:10:13 | INFO |   Block 52: 18.610 MW (source: INTRADAY_FALLBACK)
2026-03-26 21:10:13 | INFO |   Block 51: 18.910 MW (source: INTRADAY_FALLBACK)
2026-03-26 21:10:13 | INFO |   Block 50: 19.080 MW (source: INTRADAY_FALLBACK)
2026-03-26 21:10:13 | INFO | Trend values used for slope calc: B53=18.090(INTRADAY_FALLBACK), B52=18.610(INTRADAY_FALLBACK), B51=18.910(INTRADAY_FALLBACK), B50=19.080(INTRADAY_FALLBACK)
2026-03-26 21:10:13 | INFO | Detected Trend Type: DECREASING
2026-03-26 21:10:13 | INFO | Trend Slope Percentage: -5.12%
2026-03-26 21:10:13 | INFO | Trend EPS Threshold: 1.50%
2026-03-26 21:10:13 | INFO | --- SCHEDULE CALCULATION ---
2026-03-26 21:10:13 | INFO | Condition Applied: CONDITION_3
2026-03-26 21:10:13 | INFO | Effective Base Forecast Used for Adjustments: 16.229 MW
2026-03-26 21:10:13 | INFO | Condition-3 (Phase-6) Applied:
2026-03-26 21:10:13 | INFO |   Forecast Mismatch: Intraday (17.450) != Day-ahead (20.000)
2026-03-26 21:10:13 | INFO |   Operation: SUBTRACT
2026-03-26 21:10:13 | INFO |   Base Adjustment %: 2.00%
2026-03-26 21:10:13 | INFO |   Irradiance Multiplier: 0.84x
2026-03-26 21:10:13 | INFO |   Temp Multiplier: 0.78x
2026-03-26 21:10:13 | INFO |   Wind Multiplier: 0.93x
2026-03-26 21:10:13 | INFO |   Weather Multiplier: 0.61x
2026-03-26 21:10:13 | INFO |   Final Adjustment %: -1.22%
2026-03-26 21:10:13 | INFO |   Calculation: 16.229 MW * (1 + -1.22% / 100)
2026-03-26 21:10:13 | INFO |   Formula (expanded): raw=16.2285*(1+-1.2187/100)=16.0307
2026-03-26 21:10:13 | INFO | --- FINAL RESULT ---
2026-03-26 21:10:13 | INFO | Raw Schedule (before smoothing): 16.031 MW
2026-03-26 21:10:13 | INFO | Final Scheduled MW: 16.031 MW
2026-03-26 21:10:13 | INFO | --------------------------------------------------------------------------------
2026-03-26 21:10:13 | INFO | --------------------------------------------------------------------------------
2026-03-26 21:10:13 | INFO | BLOCK 55
2026-03-26 21:10:13 | INFO | --------------------------------------------------------------------------------
2026-03-26 21:10:13 | INFO | --- FORECAST DATA ---
2026-03-26 21:10:13 | INFO | Intraday Forecast (Enercast Raw): 17.070 MW
2026-03-26 21:10:13 | INFO | Intraday Forecast (Enercast, Scaled): 17.070 MW
2026-03-26 21:10:13 | INFO | Day-ahead Forecast (Enercast): 19.480 MW
2026-03-26 21:10:13 | INFO | Base Forecast (raw, before curtailment/shutdown): 15.875 MW
2026-03-26 21:10:13 | INFO | Base Forecast (used for schedule): 15.875 MW
2026-03-26 21:10:13 | INFO | Effective Base Forecast (after curtailment/shutdown): 15.875 MW
2026-03-26 21:10:13 | INFO | Plant Status: NORMAL
2026-03-26 21:10:13 | INFO | Effective Base Forecast = Base Forecast (raw) = 15.875 MW
2026-03-26 21:10:13 | INFO | --- WEATHER PARAMETERS ---
2026-03-26 21:10:13 | INFO | GTI: 990.0 W/m^2
2026-03-26 21:10:13 | INFO | DHI: 95.0 W/m^2
2026-03-26 21:10:13 | INFO | DNI: 0.0 W/m^2
2026-03-26 21:10:13 | INFO | Irradiance Ratio (GTI/MAX_GTI): 0.972
2026-03-26 21:10:13 | INFO | Diffuse Ratio (current): 0.096
2026-03-26 21:10:13 | INFO | Irradiance State: STABLE_CLEAR
2026-03-26 21:10:13 | INFO | Temp @ 2m: 35.28 C
2026-03-26 21:10:13 | INFO | Wind @ 10m: 5.15 m/s
2026-03-26 21:10:13 | INFO | Weather State: NORMAL
2026-03-26 21:10:13 | INFO | Dynamic Thresholds: cloud_thr=0.0000, shift_thr=0.0000
2026-03-26 21:10:13 | INFO | Multipliers: irradiance=0.84x, temp=0.78x, wind=0.96x
2026-03-26 21:10:13 | INFO | Weather Multiplier (combined): 0.63x
2026-03-26 21:10:13 | INFO | Abrupt Weather Change Detected: False
2026-03-26 21:10:13 | INFO | --- TREND ANALYSIS ---
2026-03-26 21:10:13 | INFO | Trend series (oldest -> latest):
2026-03-26 21:10:13 | INFO |   Block 54: 17.450 MW (source: INTRADAY_FALLBACK)
2026-03-26 21:10:13 | INFO |   Block 53: 18.090 MW (source: INTRADAY_FALLBACK)
2026-03-26 21:10:13 | INFO |   Block 52: 18.610 MW (source: INTRADAY_FALLBACK)
2026-03-26 21:10:13 | INFO |   Block 51: 18.910 MW (source: INTRADAY_FALLBACK)
2026-03-26 21:10:13 | INFO | Trend values used for slope calc: B54=17.450(INTRADAY_FALLBACK), B53=18.090(INTRADAY_FALLBACK), B52=18.610(INTRADAY_FALLBACK), B51=18.910(INTRADAY_FALLBACK)
2026-03-26 21:10:13 | INFO | Detected Trend Type: DECREASING
2026-03-26 21:10:13 | INFO | Trend Slope Percentage: -7.74%
2026-03-26 21:10:13 | INFO | Trend EPS Threshold: 1.50%
2026-03-26 21:10:13 | INFO | --- SCHEDULE CALCULATION ---
2026-03-26 21:10:13 | INFO | Condition Applied: CONDITION_3
2026-03-26 21:10:13 | INFO | Effective Base Forecast Used for Adjustments: 15.875 MW
2026-03-26 21:10:13 | INFO | Condition-3 (Phase-6) Applied:
2026-03-26 21:10:13 | INFO |   Forecast Mismatch: Intraday (17.070) != Day-ahead (19.480)
2026-03-26 21:10:13 | INFO |   Operation: SUBTRACT
2026-03-26 21:10:13 | INFO |   Base Adjustment %: 3.00%
2026-03-26 21:10:13 | INFO |   Irradiance Multiplier: 0.84x
2026-03-26 21:10:13 | INFO |   Temp Multiplier: 0.78x
2026-03-26 21:10:13 | INFO |   Wind Multiplier: 0.96x
2026-03-26 21:10:13 | INFO |   Weather Multiplier: 0.63x
2026-03-26 21:10:13 | INFO |   Final Adjustment %: -1.89%
2026-03-26 21:10:13 | INFO |   Calculation: 15.875 MW * (1 + -1.89% / 100)
2026-03-26 21:10:13 | INFO |   Formula (expanded): raw=15.8751*(1+-1.8870/100)=15.5755
2026-03-26 21:10:13 | INFO | --- FINAL RESULT ---
2026-03-26 21:10:13 | INFO | Raw Schedule (before smoothing): 15.576 MW
2026-03-26 21:10:13 | INFO | Final Scheduled MW: 15.576 MW
2026-03-26 21:10:13 | INFO | --------------------------------------------------------------------------------
2026-03-26 21:10:13 | INFO | --------------------------------------------------------------------------------
2026-03-26 21:10:13 | INFO | BLOCK 56
2026-03-26 21:10:13 | INFO | --------------------------------------------------------------------------------
2026-03-26 21:10:13 | INFO | --- FORECAST DATA ---
2026-03-26 21:10:13 | INFO | Intraday Forecast (Enercast Raw): 16.690 MW
2026-03-26 21:10:13 | INFO | Intraday Forecast (Enercast, Scaled): 16.690 MW
2026-03-26 21:10:13 | INFO | Day-ahead Forecast (Enercast): 18.860 MW
2026-03-26 21:10:13 | INFO | Base Forecast (raw, before curtailment/shutdown): 15.522 MW
2026-03-26 21:10:13 | INFO | Base Forecast (used for schedule): 15.522 MW
2026-03-26 21:10:13 | INFO | Effective Base Forecast (after curtailment/shutdown): 15.522 MW
2026-03-26 21:10:13 | INFO | Plant Status: NORMAL
2026-03-26 21:10:13 | INFO | Effective Base Forecast = Base Forecast (raw) = 15.522 MW
2026-03-26 21:10:13 | INFO | --- WEATHER PARAMETERS ---
2026-03-26 21:10:13 | INFO | GTI: 971.0 W/m^2
2026-03-26 21:10:13 | INFO | DHI: 95.0 W/m^2
2026-03-26 21:10:13 | INFO | DNI: 0.0 W/m^2
2026-03-26 21:10:13 | INFO | Irradiance Ratio (GTI/MAX_GTI): 0.954
2026-03-26 21:10:13 | INFO | Diffuse Ratio (current): 0.098
2026-03-26 21:10:13 | INFO | Irradiance State: STABLE_CLEAR
2026-03-26 21:10:13 | INFO | Temp @ 2m: 35.44 C
2026-03-26 21:10:13 | INFO | Wind @ 10m: 5.15 m/s
2026-03-26 21:10:13 | INFO | Weather State: NORMAL
2026-03-26 21:10:13 | INFO | Dynamic Thresholds: cloud_thr=0.0000, shift_thr=0.0000
2026-03-26 21:10:13 | INFO | Multipliers: irradiance=0.84x, temp=0.78x, wind=0.96x
2026-03-26 21:10:13 | INFO | Weather Multiplier (combined): 0.63x
2026-03-26 21:10:13 | INFO | Abrupt Weather Change Detected: False
2026-03-26 21:10:13 | INFO | --- TREND ANALYSIS ---
2026-03-26 21:10:13 | INFO | Trend series (oldest -> latest):
2026-03-26 21:10:13 | INFO |   Block 55: 17.070 MW (source: INTRADAY_FALLBACK)
2026-03-26 21:10:13 | INFO |   Block 54: 17.450 MW (source: INTRADAY_FALLBACK)
2026-03-26 21:10:13 | INFO |   Block 53: 18.090 MW (source: INTRADAY_FALLBACK)
2026-03-26 21:10:13 | INFO |   Block 52: 18.610 MW (source: INTRADAY_FALLBACK)
2026-03-26 21:10:13 | INFO | Trend values used for slope calc: B55=17.070(INTRADAY_FALLBACK), B54=17.450(INTRADAY_FALLBACK), B53=18.090(INTRADAY_FALLBACK), B52=18.610(INTRADAY_FALLBACK)
2026-03-26 21:10:13 | INFO | Detected Trend Type: DECREASING
2026-03-26 21:10:13 | INFO | Trend Slope Percentage: -8.49%
2026-03-26 21:10:13 | INFO | Trend EPS Threshold: 1.50%
2026-03-26 21:10:13 | INFO | --- SCHEDULE CALCULATION ---
2026-03-26 21:10:13 | INFO | Condition Applied: CONDITION_3
2026-03-26 21:10:13 | INFO | Effective Base Forecast Used for Adjustments: 15.522 MW
2026-03-26 21:10:13 | INFO | Condition-3 (Phase-6) Applied:
2026-03-26 21:10:13 | INFO |   Forecast Mismatch: Intraday (16.690) != Day-ahead (18.860)
2026-03-26 21:10:13 | INFO |   Operation: SUBTRACT
2026-03-26 21:10:13 | INFO |   Base Adjustment %: 3.00%
2026-03-26 21:10:13 | INFO |   Irradiance Multiplier: 0.84x
2026-03-26 21:10:13 | INFO |   Temp Multiplier: 0.78x
2026-03-26 21:10:13 | INFO |   Wind Multiplier: 0.96x
2026-03-26 21:10:13 | INFO |   Weather Multiplier: 0.63x
2026-03-26 21:10:13 | INFO |   Final Adjustment %: -1.89%
2026-03-26 21:10:13 | INFO |   Calculation: 15.522 MW * (1 + -1.89% / 100)
2026-03-26 21:10:13 | INFO |   Formula (expanded): raw=15.5217*(1+-1.8870/100)=15.2288
2026-03-26 21:10:13 | INFO | --- FINAL RESULT ---
2026-03-26 21:10:13 | INFO | Raw Schedule (before smoothing): 15.229 MW
2026-03-26 21:10:13 | INFO | Final Scheduled MW: 15.229 MW
2026-03-26 21:10:13 | INFO | --------------------------------------------------------------------------------
2026-03-26 21:10:13 | INFO | --------------------------------------------------------------------------------
2026-03-26 21:10:13 | INFO | BLOCK 57
2026-03-26 21:10:13 | INFO | --------------------------------------------------------------------------------
2026-03-26 21:10:13 | INFO | --- FORECAST DATA ---
2026-03-26 21:10:13 | INFO | Intraday Forecast (Enercast Raw): 16.170 MW
2026-03-26 21:10:13 | INFO | Intraday Forecast (Enercast, Scaled): 16.170 MW
2026-03-26 21:10:13 | INFO | Day-ahead Forecast (Enercast): 18.170 MW
2026-03-26 21:10:13 | INFO | Base Forecast (raw, before curtailment/shutdown): 15.038 MW
2026-03-26 21:10:13 | INFO | Base Forecast (used for schedule): 15.038 MW
2026-03-26 21:10:13 | INFO | Effective Base Forecast (after curtailment/shutdown): 15.038 MW
2026-03-26 21:10:13 | INFO | Plant Status: NORMAL
2026-03-26 21:10:13 | INFO | Effective Base Forecast = Base Forecast (raw) = 15.038 MW
2026-03-26 21:10:13 | INFO | --- WEATHER PARAMETERS ---
2026-03-26 21:10:13 | INFO | GTI: 947.0 W/m^2
2026-03-26 21:10:13 | INFO | DHI: 94.0 W/m^2
2026-03-26 21:10:13 | INFO | DNI: 0.0 W/m^2
2026-03-26 21:10:13 | INFO | Irradiance Ratio (GTI/MAX_GTI): 0.930
2026-03-26 21:10:13 | INFO | Diffuse Ratio (current): 0.099
2026-03-26 21:10:13 | INFO | Irradiance State: STABLE_CLEAR
2026-03-26 21:10:13 | INFO | Temp @ 2m: 35.53 C
2026-03-26 21:10:13 | INFO | Wind @ 10m: 5.35 m/s
2026-03-26 21:10:13 | INFO | Weather State: NORMAL
2026-03-26 21:10:13 | INFO | Dynamic Thresholds: cloud_thr=0.0000, shift_thr=0.0000
2026-03-26 21:10:13 | INFO | Multipliers: irradiance=0.84x, temp=0.78x, wind=0.96x
2026-03-26 21:10:13 | INFO | Weather Multiplier (combined): 0.63x
2026-03-26 21:10:13 | INFO | Abrupt Weather Change Detected: False
2026-03-26 21:10:13 | INFO | --- TREND ANALYSIS ---
2026-03-26 21:10:13 | INFO | Trend series (oldest -> latest):
2026-03-26 21:10:13 | INFO |   Block 56: 16.690 MW (source: INTRADAY_FALLBACK)
2026-03-26 21:10:13 | INFO |   Block 55: 17.070 MW (source: INTRADAY_FALLBACK)
2026-03-26 21:10:13 | INFO |   Block 54: 17.450 MW (source: INTRADAY_FALLBACK)
2026-03-26 21:10:13 | INFO |   Block 53: 18.090 MW (source: INTRADAY_FALLBACK)
2026-03-26 21:10:13 | INFO | Trend values used for slope calc: B56=16.690(INTRADAY_FALLBACK), B55=17.070(INTRADAY_FALLBACK), B54=17.450(INTRADAY_FALLBACK), B53=18.090(INTRADAY_FALLBACK)
2026-03-26 21:10:13 | INFO | Detected Trend Type: DECREASING
2026-03-26 21:10:13 | INFO | Trend Slope Percentage: -7.63%
2026-03-26 21:10:13 | INFO | Trend EPS Threshold: 1.50%
2026-03-26 21:10:13 | INFO | --- SCHEDULE CALCULATION ---
2026-03-26 21:10:13 | INFO | Condition Applied: CONDITION_3
2026-03-26 21:10:13 | INFO | Effective Base Forecast Used for Adjustments: 15.038 MW
2026-03-26 21:10:13 | INFO | Condition-3 (Phase-6) Applied:
2026-03-26 21:10:13 | INFO |   Forecast Mismatch: Intraday (16.170) != Day-ahead (18.170)
2026-03-26 21:10:13 | INFO |   Operation: SUBTRACT
2026-03-26 21:10:13 | INFO |   Base Adjustment %: 3.00%
2026-03-26 21:10:13 | INFO |   Irradiance Multiplier: 0.84x
2026-03-26 21:10:13 | INFO |   Temp Multiplier: 0.78x
2026-03-26 21:10:13 | INFO |   Wind Multiplier: 0.96x
2026-03-26 21:10:13 | INFO |   Weather Multiplier: 0.63x
2026-03-26 21:10:13 | INFO |   Final Adjustment %: -1.89%
2026-03-26 21:10:13 | INFO |   Calculation: 15.038 MW * (1 + -1.89% / 100)
2026-03-26 21:10:13 | INFO |   Formula (expanded): raw=15.0381*(1+-1.8870/100)=14.7543
2026-03-26 21:10:13 | INFO | --- FINAL RESULT ---
2026-03-26 21:10:13 | INFO | Raw Schedule (before smoothing): 14.754 MW
2026-03-26 21:10:13 | INFO | Final Scheduled MW: 14.754 MW
2026-03-26 21:10:13 | INFO | --------------------------------------------------------------------------------
2026-03-26 21:10:13 | INFO | --------------------------------------------------------------------------------
2026-03-26 21:10:13 | INFO | BLOCK 58
2026-03-26 21:10:13 | INFO | --------------------------------------------------------------------------------
2026-03-26 21:10:13 | INFO | --- FORECAST DATA ---
2026-03-26 21:10:13 | INFO | Intraday Forecast (Enercast Raw): 15.540 MW
2026-03-26 21:10:13 | INFO | Intraday Forecast (Enercast, Scaled): 15.540 MW
2026-03-26 21:10:13 | INFO | Day-ahead Forecast (Enercast): 17.410 MW
2026-03-26 21:10:13 | INFO | Base Forecast (raw, before curtailment/shutdown): 14.452 MW
2026-03-26 21:10:13 | INFO | Base Forecast (used for schedule): 14.452 MW
2026-03-26 21:10:13 | INFO | Effective Base Forecast (after curtailment/shutdown): 14.452 MW
2026-03-26 21:10:13 | INFO | Plant Status: NORMAL
2026-03-26 21:10:13 | INFO | Effective Base Forecast = Base Forecast (raw) = 14.452 MW
2026-03-26 21:10:13 | INFO | --- WEATHER PARAMETERS ---
2026-03-26 21:10:13 | INFO | GTI: 919.0 W/m^2
2026-03-26 21:10:13 | INFO | DHI: 92.0 W/m^2
2026-03-26 21:10:13 | INFO | DNI: 0.0 W/m^2
2026-03-26 21:10:13 | INFO | Irradiance Ratio (GTI/MAX_GTI): 0.903
2026-03-26 21:10:13 | INFO | Diffuse Ratio (current): 0.100
2026-03-26 21:10:13 | INFO | Irradiance State: STABLE_CLEAR
2026-03-26 21:10:13 | INFO | Temp @ 2m: 35.69 C
2026-03-26 21:10:13 | INFO | Wind @ 10m: 5.35 m/s
2026-03-26 21:10:13 | INFO | Weather State: NORMAL
2026-03-26 21:10:13 | INFO | Dynamic Thresholds: cloud_thr=0.0000, shift_thr=0.0000
2026-03-26 21:10:13 | INFO | Multipliers: irradiance=0.84x, temp=0.78x, wind=0.96x
2026-03-26 21:10:13 | INFO | Weather Multiplier (combined): 0.63x
2026-03-26 21:10:13 | INFO | Abrupt Weather Change Detected: False
2026-03-26 21:10:13 | INFO | --- TREND ANALYSIS ---
2026-03-26 21:10:13 | INFO | Trend series (oldest -> latest):
2026-03-26 21:10:13 | INFO |   Block 57: 16.170 MW (source: INTRADAY_FALLBACK)
2026-03-26 21:10:13 | INFO |   Block 56: 16.690 MW (source: INTRADAY_FALLBACK)
2026-03-26 21:10:13 | INFO |   Block 55: 17.070 MW (source: INTRADAY_FALLBACK)
2026-03-26 21:10:13 | INFO |   Block 54: 17.450 MW (source: INTRADAY_FALLBACK)
2026-03-26 21:10:13 | INFO | Trend values used for slope calc: B57=16.170(INTRADAY_FALLBACK), B56=16.690(INTRADAY_FALLBACK), B55=17.070(INTRADAY_FALLBACK), B54=17.450(INTRADAY_FALLBACK)
2026-03-26 21:10:13 | INFO | Detected Trend Type: DECREASING
2026-03-26 21:10:13 | INFO | Trend Slope Percentage: -7.24%
2026-03-26 21:10:13 | INFO | Trend EPS Threshold: 1.50%
2026-03-26 21:10:13 | INFO | --- SCHEDULE CALCULATION ---
2026-03-26 21:10:13 | INFO | Condition Applied: CONDITION_3
2026-03-26 21:10:13 | INFO | Effective Base Forecast Used for Adjustments: 14.452 MW
2026-03-26 21:10:13 | INFO | Condition-3 (Phase-6) Applied:
2026-03-26 21:10:13 | INFO |   Forecast Mismatch: Intraday (15.540) != Day-ahead (17.410)
2026-03-26 21:10:13 | INFO |   Operation: SUBTRACT
2026-03-26 21:10:13 | INFO |   Base Adjustment %: 3.00%
2026-03-26 21:10:13 | INFO |   Irradiance Multiplier: 0.84x
2026-03-26 21:10:13 | INFO |   Temp Multiplier: 0.78x
2026-03-26 21:10:13 | INFO |   Wind Multiplier: 0.96x
2026-03-26 21:10:13 | INFO |   Weather Multiplier: 0.63x
2026-03-26 21:10:13 | INFO |   Final Adjustment %: -1.89%
2026-03-26 21:10:13 | INFO |   Calculation: 14.452 MW * (1 + -1.89% / 100)
2026-03-26 21:10:13 | INFO |   Formula (expanded): raw=14.4522*(1+-1.8870/100)=14.1795
2026-03-26 21:10:13 | INFO | --- FINAL RESULT ---
2026-03-26 21:10:13 | INFO | Raw Schedule (before smoothing): 14.179 MW
2026-03-26 21:10:13 | INFO | Final Scheduled MW: 14.179 MW
2026-03-26 21:10:13 | INFO | --------------------------------------------------------------------------------
2026-03-26 21:10:13 | INFO | --------------------------------------------------------------------------------
2026-03-26 21:10:13 | INFO | BLOCK 59
2026-03-26 21:10:13 | INFO | --------------------------------------------------------------------------------
2026-03-26 21:10:13 | INFO | --- FORECAST DATA ---
2026-03-26 21:10:13 | INFO | Intraday Forecast (Enercast Raw): 14.610 MW
2026-03-26 21:10:13 | INFO | Intraday Forecast (Enercast, Scaled): 14.610 MW
2026-03-26 21:10:13 | INFO | Day-ahead Forecast (Enercast): 16.140 MW
2026-03-26 21:10:13 | INFO | Base Forecast (raw, before curtailment/shutdown): 13.587 MW
2026-03-26 21:10:13 | INFO | Base Forecast (used for schedule): 13.587 MW
2026-03-26 21:10:13 | INFO | Effective Base Forecast (after curtailment/shutdown): 13.587 MW
2026-03-26 21:10:13 | INFO | Plant Status: NORMAL
2026-03-26 21:10:13 | INFO | Effective Base Forecast = Base Forecast (raw) = 13.587 MW
2026-03-26 21:10:13 | INFO | --- WEATHER PARAMETERS ---
2026-03-26 21:10:13 | INFO | GTI: 887.0 W/m^2
2026-03-26 21:10:13 | INFO | DHI: 89.0 W/m^2
2026-03-26 21:10:13 | INFO | DNI: 0.0 W/m^2
2026-03-26 21:10:13 | INFO | Irradiance Ratio (GTI/MAX_GTI): 0.871
2026-03-26 21:10:13 | INFO | Diffuse Ratio (current): 0.100
2026-03-26 21:10:13 | INFO | Irradiance State: STABLE_CLEAR
2026-03-26 21:10:13 | INFO | Temp @ 2m: 35.78 C
2026-03-26 21:10:13 | INFO | Wind @ 10m: 5.59 m/s
2026-03-26 21:10:13 | INFO | Weather State: NORMAL
2026-03-26 21:10:13 | INFO | Dynamic Thresholds: cloud_thr=0.0000, shift_thr=0.0000
2026-03-26 21:10:13 | INFO | Multipliers: irradiance=0.84x, temp=0.78x, wind=0.96x
2026-03-26 21:10:13 | INFO | Weather Multiplier (combined): 0.63x
2026-03-26 21:10:13 | INFO | Abrupt Weather Change Detected: False
2026-03-26 21:10:13 | INFO | --- TREND ANALYSIS ---
2026-03-26 21:10:13 | INFO | Trend series (oldest -> latest):
2026-03-26 21:10:13 | INFO |   Block 58: 15.540 MW (source: INTRADAY_FALLBACK)
2026-03-26 21:10:13 | INFO |   Block 57: 16.170 MW (source: INTRADAY_FALLBACK)
2026-03-26 21:10:13 | INFO |   Block 56: 16.690 MW (source: INTRADAY_FALLBACK)
2026-03-26 21:10:13 | INFO |   Block 55: 17.070 MW (source: INTRADAY_FALLBACK)
2026-03-26 21:10:13 | INFO | Trend values used for slope calc: B58=15.540(INTRADAY_FALLBACK), B57=16.170(INTRADAY_FALLBACK), B56=16.690(INTRADAY_FALLBACK), B55=17.070(INTRADAY_FALLBACK)
2026-03-26 21:10:13 | INFO | Detected Trend Type: DECREASING
2026-03-26 21:10:13 | INFO | Trend Slope Percentage: -8.95%
2026-03-26 21:10:13 | INFO | Trend EPS Threshold: 1.50%
2026-03-26 21:10:13 | INFO | --- SCHEDULE CALCULATION ---
2026-03-26 21:10:13 | INFO | Condition Applied: CONDITION_3
2026-03-26 21:10:13 | INFO | Effective Base Forecast Used for Adjustments: 13.587 MW
2026-03-26 21:10:13 | INFO | Condition-3 (Phase-6) Applied:
2026-03-26 21:10:13 | INFO |   Forecast Mismatch: Intraday (14.610) != Day-ahead (16.140)
2026-03-26 21:10:13 | INFO |   Operation: SUBTRACT
2026-03-26 21:10:13 | INFO |   Base Adjustment %: 3.00%
2026-03-26 21:10:13 | INFO |   Irradiance Multiplier: 0.84x
2026-03-26 21:10:13 | INFO |   Temp Multiplier: 0.78x
2026-03-26 21:10:13 | INFO |   Wind Multiplier: 0.96x
2026-03-26 21:10:13 | INFO |   Weather Multiplier: 0.63x
2026-03-26 21:10:13 | INFO |   Final Adjustment %: -1.89%
2026-03-26 21:10:13 | INFO |   Calculation: 13.587 MW * (1 + -1.89% / 100)
2026-03-26 21:10:13 | INFO |   Formula (expanded): raw=13.5873*(1+-1.8870/100)=13.3309
2026-03-26 21:10:13 | INFO | --- FINAL RESULT ---
2026-03-26 21:10:13 | INFO | Raw Schedule (before smoothing): 13.331 MW
2026-03-26 21:10:13 | INFO | Final Scheduled MW: 13.331 MW
2026-03-26 21:10:13 | INFO | --------------------------------------------------------------------------------
2026-03-26 21:10:13 | INFO | --------------------------------------------------------------------------------
2026-03-26 21:10:13 | INFO | BLOCK 60
2026-03-26 21:10:13 | INFO | --------------------------------------------------------------------------------
2026-03-26 21:10:13 | INFO | --- FORECAST DATA ---
2026-03-26 21:10:13 | INFO | Intraday Forecast (Enercast Raw): 13.630 MW
2026-03-26 21:10:13 | INFO | Intraday Forecast (Enercast, Scaled): 13.630 MW
2026-03-26 21:10:13 | INFO | Day-ahead Forecast (Enercast): 14.810 MW
2026-03-26 21:10:13 | INFO | Base Forecast (raw, before curtailment/shutdown): 12.676 MW
2026-03-26 21:10:13 | INFO | Base Forecast (used for schedule): 12.676 MW
2026-03-26 21:10:13 | INFO | Effective Base Forecast (after curtailment/shutdown): 12.676 MW
2026-03-26 21:10:13 | INFO | Plant Status: NORMAL
2026-03-26 21:10:13 | INFO | Effective Base Forecast = Base Forecast (raw) = 12.676 MW
2026-03-26 21:10:13 | INFO | --- WEATHER PARAMETERS ---
2026-03-26 21:10:13 | INFO | GTI: 852.0 W/m^2
2026-03-26 21:10:13 | INFO | DHI: 85.0 W/m^2
2026-03-26 21:10:13 | INFO | DNI: 0.0 W/m^2
2026-03-26 21:10:13 | INFO | Irradiance Ratio (GTI/MAX_GTI): 0.837
2026-03-26 21:10:13 | INFO | Diffuse Ratio (current): 0.100
2026-03-26 21:10:13 | INFO | Irradiance State: STABLE_CLEAR
2026-03-26 21:10:13 | INFO | Temp @ 2m: 35.89 C
2026-03-26 21:10:13 | INFO | Wind @ 10m: 5.59 m/s
2026-03-26 21:10:13 | INFO | Weather State: NORMAL
2026-03-26 21:10:13 | INFO | Dynamic Thresholds: cloud_thr=0.0000, shift_thr=0.0000
2026-03-26 21:10:13 | INFO | Multipliers: irradiance=0.84x, temp=0.78x, wind=0.96x
2026-03-26 21:10:13 | INFO | Weather Multiplier (combined): 0.63x
2026-03-26 21:10:13 | INFO | Abrupt Weather Change Detected: False
2026-03-26 21:10:13 | INFO | --- TREND ANALYSIS ---
2026-03-26 21:10:13 | INFO | Trend series (oldest -> latest):
2026-03-26 21:10:13 | INFO |   Block 59: 14.610 MW (source: INTRADAY_FALLBACK)
2026-03-26 21:10:13 | INFO |   Block 58: 15.540 MW (source: INTRADAY_FALLBACK)
2026-03-26 21:10:13 | INFO |   Block 57: 16.170 MW (source: INTRADAY_FALLBACK)
2026-03-26 21:10:13 | INFO |   Block 56: 16.690 MW (source: INTRADAY_FALLBACK)
2026-03-26 21:10:13 | INFO | Trend values used for slope calc: B59=14.610(INTRADAY_FALLBACK), B58=15.540(INTRADAY_FALLBACK), B57=16.170(INTRADAY_FALLBACK), B56=16.690(INTRADAY_FALLBACK)
2026-03-26 21:10:13 | INFO | Detected Trend Type: DECREASING
2026-03-26 21:10:13 | INFO | Trend Slope Percentage: -12.28%
2026-03-26 21:10:13 | INFO | Trend EPS Threshold: 1.50%
2026-03-26 21:10:13 | INFO | --- SCHEDULE CALCULATION ---
2026-03-26 21:10:13 | INFO | Condition Applied: CONDITION_3
2026-03-26 21:10:13 | INFO | Effective Base Forecast Used for Adjustments: 12.676 MW
2026-03-26 21:10:13 | INFO | Condition-3 (Phase-6) Applied:
2026-03-26 21:10:13 | INFO |   Forecast Mismatch: Intraday (13.630) != Day-ahead (14.810)
2026-03-26 21:10:13 | INFO |   Operation: SUBTRACT
2026-03-26 21:10:13 | INFO |   Base Adjustment %: 3.00%
2026-03-26 21:10:13 | INFO |   Irradiance Multiplier: 0.84x
2026-03-26 21:10:13 | INFO |   Temp Multiplier: 0.78x
2026-03-26 21:10:13 | INFO |   Wind Multiplier: 0.96x
2026-03-26 21:10:13 | INFO |   Weather Multiplier: 0.63x
2026-03-26 21:10:13 | INFO |   Final Adjustment %: -1.89%
2026-03-26 21:10:13 | INFO |   Calculation: 12.676 MW * (1 + -1.89% / 100)
2026-03-26 21:10:13 | INFO |   Formula (expanded): raw=12.6759*(1+-1.8870/100)=12.4367
2026-03-26 21:10:13 | INFO | --- FINAL RESULT ---
2026-03-26 21:10:13 | INFO | Raw Schedule (before smoothing): 12.437 MW
2026-03-26 21:10:13 | INFO | Final Scheduled MW: 12.437 MW
2026-03-26 21:10:13 | INFO | --------------------------------------------------------------------------------
2026-03-26 21:10:13 | INFO | --------------------------------------------------------------------------------
2026-03-26 21:10:13 | INFO | BLOCK 61
2026-03-26 21:10:13 | INFO | --------------------------------------------------------------------------------
2026-03-26 21:10:13 | INFO | --- FORECAST DATA ---
2026-03-26 21:10:13 | INFO | Intraday Forecast (Enercast Raw): 12.610 MW
2026-03-26 21:10:13 | INFO | Intraday Forecast (Enercast, Scaled): 12.610 MW
2026-03-26 21:10:13 | INFO | Day-ahead Forecast (Enercast): 13.470 MW
2026-03-26 21:10:13 | INFO | Base Forecast (raw, before curtailment/shutdown): 11.727 MW
2026-03-26 21:10:13 | INFO | Base Forecast (used for schedule): 11.727 MW
2026-03-26 21:10:13 | INFO | Effective Base Forecast (after curtailment/shutdown): 11.727 MW
2026-03-26 21:10:13 | INFO | Plant Status: NORMAL
2026-03-26 21:10:13 | INFO | Effective Base Forecast = Base Forecast (raw) = 11.727 MW
2026-03-26 21:10:13 | INFO | --- WEATHER PARAMETERS ---
2026-03-26 21:10:13 | INFO | GTI: 810.0 W/m^2
2026-03-26 21:10:13 | INFO | DHI: 86.0 W/m^2
2026-03-26 21:10:13 | INFO | DNI: 0.0 W/m^2
2026-03-26 21:10:13 | INFO | Irradiance Ratio (GTI/MAX_GTI): 0.796
2026-03-26 21:10:13 | INFO | Diffuse Ratio (current): 0.106
2026-03-26 21:10:13 | INFO | Irradiance State: STABLE_CLEAR
2026-03-26 21:10:13 | INFO | Temp @ 2m: 35.94 C
2026-03-26 21:10:13 | INFO | Wind @ 10m: 5.86 m/s
2026-03-26 21:10:13 | INFO | Weather State: NORMAL
2026-03-26 21:10:13 | INFO | Dynamic Thresholds: cloud_thr=0.0000, shift_thr=0.0000
2026-03-26 21:10:13 | INFO | Multipliers: irradiance=0.84x, temp=0.78x, wind=0.96x
2026-03-26 21:10:13 | INFO | Weather Multiplier (combined): 0.63x
2026-03-26 21:10:13 | INFO | Abrupt Weather Change Detected: False
2026-03-26 21:10:13 | INFO | --- TREND ANALYSIS ---
2026-03-26 21:10:13 | INFO | Trend series (oldest -> latest):
2026-03-26 21:10:13 | INFO |   Block 60: 13.630 MW (source: INTRADAY_FALLBACK)
2026-03-26 21:10:13 | INFO |   Block 59: 14.610 MW (source: INTRADAY_FALLBACK)
2026-03-26 21:10:13 | INFO |   Block 58: 15.540 MW (source: INTRADAY_FALLBACK)
2026-03-26 21:10:13 | INFO |   Block 57: 16.170 MW (source: INTRADAY_FALLBACK)
2026-03-26 21:10:13 | INFO | Trend values used for slope calc: B60=13.630(INTRADAY_FALLBACK), B59=14.610(INTRADAY_FALLBACK), B58=15.540(INTRADAY_FALLBACK), B57=16.170(INTRADAY_FALLBACK)
2026-03-26 21:10:13 | INFO | Detected Trend Type: DECREASING
2026-03-26 21:10:13 | INFO | Trend Slope Percentage: -15.77%
2026-03-26 21:10:13 | INFO | Trend EPS Threshold: 1.50%
2026-03-26 21:10:13 | INFO | --- SCHEDULE CALCULATION ---
2026-03-26 21:10:13 | INFO | Condition Applied: CONDITION_3
2026-03-26 21:10:13 | INFO | Effective Base Forecast Used for Adjustments: 11.727 MW
2026-03-26 21:10:13 | INFO | Condition-3 (Phase-6) Applied:
2026-03-26 21:10:13 | INFO |   Forecast Mismatch: Intraday (12.610) != Day-ahead (13.470)
2026-03-26 21:10:13 | INFO |   Operation: SUBTRACT
2026-03-26 21:10:13 | INFO |   Base Adjustment %: 3.00%
2026-03-26 21:10:13 | INFO |   Irradiance Multiplier: 0.84x
2026-03-26 21:10:13 | INFO |   Temp Multiplier: 0.78x
2026-03-26 21:10:13 | INFO |   Wind Multiplier: 0.96x
2026-03-26 21:10:13 | INFO |   Weather Multiplier: 0.63x
2026-03-26 21:10:13 | INFO |   Final Adjustment %: -1.89%
2026-03-26 21:10:13 | INFO |   Calculation: 11.727 MW * (1 + -1.89% / 100)
2026-03-26 21:10:13 | INFO |   Formula (expanded): raw=11.7273*(1+-1.8870/100)=11.5060
2026-03-26 21:10:13 | INFO | --- FINAL RESULT ---
2026-03-26 21:10:13 | INFO | Raw Schedule (before smoothing): 11.506 MW
2026-03-26 21:10:13 | INFO | Final Scheduled MW: 11.506 MW
2026-03-26 21:10:13 | INFO | --------------------------------------------------------------------------------
2026-03-26 21:10:13 | INFO | --------------------------------------------------------------------------------
2026-03-26 21:10:13 | INFO | BLOCK 62
2026-03-26 21:10:13 | INFO | --------------------------------------------------------------------------------
2026-03-26 21:10:13 | INFO | --- FORECAST DATA ---
2026-03-26 21:10:13 | INFO | Intraday Forecast (Enercast Raw): 11.560 MW
2026-03-26 21:10:13 | INFO | Intraday Forecast (Enercast, Scaled): 11.560 MW
2026-03-26 21:10:13 | INFO | Day-ahead Forecast (Enercast): 12.060 MW
2026-03-26 21:10:13 | INFO | Base Forecast (raw, before curtailment/shutdown): 10.751 MW
2026-03-26 21:10:13 | INFO | Base Forecast (used for schedule): 10.751 MW
2026-03-26 21:10:13 | INFO | Effective Base Forecast (after curtailment/shutdown): 10.751 MW
2026-03-26 21:10:13 | INFO | Plant Status: NORMAL
2026-03-26 21:10:13 | INFO | Effective Base Forecast = Base Forecast (raw) = 10.751 MW
2026-03-26 21:10:13 | INFO | --- WEATHER PARAMETERS ---
2026-03-26 21:10:13 | INFO | GTI: 761.0 W/m^2
2026-03-26 21:10:13 | INFO | DHI: 93.0 W/m^2
2026-03-26 21:10:13 | INFO | DNI: 0.0 W/m^2
2026-03-26 21:10:13 | INFO | Irradiance Ratio (GTI/MAX_GTI): 0.748
2026-03-26 21:10:13 | INFO | Diffuse Ratio (current): 0.122
2026-03-26 21:10:13 | INFO | Irradiance State: VARIABLE_CLEAR
2026-03-26 21:10:13 | INFO | Temp @ 2m: 36.03 C
2026-03-26 21:10:13 | INFO | Wind @ 10m: 5.86 m/s
2026-03-26 21:10:13 | INFO | Weather State: NORMAL
2026-03-26 21:10:13 | INFO | Dynamic Thresholds: cloud_thr=0.0000, shift_thr=0.0000
2026-03-26 21:10:13 | INFO | Multipliers: irradiance=0.63x, temp=0.78x, wind=0.96x
2026-03-26 21:10:13 | INFO | Weather Multiplier (combined): 0.47x
2026-03-26 21:10:13 | INFO | Abrupt Weather Change Detected: False
2026-03-26 21:10:13 | INFO | --- TREND ANALYSIS ---
2026-03-26 21:10:13 | INFO | Trend series (oldest -> latest):
2026-03-26 21:10:13 | INFO |   Block 61: 12.610 MW (source: INTRADAY_FALLBACK)
2026-03-26 21:10:13 | INFO |   Block 60: 13.630 MW (source: INTRADAY_FALLBACK)
2026-03-26 21:10:13 | INFO |   Block 59: 14.610 MW (source: INTRADAY_FALLBACK)
2026-03-26 21:10:13 | INFO |   Block 58: 15.540 MW (source: INTRADAY_FALLBACK)
2026-03-26 21:10:13 | INFO | Trend values used for slope calc: B61=12.610(INTRADAY_FALLBACK), B60=13.630(INTRADAY_FALLBACK), B59=14.610(INTRADAY_FALLBACK), B58=15.540(INTRADAY_FALLBACK)
2026-03-26 21:10:13 | INFO | Detected Trend Type: DECREASING
2026-03-26 21:10:13 | INFO | Trend Slope Percentage: -18.83%
2026-03-26 21:10:13 | INFO | Trend EPS Threshold: 1.50%
2026-03-26 21:10:13 | INFO | --- SCHEDULE CALCULATION ---
2026-03-26 21:10:13 | INFO | Condition Applied: CONDITION_3
2026-03-26 21:10:13 | INFO | Effective Base Forecast Used for Adjustments: 10.751 MW
2026-03-26 21:10:13 | INFO | Condition-3 (Phase-6) Applied:
2026-03-26 21:10:13 | INFO |   Forecast Mismatch: Intraday (11.560) != Day-ahead (12.060)
2026-03-26 21:10:13 | INFO |   Operation: SUBTRACT
2026-03-26 21:10:13 | INFO |   Base Adjustment %: 3.00%
2026-03-26 21:10:13 | INFO |   Irradiance Multiplier: 0.63x
2026-03-26 21:10:13 | INFO |   Temp Multiplier: 0.78x
2026-03-26 21:10:13 | INFO |   Wind Multiplier: 0.96x
2026-03-26 21:10:13 | INFO |   Weather Multiplier: 0.47x
2026-03-26 21:10:13 | INFO |   Final Adjustment %: -1.42%
2026-03-26 21:10:13 | INFO |   Calculation: 10.751 MW * (1 + -1.42% / 100)
2026-03-26 21:10:13 | INFO |   Formula (expanded): raw=10.7508*(1+-1.4152/100)=10.5987
2026-03-26 21:10:13 | INFO | --- FINAL RESULT ---
2026-03-26 21:10:13 | INFO | Raw Schedule (before smoothing): 10.599 MW
2026-03-26 21:10:13 | INFO | Final Scheduled MW: 10.599 MW
2026-03-26 21:10:13 | INFO | --------------------------------------------------------------------------------
2026-03-26 21:10:13 | INFO | --------------------------------------------------------------------------------
2026-03-26 21:10:13 | INFO | BLOCK 63
2026-03-26 21:10:13 | INFO | --------------------------------------------------------------------------------
2026-03-26 21:10:13 | INFO | --- FORECAST DATA ---
2026-03-26 21:10:13 | INFO | Intraday Forecast (Enercast Raw): 10.790 MW
2026-03-26 21:10:13 | INFO | Intraday Forecast (Enercast, Scaled): 10.790 MW
2026-03-26 21:10:13 | INFO | Day-ahead Forecast (Enercast): 11.350 MW
2026-03-26 21:10:13 | INFO | Base Forecast (raw, before curtailment/shutdown): 10.035 MW
2026-03-26 21:10:13 | INFO | Base Forecast (used for schedule): 10.035 MW
2026-03-26 21:10:13 | INFO | Effective Base Forecast (after curtailment/shutdown): 10.035 MW
2026-03-26 21:10:13 | INFO | Plant Status: NORMAL
2026-03-26 21:10:13 | INFO | Effective Base Forecast = Base Forecast (raw) = 10.035 MW
2026-03-26 21:10:13 | INFO | --- WEATHER PARAMETERS ---
2026-03-26 21:10:13 | INFO | GTI: 708.0 W/m^2
2026-03-26 21:10:13 | INFO | DHI: 107.0 W/m^2
2026-03-26 21:10:13 | INFO | DNI: 0.0 W/m^2
2026-03-26 21:10:13 | INFO | Irradiance Ratio (GTI/MAX_GTI): 0.695
2026-03-26 21:10:13 | INFO | Diffuse Ratio (current): 0.151
2026-03-26 21:10:13 | INFO | Irradiance State: VARIABLE_CLEAR
2026-03-26 21:10:13 | INFO | Temp @ 2m: 36.09 C
2026-03-26 21:10:13 | INFO | Wind @ 10m: 6.16 m/s
2026-03-26 21:10:13 | INFO | Weather State: NORMAL
2026-03-26 21:10:13 | INFO | Dynamic Thresholds: cloud_thr=0.0000, shift_thr=0.0000
2026-03-26 21:10:13 | INFO | Multipliers: irradiance=0.63x, temp=0.78x, wind=0.96x
2026-03-26 21:10:13 | INFO | Weather Multiplier (combined): 0.47x
2026-03-26 21:10:13 | INFO | Abrupt Weather Change Detected: False
2026-03-26 21:10:13 | INFO | --- TREND ANALYSIS ---
2026-03-26 21:10:13 | INFO | Trend series (oldest -> latest):
2026-03-26 21:10:13 | INFO |   Block 62: 11.560 MW (source: INTRADAY_FALLBACK)
2026-03-26 21:10:13 | INFO |   Block 61: 12.610 MW (source: INTRADAY_FALLBACK)
2026-03-26 21:10:13 | INFO |   Block 60: 13.630 MW (source: INTRADAY_FALLBACK)
2026-03-26 21:10:13 | INFO |   Block 59: 14.610 MW (source: INTRADAY_FALLBACK)
2026-03-26 21:10:13 | INFO | Trend values used for slope calc: B62=11.560(INTRADAY_FALLBACK), B61=12.610(INTRADAY_FALLBACK), B60=13.630(INTRADAY_FALLBACK), B59=14.610(INTRADAY_FALLBACK)
2026-03-26 21:10:13 | INFO | Detected Trend Type: DECREASING
2026-03-26 21:10:13 | INFO | Trend Slope Percentage: -20.86%
2026-03-26 21:10:13 | INFO | Trend EPS Threshold: 1.50%
2026-03-26 21:10:13 | INFO | --- SCHEDULE CALCULATION ---
2026-03-26 21:10:13 | INFO | Condition Applied: CONDITION_3
2026-03-26 21:10:13 | INFO | Effective Base Forecast Used for Adjustments: 10.035 MW
2026-03-26 21:10:13 | INFO | Condition-3 (Phase-6) Applied:
2026-03-26 21:10:13 | INFO |   Forecast Mismatch: Intraday (10.790) != Day-ahead (11.350)
2026-03-26 21:10:13 | INFO |   Operation: SUBTRACT
2026-03-26 21:10:13 | INFO |   Base Adjustment %: 3.00%
2026-03-26 21:10:13 | INFO |   Irradiance Multiplier: 0.63x
2026-03-26 21:10:13 | INFO |   Temp Multiplier: 0.78x
2026-03-26 21:10:13 | INFO |   Wind Multiplier: 0.96x
2026-03-26 21:10:13 | INFO |   Weather Multiplier: 0.47x
2026-03-26 21:10:13 | INFO |   Final Adjustment %: -1.42%
2026-03-26 21:10:13 | INFO |   Calculation: 10.035 MW * (1 + -1.42% / 100)
2026-03-26 21:10:13 | INFO |   Formula (expanded): raw=10.0347*(1+-1.4152/100)=9.8927
2026-03-26 21:10:13 | INFO | --- FINAL RESULT ---
2026-03-26 21:10:13 | INFO | Raw Schedule (before smoothing): 9.893 MW
2026-03-26 21:10:13 | INFO | Final Scheduled MW: 9.893 MW
2026-03-26 21:10:13 | INFO | --------------------------------------------------------------------------------
2026-03-26 21:10:13 | INFO | --------------------------------------------------------------------------------
2026-03-26 21:10:13 | INFO | BLOCK 64
2026-03-26 21:10:13 | INFO | --------------------------------------------------------------------------------
2026-03-26 21:10:13 | INFO | --- FORECAST DATA ---
2026-03-26 21:10:13 | INFO | Intraday Forecast (Enercast Raw): 9.970 MW
2026-03-26 21:10:13 | INFO | Intraday Forecast (Enercast, Scaled): 9.970 MW
2026-03-26 21:10:13 | INFO | Day-ahead Forecast (Enercast): 10.580 MW
2026-03-26 21:10:13 | INFO | Base Forecast (raw, before curtailment/shutdown): 9.272 MW
2026-03-26 21:10:13 | INFO | Base Forecast (used for schedule): 9.272 MW
2026-03-26 21:10:13 | INFO | Effective Base Forecast (after curtailment/shutdown): 9.272 MW
2026-03-26 21:10:13 | INFO | Plant Status: NORMAL
2026-03-26 21:10:13 | INFO | Effective Base Forecast = Base Forecast (raw) = 9.272 MW
2026-03-26 21:10:13 | INFO | --- WEATHER PARAMETERS ---
2026-03-26 21:10:13 | INFO | GTI: 651.0 W/m^2
2026-03-26 21:10:13 | INFO | DHI: 121.0 W/m^2
2026-03-26 21:10:13 | INFO | DNI: 0.0 W/m^2
2026-03-26 21:10:13 | INFO | Irradiance Ratio (GTI/MAX_GTI): 0.639
2026-03-26 21:10:13 | INFO | Diffuse Ratio (current): 0.186
2026-03-26 21:10:13 | INFO | Irradiance State: VARIABLE_CLEAR
2026-03-26 21:10:13 | INFO | Temp @ 2m: 36.14 C
2026-03-26 21:10:13 | INFO | Wind @ 10m: 6.49 m/s
2026-03-26 21:10:13 | INFO | Weather State: NORMAL
2026-03-26 21:10:13 | INFO | Dynamic Thresholds: cloud_thr=0.0000, shift_thr=0.0000
2026-03-26 21:10:13 | INFO | Multipliers: irradiance=0.63x, temp=0.78x, wind=0.96x
2026-03-26 21:10:13 | INFO | Weather Multiplier (combined): 0.47x
2026-03-26 21:10:13 | INFO | Abrupt Weather Change Detected: False
2026-03-26 21:10:13 | INFO | --- TREND ANALYSIS ---
2026-03-26 21:10:13 | INFO | Trend series (oldest -> latest):
2026-03-26 21:10:13 | INFO |   Block 63: 10.790 MW (source: INTRADAY_FALLBACK)
2026-03-26 21:10:13 | INFO |   Block 62: 11.560 MW (source: INTRADAY_FALLBACK)
2026-03-26 21:10:13 | INFO |   Block 61: 12.610 MW (source: INTRADAY_FALLBACK)
2026-03-26 21:10:13 | INFO |   Block 60: 13.630 MW (source: INTRADAY_FALLBACK)
2026-03-26 21:10:13 | INFO | Trend values used for slope calc: B63=10.790(INTRADAY_FALLBACK), B62=11.560(INTRADAY_FALLBACK), B61=12.610(INTRADAY_FALLBACK), B60=13.630(INTRADAY_FALLBACK)
2026-03-26 21:10:13 | INFO | Detected Trend Type: DECREASING
2026-03-26 21:10:13 | INFO | Trend Slope Percentage: -21.14%
2026-03-26 21:10:13 | INFO | Trend EPS Threshold: 1.50%
2026-03-26 21:10:13 | INFO | --- SCHEDULE CALCULATION ---
2026-03-26 21:10:13 | INFO | Condition Applied: CONDITION_3
2026-03-26 21:10:13 | INFO | Effective Base Forecast Used for Adjustments: 9.272 MW
2026-03-26 21:10:13 | INFO | Condition-3 (Phase-6) Applied:
2026-03-26 21:10:13 | INFO |   Forecast Mismatch: Intraday (9.970) != Day-ahead (10.580)
2026-03-26 21:10:13 | INFO |   Operation: SUBTRACT
2026-03-26 21:10:13 | INFO |   Base Adjustment %: 3.00%
2026-03-26 21:10:13 | INFO |   Irradiance Multiplier: 0.63x
2026-03-26 21:10:13 | INFO |   Temp Multiplier: 0.78x
2026-03-26 21:10:13 | INFO |   Wind Multiplier: 0.96x
2026-03-26 21:10:13 | INFO |   Weather Multiplier: 0.47x
2026-03-26 21:10:13 | INFO |   Final Adjustment %: -1.42%
2026-03-26 21:10:13 | INFO |   Calculation: 9.272 MW * (1 + -1.42% / 100)
2026-03-26 21:10:13 | INFO |   Formula (expanded): raw=9.2721*(1+-1.4152/100)=9.1409
2026-03-26 21:10:13 | INFO | --- FINAL RESULT ---
2026-03-26 21:10:13 | INFO | Raw Schedule (before smoothing): 9.141 MW
2026-03-26 21:10:13 | INFO | Final Scheduled MW: 9.141 MW
2026-03-26 21:10:13 | INFO | --------------------------------------------------------------------------------
2026-03-26 21:10:13 | INFO | --------------------------------------------------------------------------------
2026-03-26 21:10:13 | INFO | BLOCK 65
2026-03-26 21:10:13 | INFO | --------------------------------------------------------------------------------
2026-03-26 21:10:13 | INFO | --- FORECAST DATA ---
2026-03-26 21:10:13 | INFO | Intraday Forecast (Enercast Raw): 9.020 MW
2026-03-26 21:10:13 | INFO | Intraday Forecast (Enercast, Scaled): 9.020 MW
2026-03-26 21:10:13 | INFO | Day-ahead Forecast (Enercast): 9.690 MW
2026-03-26 21:10:13 | INFO | Base Forecast (raw, before curtailment/shutdown): 8.389 MW
2026-03-26 21:10:13 | INFO | Base Forecast (used for schedule): 8.389 MW
2026-03-26 21:10:13 | INFO | Effective Base Forecast (after curtailment/shutdown): 8.389 MW
2026-03-26 21:10:13 | INFO | Plant Status: NORMAL
2026-03-26 21:10:13 | INFO | Effective Base Forecast = Base Forecast (raw) = 8.389 MW
2026-03-26 21:10:13 | INFO | --- WEATHER PARAMETERS ---
2026-03-26 21:10:13 | INFO | GTI: 589.0 W/m^2
2026-03-26 21:10:13 | INFO | DHI: 129.0 W/m^2
2026-03-26 21:10:13 | INFO | DNI: 0.0 W/m^2
2026-03-26 21:10:13 | INFO | Irradiance Ratio (GTI/MAX_GTI): 0.579
2026-03-26 21:10:13 | INFO | Diffuse Ratio (current): 0.219
2026-03-26 21:10:13 | INFO | Irradiance State: VARIABLE_CLEAR
2026-03-26 21:10:13 | INFO | Temp @ 2m: 36.19 C
2026-03-26 21:10:13 | INFO | Wind @ 10m: 6.84 m/s
2026-03-26 21:10:13 | INFO | Weather State: NORMAL
2026-03-26 21:10:13 | INFO | Dynamic Thresholds: cloud_thr=0.0000, shift_thr=0.0000
2026-03-26 21:10:13 | INFO | Multipliers: irradiance=0.63x, temp=0.78x, wind=0.96x
2026-03-26 21:10:13 | INFO | Weather Multiplier (combined): 0.47x
2026-03-26 21:10:13 | INFO | Abrupt Weather Change Detected: False
2026-03-26 21:10:13 | INFO | --- TREND ANALYSIS ---
2026-03-26 21:10:13 | INFO | Trend series (oldest -> latest):
2026-03-26 21:10:13 | INFO |   Block 64: 9.970 MW (source: INTRADAY_FALLBACK)
2026-03-26 21:10:13 | INFO |   Block 63: 10.790 MW (source: INTRADAY_FALLBACK)
2026-03-26 21:10:13 | INFO |   Block 62: 11.560 MW (source: INTRADAY_FALLBACK)
2026-03-26 21:10:13 | INFO |   Block 61: 12.610 MW (source: INTRADAY_FALLBACK)
2026-03-26 21:10:13 | INFO | Trend values used for slope calc: B64=9.970(INTRADAY_FALLBACK), B63=10.790(INTRADAY_FALLBACK), B62=11.560(INTRADAY_FALLBACK), B61=12.610(INTRADAY_FALLBACK)
2026-03-26 21:10:13 | INFO | Detected Trend Type: DECREASING
2026-03-26 21:10:13 | INFO | Trend Slope Percentage: -20.80%
2026-03-26 21:10:13 | INFO | Trend EPS Threshold: 1.50%
2026-03-26 21:10:13 | INFO | --- SCHEDULE CALCULATION ---
2026-03-26 21:10:13 | INFO | Condition Applied: CONDITION_3
2026-03-26 21:10:13 | INFO | Effective Base Forecast Used for Adjustments: 8.389 MW
2026-03-26 21:10:13 | INFO | Condition-3 (Phase-6) Applied:
2026-03-26 21:10:13 | INFO |   Forecast Mismatch: Intraday (9.020) != Day-ahead (9.690)
2026-03-26 21:10:13 | INFO |   Operation: SUBTRACT
2026-03-26 21:10:13 | INFO |   Base Adjustment %: 3.00%
2026-03-26 21:10:13 | INFO |   Irradiance Multiplier: 0.63x
2026-03-26 21:10:13 | INFO |   Temp Multiplier: 0.78x
2026-03-26 21:10:13 | INFO |   Wind Multiplier: 0.96x
2026-03-26 21:10:13 | INFO |   Weather Multiplier: 0.47x
2026-03-26 21:10:13 | INFO |   Final Adjustment %: -1.42%
2026-03-26 21:10:13 | INFO |   Calculation: 8.389 MW * (1 + -1.42% / 100)
2026-03-26 21:10:13 | INFO |   Formula (expanded): raw=8.3886*(1+-1.4152/100)=8.2699
2026-03-26 21:10:13 | INFO | --- FINAL RESULT ---
2026-03-26 21:10:13 | INFO | Raw Schedule (before smoothing): 8.270 MW
2026-03-26 21:10:13 | INFO | Final Scheduled MW: 8.270 MW
2026-03-26 21:10:13 | INFO | --------------------------------------------------------------------------------
2026-03-26 21:10:13 | INFO | --------------------------------------------------------------------------------
2026-03-26 21:10:13 | INFO | BLOCK 66
2026-03-26 21:10:13 | INFO | --------------------------------------------------------------------------------
2026-03-26 21:10:13 | INFO | --- FORECAST DATA ---
2026-03-26 21:10:13 | INFO | Intraday Forecast (Enercast Raw): 8.120 MW
2026-03-26 21:10:13 | INFO | Intraday Forecast (Enercast, Scaled): 8.120 MW
2026-03-26 21:10:13 | INFO | Day-ahead Forecast (Enercast): 8.690 MW
2026-03-26 21:10:13 | INFO | Base Forecast (raw, before curtailment/shutdown): 7.552 MW
2026-03-26 21:10:13 | INFO | Base Forecast (used for schedule): 7.552 MW
2026-03-26 21:10:13 | INFO | Effective Base Forecast (after curtailment/shutdown): 7.552 MW
2026-03-26 21:10:13 | INFO | Plant Status: NORMAL
2026-03-26 21:10:13 | INFO | Effective Base Forecast = Base Forecast (raw) = 7.552 MW
2026-03-26 21:10:13 | INFO | --- WEATHER PARAMETERS ---
2026-03-26 21:10:13 | INFO | GTI: 525.0 W/m^2
2026-03-26 21:10:13 | INFO | DHI: 128.0 W/m^2
2026-03-26 21:10:13 | INFO | DNI: 0.0 W/m^2
2026-03-26 21:10:13 | INFO | Irradiance Ratio (GTI/MAX_GTI): 0.516
2026-03-26 21:10:13 | INFO | Diffuse Ratio (current): 0.244
2026-03-26 21:10:13 | INFO | Irradiance State: VARIABLE_CLEAR
2026-03-26 21:10:13 | INFO | Temp @ 2m: 36.23 C
2026-03-26 21:10:13 | INFO | Wind @ 10m: 7.57 m/s
2026-03-26 21:10:13 | INFO | Weather State: NORMAL
2026-03-26 21:10:13 | INFO | Dynamic Thresholds: cloud_thr=0.0000, shift_thr=0.0000
2026-03-26 21:10:13 | INFO | Multipliers: irradiance=0.63x, temp=0.78x, wind=0.96x
2026-03-26 21:10:13 | INFO | Weather Multiplier (combined): 0.47x
2026-03-26 21:10:13 | INFO | Abrupt Weather Change Detected: False
2026-03-26 21:10:13 | INFO | --- TREND ANALYSIS ---
2026-03-26 21:10:13 | INFO | Trend series (oldest -> latest):
2026-03-26 21:10:13 | INFO |   Block 65: 9.020 MW (source: INTRADAY_FALLBACK)
2026-03-26 21:10:13 | INFO |   Block 64: 9.970 MW (source: INTRADAY_FALLBACK)
2026-03-26 21:10:13 | INFO |   Block 63: 10.790 MW (source: INTRADAY_FALLBACK)
2026-03-26 21:10:13 | INFO |   Block 62: 11.560 MW (source: INTRADAY_FALLBACK)
2026-03-26 21:10:13 | INFO | Trend values used for slope calc: B65=9.020(INTRADAY_FALLBACK), B64=9.970(INTRADAY_FALLBACK), B63=10.790(INTRADAY_FALLBACK), B62=11.560(INTRADAY_FALLBACK)
2026-03-26 21:10:13 | INFO | Detected Trend Type: DECREASING
2026-03-26 21:10:13 | INFO | Trend Slope Percentage: -21.83%
2026-03-26 21:10:13 | INFO | Trend EPS Threshold: 1.50%
2026-03-26 21:10:13 | INFO | --- SCHEDULE CALCULATION ---
2026-03-26 21:10:13 | INFO | Condition Applied: CONDITION_3
2026-03-26 21:10:13 | INFO | Effective Base Forecast Used for Adjustments: 7.552 MW
2026-03-26 21:10:13 | INFO | Condition-3 (Phase-6) Applied:
2026-03-26 21:10:13 | INFO |   Forecast Mismatch: Intraday (8.120) != Day-ahead (8.690)
2026-03-26 21:10:13 | INFO |   Operation: SUBTRACT
2026-03-26 21:10:13 | INFO |   Base Adjustment %: 3.00%
2026-03-26 21:10:13 | INFO |   Irradiance Multiplier: 0.63x
2026-03-26 21:10:13 | INFO |   Temp Multiplier: 0.78x
2026-03-26 21:10:13 | INFO |   Wind Multiplier: 0.96x
2026-03-26 21:10:13 | INFO |   Weather Multiplier: 0.47x
2026-03-26 21:10:13 | INFO |   Final Adjustment %: -1.42%
2026-03-26 21:10:13 | INFO |   Calculation: 7.552 MW * (1 + -1.42% / 100)
2026-03-26 21:10:13 | INFO |   Formula (expanded): raw=7.5516*(1+-1.4152/100)=7.4447
2026-03-26 21:10:13 | INFO | --- FINAL RESULT ---
2026-03-26 21:10:13 | INFO | Raw Schedule (before smoothing): 7.445 MW
2026-03-26 21:10:13 | INFO | Final Scheduled MW: 7.445 MW
2026-03-26 21:10:13 | INFO | --------------------------------------------------------------------------------
2026-03-26 21:10:13 | INFO | --------------------------------------------------------------------------------
2026-03-26 21:10:13 | INFO | BLOCK 67
2026-03-26 21:10:13 | INFO | --------------------------------------------------------------------------------
2026-03-26 21:10:13 | INFO | --- FORECAST DATA ---
2026-03-26 21:10:13 | INFO | Intraday Forecast (Enercast Raw): 6.780 MW
2026-03-26 21:10:13 | INFO | Intraday Forecast (Enercast, Scaled): 6.780 MW
2026-03-26 21:10:13 | INFO | Day-ahead Forecast (Enercast): 7.550 MW
2026-03-26 21:10:13 | INFO | Base Forecast (raw, before curtailment/shutdown): 6.305 MW
2026-03-26 21:10:13 | INFO | Base Forecast (used for schedule): 6.305 MW
2026-03-26 21:10:13 | INFO | Effective Base Forecast (after curtailment/shutdown): 6.305 MW
2026-03-26 21:10:13 | INFO | Plant Status: NORMAL
2026-03-26 21:10:13 | INFO | Effective Base Forecast = Base Forecast (raw) = 6.305 MW
2026-03-26 21:10:13 | INFO | --- WEATHER PARAMETERS ---
2026-03-26 21:10:13 | INFO | GTI: 460.0 W/m^2
2026-03-26 21:10:13 | INFO | DHI: 121.0 W/m^2
2026-03-26 21:10:13 | INFO | DNI: 0.0 W/m^2
2026-03-26 21:10:13 | INFO | Irradiance Ratio (GTI/MAX_GTI): 0.452
2026-03-26 21:10:13 | INFO | Diffuse Ratio (current): 0.263
2026-03-26 21:10:13 | INFO | Irradiance State: CLOUD_TRANSIENT
2026-03-26 21:10:13 | INFO | Temp @ 2m: 36.19 C
2026-03-26 21:10:13 | INFO | Wind @ 10m: 7.95 m/s
2026-03-26 21:10:13 | INFO | Weather State: NORMAL
2026-03-26 21:10:13 | INFO | Dynamic Thresholds: cloud_thr=0.0000, shift_thr=0.0000
2026-03-26 21:10:13 | INFO | Multipliers: irradiance=0.34x, temp=0.78x, wind=0.96x
2026-03-26 21:10:13 | INFO | Weather Multiplier (combined): 0.25x
2026-03-26 21:10:13 | INFO | Abrupt Weather Change Detected: False
2026-03-26 21:10:13 | INFO | --- TREND ANALYSIS ---
2026-03-26 21:10:13 | INFO | Trend series (oldest -> latest):
2026-03-26 21:10:13 | INFO |   Block 66: 8.120 MW (source: INTRADAY_FALLBACK)
2026-03-26 21:10:13 | INFO |   Block 65: 9.020 MW (source: INTRADAY_FALLBACK)
2026-03-26 21:10:13 | INFO |   Block 64: 9.970 MW (source: INTRADAY_FALLBACK)
2026-03-26 21:10:13 | INFO |   Block 63: 10.790 MW (source: INTRADAY_FALLBACK)
2026-03-26 21:10:13 | INFO | Trend values used for slope calc: B66=8.120(INTRADAY_FALLBACK), B65=9.020(INTRADAY_FALLBACK), B64=9.970(INTRADAY_FALLBACK), B63=10.790(INTRADAY_FALLBACK)
2026-03-26 21:10:13 | INFO | Detected Trend Type: DECREASING
2026-03-26 21:10:13 | INFO | Trend Slope Percentage: -24.85%
2026-03-26 21:10:13 | INFO | Trend EPS Threshold: 1.50%
2026-03-26 21:10:13 | INFO | --- SCHEDULE CALCULATION ---
2026-03-26 21:10:13 | INFO | Condition Applied: CONDITION_3
2026-03-26 21:10:13 | INFO | Effective Base Forecast Used for Adjustments: 6.305 MW
2026-03-26 21:10:13 | INFO | Condition-3 (Phase-6) Applied:
2026-03-26 21:10:13 | INFO |   Forecast Mismatch: Intraday (6.780) != Day-ahead (7.550)
2026-03-26 21:10:13 | INFO |   Operation: SUBTRACT
2026-03-26 21:10:13 | INFO |   Base Adjustment %: 3.00%
2026-03-26 21:10:13 | INFO |   Irradiance Multiplier: 0.34x
2026-03-26 21:10:13 | INFO |   Temp Multiplier: 0.78x
2026-03-26 21:10:13 | INFO |   Wind Multiplier: 0.96x
2026-03-26 21:10:13 | INFO |   Weather Multiplier: 0.25x
2026-03-26 21:10:13 | INFO |   Final Adjustment %: -0.76%
2026-03-26 21:10:13 | INFO |   Calculation: 6.305 MW * (1 + -0.76% / 100)
2026-03-26 21:10:13 | INFO |   Formula (expanded): raw=6.3054*(1+-0.7638/100)=6.2572
2026-03-26 21:10:13 | INFO | --- FINAL RESULT ---
2026-03-26 21:10:13 | INFO | Raw Schedule (before smoothing): 6.257 MW
2026-03-26 21:10:13 | INFO | Final Scheduled MW: 6.257 MW
2026-03-26 21:10:13 | INFO | --------------------------------------------------------------------------------
2026-03-26 21:10:13 | INFO | --------------------------------------------------------------------------------
2026-03-26 21:10:13 | INFO | BLOCK 68
2026-03-26 21:10:13 | INFO | --------------------------------------------------------------------------------
2026-03-26 21:10:13 | INFO | --- FORECAST DATA ---
2026-03-26 21:10:13 | INFO | Intraday Forecast (Enercast Raw): 5.470 MW
2026-03-26 21:10:13 | INFO | Intraday Forecast (Enercast, Scaled): 5.470 MW
2026-03-26 21:10:13 | INFO | Day-ahead Forecast (Enercast): 6.410 MW
2026-03-26 21:10:13 | INFO | Base Forecast (raw, before curtailment/shutdown): 5.087 MW
2026-03-26 21:10:13 | INFO | Base Forecast (used for schedule): 5.087 MW
2026-03-26 21:10:13 | INFO | Effective Base Forecast (after curtailment/shutdown): 5.087 MW
2026-03-26 21:10:13 | INFO | Plant Status: NORMAL
2026-03-26 21:10:13 | INFO | Effective Base Forecast = Base Forecast (raw) = 5.087 MW
2026-03-26 21:10:13 | INFO | --- WEATHER PARAMETERS ---
2026-03-26 21:10:13 | INFO | GTI: 395.0 W/m^2
2026-03-26 21:10:13 | INFO | DHI: 110.0 W/m^2
2026-03-26 21:10:13 | INFO | DNI: 0.0 W/m^2
2026-03-26 21:10:13 | INFO | Irradiance Ratio (GTI/MAX_GTI): 0.388
2026-03-26 21:10:13 | INFO | Diffuse Ratio (current): 0.278
2026-03-26 21:10:13 | INFO | Irradiance State: CLOUD_TRANSIENT
2026-03-26 21:10:13 | INFO | Temp @ 2m: 36.09 C
2026-03-26 21:10:13 | INFO | Wind @ 10m: 8.67 m/s
2026-03-26 21:10:13 | INFO | Weather State: NORMAL
2026-03-26 21:10:13 | INFO | Dynamic Thresholds: cloud_thr=0.0000, shift_thr=0.0000
2026-03-26 21:10:13 | INFO | Multipliers: irradiance=0.34x, temp=0.78x, wind=0.96x
2026-03-26 21:10:13 | INFO | Weather Multiplier (combined): 0.25x
2026-03-26 21:10:13 | INFO | Abrupt Weather Change Detected: False
2026-03-26 21:10:13 | INFO | --- TREND ANALYSIS ---
2026-03-26 21:10:13 | INFO | Trend series (oldest -> latest):
2026-03-26 21:10:13 | INFO |   Block 67: 6.780 MW (source: INTRADAY_FALLBACK)
2026-03-26 21:10:13 | INFO |   Block 66: 8.120 MW (source: INTRADAY_FALLBACK)
2026-03-26 21:10:13 | INFO |   Block 65: 9.020 MW (source: INTRADAY_FALLBACK)
2026-03-26 21:10:13 | INFO |   Block 64: 9.970 MW (source: INTRADAY_FALLBACK)
2026-03-26 21:10:13 | INFO | Trend values used for slope calc: B67=6.780(INTRADAY_FALLBACK), B66=8.120(INTRADAY_FALLBACK), B65=9.020(INTRADAY_FALLBACK), B64=9.970(INTRADAY_FALLBACK)
2026-03-26 21:10:13 | INFO | Detected Trend Type: DECREASING
2026-03-26 21:10:13 | INFO | Trend Slope Percentage: -31.28%
2026-03-26 21:10:13 | INFO | Trend EPS Threshold: 1.50%
2026-03-26 21:10:13 | INFO | --- SCHEDULE CALCULATION ---
2026-03-26 21:10:13 | INFO | Condition Applied: CONDITION_3
2026-03-26 21:10:13 | INFO | Effective Base Forecast Used for Adjustments: 5.087 MW
2026-03-26 21:10:13 | INFO | Condition-3 (Phase-6) Applied:
2026-03-26 21:10:13 | INFO |   Forecast Mismatch: Intraday (5.470) != Day-ahead (6.410)
2026-03-26 21:10:13 | INFO |   Operation: SUBTRACT
2026-03-26 21:10:13 | INFO |   Base Adjustment %: 3.00%
2026-03-26 21:10:13 | INFO |   Irradiance Multiplier: 0.34x
2026-03-26 21:10:13 | INFO |   Temp Multiplier: 0.78x
2026-03-26 21:10:13 | INFO |   Wind Multiplier: 0.96x
2026-03-26 21:10:13 | INFO |   Weather Multiplier: 0.25x
2026-03-26 21:10:13 | INFO |   Final Adjustment %: -0.76%
2026-03-26 21:10:13 | INFO |   Calculation: 5.087 MW * (1 + -0.76% / 100)
2026-03-26 21:10:13 | INFO |   Formula (expanded): raw=5.0871*(1+-0.7638/100)=5.0482
2026-03-26 21:10:13 | INFO | --- FINAL RESULT ---
2026-03-26 21:10:13 | INFO | Raw Schedule (before smoothing): 5.048 MW
2026-03-26 21:10:13 | INFO | Final Scheduled MW: 5.048 MW
2026-03-26 21:10:13 | INFO | --------------------------------------------------------------------------------
2026-03-26 21:10:13 | INFO | --------------------------------------------------------------------------------
2026-03-26 21:10:13 | INFO | BLOCK 69
2026-03-26 21:10:13 | INFO | --------------------------------------------------------------------------------
2026-03-26 21:10:13 | INFO | --- FORECAST DATA ---
2026-03-26 21:10:13 | INFO | Intraday Forecast (Enercast Raw): 4.280 MW
2026-03-26 21:10:13 | INFO | Intraday Forecast (Enercast, Scaled): 4.280 MW
2026-03-26 21:10:13 | INFO | Day-ahead Forecast (Enercast): 5.310 MW
2026-03-26 21:10:13 | INFO | Base Forecast (raw, before curtailment/shutdown): 3.980 MW
2026-03-26 21:10:13 | INFO | Base Forecast (used for schedule): 3.980 MW
2026-03-26 21:10:13 | INFO | Effective Base Forecast (after curtailment/shutdown): 3.980 MW
2026-03-26 21:10:13 | INFO | Plant Status: NORMAL
2026-03-26 21:10:13 | INFO | Effective Base Forecast = Base Forecast (raw) = 3.980 MW
2026-03-26 21:10:13 | INFO | --- WEATHER PARAMETERS ---
2026-03-26 21:10:13 | INFO | GTI: 327.0 W/m^2
2026-03-26 21:10:13 | INFO | DHI: 97.0 W/m^2
2026-03-26 21:10:13 | INFO | DNI: 0.0 W/m^2
2026-03-26 21:10:13 | INFO | Irradiance Ratio (GTI/MAX_GTI): 0.321
2026-03-26 21:10:13 | INFO | Diffuse Ratio (current): 0.297
2026-03-26 21:10:13 | INFO | Irradiance State: CLOUD_TRANSIENT
2026-03-26 21:10:13 | INFO | Temp @ 2m: 35.89 C
2026-03-26 21:10:13 | INFO | Wind @ 10m: 9.06 m/s
2026-03-26 21:10:13 | INFO | Weather State: NORMAL
2026-03-26 21:10:13 | INFO | Dynamic Thresholds: cloud_thr=0.0000, shift_thr=0.0000
2026-03-26 21:10:13 | INFO | Multipliers: irradiance=0.34x, temp=0.78x, wind=0.96x
2026-03-26 21:10:13 | INFO | Weather Multiplier (combined): 0.25x
2026-03-26 21:10:13 | INFO | Abrupt Weather Change Detected: False
2026-03-26 21:10:13 | INFO | --- TREND ANALYSIS ---
2026-03-26 21:10:13 | INFO | Trend series (oldest -> latest):
2026-03-26 21:10:13 | INFO |   Block 68: 5.470 MW (source: INTRADAY_FALLBACK)
2026-03-26 21:10:13 | INFO |   Block 67: 6.780 MW (source: INTRADAY_FALLBACK)
2026-03-26 21:10:13 | INFO |   Block 66: 8.120 MW (source: INTRADAY_FALLBACK)
2026-03-26 21:10:13 | INFO |   Block 65: 9.020 MW (source: INTRADAY_FALLBACK)
2026-03-26 21:10:13 | INFO | Trend values used for slope calc: B68=5.470(INTRADAY_FALLBACK), B67=6.780(INTRADAY_FALLBACK), B66=8.120(INTRADAY_FALLBACK), B65=9.020(INTRADAY_FALLBACK)
2026-03-26 21:10:13 | INFO | Detected Trend Type: DECREASING
2026-03-26 21:10:13 | INFO | Trend Slope Percentage: -39.33%
2026-03-26 21:10:13 | INFO | Trend EPS Threshold: 1.50%
2026-03-26 21:10:13 | INFO | --- SCHEDULE CALCULATION ---
2026-03-26 21:10:13 | INFO | Condition Applied: CONDITION_3
2026-03-26 21:10:13 | INFO | Effective Base Forecast Used for Adjustments: 3.980 MW
2026-03-26 21:10:13 | INFO | Condition-3 (Phase-6) Applied:
2026-03-26 21:10:13 | INFO |   Forecast Mismatch: Intraday (4.280) != Day-ahead (5.310)
2026-03-26 21:10:13 | INFO |   Operation: SUBTRACT
2026-03-26 21:10:13 | INFO |   Base Adjustment %: 3.00%
2026-03-26 21:10:13 | INFO |   Irradiance Multiplier: 0.34x
2026-03-26 21:10:13 | INFO |   Temp Multiplier: 0.78x
2026-03-26 21:10:13 | INFO |   Wind Multiplier: 0.96x
2026-03-26 21:10:13 | INFO |   Weather Multiplier: 0.25x
2026-03-26 21:10:13 | INFO |   Final Adjustment %: -0.76%
2026-03-26 21:10:13 | INFO |   Calculation: 3.980 MW * (1 + -0.76% / 100)
2026-03-26 21:10:13 | INFO |   Formula (expanded): raw=3.9804*(1+-0.7638/100)=3.9500
2026-03-26 21:10:13 | INFO | --- FINAL RESULT ---
2026-03-26 21:10:13 | INFO | Raw Schedule (before smoothing): 3.950 MW
2026-03-26 21:10:13 | INFO | Final Scheduled MW: 3.950 MW
2026-03-26 21:10:13 | INFO | --------------------------------------------------------------------------------
2026-03-26 21:10:13 | INFO | --------------------------------------------------------------------------------
2026-03-26 21:10:13 | INFO | BLOCK 70
2026-03-26 21:10:13 | INFO | --------------------------------------------------------------------------------
2026-03-26 21:10:13 | INFO | --- FORECAST DATA ---
2026-03-26 21:10:13 | INFO | Intraday Forecast (Enercast Raw): 3.200 MW
2026-03-26 21:10:13 | INFO | Intraday Forecast (Enercast, Scaled): 3.200 MW
2026-03-26 21:10:13 | INFO | Day-ahead Forecast (Enercast): 4.210 MW
2026-03-26 21:10:13 | INFO | Base Forecast (raw, before curtailment/shutdown): 2.976 MW
2026-03-26 21:10:13 | INFO | Base Forecast (used for schedule): 2.976 MW
2026-03-26 21:10:13 | INFO | Effective Base Forecast (after curtailment/shutdown): 2.976 MW
2026-03-26 21:10:13 | INFO | Plant Status: NORMAL
2026-03-26 21:10:13 | INFO | Effective Base Forecast = Base Forecast (raw) = 2.976 MW
2026-03-26 21:10:13 | INFO | --- WEATHER PARAMETERS ---
2026-03-26 21:10:13 | INFO | GTI: 257.0 W/m^2
2026-03-26 21:10:13 | INFO | DHI: 81.0 W/m^2
2026-03-26 21:10:13 | INFO | DNI: 0.0 W/m^2
2026-03-26 21:10:13 | INFO | Irradiance Ratio (GTI/MAX_GTI): 0.252
2026-03-26 21:10:13 | INFO | Diffuse Ratio (current): 0.315
2026-03-26 21:10:13 | INFO | Irradiance State: CLOUD_TRANSIENT
2026-03-26 21:10:13 | INFO | Temp @ 2m: 35.69 C
2026-03-26 21:10:13 | INFO | Wind @ 10m: 9.78 m/s
2026-03-26 21:10:13 | INFO | Weather State: NORMAL
2026-03-26 21:10:13 | INFO | Dynamic Thresholds: cloud_thr=0.0000, shift_thr=0.0000
2026-03-26 21:10:13 | INFO | Multipliers: irradiance=0.34x, temp=0.78x, wind=0.96x
2026-03-26 21:10:13 | INFO | Weather Multiplier (combined): 0.25x
2026-03-26 21:10:13 | INFO | Abrupt Weather Change Detected: False
2026-03-26 21:10:13 | INFO | --- TREND ANALYSIS ---
2026-03-26 21:10:13 | INFO | Trend series (oldest -> latest):
2026-03-26 21:10:13 | INFO |   Block 69: 4.280 MW (source: INTRADAY_FALLBACK)
2026-03-26 21:10:13 | INFO |   Block 68: 5.470 MW (source: INTRADAY_FALLBACK)
2026-03-26 21:10:13 | INFO |   Block 67: 6.780 MW (source: INTRADAY_FALLBACK)
2026-03-26 21:10:13 | INFO |   Block 66: 8.120 MW (source: INTRADAY_FALLBACK)
2026-03-26 21:10:13 | INFO | Trend values used for slope calc: B69=4.280(INTRADAY_FALLBACK), B68=5.470(INTRADAY_FALLBACK), B67=6.780(INTRADAY_FALLBACK), B66=8.120(INTRADAY_FALLBACK)
2026-03-26 21:10:13 | INFO | Detected Trend Type: DECREASING
2026-03-26 21:10:13 | INFO | Trend Slope Percentage: -47.59%
2026-03-26 21:10:13 | INFO | Trend EPS Threshold: 1.50%
2026-03-26 21:10:13 | INFO | --- SCHEDULE CALCULATION ---
2026-03-26 21:10:13 | INFO | Condition Applied: CONDITION_3
2026-03-26 21:10:13 | INFO | Effective Base Forecast Used for Adjustments: 2.976 MW
2026-03-26 21:10:13 | INFO | Condition-3 (Phase-6) Applied:
2026-03-26 21:10:13 | INFO |   Forecast Mismatch: Intraday (3.200) != Day-ahead (4.210)
2026-03-26 21:10:13 | INFO |   Operation: SUBTRACT
2026-03-26 21:10:13 | INFO |   Base Adjustment %: 3.00%
2026-03-26 21:10:13 | INFO |   Irradiance Multiplier: 0.34x
2026-03-26 21:10:13 | INFO |   Temp Multiplier: 0.78x
2026-03-26 21:10:13 | INFO |   Wind Multiplier: 0.96x
2026-03-26 21:10:13 | INFO |   Weather Multiplier: 0.25x
2026-03-26 21:10:13 | INFO |   Final Adjustment %: -0.76%
2026-03-26 21:10:13 | INFO |   Calculation: 2.976 MW * (1 + -0.76% / 100)
2026-03-26 21:10:13 | INFO |   Formula (expanded): raw=2.9760*(1+-0.7638/100)=2.9533
2026-03-26 21:10:13 | INFO | --- FINAL RESULT ---
2026-03-26 21:10:13 | INFO | Raw Schedule (before smoothing): 2.953 MW
2026-03-26 21:10:13 | INFO | Final Scheduled MW: 2.953 MW
2026-03-26 21:10:13 | INFO | --------------------------------------------------------------------------------
2026-03-26 21:10:13 | INFO | --------------------------------------------------------------------------------
2026-03-26 21:10:13 | INFO | BLOCK 71
2026-03-26 21:10:13 | INFO | --------------------------------------------------------------------------------
2026-03-26 21:10:13 | INFO | --- FORECAST DATA ---
2026-03-26 21:10:13 | INFO | Intraday Forecast (Enercast Raw): 2.450 MW
2026-03-26 21:10:13 | INFO | Intraday Forecast (Enercast, Scaled): 2.450 MW
2026-03-26 21:10:13 | INFO | Day-ahead Forecast (Enercast): 3.100 MW
2026-03-26 21:10:13 | INFO | Base Forecast (raw, before curtailment/shutdown): 2.279 MW
2026-03-26 21:10:13 | INFO | Base Forecast (used for schedule): 2.279 MW
2026-03-26 21:10:13 | INFO | Effective Base Forecast (after curtailment/shutdown): 2.279 MW
2026-03-26 21:10:13 | INFO | Plant Status: NORMAL
2026-03-26 21:10:13 | INFO | Effective Base Forecast = Base Forecast (raw) = 2.279 MW
2026-03-26 21:10:13 | INFO | --- WEATHER PARAMETERS ---
2026-03-26 21:10:13 | INFO | GTI: 186.0 W/m^2
2026-03-26 21:10:13 | INFO | DHI: 63.0 W/m^2
2026-03-26 21:10:13 | INFO | DNI: 0.0 W/m^2
2026-03-26 21:10:13 | INFO | Irradiance Ratio (GTI/MAX_GTI): 0.183
2026-03-26 21:10:13 | INFO | Diffuse Ratio (current): 0.339
2026-03-26 21:10:13 | INFO | Irradiance State: OVERCAST
2026-03-26 21:10:13 | INFO | Temp @ 2m: 35.48 C
2026-03-26 21:10:13 | INFO | Wind @ 10m: 10.14 m/s
2026-03-26 21:10:13 | INFO | Weather State: NORMAL
2026-03-26 21:10:13 | INFO | Dynamic Thresholds: cloud_thr=0.0000, shift_thr=0.0000
2026-03-26 21:10:13 | INFO | Multipliers: irradiance=0.24x, temp=0.78x, wind=0.96x
2026-03-26 21:10:13 | INFO | Weather Multiplier (combined): 0.18x
2026-03-26 21:10:13 | INFO | Abrupt Weather Change Detected: False
2026-03-26 21:10:13 | INFO | --- TREND ANALYSIS ---
2026-03-26 21:10:13 | INFO | Trend series (oldest -> latest):
2026-03-26 21:10:13 | INFO |   Block 70: 3.200 MW (source: INTRADAY_FALLBACK)
2026-03-26 21:10:13 | INFO |   Block 69: 4.280 MW (source: INTRADAY_FALLBACK)
2026-03-26 21:10:13 | INFO |   Block 68: 5.470 MW (source: INTRADAY_FALLBACK)
2026-03-26 21:10:13 | INFO |   Block 67: 6.780 MW (source: INTRADAY_FALLBACK)
2026-03-26 21:10:13 | INFO | Trend values used for slope calc: B70=3.200(INTRADAY_FALLBACK), B69=4.280(INTRADAY_FALLBACK), B68=5.470(INTRADAY_FALLBACK), B67=6.780(INTRADAY_FALLBACK)
2026-03-26 21:10:13 | INFO | Detected Trend Type: DECREASING
2026-03-26 21:10:13 | INFO | Trend Slope Percentage: -53.24%
2026-03-26 21:10:13 | INFO | Trend EPS Threshold: 1.50%
2026-03-26 21:10:13 | INFO | --- SCHEDULE CALCULATION ---
2026-03-26 21:10:13 | INFO | Condition Applied: CONDITION_3
2026-03-26 21:10:13 | INFO | Effective Base Forecast Used for Adjustments: 2.279 MW
2026-03-26 21:10:13 | INFO | Condition-3 (Phase-6) Applied:
2026-03-26 21:10:13 | INFO |   Forecast Mismatch: Intraday (2.450) != Day-ahead (3.100)
2026-03-26 21:10:13 | INFO |   Operation: SUBTRACT
2026-03-26 21:10:13 | INFO |   Base Adjustment %: 3.00%
2026-03-26 21:10:13 | INFO |   Irradiance Multiplier: 0.24x
2026-03-26 21:10:13 | INFO |   Temp Multiplier: 0.78x
2026-03-26 21:10:13 | INFO |   Wind Multiplier: 0.96x
2026-03-26 21:10:13 | INFO |   Weather Multiplier: 0.18x
2026-03-26 21:10:13 | INFO |   Final Adjustment %: -0.54%
2026-03-26 21:10:13 | INFO |   Calculation: 2.279 MW * (1 + -0.54% / 100)
2026-03-26 21:10:13 | INFO |   Formula (expanded): raw=2.2785*(1+-0.5391/100)=2.2662
2026-03-26 21:10:13 | INFO | --- FINAL RESULT ---
2026-03-26 21:10:13 | INFO | Raw Schedule (before smoothing): 2.266 MW
2026-03-26 21:10:13 | INFO | Final Scheduled MW: 2.266 MW
2026-03-26 21:10:13 | INFO | --------------------------------------------------------------------------------
2026-03-26 21:10:13 | INFO | Low GTI ratio (0.122) -> base_forecast damped by 0.85
2026-03-26 21:10:13 | INFO | --------------------------------------------------------------------------------
2026-03-26 21:10:13 | INFO | BLOCK 72
2026-03-26 21:10:13 | INFO | --------------------------------------------------------------------------------
2026-03-26 21:10:13 | INFO | --- FORECAST DATA ---
2026-03-26 21:10:13 | INFO | Intraday Forecast (Enercast Raw): 1.700 MW
2026-03-26 21:10:13 | INFO | Intraday Forecast (Enercast, Scaled): 1.700 MW
2026-03-26 21:10:13 | INFO | Day-ahead Forecast (Enercast): 2.080 MW
2026-03-26 21:10:13 | INFO | Base Forecast (raw, before curtailment/shutdown): 1.581 MW
2026-03-26 21:10:13 | INFO | Base Forecast (used for schedule): 1.344 MW
2026-03-26 21:10:13 | INFO | Effective Base Forecast (after curtailment/shutdown): 1.344 MW
2026-03-26 21:10:13 | INFO | Plant Status: NORMAL
2026-03-26 21:10:13 | INFO | Effective Base Forecast = Base Forecast (raw) = 1.344 MW
2026-03-26 21:10:13 | INFO | --- WEATHER PARAMETERS ---
2026-03-26 21:10:13 | INFO | GTI: 124.0 W/m^2
2026-03-26 21:10:13 | INFO | DHI: 45.0 W/m^2
2026-03-26 21:10:13 | INFO | DNI: 0.0 W/m^2
2026-03-26 21:10:13 | INFO | Irradiance Ratio (GTI/MAX_GTI): 0.122
2026-03-26 21:10:13 | INFO | Diffuse Ratio (current): 0.363
2026-03-26 21:10:13 | INFO | Irradiance State: OVERCAST
2026-03-26 21:10:13 | INFO | Temp @ 2m: 35.34 C
2026-03-26 21:10:13 | INFO | Wind @ 10m: 10.18 m/s
2026-03-26 21:10:13 | INFO | Weather State: NORMAL
2026-03-26 21:10:13 | INFO | Dynamic Thresholds: cloud_thr=0.0000, shift_thr=0.0000
2026-03-26 21:10:13 | INFO | Multipliers: irradiance=0.24x, temp=0.78x, wind=0.96x
2026-03-26 21:10:13 | INFO | Weather Multiplier (combined): 0.18x
2026-03-26 21:10:13 | INFO | Abrupt Weather Change Detected: False
2026-03-26 21:10:13 | INFO | --- TREND ANALYSIS ---
2026-03-26 21:10:13 | INFO | Trend series (oldest -> latest):
2026-03-26 21:10:13 | INFO |   Block 71: 2.450 MW (source: INTRADAY_FALLBACK)
2026-03-26 21:10:13 | INFO |   Block 70: 3.200 MW (source: INTRADAY_FALLBACK)
2026-03-26 21:10:13 | INFO |   Block 69: 4.280 MW (source: INTRADAY_FALLBACK)
2026-03-26 21:10:13 | INFO |   Block 68: 5.470 MW (source: INTRADAY_FALLBACK)
2026-03-26 21:10:13 | INFO | Trend values used for slope calc: B71=2.450(INTRADAY_FALLBACK), B70=3.200(INTRADAY_FALLBACK), B69=4.280(INTRADAY_FALLBACK), B68=5.470(INTRADAY_FALLBACK)
2026-03-26 21:10:13 | INFO | Detected Trend Type: DECREASING
2026-03-26 21:10:13 | INFO | Trend Slope Percentage: -56.64%
2026-03-26 21:10:13 | INFO | Trend EPS Threshold: 1.50%
2026-03-26 21:10:13 | INFO | --- SCHEDULE CALCULATION ---
2026-03-26 21:10:13 | INFO | Condition Applied: CONDITION_3
2026-03-26 21:10:13 | INFO | Effective Base Forecast Used for Adjustments: 1.344 MW
2026-03-26 21:10:13 | INFO | Condition-3 (Phase-6) Applied:
2026-03-26 21:10:13 | INFO |   Forecast Mismatch: Intraday (1.700) != Day-ahead (2.080)
2026-03-26 21:10:13 | INFO |   Operation: SUBTRACT
2026-03-26 21:10:13 | INFO |   Base Adjustment %: 3.00%
2026-03-26 21:10:13 | INFO |   Irradiance Multiplier: 0.24x
2026-03-26 21:10:13 | INFO |   Temp Multiplier: 0.78x
2026-03-26 21:10:13 | INFO |   Wind Multiplier: 0.96x
2026-03-26 21:10:13 | INFO |   Weather Multiplier: 1.00x
2026-03-26 21:10:13 | INFO |   Final Adjustment %: -3.00%
2026-03-26 21:10:13 | INFO |   Calculation: 1.344 MW * (1 + -3.00% / 100)
2026-03-26 21:10:13 | INFO |   Formula (expanded): raw=1.3438*(1+-3.0000/100)=1.3035
2026-03-26 21:10:13 | INFO | --- FINAL RESULT ---
2026-03-26 21:10:13 | INFO | Raw Schedule (before smoothing): 1.304 MW
2026-03-26 21:10:13 | INFO | Final Scheduled MW: 1.304 MW
2026-03-26 21:10:13 | INFO | --------------------------------------------------------------------------------
2026-03-26 21:10:13 | INFO | Low GTI ratio (0.076) -> base_forecast damped by 0.85
2026-03-26 21:10:13 | INFO | --------------------------------------------------------------------------------
2026-03-26 21:10:13 | INFO | BLOCK 73
2026-03-26 21:10:13 | INFO | --------------------------------------------------------------------------------
2026-03-26 21:10:13 | INFO | --- FORECAST DATA ---
2026-03-26 21:10:13 | INFO | Intraday Forecast (Enercast Raw): 0.970 MW
2026-03-26 21:10:13 | INFO | Intraday Forecast (Enercast, Scaled): 0.970 MW
2026-03-26 21:10:13 | INFO | Day-ahead Forecast (Enercast): 1.130 MW
2026-03-26 21:10:13 | INFO | Base Forecast (raw, before curtailment/shutdown): 0.902 MW
2026-03-26 21:10:13 | INFO | Base Forecast (used for schedule): 0.767 MW
2026-03-26 21:10:13 | INFO | Effective Base Forecast (after curtailment/shutdown): 0.767 MW
2026-03-26 21:10:13 | INFO | Plant Status: NORMAL
2026-03-26 21:10:13 | INFO | Effective Base Forecast = Base Forecast (raw) = 0.767 MW
2026-03-26 21:10:13 | INFO | --- WEATHER PARAMETERS ---
2026-03-26 21:10:13 | INFO | GTI: 77.0 W/m^2
2026-03-26 21:10:13 | INFO | DHI: 30.0 W/m^2
2026-03-26 21:10:13 | INFO | DNI: 0.0 W/m^2
2026-03-26 21:10:13 | INFO | Irradiance Ratio (GTI/MAX_GTI): 0.076
2026-03-26 21:10:13 | INFO | Diffuse Ratio (current): 0.390
2026-03-26 21:10:13 | INFO | Irradiance State: OVERCAST
2026-03-26 21:10:13 | INFO | Temp @ 2m: 35.14 C
2026-03-26 21:10:13 | INFO | Wind @ 10m: 10.24 m/s
2026-03-26 21:10:13 | INFO | Weather State: NORMAL
2026-03-26 21:10:13 | INFO | Dynamic Thresholds: cloud_thr=0.0000, shift_thr=0.0000
2026-03-26 21:10:13 | INFO | Multipliers: irradiance=0.24x, temp=0.78x, wind=0.96x
2026-03-26 21:10:13 | INFO | Weather Multiplier (combined): 0.18x
2026-03-26 21:10:13 | INFO | Abrupt Weather Change Detected: False
2026-03-26 21:10:13 | INFO | --- TREND ANALYSIS ---
2026-03-26 21:10:13 | INFO | Trend series (oldest -> latest):
2026-03-26 21:10:13 | INFO |   Block 72: 1.700 MW (source: INTRADAY_FALLBACK)
2026-03-26 21:10:13 | INFO |   Block 71: 2.450 MW (source: INTRADAY_FALLBACK)
2026-03-26 21:10:13 | INFO |   Block 70: 3.200 MW (source: INTRADAY_FALLBACK)
2026-03-26 21:10:13 | INFO |   Block 69: 4.280 MW (source: INTRADAY_FALLBACK)
2026-03-26 21:10:13 | INFO | Trend values used for slope calc: B72=1.700(INTRADAY_FALLBACK), B71=2.450(INTRADAY_FALLBACK), B70=3.200(INTRADAY_FALLBACK), B69=4.280(INTRADAY_FALLBACK)
2026-03-26 21:10:13 | INFO | Detected Trend Type: DECREASING
2026-03-26 21:10:13 | INFO | Trend Slope Percentage: -60.92%
2026-03-26 21:10:13 | INFO | Trend EPS Threshold: 1.50%
2026-03-26 21:10:13 | INFO | --- SCHEDULE CALCULATION ---
2026-03-26 21:10:13 | INFO | Condition Applied: CONDITION_3
2026-03-26 21:10:13 | INFO | Effective Base Forecast Used for Adjustments: 0.767 MW
2026-03-26 21:10:13 | INFO | Condition-3 (Phase-6) Applied:
2026-03-26 21:10:13 | INFO |   Forecast Mismatch: Intraday (0.970) != Day-ahead (1.130)
2026-03-26 21:10:13 | INFO |   Operation: SUBTRACT
2026-03-26 21:10:13 | INFO |   Base Adjustment %: 3.00%
2026-03-26 21:10:13 | INFO |   Irradiance Multiplier: 0.24x
2026-03-26 21:10:13 | INFO |   Temp Multiplier: 0.78x
2026-03-26 21:10:13 | INFO |   Wind Multiplier: 0.96x
2026-03-26 21:10:13 | INFO |   Weather Multiplier: 1.00x
2026-03-26 21:10:13 | INFO |   Final Adjustment %: -3.00%
2026-03-26 21:10:13 | INFO |   Calculation: 0.767 MW * (1 + -3.00% / 100)
2026-03-26 21:10:13 | INFO |   Formula (expanded): raw=0.7668*(1+-3.0000/100)=0.7438
2026-03-26 21:10:13 | INFO | --- FINAL RESULT ---
2026-03-26 21:10:13 | INFO | Raw Schedule (before smoothing): 0.744 MW
2026-03-26 21:10:13 | INFO | Final Scheduled MW: 0.744 MW
2026-03-26 21:10:13 | INFO | --------------------------------------------------------------------------------
2026-03-26 21:10:13 | INFO | Low GTI ratio (0.043) -> base_forecast damped by 0.85
2026-03-26 21:10:13 | INFO | --------------------------------------------------------------------------------
2026-03-26 21:10:13 | INFO | BLOCK 74
2026-03-26 21:10:13 | INFO | --------------------------------------------------------------------------------
2026-03-26 21:10:13 | INFO | --- FORECAST DATA ---
2026-03-26 21:10:13 | INFO | Intraday Forecast (Enercast Raw): 0.250 MW
2026-03-26 21:10:13 | INFO | Intraday Forecast (Enercast, Scaled): 0.250 MW
2026-03-26 21:10:13 | INFO | Day-ahead Forecast (Enercast): 0.280 MW
2026-03-26 21:10:13 | INFO | Base Forecast (raw, before curtailment/shutdown): 0.233 MW
2026-03-26 21:10:13 | INFO | Base Forecast (used for schedule): 0.198 MW
2026-03-26 21:10:13 | INFO | Effective Base Forecast (after curtailment/shutdown): 0.198 MW
2026-03-26 21:10:13 | INFO | Plant Status: NORMAL
2026-03-26 21:10:13 | INFO | Effective Base Forecast = Base Forecast (raw) = 0.198 MW
2026-03-26 21:10:13 | INFO | --- WEATHER PARAMETERS ---
2026-03-26 21:10:13 | INFO | GTI: 44.0 W/m^2
2026-03-26 21:10:13 | INFO | DHI: 18.0 W/m^2
2026-03-26 21:10:13 | INFO | DNI: 0.0 W/m^2
2026-03-26 21:10:13 | INFO | Irradiance Ratio (GTI/MAX_GTI): 0.043
2026-03-26 21:10:13 | INFO | Diffuse Ratio (current): 0.360
2026-03-26 21:10:13 | INFO | Irradiance State: OVERCAST
2026-03-26 21:10:13 | INFO | Temp @ 2m: 34.98 C
2026-03-26 21:10:13 | INFO | Wind @ 10m: 10.24 m/s
2026-03-26 21:10:13 | INFO | Weather State: NORMAL
2026-03-26 21:10:13 | INFO | Dynamic Thresholds: cloud_thr=0.0000, shift_thr=0.0000
2026-03-26 21:10:13 | INFO | Multipliers: irradiance=0.24x, temp=0.92x, wind=0.96x
2026-03-26 21:10:13 | INFO | Weather Multiplier (combined): 0.21x
2026-03-26 21:10:13 | INFO | Abrupt Weather Change Detected: False
2026-03-26 21:10:13 | INFO | --- TREND ANALYSIS ---
2026-03-26 21:10:13 | INFO | Trend series (oldest -> latest):
2026-03-26 21:10:13 | INFO |   Block 73: 0.970 MW (source: INTRADAY_FALLBACK)
2026-03-26 21:10:13 | INFO |   Block 72: 1.700 MW (source: INTRADAY_FALLBACK)
2026-03-26 21:10:13 | INFO |   Block 71: 2.450 MW (source: INTRADAY_FALLBACK)
2026-03-26 21:10:13 | INFO |   Block 70: 3.200 MW (source: INTRADAY_FALLBACK)
2026-03-26 21:10:13 | INFO | Trend values used for slope calc: B73=0.970(INTRADAY_FALLBACK), B72=1.700(INTRADAY_FALLBACK), B71=2.450(INTRADAY_FALLBACK), B70=3.200(INTRADAY_FALLBACK)
2026-03-26 21:10:13 | INFO | Detected Trend Type: DECREASING
2026-03-26 21:10:13 | INFO | Trend Slope Percentage: -69.84%
2026-03-26 21:10:13 | INFO | Trend EPS Threshold: 1.50%
2026-03-26 21:10:13 | INFO | --- SCHEDULE CALCULATION ---
2026-03-26 21:10:13 | INFO | Condition Applied: CONDITION_3
2026-03-26 21:10:13 | INFO | Effective Base Forecast Used for Adjustments: 0.198 MW
2026-03-26 21:10:13 | INFO | Condition-3 (Phase-6) Applied:
2026-03-26 21:10:13 | INFO |   Forecast Mismatch: Intraday (0.250) != Day-ahead (0.280)
2026-03-26 21:10:13 | INFO |   Operation: SUBTRACT
2026-03-26 21:10:13 | INFO |   Base Adjustment %: 3.00%
2026-03-26 21:10:13 | INFO |   Irradiance Multiplier: 0.24x
2026-03-26 21:10:13 | INFO |   Temp Multiplier: 0.92x
2026-03-26 21:10:13 | INFO |   Wind Multiplier: 0.96x
2026-03-26 21:10:13 | INFO |   Weather Multiplier: 1.00x
2026-03-26 21:10:13 | INFO |   Final Adjustment %: -3.00%
2026-03-26 21:10:13 | INFO |   Calculation: 0.198 MW * (1 + -3.00% / 100)
2026-03-26 21:10:13 | INFO |   Formula (expanded): raw=0.1976*(1+-3.0000/100)=0.1917
2026-03-26 21:10:13 | INFO | --- FINAL RESULT ---
2026-03-26 21:10:13 | INFO | Raw Schedule (before smoothing): 0.192 MW
2026-03-26 21:10:13 | INFO | Final Scheduled MW: 0.192 MW
2026-03-26 21:10:13 | INFO | --------------------------------------------------------------------------------
2026-03-26 21:10:13 | INFO | --------------------------------------------------------------------------------
2026-03-26 21:10:13 | INFO | BLOCK 75
2026-03-26 21:10:13 | INFO | --------------------------------------------------------------------------------
2026-03-26 21:10:13 | INFO | --- FORECAST DATA ---
2026-03-26 21:10:13 | INFO | Intraday Forecast (Enercast Raw): 0.000 MW
2026-03-26 21:10:13 | INFO | Intraday Forecast (Enercast, Scaled): 0.000 MW
2026-03-26 21:10:13 | INFO | Day-ahead Forecast (Enercast): 0.000 MW
2026-03-26 21:10:13 | INFO | Base Forecast (raw, before curtailment/shutdown): 0.000 MW
2026-03-26 21:10:13 | INFO | Base Forecast (used for schedule): 0.000 MW
2026-03-26 21:10:13 | INFO | Effective Base Forecast (after curtailment/shutdown): 0.000 MW
2026-03-26 21:10:13 | INFO | Plant Status: NORMAL
2026-03-26 21:10:13 | INFO | Effective Base Forecast = Base Forecast (raw) = 0.000 MW
2026-03-26 21:10:13 | INFO | --- WEATHER PARAMETERS ---
2026-03-26 21:10:13 | INFO | GTI: 18.0 W/m^2
2026-03-26 21:10:13 | INFO | DHI: 8.0 W/m^2
2026-03-26 21:10:13 | INFO | DNI: 0.0 W/m^2
2026-03-26 21:10:13 | INFO | Irradiance Ratio (GTI/MAX_GTI): 0.018
2026-03-26 21:10:13 | INFO | Diffuse Ratio (current): 0.160
2026-03-26 21:10:13 | INFO | Irradiance State: OVERCAST
2026-03-26 21:10:13 | INFO | Temp @ 2m: 34.78 C
2026-03-26 21:10:13 | INFO | Wind @ 10m: 9.78 m/s
2026-03-26 21:10:13 | INFO | Weather State: NORMAL
2026-03-26 21:10:13 | INFO | Dynamic Thresholds: cloud_thr=0.0000, shift_thr=0.0000
2026-03-26 21:10:13 | INFO | Multipliers: irradiance=0.24x, temp=0.92x, wind=0.96x
2026-03-26 21:10:13 | INFO | Weather Multiplier (combined): 0.21x
2026-03-26 21:10:13 | INFO | Abrupt Weather Change Detected: False
2026-03-26 21:10:13 | INFO | --- TREND ANALYSIS ---
2026-03-26 21:10:13 | INFO | Trend series: INSUFFICIENT DATA
2026-03-26 21:10:13 | INFO | Detected Trend Type: FLAT
2026-03-26 21:10:13 | INFO | Trend Slope Percentage: 0.00%
2026-03-26 21:10:13 | INFO | Trend EPS Threshold: 1.50%
2026-03-26 21:10:13 | INFO | --- SCHEDULE CALCULATION ---
2026-03-26 21:10:13 | INFO | Condition Applied: SUNSET_CLAMP
2026-03-26 21:10:13 | INFO | Effective Base Forecast Used for Adjustments: 0.000 MW
2026-03-26 21:10:13 | INFO | Condition-3: NOT APPLIED for this block path
2026-03-26 21:10:13 | INFO |   Final Adjustment %: 0.00%
2026-03-26 21:10:13 | INFO |   Formula (expanded): SUNSET_CLAMP: GTI=18.000 < 0.02*MAX_GTI=20.360 => raw=0
2026-03-26 21:10:13 | INFO | --- FINAL RESULT ---
2026-03-26 21:10:13 | INFO | Raw Schedule (before smoothing): 0.000 MW
2026-03-26 21:10:13 | INFO | Final Scheduled MW: 0.000 MW
2026-03-26 21:10:13 | INFO | --------------------------------------------------------------------------------
2026-03-26 21:10:13 | INFO | --------------------------------------------------------------------------------
2026-03-26 21:10:13 | INFO | BLOCK 76
2026-03-26 21:10:13 | INFO | --------------------------------------------------------------------------------
2026-03-26 21:10:13 | INFO | --- FORECAST DATA ---
2026-03-26 21:10:13 | INFO | Intraday Forecast (Enercast Raw): 0.000 MW
2026-03-26 21:10:13 | INFO | Intraday Forecast (Enercast, Scaled): 0.000 MW
2026-03-26 21:10:13 | INFO | Day-ahead Forecast (Enercast): 0.000 MW
2026-03-26 21:10:13 | INFO | Base Forecast (raw, before curtailment/shutdown): 0.000 MW
2026-03-26 21:10:13 | INFO | Base Forecast (used for schedule): 0.000 MW
2026-03-26 21:10:13 | INFO | Effective Base Forecast (after curtailment/shutdown): 0.000 MW
2026-03-26 21:10:13 | INFO | Plant Status: NORMAL
2026-03-26 21:10:13 | INFO | Effective Base Forecast = Base Forecast (raw) = 0.000 MW
2026-03-26 21:10:13 | INFO | --- WEATHER PARAMETERS ---
2026-03-26 21:10:13 | INFO | GTI: 0.0 W/m^2
2026-03-26 21:10:13 | INFO | DHI: 0.0 W/m^2
2026-03-26 21:10:13 | INFO | DNI: 0.0 W/m^2
2026-03-26 21:10:13 | INFO | Irradiance Ratio (GTI/MAX_GTI): 0.000
2026-03-26 21:10:13 | INFO | Diffuse Ratio (current): 0.000
2026-03-26 21:10:13 | INFO | Irradiance State: OVERCAST
2026-03-26 21:10:13 | INFO | Temp @ 2m: 34.59 C
2026-03-26 21:10:13 | INFO | Wind @ 10m: 9.06 m/s
2026-03-26 21:10:13 | INFO | Weather State: NORMAL
2026-03-26 21:10:13 | INFO | Dynamic Thresholds: cloud_thr=0.0000, shift_thr=0.0000
2026-03-26 21:10:13 | INFO | Multipliers: irradiance=0.24x, temp=0.92x, wind=0.96x
2026-03-26 21:10:13 | INFO | Weather Multiplier (combined): 0.21x
2026-03-26 21:10:13 | INFO | Abrupt Weather Change Detected: False
2026-03-26 21:10:13 | INFO | --- TREND ANALYSIS ---
2026-03-26 21:10:13 | INFO | Trend series: INSUFFICIENT DATA
2026-03-26 21:10:13 | INFO | Detected Trend Type: FLAT
2026-03-26 21:10:13 | INFO | Trend Slope Percentage: 0.00%
2026-03-26 21:10:13 | INFO | Trend EPS Threshold: 1.50%
2026-03-26 21:10:13 | INFO | --- SCHEDULE CALCULATION ---
2026-03-26 21:10:13 | INFO | Condition Applied: SUNSET_CLAMP
2026-03-26 21:10:13 | INFO | Effective Base Forecast Used for Adjustments: 0.000 MW
2026-03-26 21:10:13 | INFO | Condition-3: NOT APPLIED for this block path
2026-03-26 21:10:13 | INFO |   Final Adjustment %: 0.00%
2026-03-26 21:10:13 | INFO |   Formula (expanded): SUNSET_CLAMP: GTI=0.000 < 0.02*MAX_GTI=20.360 => raw=0
2026-03-26 21:10:13 | INFO | --- FINAL RESULT ---
2026-03-26 21:10:13 | INFO | Raw Schedule (before smoothing): 0.000 MW
2026-03-26 21:10:13 | INFO | Final Scheduled MW: 0.000 MW
2026-03-26 21:10:13 | INFO | --------------------------------------------------------------------------------
2026-03-26 21:10:13 | INFO | --------------------------------------------------------------------------------
2026-03-26 21:10:13 | INFO | BLOCK 77
2026-03-26 21:10:13 | INFO | --------------------------------------------------------------------------------
2026-03-26 21:10:13 | INFO | --- FORECAST DATA ---
2026-03-26 21:10:13 | INFO | Intraday Forecast (Enercast Raw): 0.000 MW
2026-03-26 21:10:13 | INFO | Intraday Forecast (Enercast, Scaled): 0.000 MW
2026-03-26 21:10:13 | INFO | Day-ahead Forecast (Enercast): 0.000 MW
2026-03-26 21:10:13 | INFO | Base Forecast (raw, before curtailment/shutdown): 0.000 MW
2026-03-26 21:10:13 | INFO | Base Forecast (used for schedule): 0.000 MW
2026-03-26 21:10:13 | INFO | Effective Base Forecast (after curtailment/shutdown): 0.000 MW
2026-03-26 21:10:13 | INFO | Plant Status: NORMAL
2026-03-26 21:10:13 | INFO | Effective Base Forecast = Base Forecast (raw) = 0.000 MW
2026-03-26 21:10:13 | INFO | --- WEATHER PARAMETERS ---
2026-03-26 21:10:13 | INFO | GTI: 0.0 W/m^2
2026-03-26 21:10:13 | INFO | DHI: 0.0 W/m^2
2026-03-26 21:10:13 | INFO | DNI: 0.0 W/m^2
2026-03-26 21:10:13 | INFO | Irradiance Ratio (GTI/MAX_GTI): 0.000
2026-03-26 21:10:13 | INFO | Diffuse Ratio (current): 0.000
2026-03-26 21:10:13 | INFO | Irradiance State: OVERCAST
2026-03-26 21:10:13 | INFO | Temp @ 2m: 34.39 C
2026-03-26 21:10:13 | INFO | Wind @ 10m: 9.18 m/s
2026-03-26 21:10:13 | INFO | Weather State: NORMAL
2026-03-26 21:10:13 | INFO | Dynamic Thresholds: cloud_thr=0.0000, shift_thr=0.0000
2026-03-26 21:10:13 | INFO | Multipliers: irradiance=0.24x, temp=0.92x, wind=0.96x
2026-03-26 21:10:13 | INFO | Weather Multiplier (combined): 0.21x
2026-03-26 21:10:13 | INFO | Abrupt Weather Change Detected: False
2026-03-26 21:10:13 | INFO | --- TREND ANALYSIS ---
2026-03-26 21:10:13 | INFO | Trend series: INSUFFICIENT DATA
2026-03-26 21:10:13 | INFO | Detected Trend Type: FLAT
2026-03-26 21:10:13 | INFO | Trend Slope Percentage: 0.00%
2026-03-26 21:10:13 | INFO | Trend EPS Threshold: 1.50%
2026-03-26 21:10:13 | INFO | --- SCHEDULE CALCULATION ---
2026-03-26 21:10:13 | INFO | Condition Applied: SUNSET_CLAMP
2026-03-26 21:10:13 | INFO | Effective Base Forecast Used for Adjustments: 0.000 MW
2026-03-26 21:10:13 | INFO | Condition-3: NOT APPLIED for this block path
2026-03-26 21:10:13 | INFO |   Final Adjustment %: 0.00%
2026-03-26 21:10:13 | INFO |   Formula (expanded): SUNSET_CLAMP: GTI=0.000 < 0.02*MAX_GTI=20.360 => raw=0
2026-03-26 21:10:13 | INFO | --- FINAL RESULT ---
2026-03-26 21:10:13 | INFO | Raw Schedule (before smoothing): 0.000 MW
2026-03-26 21:10:13 | INFO | Final Scheduled MW: 0.000 MW
2026-03-26 21:10:13 | INFO | --------------------------------------------------------------------------------
2026-03-26 21:10:13 | INFO | --------------------------------------------------------------------------------
2026-03-26 21:10:13 | INFO | BLOCK 78
2026-03-26 21:10:13 | INFO | --------------------------------------------------------------------------------
2026-03-26 21:10:13 | INFO | --- FORECAST DATA ---
2026-03-26 21:10:13 | INFO | Intraday Forecast (Enercast Raw): 0.000 MW
2026-03-26 21:10:13 | INFO | Intraday Forecast (Enercast, Scaled): 0.000 MW
2026-03-26 21:10:13 | INFO | Day-ahead Forecast (Enercast): 0.000 MW
2026-03-26 21:10:13 | INFO | Base Forecast (raw, before curtailment/shutdown): 0.000 MW
2026-03-26 21:10:13 | INFO | Base Forecast (used for schedule): 0.000 MW
2026-03-26 21:10:13 | INFO | Effective Base Forecast (after curtailment/shutdown): 0.000 MW
2026-03-26 21:10:13 | INFO | Plant Status: NORMAL
2026-03-26 21:10:13 | INFO | Effective Base Forecast = Base Forecast (raw) = 0.000 MW
2026-03-26 21:10:13 | INFO | --- WEATHER PARAMETERS ---
2026-03-26 21:10:13 | INFO | GTI: 0.0 W/m^2
2026-03-26 21:10:13 | INFO | DHI: 0.0 W/m^2
2026-03-26 21:10:13 | INFO | DNI: 0.0 W/m^2
2026-03-26 21:10:13 | INFO | Irradiance Ratio (GTI/MAX_GTI): 0.000
2026-03-26 21:10:13 | INFO | Diffuse Ratio (current): 0.000
2026-03-26 21:10:13 | INFO | Irradiance State: OVERCAST
2026-03-26 21:10:13 | INFO | Temp @ 2m: 34.14 C
2026-03-26 21:10:13 | INFO | Wind @ 10m: 10.44 m/s
2026-03-26 21:10:13 | INFO | Weather State: NORMAL
2026-03-26 21:10:13 | INFO | Dynamic Thresholds: cloud_thr=0.0000, shift_thr=0.0000
2026-03-26 21:10:13 | INFO | Multipliers: irradiance=0.24x, temp=0.92x, wind=0.96x
2026-03-26 21:10:13 | INFO | Weather Multiplier (combined): 0.21x
2026-03-26 21:10:13 | INFO | Abrupt Weather Change Detected: False
2026-03-26 21:10:13 | INFO | --- TREND ANALYSIS ---
2026-03-26 21:10:13 | INFO | Trend series: INSUFFICIENT DATA
2026-03-26 21:10:13 | INFO | Detected Trend Type: FLAT
2026-03-26 21:10:13 | INFO | Trend Slope Percentage: 0.00%
2026-03-26 21:10:13 | INFO | Trend EPS Threshold: 1.50%
2026-03-26 21:10:13 | INFO | --- SCHEDULE CALCULATION ---
2026-03-26 21:10:13 | INFO | Condition Applied: SUNSET_CLAMP
2026-03-26 21:10:13 | INFO | Effective Base Forecast Used for Adjustments: 0.000 MW
2026-03-26 21:10:13 | INFO | Condition-3: NOT APPLIED for this block path
2026-03-26 21:10:13 | INFO |   Final Adjustment %: 0.00%
2026-03-26 21:10:13 | INFO |   Formula (expanded): SUNSET_CLAMP: GTI=0.000 < 0.02*MAX_GTI=20.360 => raw=0
2026-03-26 21:10:13 | INFO | --- FINAL RESULT ---
2026-03-26 21:10:13 | INFO | Raw Schedule (before smoothing): 0.000 MW
2026-03-26 21:10:13 | INFO | Final Scheduled MW: 0.000 MW
2026-03-26 21:10:13 | INFO | --------------------------------------------------------------------------------
2026-03-26 21:10:13 | INFO | --------------------------------------------------------------------------------
2026-03-26 21:10:13 | INFO | BLOCK 79
2026-03-26 21:10:13 | INFO | --------------------------------------------------------------------------------
2026-03-26 21:10:13 | INFO | --- FORECAST DATA ---
2026-03-26 21:10:13 | INFO | Intraday Forecast (Enercast Raw): 0.000 MW
2026-03-26 21:10:13 | INFO | Intraday Forecast (Enercast, Scaled): 0.000 MW
2026-03-26 21:10:13 | INFO | Day-ahead Forecast (Enercast): 0.000 MW
2026-03-26 21:10:13 | INFO | Base Forecast (raw, before curtailment/shutdown): 0.000 MW
2026-03-26 21:10:13 | INFO | Base Forecast (used for schedule): 0.000 MW
2026-03-26 21:10:13 | INFO | Effective Base Forecast (after curtailment/shutdown): 0.000 MW
2026-03-26 21:10:13 | INFO | Plant Status: NORMAL
2026-03-26 21:10:13 | INFO | Effective Base Forecast = Base Forecast (raw) = 0.000 MW
2026-03-26 21:10:13 | INFO | --- WEATHER PARAMETERS ---
2026-03-26 21:10:13 | INFO | GTI: 0.0 W/m^2
2026-03-26 21:10:13 | INFO | DHI: 0.0 W/m^2
2026-03-26 21:10:13 | INFO | DNI: 0.0 W/m^2
2026-03-26 21:10:13 | INFO | Irradiance Ratio (GTI/MAX_GTI): 0.000
2026-03-26 21:10:13 | INFO | Diffuse Ratio (current): 0.000
2026-03-26 21:10:13 | INFO | Irradiance State: OVERCAST
2026-03-26 21:10:13 | INFO | Temp @ 2m: 33.89 C
2026-03-26 21:10:13 | INFO | Wind @ 10m: 11.89 m/s
2026-03-26 21:10:13 | INFO | Weather State: NORMAL
2026-03-26 21:10:13 | INFO | Dynamic Thresholds: cloud_thr=0.0000, shift_thr=0.0000
2026-03-26 21:10:13 | INFO | Multipliers: irradiance=0.24x, temp=0.92x, wind=0.96x
2026-03-26 21:10:13 | INFO | Weather Multiplier (combined): 0.21x
2026-03-26 21:10:13 | INFO | Abrupt Weather Change Detected: False
2026-03-26 21:10:13 | INFO | --- TREND ANALYSIS ---
2026-03-26 21:10:13 | INFO | Trend series: INSUFFICIENT DATA
2026-03-26 21:10:13 | INFO | Detected Trend Type: FLAT
2026-03-26 21:10:13 | INFO | Trend Slope Percentage: 0.00%
2026-03-26 21:10:13 | INFO | Trend EPS Threshold: 1.50%
2026-03-26 21:10:13 | INFO | --- SCHEDULE CALCULATION ---
2026-03-26 21:10:13 | INFO | Condition Applied: SUNSET_CLAMP
2026-03-26 21:10:13 | INFO | Effective Base Forecast Used for Adjustments: 0.000 MW
2026-03-26 21:10:13 | INFO | Condition-3: NOT APPLIED for this block path
2026-03-26 21:10:13 | INFO |   Final Adjustment %: 0.00%
2026-03-26 21:10:13 | INFO |   Formula (expanded): SUNSET_CLAMP: GTI=0.000 < 0.02*MAX_GTI=20.360 => raw=0
2026-03-26 21:10:13 | INFO | --- FINAL RESULT ---
2026-03-26 21:10:13 | INFO | Raw Schedule (before smoothing): 0.000 MW
2026-03-26 21:10:13 | INFO | Final Scheduled MW: 0.000 MW
2026-03-26 21:10:13 | INFO | --------------------------------------------------------------------------------
2026-03-26 21:10:13 | INFO | --------------------------------------------------------------------------------
2026-03-26 21:10:13 | INFO | BLOCK 80
2026-03-26 21:10:13 | INFO | --------------------------------------------------------------------------------
2026-03-26 21:10:13 | INFO | --- FORECAST DATA ---
2026-03-26 21:10:13 | INFO | Intraday Forecast (Enercast Raw): 0.000 MW
2026-03-26 21:10:13 | INFO | Intraday Forecast (Enercast, Scaled): 0.000 MW
2026-03-26 21:10:13 | INFO | Day-ahead Forecast (Enercast): 0.000 MW
2026-03-26 21:10:13 | INFO | Base Forecast (raw, before curtailment/shutdown): 0.000 MW
2026-03-26 21:10:13 | INFO | Base Forecast (used for schedule): 0.000 MW
2026-03-26 21:10:13 | INFO | Effective Base Forecast (after curtailment/shutdown): 0.000 MW
2026-03-26 21:10:13 | INFO | Plant Status: NORMAL
2026-03-26 21:10:13 | INFO | Effective Base Forecast = Base Forecast (raw) = 0.000 MW
2026-03-26 21:10:13 | INFO | --- WEATHER PARAMETERS ---
2026-03-26 21:10:13 | INFO | GTI: 0.0 W/m^2
2026-03-26 21:10:13 | INFO | DHI: 0.0 W/m^2
2026-03-26 21:10:13 | INFO | DNI: 0.0 W/m^2
2026-03-26 21:10:13 | INFO | Irradiance Ratio (GTI/MAX_GTI): 0.000
2026-03-26 21:10:13 | INFO | Diffuse Ratio (current): 0.000
2026-03-26 21:10:13 | INFO | Irradiance State: OVERCAST
2026-03-26 21:10:13 | INFO | Temp @ 2m: 33.53 C
2026-03-26 21:10:13 | INFO | Wind @ 10m: 13.04 m/s
2026-03-26 21:10:13 | INFO | Weather State: NORMAL
2026-03-26 21:10:13 | INFO | Dynamic Thresholds: cloud_thr=0.0000, shift_thr=0.0000
2026-03-26 21:10:13 | INFO | Multipliers: irradiance=0.24x, temp=0.92x, wind=0.96x
2026-03-26 21:10:13 | INFO | Weather Multiplier (combined): 0.21x
2026-03-26 21:10:13 | INFO | Abrupt Weather Change Detected: False
2026-03-26 21:10:13 | INFO | --- TREND ANALYSIS ---
2026-03-26 21:10:13 | INFO | Trend series: INSUFFICIENT DATA
2026-03-26 21:10:13 | INFO | Detected Trend Type: FLAT
2026-03-26 21:10:13 | INFO | Trend Slope Percentage: 0.00%
2026-03-26 21:10:13 | INFO | Trend EPS Threshold: 1.50%
2026-03-26 21:10:13 | INFO | --- SCHEDULE CALCULATION ---
2026-03-26 21:10:13 | INFO | Condition Applied: SUNSET_CLAMP
2026-03-26 21:10:13 | INFO | Effective Base Forecast Used for Adjustments: 0.000 MW
2026-03-26 21:10:13 | INFO | Condition-3: NOT APPLIED for this block path
2026-03-26 21:10:13 | INFO |   Final Adjustment %: 0.00%
2026-03-26 21:10:13 | INFO |   Formula (expanded): SUNSET_CLAMP: GTI=0.000 < 0.02*MAX_GTI=20.360 => raw=0
2026-03-26 21:10:13 | INFO | --- FINAL RESULT ---
2026-03-26 21:10:13 | INFO | Raw Schedule (before smoothing): 0.000 MW
2026-03-26 21:10:13 | INFO | Final Scheduled MW: 0.000 MW
2026-03-26 21:10:13 | INFO | --------------------------------------------------------------------------------
2026-03-26 21:10:13 | INFO | --------------------------------------------------------------------------------
2026-03-26 21:10:13 | INFO | BLOCK 81
2026-03-26 21:10:13 | INFO | --------------------------------------------------------------------------------
2026-03-26 21:10:13 | INFO | --- FORECAST DATA ---
2026-03-26 21:10:13 | INFO | Intraday Forecast (Enercast Raw): 0.000 MW
2026-03-26 21:10:13 | INFO | Intraday Forecast (Enercast, Scaled): 0.000 MW
2026-03-26 21:10:13 | INFO | Day-ahead Forecast (Enercast): 0.000 MW
2026-03-26 21:10:13 | INFO | Base Forecast (raw, before curtailment/shutdown): 0.000 MW
2026-03-26 21:10:13 | INFO | Base Forecast (used for schedule): 0.000 MW
2026-03-26 21:10:13 | INFO | Effective Base Forecast (after curtailment/shutdown): 0.000 MW
2026-03-26 21:10:13 | INFO | Plant Status: NORMAL
2026-03-26 21:10:13 | INFO | Effective Base Forecast = Base Forecast (raw) = 0.000 MW
2026-03-26 21:10:13 | INFO | --- WEATHER PARAMETERS ---
2026-03-26 21:10:13 | INFO | GTI: 0.0 W/m^2
2026-03-26 21:10:13 | INFO | DHI: 0.0 W/m^2
2026-03-26 21:10:13 | INFO | DNI: 0.0 W/m^2
2026-03-26 21:10:13 | INFO | Irradiance Ratio (GTI/MAX_GTI): 0.000
2026-03-26 21:10:13 | INFO | Diffuse Ratio (current): 0.000
2026-03-26 21:10:13 | INFO | Irradiance State: OVERCAST
2026-03-26 21:10:13 | INFO | Temp @ 2m: 33.14 C
2026-03-26 21:10:13 | INFO | Wind @ 10m: 14.51 m/s
2026-03-26 21:10:13 | INFO | Weather State: NORMAL
2026-03-26 21:10:13 | INFO | Dynamic Thresholds: cloud_thr=0.0000, shift_thr=0.0000
2026-03-26 21:10:13 | INFO | Multipliers: irradiance=0.24x, temp=0.92x, wind=0.96x
2026-03-26 21:10:13 | INFO | Weather Multiplier (combined): 0.21x
2026-03-26 21:10:13 | INFO | Abrupt Weather Change Detected: False
2026-03-26 21:10:13 | INFO | --- TREND ANALYSIS ---
2026-03-26 21:10:13 | INFO | Trend series: INSUFFICIENT DATA
2026-03-26 21:10:13 | INFO | Detected Trend Type: FLAT
2026-03-26 21:10:13 | INFO | Trend Slope Percentage: 0.00%
2026-03-26 21:10:13 | INFO | Trend EPS Threshold: 1.50%
2026-03-26 21:10:13 | INFO | --- SCHEDULE CALCULATION ---
2026-03-26 21:10:13 | INFO | Condition Applied: SUNSET_CLAMP
2026-03-26 21:10:13 | INFO | Effective Base Forecast Used for Adjustments: 0.000 MW
2026-03-26 21:10:13 | INFO | Condition-3: NOT APPLIED for this block path
2026-03-26 21:10:13 | INFO |   Final Adjustment %: 0.00%
2026-03-26 21:10:13 | INFO |   Formula (expanded): SUNSET_CLAMP: GTI=0.000 < 0.02*MAX_GTI=20.360 => raw=0
2026-03-26 21:10:13 | INFO | --- FINAL RESULT ---
2026-03-26 21:10:13 | INFO | Raw Schedule (before smoothing): 0.000 MW
2026-03-26 21:10:13 | INFO | Final Scheduled MW: 0.000 MW
2026-03-26 21:10:13 | INFO | --------------------------------------------------------------------------------
2026-03-26 21:10:13 | INFO | --------------------------------------------------------------------------------
2026-03-26 21:10:13 | INFO | BLOCK 82
2026-03-26 21:10:13 | INFO | --------------------------------------------------------------------------------
2026-03-26 21:10:13 | INFO | --- FORECAST DATA ---
2026-03-26 21:10:13 | INFO | Intraday Forecast (Enercast Raw): 0.000 MW
2026-03-26 21:10:13 | INFO | Intraday Forecast (Enercast, Scaled): 0.000 MW
2026-03-26 21:10:13 | INFO | Day-ahead Forecast (Enercast): 0.000 MW
2026-03-26 21:10:13 | INFO | Base Forecast (raw, before curtailment/shutdown): 0.000 MW
2026-03-26 21:10:13 | INFO | Base Forecast (used for schedule): 0.000 MW
2026-03-26 21:10:13 | INFO | Effective Base Forecast (after curtailment/shutdown): 0.000 MW
2026-03-26 21:10:13 | INFO | Plant Status: NORMAL
2026-03-26 21:10:13 | INFO | Effective Base Forecast = Base Forecast (raw) = 0.000 MW
2026-03-26 21:10:13 | INFO | --- WEATHER PARAMETERS ---
2026-03-26 21:10:13 | INFO | GTI: 0.0 W/m^2
2026-03-26 21:10:13 | INFO | DHI: 0.0 W/m^2
2026-03-26 21:10:13 | INFO | DNI: 0.0 W/m^2
2026-03-26 21:10:13 | INFO | Irradiance Ratio (GTI/MAX_GTI): 0.000
2026-03-26 21:10:13 | INFO | Diffuse Ratio (current): 0.000
2026-03-26 21:10:13 | INFO | Irradiance State: OVERCAST
2026-03-26 21:10:13 | INFO | Temp @ 2m: 32.73 C
2026-03-26 21:10:13 | INFO | Wind @ 10m: 15.38 m/s
2026-03-26 21:10:13 | INFO | Weather State: NORMAL
2026-03-26 21:10:13 | INFO | Dynamic Thresholds: cloud_thr=0.0000, shift_thr=0.0000
2026-03-26 21:10:13 | INFO | Multipliers: irradiance=0.24x, temp=0.92x, wind=0.96x
2026-03-26 21:10:13 | INFO | Weather Multiplier (combined): 0.21x
2026-03-26 21:10:13 | INFO | Abrupt Weather Change Detected: False
2026-03-26 21:10:13 | INFO | --- TREND ANALYSIS ---
2026-03-26 21:10:13 | INFO | Trend series: INSUFFICIENT DATA
2026-03-26 21:10:13 | INFO | Detected Trend Type: FLAT
2026-03-26 21:10:13 | INFO | Trend Slope Percentage: 0.00%
2026-03-26 21:10:13 | INFO | Trend EPS Threshold: 1.50%
2026-03-26 21:10:13 | INFO | --- SCHEDULE CALCULATION ---
2026-03-26 21:10:13 | INFO | Condition Applied: SUNSET_CLAMP
2026-03-26 21:10:13 | INFO | Effective Base Forecast Used for Adjustments: 0.000 MW
2026-03-26 21:10:13 | INFO | Condition-3: NOT APPLIED for this block path
2026-03-26 21:10:13 | INFO |   Final Adjustment %: 0.00%
2026-03-26 21:10:13 | INFO |   Formula (expanded): SUNSET_CLAMP: GTI=0.000 < 0.02*MAX_GTI=20.360 => raw=0
2026-03-26 21:10:13 | INFO | --- FINAL RESULT ---
2026-03-26 21:10:13 | INFO | Raw Schedule (before smoothing): 0.000 MW
2026-03-26 21:10:13 | INFO | Final Scheduled MW: 0.000 MW
2026-03-26 21:10:13 | INFO | --------------------------------------------------------------------------------
2026-03-26 21:10:13 | INFO | --------------------------------------------------------------------------------
2026-03-26 21:10:13 | INFO | BLOCK 83
2026-03-26 21:10:13 | INFO | --------------------------------------------------------------------------------
2026-03-26 21:10:13 | INFO | --- FORECAST DATA ---
2026-03-26 21:10:13 | INFO | Intraday Forecast (Enercast Raw): 0.000 MW
2026-03-26 21:10:13 | INFO | Intraday Forecast (Enercast, Scaled): 0.000 MW
2026-03-26 21:10:13 | INFO | Day-ahead Forecast (Enercast): 0.000 MW
2026-03-26 21:10:13 | INFO | Base Forecast (raw, before curtailment/shutdown): 0.000 MW
2026-03-26 21:10:13 | INFO | Base Forecast (used for schedule): 0.000 MW
2026-03-26 21:10:13 | INFO | Effective Base Forecast (after curtailment/shutdown): 0.000 MW
2026-03-26 21:10:13 | INFO | Plant Status: NORMAL
2026-03-26 21:10:13 | INFO | Effective Base Forecast = Base Forecast (raw) = 0.000 MW
2026-03-26 21:10:13 | INFO | --- WEATHER PARAMETERS ---
2026-03-26 21:10:13 | INFO | GTI: 0.0 W/m^2
2026-03-26 21:10:13 | INFO | DHI: 0.0 W/m^2
2026-03-26 21:10:13 | INFO | DNI: 0.0 W/m^2
2026-03-26 21:10:13 | INFO | Irradiance Ratio (GTI/MAX_GTI): 0.000
2026-03-26 21:10:13 | INFO | Diffuse Ratio (current): 0.000
2026-03-26 21:10:13 | INFO | Irradiance State: OVERCAST
2026-03-26 21:10:13 | INFO | Temp @ 2m: 32.48 C
2026-03-26 21:10:13 | INFO | Wind @ 10m: 15.26 m/s
2026-03-26 21:10:13 | INFO | Weather State: NORMAL
2026-03-26 21:10:13 | INFO | Dynamic Thresholds: cloud_thr=0.0000, shift_thr=0.0000
2026-03-26 21:10:13 | INFO | Multipliers: irradiance=0.24x, temp=0.92x, wind=0.96x
2026-03-26 21:10:13 | INFO | Weather Multiplier (combined): 0.21x
2026-03-26 21:10:13 | INFO | Abrupt Weather Change Detected: False
2026-03-26 21:10:13 | INFO | --- TREND ANALYSIS ---
2026-03-26 21:10:13 | INFO | Trend series: INSUFFICIENT DATA
2026-03-26 21:10:13 | INFO | Detected Trend Type: FLAT
2026-03-26 21:10:13 | INFO | Trend Slope Percentage: 0.00%
2026-03-26 21:10:13 | INFO | Trend EPS Threshold: 1.50%
2026-03-26 21:10:13 | INFO | --- SCHEDULE CALCULATION ---
2026-03-26 21:10:13 | INFO | Condition Applied: SUNSET_CLAMP
2026-03-26 21:10:13 | INFO | Effective Base Forecast Used for Adjustments: 0.000 MW
2026-03-26 21:10:13 | INFO | Condition-3: NOT APPLIED for this block path
2026-03-26 21:10:13 | INFO |   Final Adjustment %: 0.00%
2026-03-26 21:10:13 | INFO |   Formula (expanded): SUNSET_CLAMP: GTI=0.000 < 0.02*MAX_GTI=20.360 => raw=0
2026-03-26 21:10:13 | INFO | --- FINAL RESULT ---
2026-03-26 21:10:13 | INFO | Raw Schedule (before smoothing): 0.000 MW
2026-03-26 21:10:13 | INFO | Final Scheduled MW: 0.000 MW
2026-03-26 21:10:13 | INFO | --------------------------------------------------------------------------------
2026-03-26 21:10:13 | INFO | --------------------------------------------------------------------------------
2026-03-26 21:10:13 | INFO | BLOCK 84
2026-03-26 21:10:13 | INFO | --------------------------------------------------------------------------------
2026-03-26 21:10:13 | INFO | --- FORECAST DATA ---
2026-03-26 21:10:13 | INFO | Intraday Forecast (Enercast Raw): 0.000 MW
2026-03-26 21:10:13 | INFO | Intraday Forecast (Enercast, Scaled): 0.000 MW
2026-03-26 21:10:13 | INFO | Day-ahead Forecast (Enercast): 0.000 MW
2026-03-26 21:10:13 | INFO | Base Forecast (raw, before curtailment/shutdown): 0.000 MW
2026-03-26 21:10:13 | INFO | Base Forecast (used for schedule): 0.000 MW
2026-03-26 21:10:13 | INFO | Effective Base Forecast (after curtailment/shutdown): 0.000 MW
2026-03-26 21:10:13 | INFO | Plant Status: NORMAL
2026-03-26 21:10:13 | INFO | Effective Base Forecast = Base Forecast (raw) = 0.000 MW
2026-03-26 21:10:13 | INFO | --- WEATHER PARAMETERS ---
2026-03-26 21:10:13 | INFO | GTI: 0.0 W/m^2
2026-03-26 21:10:13 | INFO | DHI: 0.0 W/m^2
2026-03-26 21:10:13 | INFO | DNI: 0.0 W/m^2
2026-03-26 21:10:13 | INFO | Irradiance Ratio (GTI/MAX_GTI): 0.000
2026-03-26 21:10:13 | INFO | Diffuse Ratio (current): 0.000
2026-03-26 21:10:13 | INFO | Irradiance State: OVERCAST
2026-03-26 21:10:13 | INFO | Temp @ 2m: 32.39 C
2026-03-26 21:10:13 | INFO | Wind @ 10m: 14.24 m/s
2026-03-26 21:10:13 | INFO | Weather State: NORMAL
2026-03-26 21:10:13 | INFO | Dynamic Thresholds: cloud_thr=0.0000, shift_thr=0.0000
2026-03-26 21:10:13 | INFO | Multipliers: irradiance=0.24x, temp=0.92x, wind=0.96x
2026-03-26 21:10:13 | INFO | Weather Multiplier (combined): 0.21x
2026-03-26 21:10:13 | INFO | Abrupt Weather Change Detected: False
2026-03-26 21:10:13 | INFO | --- TREND ANALYSIS ---
2026-03-26 21:10:13 | INFO | Trend series: INSUFFICIENT DATA
2026-03-26 21:10:13 | INFO | Detected Trend Type: FLAT
2026-03-26 21:10:13 | INFO | Trend Slope Percentage: 0.00%
2026-03-26 21:10:13 | INFO | Trend EPS Threshold: 1.50%
2026-03-26 21:10:13 | INFO | --- SCHEDULE CALCULATION ---
2026-03-26 21:10:13 | INFO | Condition Applied: SUNSET_CLAMP
2026-03-26 21:10:13 | INFO | Effective Base Forecast Used for Adjustments: 0.000 MW
2026-03-26 21:10:13 | INFO | Condition-3: NOT APPLIED for this block path
2026-03-26 21:10:13 | INFO |   Final Adjustment %: 0.00%
2026-03-26 21:10:13 | INFO |   Formula (expanded): SUNSET_CLAMP: GTI=0.000 < 0.02*MAX_GTI=20.360 => raw=0
2026-03-26 21:10:13 | INFO | --- FINAL RESULT ---
2026-03-26 21:10:13 | INFO | Raw Schedule (before smoothing): 0.000 MW
2026-03-26 21:10:13 | INFO | Final Scheduled MW: 0.000 MW
2026-03-26 21:10:13 | INFO | --------------------------------------------------------------------------------
2026-03-26 21:10:13 | INFO | --------------------------------------------------------------------------------
2026-03-26 21:10:13 | INFO | BLOCK 85
2026-03-26 21:10:13 | INFO | --------------------------------------------------------------------------------
2026-03-26 21:10:13 | INFO | --- FORECAST DATA ---
2026-03-26 21:10:13 | INFO | Intraday Forecast (Enercast Raw): 0.000 MW
2026-03-26 21:10:13 | INFO | Intraday Forecast (Enercast, Scaled): 0.000 MW
2026-03-26 21:10:13 | INFO | Day-ahead Forecast (Enercast): 0.000 MW
2026-03-26 21:10:13 | INFO | Base Forecast (raw, before curtailment/shutdown): 0.000 MW
2026-03-26 21:10:13 | INFO | Base Forecast (used for schedule): 0.000 MW
2026-03-26 21:10:13 | INFO | Effective Base Forecast (after curtailment/shutdown): 0.000 MW
2026-03-26 21:10:13 | INFO | Plant Status: NORMAL
2026-03-26 21:10:13 | INFO | Effective Base Forecast = Base Forecast (raw) = 0.000 MW
2026-03-26 21:10:13 | INFO | --- WEATHER PARAMETERS ---
2026-03-26 21:10:13 | INFO | GTI: 0.0 W/m^2
2026-03-26 21:10:13 | INFO | DHI: 0.0 W/m^2
2026-03-26 21:10:13 | INFO | DNI: 0.0 W/m^2
2026-03-26 21:10:13 | INFO | Irradiance Ratio (GTI/MAX_GTI): 0.000
2026-03-26 21:10:13 | INFO | Diffuse Ratio (current): 0.000
2026-03-26 21:10:13 | INFO | Irradiance State: OVERCAST
2026-03-26 21:10:13 | INFO | Temp @ 2m: 32.34 C
2026-03-26 21:10:13 | INFO | Wind @ 10m: 12.25 m/s
2026-03-26 21:10:13 | INFO | Weather State: NORMAL
2026-03-26 21:10:13 | INFO | Dynamic Thresholds: cloud_thr=0.0000, shift_thr=0.0000
2026-03-26 21:10:13 | INFO | Multipliers: irradiance=0.24x, temp=0.92x, wind=0.96x
2026-03-26 21:10:13 | INFO | Weather Multiplier (combined): 0.21x
2026-03-26 21:10:13 | INFO | Abrupt Weather Change Detected: False
2026-03-26 21:10:13 | INFO | --- TREND ANALYSIS ---
2026-03-26 21:10:13 | INFO | Trend series: INSUFFICIENT DATA
2026-03-26 21:10:13 | INFO | Detected Trend Type: FLAT
2026-03-26 21:10:13 | INFO | Trend Slope Percentage: 0.00%
2026-03-26 21:10:13 | INFO | Trend EPS Threshold: 1.50%
2026-03-26 21:10:13 | INFO | --- SCHEDULE CALCULATION ---
2026-03-26 21:10:13 | INFO | Condition Applied: SUNSET_CLAMP
2026-03-26 21:10:13 | INFO | Effective Base Forecast Used for Adjustments: 0.000 MW
2026-03-26 21:10:13 | INFO | Condition-3: NOT APPLIED for this block path
2026-03-26 21:10:13 | INFO |   Final Adjustment %: 0.00%
2026-03-26 21:10:13 | INFO |   Formula (expanded): SUNSET_CLAMP: GTI=0.000 < 0.02*MAX_GTI=20.360 => raw=0
2026-03-26 21:10:13 | INFO | --- FINAL RESULT ---
2026-03-26 21:10:13 | INFO | Raw Schedule (before smoothing): 0.000 MW
2026-03-26 21:10:13 | INFO | Final Scheduled MW: 0.000 MW
2026-03-26 21:10:13 | INFO | --------------------------------------------------------------------------------
2026-03-26 21:10:13 | INFO | --------------------------------------------------------------------------------
2026-03-26 21:10:13 | INFO | BLOCK 86
2026-03-26 21:10:13 | INFO | --------------------------------------------------------------------------------
2026-03-26 21:10:13 | INFO | --- FORECAST DATA ---
2026-03-26 21:10:13 | INFO | Intraday Forecast (Enercast Raw): 0.000 MW
2026-03-26 21:10:13 | INFO | Intraday Forecast (Enercast, Scaled): 0.000 MW
2026-03-26 21:10:13 | INFO | Day-ahead Forecast (Enercast): 0.000 MW
2026-03-26 21:10:13 | INFO | Base Forecast (raw, before curtailment/shutdown): 0.000 MW
2026-03-26 21:10:13 | INFO | Base Forecast (used for schedule): 0.000 MW
2026-03-26 21:10:13 | INFO | Effective Base Forecast (after curtailment/shutdown): 0.000 MW
2026-03-26 21:10:13 | INFO | Plant Status: NORMAL
2026-03-26 21:10:13 | INFO | Effective Base Forecast = Base Forecast (raw) = 0.000 MW
2026-03-26 21:10:13 | INFO | --- WEATHER PARAMETERS ---
2026-03-26 21:10:13 | INFO | GTI: 0.0 W/m^2
2026-03-26 21:10:13 | INFO | DHI: 0.0 W/m^2
2026-03-26 21:10:13 | INFO | DNI: 0.0 W/m^2
2026-03-26 21:10:13 | INFO | Irradiance Ratio (GTI/MAX_GTI): 0.000
2026-03-26 21:10:13 | INFO | Diffuse Ratio (current): 0.000
2026-03-26 21:10:13 | INFO | Irradiance State: OVERCAST
2026-03-26 21:10:13 | INFO | Temp @ 2m: 32.39 C
2026-03-26 21:10:13 | INFO | Wind @ 10m: 10.19 m/s
2026-03-26 21:10:13 | INFO | Weather State: NORMAL
2026-03-26 21:10:13 | INFO | Dynamic Thresholds: cloud_thr=0.0000, shift_thr=0.0000
2026-03-26 21:10:13 | INFO | Multipliers: irradiance=0.24x, temp=0.92x, wind=0.96x
2026-03-26 21:10:13 | INFO | Weather Multiplier (combined): 0.21x
2026-03-26 21:10:13 | INFO | Abrupt Weather Change Detected: False
2026-03-26 21:10:13 | INFO | --- TREND ANALYSIS ---
2026-03-26 21:10:13 | INFO | Trend series: INSUFFICIENT DATA
2026-03-26 21:10:13 | INFO | Detected Trend Type: FLAT
2026-03-26 21:10:13 | INFO | Trend Slope Percentage: 0.00%
2026-03-26 21:10:13 | INFO | Trend EPS Threshold: 1.50%
2026-03-26 21:10:13 | INFO | --- SCHEDULE CALCULATION ---
2026-03-26 21:10:13 | INFO | Condition Applied: SUNSET_CLAMP
2026-03-26 21:10:13 | INFO | Effective Base Forecast Used for Adjustments: 0.000 MW
2026-03-26 21:10:13 | INFO | Condition-3: NOT APPLIED for this block path
2026-03-26 21:10:13 | INFO |   Final Adjustment %: 0.00%
2026-03-26 21:10:13 | INFO |   Formula (expanded): SUNSET_CLAMP: GTI=0.000 < 0.02*MAX_GTI=20.360 => raw=0
2026-03-26 21:10:13 | INFO | --- FINAL RESULT ---
2026-03-26 21:10:13 | INFO | Raw Schedule (before smoothing): 0.000 MW
2026-03-26 21:10:13 | INFO | Final Scheduled MW: 0.000 MW
2026-03-26 21:10:13 | INFO | --------------------------------------------------------------------------------
2026-03-26 21:10:13 | INFO | --------------------------------------------------------------------------------
2026-03-26 21:10:13 | INFO | BLOCK 87
2026-03-26 21:10:13 | INFO | --------------------------------------------------------------------------------
2026-03-26 21:10:13 | INFO | --- FORECAST DATA ---
2026-03-26 21:10:13 | INFO | Intraday Forecast (Enercast Raw): 0.000 MW
2026-03-26 21:10:13 | INFO | Intraday Forecast (Enercast, Scaled): 0.000 MW
2026-03-26 21:10:13 | INFO | Day-ahead Forecast (Enercast): 0.000 MW
2026-03-26 21:10:13 | INFO | Base Forecast (raw, before curtailment/shutdown): 0.000 MW
2026-03-26 21:10:13 | INFO | Base Forecast (used for schedule): 0.000 MW
2026-03-26 21:10:13 | INFO | Effective Base Forecast (after curtailment/shutdown): 0.000 MW
2026-03-26 21:10:13 | INFO | Plant Status: NORMAL
2026-03-26 21:10:13 | INFO | Effective Base Forecast = Base Forecast (raw) = 0.000 MW
2026-03-26 21:10:13 | INFO | --- WEATHER PARAMETERS ---
2026-03-26 21:10:13 | INFO | GTI: 0.0 W/m^2
2026-03-26 21:10:13 | INFO | DHI: 0.0 W/m^2
2026-03-26 21:10:13 | INFO | DNI: 0.0 W/m^2
2026-03-26 21:10:13 | INFO | Irradiance Ratio (GTI/MAX_GTI): 0.000
2026-03-26 21:10:13 | INFO | Diffuse Ratio (current): 0.000
2026-03-26 21:10:13 | INFO | Irradiance State: OVERCAST
2026-03-26 21:10:13 | INFO | Temp @ 2m: 32.39 C
2026-03-26 21:10:13 | INFO | Wind @ 10m: 8.71 m/s
2026-03-26 21:10:13 | INFO | Weather State: NORMAL
2026-03-26 21:10:13 | INFO | Dynamic Thresholds: cloud_thr=0.0000, shift_thr=0.0000
2026-03-26 21:10:13 | INFO | Multipliers: irradiance=0.24x, temp=0.92x, wind=0.96x
2026-03-26 21:10:13 | INFO | Weather Multiplier (combined): 0.21x
2026-03-26 21:10:13 | INFO | Abrupt Weather Change Detected: False
2026-03-26 21:10:13 | INFO | --- TREND ANALYSIS ---
2026-03-26 21:10:13 | INFO | Trend series: INSUFFICIENT DATA
2026-03-26 21:10:13 | INFO | Detected Trend Type: FLAT
2026-03-26 21:10:13 | INFO | Trend Slope Percentage: 0.00%
2026-03-26 21:10:13 | INFO | Trend EPS Threshold: 1.50%
2026-03-26 21:10:13 | INFO | --- SCHEDULE CALCULATION ---
2026-03-26 21:10:13 | INFO | Condition Applied: SUNSET_CLAMP
2026-03-26 21:10:13 | INFO | Effective Base Forecast Used for Adjustments: 0.000 MW
2026-03-26 21:10:13 | INFO | Condition-3: NOT APPLIED for this block path
2026-03-26 21:10:13 | INFO |   Final Adjustment %: 0.00%
2026-03-26 21:10:13 | INFO |   Formula (expanded): SUNSET_CLAMP: GTI=0.000 < 0.02*MAX_GTI=20.360 => raw=0
2026-03-26 21:10:13 | INFO | --- FINAL RESULT ---
2026-03-26 21:10:13 | INFO | Raw Schedule (before smoothing): 0.000 MW
2026-03-26 21:10:13 | INFO | Final Scheduled MW: 0.000 MW
2026-03-26 21:10:13 | INFO | --------------------------------------------------------------------------------
2026-03-26 21:10:13 | INFO | --------------------------------------------------------------------------------
2026-03-26 21:10:13 | INFO | BLOCK 88
2026-03-26 21:10:13 | INFO | --------------------------------------------------------------------------------
2026-03-26 21:10:13 | INFO | --- FORECAST DATA ---
2026-03-26 21:10:13 | INFO | Intraday Forecast (Enercast Raw): 0.000 MW
2026-03-26 21:10:13 | INFO | Intraday Forecast (Enercast, Scaled): 0.000 MW
2026-03-26 21:10:13 | INFO | Day-ahead Forecast (Enercast): 0.000 MW
2026-03-26 21:10:13 | INFO | Base Forecast (raw, before curtailment/shutdown): 0.000 MW
2026-03-26 21:10:13 | INFO | Base Forecast (used for schedule): 0.000 MW
2026-03-26 21:10:13 | INFO | Effective Base Forecast (after curtailment/shutdown): 0.000 MW
2026-03-26 21:10:13 | INFO | Plant Status: NORMAL
2026-03-26 21:10:13 | INFO | Effective Base Forecast = Base Forecast (raw) = 0.000 MW
2026-03-26 21:10:13 | INFO | --- WEATHER PARAMETERS ---
2026-03-26 21:10:13 | INFO | GTI: 0.0 W/m^2
2026-03-26 21:10:13 | INFO | DHI: 0.0 W/m^2
2026-03-26 21:10:13 | INFO | DNI: 0.0 W/m^2
2026-03-26 21:10:13 | INFO | Irradiance Ratio (GTI/MAX_GTI): 0.000
2026-03-26 21:10:13 | INFO | Diffuse Ratio (current): 0.000
2026-03-26 21:10:13 | INFO | Irradiance State: OVERCAST
2026-03-26 21:10:13 | INFO | Temp @ 2m: 32.39 C
2026-03-26 21:10:13 | INFO | Wind @ 10m: 7.90 m/s
2026-03-26 21:10:13 | INFO | Weather State: NORMAL
2026-03-26 21:10:13 | INFO | Dynamic Thresholds: cloud_thr=0.0000, shift_thr=0.0000
2026-03-26 21:10:13 | INFO | Multipliers: irradiance=0.24x, temp=0.92x, wind=0.96x
2026-03-26 21:10:13 | INFO | Weather Multiplier (combined): 0.21x
2026-03-26 21:10:13 | INFO | Abrupt Weather Change Detected: False
2026-03-26 21:10:13 | INFO | --- TREND ANALYSIS ---
2026-03-26 21:10:13 | INFO | Trend series: INSUFFICIENT DATA
2026-03-26 21:10:13 | INFO | Detected Trend Type: FLAT
2026-03-26 21:10:13 | INFO | Trend Slope Percentage: 0.00%
2026-03-26 21:10:13 | INFO | Trend EPS Threshold: 1.50%
2026-03-26 21:10:13 | INFO | --- SCHEDULE CALCULATION ---
2026-03-26 21:10:13 | INFO | Condition Applied: SUNSET_CLAMP
2026-03-26 21:10:13 | INFO | Effective Base Forecast Used for Adjustments: 0.000 MW
2026-03-26 21:10:13 | INFO | Condition-3: NOT APPLIED for this block path
2026-03-26 21:10:13 | INFO |   Final Adjustment %: 0.00%
2026-03-26 21:10:13 | INFO |   Formula (expanded): SUNSET_CLAMP: GTI=0.000 < 0.02*MAX_GTI=20.360 => raw=0
2026-03-26 21:10:13 | INFO | --- FINAL RESULT ---
2026-03-26 21:10:13 | INFO | Raw Schedule (before smoothing): 0.000 MW
2026-03-26 21:10:13 | INFO | Final Scheduled MW: 0.000 MW
2026-03-26 21:10:13 | INFO | --------------------------------------------------------------------------------
2026-03-26 21:10:13 | INFO | --------------------------------------------------------------------------------
2026-03-26 21:10:13 | INFO | BLOCK 89
2026-03-26 21:10:13 | INFO | --------------------------------------------------------------------------------
2026-03-26 21:10:13 | INFO | --- FORECAST DATA ---
2026-03-26 21:10:13 | INFO | Intraday Forecast (Enercast Raw): 0.000 MW
2026-03-26 21:10:13 | INFO | Intraday Forecast (Enercast, Scaled): 0.000 MW
2026-03-26 21:10:13 | INFO | Day-ahead Forecast (Enercast): 0.000 MW
2026-03-26 21:10:13 | INFO | Base Forecast (raw, before curtailment/shutdown): 0.000 MW
2026-03-26 21:10:13 | INFO | Base Forecast (used for schedule): 0.000 MW
2026-03-26 21:10:13 | INFO | Effective Base Forecast (after curtailment/shutdown): 0.000 MW
2026-03-26 21:10:13 | INFO | Plant Status: NORMAL
2026-03-26 21:10:13 | INFO | Effective Base Forecast = Base Forecast (raw) = 0.000 MW
2026-03-26 21:10:13 | INFO | --- WEATHER PARAMETERS ---
2026-03-26 21:10:13 | INFO | GTI: 0.0 W/m^2
2026-03-26 21:10:13 | INFO | DHI: 0.0 W/m^2
2026-03-26 21:10:13 | INFO | DNI: 0.0 W/m^2
2026-03-26 21:10:13 | INFO | Irradiance Ratio (GTI/MAX_GTI): 0.000
2026-03-26 21:10:13 | INFO | Diffuse Ratio (current): 0.000
2026-03-26 21:10:13 | INFO | Irradiance State: OVERCAST
2026-03-26 21:10:13 | INFO | Temp @ 2m: 32.39 C
2026-03-26 21:10:13 | INFO | Wind @ 10m: 7.65 m/s
2026-03-26 21:10:13 | INFO | Weather State: NORMAL
2026-03-26 21:10:13 | INFO | Dynamic Thresholds: cloud_thr=0.0000, shift_thr=0.0000
2026-03-26 21:10:13 | INFO | Multipliers: irradiance=0.24x, temp=0.92x, wind=0.96x
2026-03-26 21:10:13 | INFO | Weather Multiplier (combined): 0.21x
2026-03-26 21:10:13 | INFO | Abrupt Weather Change Detected: False
2026-03-26 21:10:13 | INFO | --- TREND ANALYSIS ---
2026-03-26 21:10:13 | INFO | Trend series: INSUFFICIENT DATA
2026-03-26 21:10:13 | INFO | Detected Trend Type: FLAT
2026-03-26 21:10:13 | INFO | Trend Slope Percentage: 0.00%
2026-03-26 21:10:13 | INFO | Trend EPS Threshold: 1.50%
2026-03-26 21:10:13 | INFO | --- SCHEDULE CALCULATION ---
2026-03-26 21:10:13 | INFO | Condition Applied: SUNSET_CLAMP
2026-03-26 21:10:13 | INFO | Effective Base Forecast Used for Adjustments: 0.000 MW
2026-03-26 21:10:13 | INFO | Condition-3: NOT APPLIED for this block path
2026-03-26 21:10:13 | INFO |   Final Adjustment %: 0.00%
2026-03-26 21:10:13 | INFO |   Formula (expanded): SUNSET_CLAMP: GTI=0.000 < 0.02*MAX_GTI=20.360 => raw=0
2026-03-26 21:10:13 | INFO | --- FINAL RESULT ---
2026-03-26 21:10:13 | INFO | Raw Schedule (before smoothing): 0.000 MW
2026-03-26 21:10:13 | INFO | Final Scheduled MW: 0.000 MW
2026-03-26 21:10:13 | INFO | --------------------------------------------------------------------------------
2026-03-26 21:10:13 | INFO | --------------------------------------------------------------------------------
2026-03-26 21:10:13 | INFO | BLOCK 90
2026-03-26 21:10:13 | INFO | --------------------------------------------------------------------------------
2026-03-26 21:10:13 | INFO | --- FORECAST DATA ---
2026-03-26 21:10:13 | INFO | Intraday Forecast (Enercast Raw): 0.000 MW
2026-03-26 21:10:13 | INFO | Intraday Forecast (Enercast, Scaled): 0.000 MW
2026-03-26 21:10:13 | INFO | Day-ahead Forecast (Enercast): 0.000 MW
2026-03-26 21:10:13 | INFO | Base Forecast (raw, before curtailment/shutdown): 0.000 MW
2026-03-26 21:10:13 | INFO | Base Forecast (used for schedule): 0.000 MW
2026-03-26 21:10:13 | INFO | Effective Base Forecast (after curtailment/shutdown): 0.000 MW
2026-03-26 21:10:13 | INFO | Plant Status: NORMAL
2026-03-26 21:10:13 | INFO | Effective Base Forecast = Base Forecast (raw) = 0.000 MW
2026-03-26 21:10:13 | INFO | --- WEATHER PARAMETERS ---
2026-03-26 21:10:13 | INFO | GTI: 0.0 W/m^2
2026-03-26 21:10:13 | INFO | DHI: 0.0 W/m^2
2026-03-26 21:10:13 | INFO | DNI: 0.0 W/m^2
2026-03-26 21:10:13 | INFO | Irradiance Ratio (GTI/MAX_GTI): 0.000
2026-03-26 21:10:13 | INFO | Diffuse Ratio (current): 0.000
2026-03-26 21:10:13 | INFO | Irradiance State: OVERCAST
2026-03-26 21:10:13 | INFO | Temp @ 2m: 32.34 C
2026-03-26 21:10:13 | INFO | Wind @ 10m: 7.20 m/s
2026-03-26 21:10:13 | INFO | Weather State: NORMAL
2026-03-26 21:10:13 | INFO | Dynamic Thresholds: cloud_thr=0.0000, shift_thr=0.0000
2026-03-26 21:10:13 | INFO | Multipliers: irradiance=0.24x, temp=0.92x, wind=0.96x
2026-03-26 21:10:13 | INFO | Weather Multiplier (combined): 0.21x
2026-03-26 21:10:13 | INFO | Abrupt Weather Change Detected: False
2026-03-26 21:10:13 | INFO | --- TREND ANALYSIS ---
2026-03-26 21:10:13 | INFO | Trend series: INSUFFICIENT DATA
2026-03-26 21:10:13 | INFO | Detected Trend Type: FLAT
2026-03-26 21:10:13 | INFO | Trend Slope Percentage: 0.00%
2026-03-26 21:10:13 | INFO | Trend EPS Threshold: 1.50%
2026-03-26 21:10:13 | INFO | --- SCHEDULE CALCULATION ---
2026-03-26 21:10:13 | INFO | Condition Applied: SUNSET_CLAMP
2026-03-26 21:10:13 | INFO | Effective Base Forecast Used for Adjustments: 0.000 MW
2026-03-26 21:10:13 | INFO | Condition-3: NOT APPLIED for this block path
2026-03-26 21:10:13 | INFO |   Final Adjustment %: 0.00%
2026-03-26 21:10:13 | INFO |   Formula (expanded): SUNSET_CLAMP: GTI=0.000 < 0.02*MAX_GTI=20.360 => raw=0
2026-03-26 21:10:13 | INFO | --- FINAL RESULT ---
2026-03-26 21:10:13 | INFO | Raw Schedule (before smoothing): 0.000 MW
2026-03-26 21:10:13 | INFO | Final Scheduled MW: 0.000 MW
2026-03-26 21:10:13 | INFO | --------------------------------------------------------------------------------
2026-03-26 21:10:13 | INFO | --------------------------------------------------------------------------------
2026-03-26 21:10:13 | INFO | BLOCK 91
2026-03-26 21:10:13 | INFO | --------------------------------------------------------------------------------
2026-03-26 21:10:13 | INFO | --- FORECAST DATA ---
2026-03-26 21:10:13 | INFO | Intraday Forecast (Enercast Raw): 0.000 MW
2026-03-26 21:10:13 | INFO | Intraday Forecast (Enercast, Scaled): 0.000 MW
2026-03-26 21:10:13 | INFO | Day-ahead Forecast (Enercast): 0.000 MW
2026-03-26 21:10:13 | INFO | Base Forecast (raw, before curtailment/shutdown): 0.000 MW
2026-03-26 21:10:13 | INFO | Base Forecast (used for schedule): 0.000 MW
2026-03-26 21:10:13 | INFO | Effective Base Forecast (after curtailment/shutdown): 0.000 MW
2026-03-26 21:10:13 | INFO | Plant Status: NORMAL
2026-03-26 21:10:13 | INFO | Effective Base Forecast = Base Forecast (raw) = 0.000 MW
2026-03-26 21:10:13 | INFO | --- WEATHER PARAMETERS ---
2026-03-26 21:10:13 | INFO | GTI: 0.0 W/m^2
2026-03-26 21:10:13 | INFO | DHI: 0.0 W/m^2
2026-03-26 21:10:13 | INFO | DNI: 0.0 W/m^2
2026-03-26 21:10:13 | INFO | Irradiance Ratio (GTI/MAX_GTI): 0.000
2026-03-26 21:10:13 | INFO | Diffuse Ratio (current): 0.000
2026-03-26 21:10:13 | INFO | Irradiance State: OVERCAST
2026-03-26 21:10:13 | INFO | Temp @ 2m: 32.28 C
2026-03-26 21:10:13 | INFO | Wind @ 10m: 6.79 m/s
2026-03-26 21:10:13 | INFO | Weather State: NORMAL
2026-03-26 21:10:13 | INFO | Dynamic Thresholds: cloud_thr=0.0000, shift_thr=0.0000
2026-03-26 21:10:13 | INFO | Multipliers: irradiance=0.24x, temp=0.92x, wind=0.96x
2026-03-26 21:10:13 | INFO | Weather Multiplier (combined): 0.21x
2026-03-26 21:10:13 | INFO | Abrupt Weather Change Detected: False
2026-03-26 21:10:13 | INFO | --- TREND ANALYSIS ---
2026-03-26 21:10:13 | INFO | Trend series: INSUFFICIENT DATA
2026-03-26 21:10:13 | INFO | Detected Trend Type: FLAT
2026-03-26 21:10:13 | INFO | Trend Slope Percentage: 0.00%
2026-03-26 21:10:13 | INFO | Trend EPS Threshold: 1.50%
2026-03-26 21:10:13 | INFO | --- SCHEDULE CALCULATION ---
2026-03-26 21:10:13 | INFO | Condition Applied: SUNSET_CLAMP
2026-03-26 21:10:13 | INFO | Effective Base Forecast Used for Adjustments: 0.000 MW
2026-03-26 21:10:13 | INFO | Condition-3: NOT APPLIED for this block path
2026-03-26 21:10:13 | INFO |   Final Adjustment %: 0.00%
2026-03-26 21:10:13 | INFO |   Formula (expanded): SUNSET_CLAMP: GTI=0.000 < 0.02*MAX_GTI=20.360 => raw=0
2026-03-26 21:10:13 | INFO | --- FINAL RESULT ---
2026-03-26 21:10:13 | INFO | Raw Schedule (before smoothing): 0.000 MW
2026-03-26 21:10:13 | INFO | Final Scheduled MW: 0.000 MW
2026-03-26 21:10:13 | INFO | --------------------------------------------------------------------------------
2026-03-26 21:10:13 | INFO | --------------------------------------------------------------------------------
2026-03-26 21:10:13 | INFO | BLOCK 92
2026-03-26 21:10:13 | INFO | --------------------------------------------------------------------------------
2026-03-26 21:10:13 | INFO | --- FORECAST DATA ---
2026-03-26 21:10:13 | INFO | Intraday Forecast (Enercast Raw): 0.000 MW
2026-03-26 21:10:13 | INFO | Intraday Forecast (Enercast, Scaled): 0.000 MW
2026-03-26 21:10:13 | INFO | Day-ahead Forecast (Enercast): 0.000 MW
2026-03-26 21:10:13 | INFO | Base Forecast (raw, before curtailment/shutdown): 0.000 MW
2026-03-26 21:10:13 | INFO | Base Forecast (used for schedule): 0.000 MW
2026-03-26 21:10:13 | INFO | Effective Base Forecast (after curtailment/shutdown): 0.000 MW
2026-03-26 21:10:13 | INFO | Plant Status: NORMAL
2026-03-26 21:10:13 | INFO | Effective Base Forecast = Base Forecast (raw) = 0.000 MW
2026-03-26 21:10:13 | INFO | --- WEATHER PARAMETERS ---
2026-03-26 21:10:13 | INFO | GTI: 0.0 W/m^2
2026-03-26 21:10:13 | INFO | DHI: 0.0 W/m^2
2026-03-26 21:10:13 | INFO | DNI: 0.0 W/m^2
2026-03-26 21:10:13 | INFO | Irradiance Ratio (GTI/MAX_GTI): 0.000
2026-03-26 21:10:13 | INFO | Diffuse Ratio (current): 0.000
2026-03-26 21:10:13 | INFO | Irradiance State: OVERCAST
2026-03-26 21:10:13 | INFO | Temp @ 2m: 32.19 C
2026-03-26 21:10:13 | INFO | Wind @ 10m: 5.96 m/s
2026-03-26 21:10:13 | INFO | Weather State: NORMAL
2026-03-26 21:10:13 | INFO | Dynamic Thresholds: cloud_thr=0.0000, shift_thr=0.0000
2026-03-26 21:10:13 | INFO | Multipliers: irradiance=0.24x, temp=0.92x, wind=0.96x
2026-03-26 21:10:13 | INFO | Weather Multiplier (combined): 0.21x
2026-03-26 21:10:13 | INFO | Abrupt Weather Change Detected: False
2026-03-26 21:10:13 | INFO | --- TREND ANALYSIS ---
2026-03-26 21:10:13 | INFO | Trend series: INSUFFICIENT DATA
2026-03-26 21:10:13 | INFO | Detected Trend Type: FLAT
2026-03-26 21:10:13 | INFO | Trend Slope Percentage: 0.00%
2026-03-26 21:10:13 | INFO | Trend EPS Threshold: 1.50%
2026-03-26 21:10:13 | INFO | --- SCHEDULE CALCULATION ---
2026-03-26 21:10:13 | INFO | Condition Applied: SUNSET_CLAMP
2026-03-26 21:10:13 | INFO | Effective Base Forecast Used for Adjustments: 0.000 MW
2026-03-26 21:10:13 | INFO | Condition-3: NOT APPLIED for this block path
2026-03-26 21:10:13 | INFO |   Final Adjustment %: 0.00%
2026-03-26 21:10:13 | INFO |   Formula (expanded): SUNSET_CLAMP: GTI=0.000 < 0.02*MAX_GTI=20.360 => raw=0
2026-03-26 21:10:13 | INFO | --- FINAL RESULT ---
2026-03-26 21:10:13 | INFO | Raw Schedule (before smoothing): 0.000 MW
2026-03-26 21:10:13 | INFO | Final Scheduled MW: 0.000 MW
2026-03-26 21:10:13 | INFO | --------------------------------------------------------------------------------
2026-03-26 21:10:13 | INFO | --------------------------------------------------------------------------------
2026-03-26 21:10:13 | INFO | BLOCK 93
2026-03-26 21:10:13 | INFO | --------------------------------------------------------------------------------
2026-03-26 21:10:13 | INFO | --- FORECAST DATA ---
2026-03-26 21:10:13 | INFO | Intraday Forecast (Enercast Raw): 0.000 MW
2026-03-26 21:10:13 | INFO | Intraday Forecast (Enercast, Scaled): 0.000 MW
2026-03-26 21:10:13 | INFO | Day-ahead Forecast (Enercast): 0.000 MW
2026-03-26 21:10:13 | INFO | Base Forecast (raw, before curtailment/shutdown): 0.000 MW
2026-03-26 21:10:13 | INFO | Base Forecast (used for schedule): 0.000 MW
2026-03-26 21:10:13 | INFO | Effective Base Forecast (after curtailment/shutdown): 0.000 MW
2026-03-26 21:10:13 | INFO | Plant Status: NORMAL
2026-03-26 21:10:13 | INFO | Effective Base Forecast = Base Forecast (raw) = 0.000 MW
2026-03-26 21:10:13 | INFO | --- WEATHER PARAMETERS ---
2026-03-26 21:10:13 | INFO | GTI: 0.0 W/m^2
2026-03-26 21:10:13 | INFO | DHI: 0.0 W/m^2
2026-03-26 21:10:13 | INFO | DNI: 0.0 W/m^2
2026-03-26 21:10:13 | INFO | Irradiance Ratio (GTI/MAX_GTI): 0.000
2026-03-26 21:10:13 | INFO | Diffuse Ratio (current): 0.000
2026-03-26 21:10:13 | INFO | Irradiance State: OVERCAST
2026-03-26 21:10:13 | INFO | Temp @ 2m: 32.09 C
2026-03-26 21:10:13 | INFO | Wind @ 10m: 5.45 m/s
2026-03-26 21:10:13 | INFO | Weather State: NORMAL
2026-03-26 21:10:13 | INFO | Dynamic Thresholds: cloud_thr=0.0000, shift_thr=0.0000
2026-03-26 21:10:13 | INFO | Multipliers: irradiance=0.24x, temp=0.92x, wind=0.96x
2026-03-26 21:10:13 | INFO | Weather Multiplier (combined): 0.21x
2026-03-26 21:10:13 | INFO | Abrupt Weather Change Detected: False
2026-03-26 21:10:13 | INFO | --- TREND ANALYSIS ---
2026-03-26 21:10:13 | INFO | Trend series: INSUFFICIENT DATA
2026-03-26 21:10:13 | INFO | Detected Trend Type: FLAT
2026-03-26 21:10:13 | INFO | Trend Slope Percentage: 0.00%
2026-03-26 21:10:13 | INFO | Trend EPS Threshold: 1.50%
2026-03-26 21:10:13 | INFO | --- SCHEDULE CALCULATION ---
2026-03-26 21:10:13 | INFO | Condition Applied: SUNSET_CLAMP
2026-03-26 21:10:13 | INFO | Effective Base Forecast Used for Adjustments: 0.000 MW
2026-03-26 21:10:13 | INFO | Condition-3: NOT APPLIED for this block path
2026-03-26 21:10:13 | INFO |   Final Adjustment %: 0.00%
2026-03-26 21:10:13 | INFO |   Formula (expanded): SUNSET_CLAMP: GTI=0.000 < 0.02*MAX_GTI=20.360 => raw=0
2026-03-26 21:10:13 | INFO | --- FINAL RESULT ---
2026-03-26 21:10:13 | INFO | Raw Schedule (before smoothing): 0.000 MW
2026-03-26 21:10:13 | INFO | Final Scheduled MW: 0.000 MW
2026-03-26 21:10:13 | INFO | --------------------------------------------------------------------------------
2026-03-26 21:10:13 | INFO | --------------------------------------------------------------------------------
2026-03-26 21:10:13 | INFO | BLOCK 94
2026-03-26 21:10:13 | INFO | --------------------------------------------------------------------------------
2026-03-26 21:10:13 | INFO | --- FORECAST DATA ---
2026-03-26 21:10:13 | INFO | Intraday Forecast (Enercast Raw): 0.000 MW
2026-03-26 21:10:13 | INFO | Intraday Forecast (Enercast, Scaled): 0.000 MW
2026-03-26 21:10:13 | INFO | Day-ahead Forecast (Enercast): 0.000 MW
2026-03-26 21:10:13 | INFO | Base Forecast (raw, before curtailment/shutdown): 0.000 MW
2026-03-26 21:10:13 | INFO | Base Forecast (used for schedule): 0.000 MW
2026-03-26 21:10:13 | INFO | Effective Base Forecast (after curtailment/shutdown): 0.000 MW
2026-03-26 21:10:13 | INFO | Plant Status: NORMAL
2026-03-26 21:10:13 | INFO | Effective Base Forecast = Base Forecast (raw) = 0.000 MW
2026-03-26 21:10:13 | INFO | --- WEATHER PARAMETERS ---
2026-03-26 21:10:13 | INFO | GTI: 0.0 W/m^2
2026-03-26 21:10:13 | INFO | DHI: 0.0 W/m^2
2026-03-26 21:10:13 | INFO | DNI: 0.0 W/m^2
2026-03-26 21:10:13 | INFO | Irradiance Ratio (GTI/MAX_GTI): 0.000
2026-03-26 21:10:13 | INFO | Diffuse Ratio (current): 0.000
2026-03-26 21:10:13 | INFO | Irradiance State: OVERCAST
2026-03-26 21:10:13 | INFO | Temp @ 2m: 31.93 C
2026-03-26 21:10:13 | INFO | Wind @ 10m: 5.09 m/s
2026-03-26 21:10:13 | INFO | Weather State: NORMAL
2026-03-26 21:10:13 | INFO | Dynamic Thresholds: cloud_thr=0.0000, shift_thr=0.0000
2026-03-26 21:10:13 | INFO | Multipliers: irradiance=0.24x, temp=0.92x, wind=0.96x
2026-03-26 21:10:13 | INFO | Weather Multiplier (combined): 0.21x
2026-03-26 21:10:13 | INFO | Abrupt Weather Change Detected: False
2026-03-26 21:10:13 | INFO | --- TREND ANALYSIS ---
2026-03-26 21:10:13 | INFO | Trend series: INSUFFICIENT DATA
2026-03-26 21:10:13 | INFO | Detected Trend Type: FLAT
2026-03-26 21:10:13 | INFO | Trend Slope Percentage: 0.00%
2026-03-26 21:10:13 | INFO | Trend EPS Threshold: 1.50%
2026-03-26 21:10:13 | INFO | --- SCHEDULE CALCULATION ---
2026-03-26 21:10:13 | INFO | Condition Applied: SUNSET_CLAMP
2026-03-26 21:10:13 | INFO | Effective Base Forecast Used for Adjustments: 0.000 MW
2026-03-26 21:10:13 | INFO | Condition-3: NOT APPLIED for this block path
2026-03-26 21:10:13 | INFO |   Final Adjustment %: 0.00%
2026-03-26 21:10:13 | INFO |   Formula (expanded): SUNSET_CLAMP: GTI=0.000 < 0.02*MAX_GTI=20.360 => raw=0
2026-03-26 21:10:13 | INFO | --- FINAL RESULT ---
2026-03-26 21:10:13 | INFO | Raw Schedule (before smoothing): 0.000 MW
2026-03-26 21:10:13 | INFO | Final Scheduled MW: 0.000 MW
2026-03-26 21:10:13 | INFO | --------------------------------------------------------------------------------
2026-03-26 21:10:13 | INFO | --------------------------------------------------------------------------------
2026-03-26 21:10:13 | INFO | BLOCK 95
2026-03-26 21:10:13 | INFO | --------------------------------------------------------------------------------
2026-03-26 21:10:13 | INFO | --- FORECAST DATA ---
2026-03-26 21:10:13 | INFO | Intraday Forecast (Enercast Raw): 0.000 MW
2026-03-26 21:10:13 | INFO | Intraday Forecast (Enercast, Scaled): 0.000 MW
2026-03-26 21:10:13 | INFO | Day-ahead Forecast (Enercast): 0.000 MW
2026-03-26 21:10:13 | INFO | Base Forecast (raw, before curtailment/shutdown): 0.000 MW
2026-03-26 21:10:13 | INFO | Base Forecast (used for schedule): 0.000 MW
2026-03-26 21:10:13 | INFO | Effective Base Forecast (after curtailment/shutdown): 0.000 MW
2026-03-26 21:10:13 | INFO | Plant Status: NORMAL
2026-03-26 21:10:13 | INFO | Effective Base Forecast = Base Forecast (raw) = 0.000 MW
2026-03-26 21:10:13 | INFO | --- WEATHER PARAMETERS ---
2026-03-26 21:10:13 | INFO | GTI: 0.0 W/m^2
2026-03-26 21:10:13 | INFO | DHI: 0.0 W/m^2
2026-03-26 21:10:13 | INFO | DNI: 0.0 W/m^2
2026-03-26 21:10:13 | INFO | Irradiance Ratio (GTI/MAX_GTI): 0.000
2026-03-26 21:10:13 | INFO | Diffuse Ratio (current): 0.000
2026-03-26 21:10:13 | INFO | Irradiance State: OVERCAST
2026-03-26 21:10:13 | INFO | Temp @ 2m: 31.79 C
2026-03-26 21:10:13 | INFO | Wind @ 10m: 5.01 m/s
2026-03-26 21:10:13 | INFO | Weather State: NORMAL
2026-03-26 21:10:13 | INFO | Dynamic Thresholds: cloud_thr=0.0000, shift_thr=0.0000
2026-03-26 21:10:13 | INFO | Multipliers: irradiance=0.24x, temp=0.92x, wind=0.96x
2026-03-26 21:10:13 | INFO | Weather Multiplier (combined): 0.21x
2026-03-26 21:10:13 | INFO | Abrupt Weather Change Detected: False
2026-03-26 21:10:13 | INFO | --- TREND ANALYSIS ---
2026-03-26 21:10:13 | INFO | Trend series: INSUFFICIENT DATA
2026-03-26 21:10:13 | INFO | Detected Trend Type: FLAT
2026-03-26 21:10:13 | INFO | Trend Slope Percentage: 0.00%
2026-03-26 21:10:13 | INFO | Trend EPS Threshold: 1.50%
2026-03-26 21:10:13 | INFO | --- SCHEDULE CALCULATION ---
2026-03-26 21:10:13 | INFO | Condition Applied: SUNSET_CLAMP
2026-03-26 21:10:13 | INFO | Effective Base Forecast Used for Adjustments: 0.000 MW
2026-03-26 21:10:13 | INFO | Condition-3: NOT APPLIED for this block path
2026-03-26 21:10:13 | INFO |   Final Adjustment %: 0.00%
2026-03-26 21:10:13 | INFO |   Formula (expanded): SUNSET_CLAMP: GTI=0.000 < 0.02*MAX_GTI=20.360 => raw=0
2026-03-26 21:10:13 | INFO | --- FINAL RESULT ---
2026-03-26 21:10:13 | INFO | Raw Schedule (before smoothing): 0.000 MW
2026-03-26 21:10:13 | INFO | Final Scheduled MW: 0.000 MW
2026-03-26 21:10:13 | INFO | --------------------------------------------------------------------------------
2026-03-26 21:10:13 | INFO | --------------------------------------------------------------------------------
2026-03-26 21:10:13 | INFO | BLOCK 96
2026-03-26 21:10:13 | INFO | --------------------------------------------------------------------------------
2026-03-26 21:10:13 | INFO | --- FORECAST DATA ---
2026-03-26 21:10:13 | INFO | Intraday Forecast (Enercast Raw): 0.000 MW
2026-03-26 21:10:13 | INFO | Intraday Forecast (Enercast, Scaled): 0.000 MW
2026-03-26 21:10:13 | INFO | Day-ahead Forecast (Enercast): 0.000 MW
2026-03-26 21:10:13 | INFO | Base Forecast (raw, before curtailment/shutdown): 0.000 MW
2026-03-26 21:10:13 | INFO | Base Forecast (used for schedule): 0.000 MW
2026-03-26 21:10:13 | INFO | Effective Base Forecast (after curtailment/shutdown): 0.000 MW
2026-03-26 21:10:13 | INFO | Plant Status: NORMAL
2026-03-26 21:10:13 | INFO | Effective Base Forecast = Base Forecast (raw) = 0.000 MW
2026-03-26 21:10:13 | INFO | --- WEATHER PARAMETERS ---
2026-03-26 21:10:13 | INFO | GTI: 0.0 W/m^2
2026-03-26 21:10:13 | INFO | DHI: 0.0 W/m^2
2026-03-26 21:10:13 | INFO | DNI: 0.0 W/m^2
2026-03-26 21:10:13 | INFO | Irradiance Ratio (GTI/MAX_GTI): 0.000
2026-03-26 21:10:13 | INFO | Diffuse Ratio (current): 0.000
2026-03-26 21:10:13 | INFO | Irradiance State: OVERCAST
2026-03-26 21:10:13 | INFO | Temp @ 2m: 31.59 C
2026-03-26 21:10:13 | INFO | Wind @ 10m: 5.50 m/s
2026-03-26 21:10:13 | INFO | Weather State: NORMAL
2026-03-26 21:10:13 | INFO | Dynamic Thresholds: cloud_thr=0.0000, shift_thr=0.0000
2026-03-26 21:10:13 | INFO | Multipliers: irradiance=0.24x, temp=0.92x, wind=0.96x
2026-03-26 21:10:13 | INFO | Weather Multiplier (combined): 0.21x
2026-03-26 21:10:13 | INFO | Abrupt Weather Change Detected: False
2026-03-26 21:10:13 | INFO | --- TREND ANALYSIS ---
2026-03-26 21:10:13 | INFO | Trend series: INSUFFICIENT DATA
2026-03-26 21:10:13 | INFO | Detected Trend Type: FLAT
2026-03-26 21:10:13 | INFO | Trend Slope Percentage: 0.00%
2026-03-26 21:10:13 | INFO | Trend EPS Threshold: 1.50%
2026-03-26 21:10:13 | INFO | --- SCHEDULE CALCULATION ---
2026-03-26 21:10:13 | INFO | Condition Applied: SUNSET_CLAMP
2026-03-26 21:10:13 | INFO | Effective Base Forecast Used for Adjustments: 0.000 MW
2026-03-26 21:10:13 | INFO | Condition-3: NOT APPLIED for this block path
2026-03-26 21:10:13 | INFO |   Final Adjustment %: 0.00%
2026-03-26 21:10:13 | INFO |   Formula (expanded): SUNSET_CLAMP: GTI=0.000 < 0.02*MAX_GTI=20.360 => raw=0
2026-03-26 21:10:13 | INFO | --- FINAL RESULT ---
2026-03-26 21:10:13 | INFO | Raw Schedule (before smoothing): 0.000 MW
2026-03-26 21:10:13 | INFO | Final Scheduled MW: 0.000 MW
2026-03-26 21:10:13 | INFO | --------------------------------------------------------------------------------
